collection_date,route,advance_days,representative_fare,first_base_fare,first_route_index,calendar_base_fare,calendar_route_index,index_difference
2026-07-01,BLR_DEL,1,12766.82,12766.82,100.0,13358.3,95.57219107221727,-4.427808927782735
2026-07-01,BLR_HYD,1,7969.66,7969.66,100.0,7613.44,104.67883111970411,4.678831119704114
2026-07-01,BOM_BLR,1,10536.8,10536.8,100.0,10337.22,101.93069316508694,1.930693165086936
2026-07-01,BOM_DEL,1,11787.115,11787.115,100.0,11827.42,99.65922407422751,-0.3407759257724905
2026-07-01,CCU_DEL,1,12308.66,12308.66,100.0,12623.55,97.50553528920153,-2.494464710798468
2026-07-01,DEL_BLR,1,13136.69,13136.69,100.0,13157.8,99.8395628448525,-0.16043715514750545
2026-07-01,DEL_BOM,1,11601.5,11601.5,100.0,11927.8,97.2643739834672,-2.7356260165328052
2026-07-01,DEL_CCU,1,11537.265,11537.265,100.0,12325.0,93.60864097363083,-6.391359026369173
2026-07-01,HYD_DEL,1,10507.67,10507.67,100.0,10728.94,97.9376340999204,-2.062365900079598
2026-07-01,MAA_DEL,1,14184.83,14184.83,100.0,14184.83,100.0,0.0
2026-07-01,BLR_DEL,7,10173.86,10173.86,100.0,10508.55,96.81506963377441,-3.1849303662255863
2026-07-01,BLR_HYD,7,5977.64,5977.64,100.0,6172.19,96.84795834217678,-3.1520416578232187
2026-07-01,BOM_BLR,7,7932.34,7932.34,100.0,8250.02,96.14934266826019,-3.8506573317398107
2026-07-01,BOM_DEL,7,9014.355,9014.355,100.0,9447.32,95.41706007629676,-4.582939923703236
2026-07-01,CCU_DEL,7,10115.5,10115.5,100.0,9879.91,102.38453589152128,2.3845358915212813
2026-07-01,DEL_BLR,7,9534.44,9534.44,100.0,10578.72,90.12848435349457,-9.87151564650543
2026-07-01,DEL_BOM,7,9592.17,9592.17,100.0,9533.93,100.61087085808265,0.6108708580826487
2026-07-01,DEL_CCU,7,10379.28,10379.28,100.0,9891.904999999999,104.92700849836308,4.9270084983630795
2026-07-01,HYD_DEL,7,8597.87,8597.87,100.0,8497.07,101.1862912745217,1.1862912745216931
2026-07-01,MAA_DEL,7,11078.26,11078.26,100.0,11078.26,100.0,0.0
2026-07-01,BLR_DEL,15,8999.96,8999.96,100.0,8999.96,100.0,0.0
2026-07-01,BLR_HYD,15,5421.8,5421.8,100.0,5185.2,104.56298696289439,4.562986962894385
2026-07-01,BOM_BLR,15,6400.97,6400.97,100.0,7089.44,90.28879572998714,-9.711204270012857
2026-07-01,BOM_DEL,15,7879.1,7879.1,100.0,8033.74,98.07511818903774,-1.9248818109622619
2026-07-01,CCU_DEL,15,7770.5,7770.5,100.0,8355.255000000001,93.00135064698803,-6.99864935301197
2026-07-01,DEL_BLR,15,8958.545,8958.545,100.0,8936.68,100.24466580430315,0.24466580430315332
2026-07-01,DEL_BOM,15,7519.805,7519.805,100.0,7972.299999999999,94.32415990366646,-5.675840096333545
2026-07-01,DEL_CCU,15,8472.825,8472.825,100.0,8531.59,99.31120693797992,-0.688793062020082
2026-07-01,HYD_DEL,15,7450.45,7450.45,100.0,7321.14,101.76625498214757,1.7662549821475722
2026-07-01,MAA_DEL,15,9493.135,9493.135,100.0,9318.744999999999,101.8713893340788,1.871389334078799
2026-07-01,BLR_DEL,30,7815.85,7815.85,100.0,7815.85,100.0,0.0
2026-07-01,BLR_HYD,30,4301.545,4301.545,100.0,4560.139999999999,94.3292311200972,-5.670768879902795
2026-07-01,BOM_BLR,30,6115.514999999999,6115.514999999999,100.0,6115.514999999999,100.0,0.0
2026-07-01,BOM_DEL,30,6848.37,6848.37,100.0,6988.25,97.99835438056738,-2.0016456194326224
2026-07-01,CCU_DEL,30,6733.35,6733.35,100.0,7502.62,89.74664850412256,-10.253351495877439
2026-07-01,DEL_BLR,30,7623.15,7623.15,100.0,7819.21,97.49258556810726,-2.507414431892741
2026-07-01,DEL_BOM,30,7151.67,7151.67,100.0,7062.97,101.25584562868029,1.2558456286802908
2026-07-01,DEL_CCU,30,7713.21,7713.21,100.0,7450.09,103.53176941486612,3.531769414866119
2026-07-01,HYD_DEL,30,6347.889999999999,6347.889999999999,100.0,6342.99,100.07725063416464,0.07725063416464195
2026-07-01,MAA_DEL,30,8161.56,8161.56,100.0,8088.77,100.89988960002572,0.8998896000257162
2026-07-01,BLR_DEL,45,8566.51,8566.51,100.0,7502.725,114.1786484244058,14.178648424405793
2026-07-01,BLR_HYD,45,4603.35,4603.35,100.0,4361.68,105.54075493846409,5.54075493846409
2026-07-01,BOM_BLR,45,6142.85,6142.85,100.0,5910.59,103.92955694778357,3.929556947783567
2026-07-01,BOM_DEL,45,7155.57,7155.57,100.0,6577.48,108.78892828256414,8.788928282564143
2026-07-01,CCU_DEL,45,7085.785,7085.785,100.0,7073.35,100.17580071677492,0.1758007167749156
2026-07-01,DEL_BLR,45,8901.25,8901.25,100.0,7363.1,120.88997840583448,20.889978405834484
2026-07-01,DEL_BOM,45,7146.81,7146.81,100.0,6642.674999999999,107.58933712698575,7.589337126985754
2026-07-01,DEL_CCU,45,7506.02,7506.02,100.0,6865.219999999999,109.33400531956734,9.33400531956734
2026-07-01,HYD_DEL,45,6175.18,6175.18,100.0,6123.91,100.837210213736,0.8372102137360002
2026-07-01,MAA_DEL,45,8226.95,8226.95,100.0,7682.245000000001,107.09044035955635,7.090440359556354
2026-07-02,BLR_DEL,1,14458.314999999999,12766.82,113.24914896583486,13358.3,108.23469303728768,-5.014455928547179
2026-07-02,BLR_HYD,1,7537.93,7969.66,94.58283038423221,7613.44,99.00820128614662,4.425370901914405
2026-07-02,BOM_BLR,1,10258.66,10536.8,97.36029914205452,10337.22,99.24002778309836,1.8797286410438403
2026-07-02,BOM_DEL,1,11621.74,11787.115,98.5969849280337,11827.42,98.26099013986143,-0.3359947881722718
2026-07-02,CCU_DEL,1,12603.830000000002,12308.66,102.39806770192695,12623.55,99.84378403856286,-2.554283663364089
2026-07-02,DEL_BLR,1,12767.26,13136.69,97.18779997092113,13157.8,97.03187462949734,-0.15592534142379577
2026-07-02,DEL_BOM,1,11466.14,11601.5,98.83325432056199,11927.8,96.12954610238266,-2.7037082181793295
2026-07-02,DEL_CCU,1,12325.0,11537.265,106.82774470379246,12325.0,100.0,-6.827744703792462
2026-07-02,HYD_DEL,1,10988.59,10507.67,104.57684719828468,10728.94,102.42008996228891,-2.1567572359957694
2026-07-02,MAA_DEL,1,13172.075,14184.83,92.86029511809448,14184.83,92.86029511809448,0.0
2026-07-02,BLR_DEL,7,10200.73,10173.86,100.26410821458127,10508.55,97.0707661856298,-3.193342028951477
2026-07-02,BLR_HYD,7,5772.16,5977.64,96.5625230023889,6172.19,93.51883205150845,-3.043690950880446
2026-07-02,BOM_BLR,7,7961.4400000000005,7932.34,100.366852656341,8250.02,96.50206908589313,-3.8647835704478695
2026-07-02,BOM_DEL,7,8981.26,9014.355,99.63286336071744,9447.32,95.06674908863043,-4.566114272087006
2026-07-02,CCU_DEL,7,9426.29,10115.5,93.18659482971678,9879.91,95.40866262951789,2.22206779980111
2026-07-02,DEL_BLR,7,10598.965,9534.44,111.16505007111061,10578.72,100.19137475989535,-10.97367531121526
2026-07-02,DEL_BOM,7,9462.92,9592.17,98.6525468168308,9533.93,99.25518647609118,0.602639659260376
2026-07-02,DEL_CCU,7,9631.45,10379.28,92.79497229094889,9891.904999999999,97.36698846177761,4.572016170828718
2026-07-02,HYD_DEL,7,8805.58,8597.87,102.41583089765254,8497.07,103.6307809633203,1.2149500656677645
2026-07-02,MAA_DEL,7,10709.08,11078.26,96.6675272109519,11078.26,96.6675272109519,0.0
2026-07-02,BLR_DEL,15,8416.46,8999.96,93.51663785172379,8999.96,93.51663785172379,0.0
2026-07-02,BLR_HYD,15,5278.875,5421.8,97.36388284333616,5185.2,101.80658412404537,4.442701280709215
2026-07-02,BOM_BLR,15,7072.13,6400.97,110.48528582386732,7089.44,99.75583402920401,-10.729451794663305
2026-07-02,BOM_DEL,15,8112.215,7879.1,102.95865009963066,8033.74,100.9768177710506,-1.9818323285800545
2026-07-02,CCU_DEL,15,8234.29,7770.5,105.96859918924137,8355.255000000001,98.55222850768767,-7.416370681553701
2026-07-02,DEL_BLR,15,8454.61,8958.545,94.37481198118668,8936.68,94.60571487398005,0.23090289279336673
2026-07-02,DEL_BOM,15,7997.63,7519.805,106.3542206214124,7972.299999999999,100.31772512323923,-6.036495498173167
2026-07-02,DEL_CCU,15,8252.41,8472.825,97.3985654135427,8531.59,96.72769085246712,-0.6708745610755784
2026-07-02,HYD_DEL,15,7434.105,7450.45,99.78061727815098,7321.14,101.54299740204394,1.762380123892953
2026-07-02,MAA_DEL,15,9255.14,9493.135,97.49297782028802,9318.744999999999,99.3174510086927,1.8244731884046814
2026-07-02,BLR_DEL,30,8449.904999999999,7815.85,108.11242539199188,7815.85,108.11242539199188,0.0
2026-07-02,BLR_HYD,30,5028.895,4301.545,116.90904082137929,4560.139999999999,110.27939931668766,-6.629641504691634
2026-07-02,BOM_BLR,30,6436.65,6115.514999999999,105.25115219241552,6115.514999999999,105.25115219241552,0.0
2026-07-02,BOM_DEL,30,7888.57,6848.37,115.18901578039737,6988.25,112.88333989196151,-2.3056758884358572
2026-07-02,CCU_DEL,30,8033.5650000000005,6733.35,119.3100759651585,7502.62,107.07679450645242,-12.233281458706088
2026-07-02,DEL_BLR,30,8364.27,7623.15,109.72196532929301,7819.21,106.97078093566998,-2.751184393623035
2026-07-02,DEL_BOM,30,7122.715,7151.67,99.59512952918689,7062.97,100.84589060975766,1.2507610805707685
2026-07-02,DEL_CCU,30,8180.05,7713.21,106.05247361345019,7450.09,109.79800244023899,3.7455288267887994
2026-07-02,HYD_DEL,30,6970.63,6347.889999999999,109.81018889741317,6342.99,109.89501796471382,0.08482906730064599
2026-07-02,MAA_DEL,30,9192.57,8161.56,112.63251143163806,8088.77,113.64607968825915,1.0135682566210846
2026-07-02,BLR_DEL,45,8002.455,8566.51,93.41557997364154,7502.725,106.66064663172381,13.245066658082266
2026-07-02,BLR_HYD,45,4648.25,4603.35,100.97537662789055,4361.68,106.5701747950331,5.594798167142542
2026-07-02,BOM_BLR,45,6478.280000000001,6142.85,105.4604947215055,5910.59,109.60462491900134,4.144130197495841
2026-07-02,BOM_DEL,45,7422.02,7155.57,103.7236726074932,6577.48,112.8398718050074,9.116199197514206
2026-07-02,CCU_DEL,45,7518.715,7085.785,106.10983821834843,7073.35,106.29638007450501,0.18654185615658037
2026-07-02,DEL_BLR,45,7985.82,8901.25,89.7157140851004,7363.1,108.4573073841181,18.741593299017694
2026-07-02,DEL_BOM,45,7108.92,7146.81,99.46983339419965,6642.674999999999,107.01893439013652,7.549100995936868
2026-07-02,DEL_CCU,45,7608.74,7506.02,101.36850154942299,6865.219999999999,110.83024287641183,9.461741326988843
2026-07-02,HYD_DEL,45,6421.14,6175.18,103.98304178987495,6123.91,104.85359843629315,0.8705566464182084
2026-07-02,MAA_DEL,45,7681.455,8226.95,93.3694139383368,7682.245000000001,99.98971654770187,6.620302609365069
2026-07-03,BLR_DEL,1,13308.54,12766.82,104.24318663535634,13358.3,99.62749751091083,-4.61568912444551
2026-07-03,BLR_HYD,1,8333.63,7969.66,104.56694513944132,7613.44,109.45945590954942,4.892510770108103
2026-07-03,BOM_BLR,1,11538.994999999999,10536.8,109.51137916635032,10337.22,111.62570787890749,2.1143287125571675
2026-07-03,BOM_DEL,1,13008.39,11787.115,110.36110193206734,11827.42,109.98501786526562,-0.3760840668017238
2026-07-03,CCU_DEL,1,12845.19,12308.66,104.35896352649274,12623.55,101.75576600876934,-2.6031975177234017
2026-07-03,DEL_BLR,1,14311.12,13136.69,108.94007546802125,13157.8,108.76529511012481,-0.17478035789643798
2026-07-03,DEL_BOM,1,12774.75,11601.5,110.11291643321984,11927.8,107.10063884370966,-3.0122775895101768
2026-07-03,DEL_CCU,1,13327.12,11537.265,115.51368543584637,12325.0,108.13079107505072,-7.382894360795646
2026-07-03,HYD_DEL,1,11287.25,10507.67,107.41915191474418,10728.94,105.2037759554998,-2.2153759592443834
2026-07-03,MAA_DEL,1,15211.43,14184.83,107.23730915351118,14184.83,107.23730915351118,0.0
2026-07-03,BLR_DEL,7,10137.25,10173.86,99.64015624354964,10508.55,96.46668665039421,-3.1734695931554313
2026-07-03,BLR_HYD,7,6183.745,5977.64,103.44793262893049,6172.19,100.18721069830967,-3.260721930620818
2026-07-03,BOM_BLR,7,8146.065,7932.34,102.69434996482751,8250.02,98.73994244862435,-3.9544075162031618
2026-07-03,BOM_DEL,7,8516.745,9014.355,94.47980471148519,9447.32,90.14985202152569,-4.329952689959498
2026-07-03,CCU_DEL,7,9738.27,10115.5,96.27077257673868,9879.91,98.56638370187584,2.2956111251371567
2026-07-03,DEL_BLR,7,10959.835,9534.44,114.94996035425258,10578.72,103.60265703223075,-11.34730332202183
2026-07-03,DEL_BOM,7,9242.325,9592.17,96.35280650780794,9533.93,96.94139772370892,0.5885912159009763
2026-07-03,DEL_CCU,7,9332.23,10379.28,89.91211336431813,9891.904999999999,94.34209083083593,4.429977466517798
2026-07-03,HYD_DEL,7,8108.45,8597.87,94.30765992042214,8497.07,95.42642346126371,1.1187635408415701
2026-07-03,MAA_DEL,7,11493.06,11078.26,103.74427030959734,11078.26,103.74427030959734,0.0
2026-07-03,BLR_DEL,15,9541.19,8999.96,106.01369339419288,8999.96,106.01369339419288,0.0
2026-07-03,BLR_HYD,15,5073.61,5421.8,93.57796303810542,5185.2,97.8479132916763,4.269950253570883
2026-07-03,BOM_BLR,15,7770.61,6400.97,121.3973819592968,7089.44,109.60823421878175,-11.789147740515048
2026-07-03,BOM_DEL,15,9082.76,7879.1,115.27661788782983,8033.74,113.05767923781451,-2.2189386500153176
2026-07-03,CCU_DEL,15,9046.5,7770.5,116.42107972459945,8355.255000000001,108.27317658168421,-8.14790314291524
2026-07-03,DEL_BLR,15,9518.7,8958.545,106.2527452839719,8936.68,106.51270941781512,0.25996413384321215
2026-07-03,DEL_BOM,15,7996.3,7519.805,106.33653399257028,7972.299999999999,100.30104235916863,-6.035491633401648
2026-07-03,DEL_CCU,15,9105.654999999999,8472.825,107.46893745592526,8531.59,106.72869887090212,-0.7402385850231354
2026-07-03,HYD_DEL,15,7890.87,7450.45,105.9113207927038,7321.14,107.78198477286323,1.8706639801594207
2026-07-03,MAA_DEL,15,10285.939999999999,9493.135,108.35135073924471,9318.744999999999,110.37902636030925,2.027675621064546
2026-07-03,BLR_DEL,30,8628.645,7815.85,110.39931677296775,7815.85,110.39931677296775,0.0
2026-07-03,BLR_HYD,30,4607.32,4301.545,107.10849241377225,4560.139999999999,101.034617358239,-6.07387505553325
2026-07-03,BOM_BLR,30,6473.36,6115.514999999999,105.8514287022434,6115.514999999999,105.8514287022434,0.0
2026-07-03,BOM_DEL,30,7516.745,6848.37,109.75962163259287,6988.25,107.56262297427826,-2.1969986583146124
2026-07-03,CCU_DEL,30,7788.8,6733.35,115.67496120059108,7502.62,103.81440083597464,-11.860560364616447
2026-07-03,DEL_BLR,30,8660.21,7623.15,113.60408754911026,7819.21,110.75556226268381,-2.848525286426451
2026-07-03,DEL_BOM,30,8159.42,7151.67,114.09111438307416,7062.97,115.52392265576663,1.4328082726924691
2026-07-03,DEL_CCU,30,7830.549999999999,7713.21,101.52128620898431,7450.09,105.10678394489193,3.585497735907623
2026-07-03,HYD_DEL,30,6543.29,6347.889999999999,103.07818818536553,6342.99,103.15781673942415,0.07962855405861546
2026-07-03,MAA_DEL,30,8757.3,8161.56,107.29933983209091,8088.77,108.26491543213615,0.9655756000452413
2026-07-03,BLR_DEL,45,7502.725,8566.51,87.5820491658797,7502.725,100.0,12.417950834120305
2026-07-03,BLR_HYD,45,4261.8150000000005,4603.35,92.58072925152335,4361.68,97.7104005795932,5.129671328069847
2026-07-03,BOM_BLR,45,5735.87,6142.85,93.37473648225172,5910.59,97.04394992716463,3.669213444912913
2026-07-03,BOM_DEL,45,6308.53,7155.57,88.16250836760733,6577.48,95.91104800014595,7.748539632538623
2026-07-03,CCU_DEL,45,6682.58,7085.785,94.30966364347775,7073.35,94.47546070815102,0.1657970646732707
2026-07-03,DEL_BLR,45,7428.74,8901.25,83.4572672377475,7363.1,100.89147234181254,17.434205104065043
2026-07-03,DEL_BOM,45,6527.125,7146.81,91.32920841606254,6642.674999999999,98.26048993816498,6.931281522102438
2026-07-03,DEL_CCU,45,6650.8099999999995,7506.02,88.6063453068337,6865.219999999999,96.87686629124777,8.270520984414063
2026-07-03,HYD_DEL,45,5861.65,6175.18,94.92273909424502,6123.91,95.71744196110001,0.7947028668549905
2026-07-03,MAA_DEL,45,7720.41,8226.95,93.8429187001258,7682.245000000001,100.49679488222516,6.653876182099367
2026-07-04,BLR_DEL,1,15319.3,12766.82,119.99307580117838,13358.3,114.68001167813269,-5.313064123045692
2026-07-04,BLR_HYD,1,8481.75,7969.66,106.4254936847996,7613.44,111.40496280262273,4.979469117823129
2026-07-04,BOM_BLR,1,11415.23,10536.8,108.3367815655607,10337.22,110.42843240252216,2.0916508369614633
2026-07-04,BOM_DEL,1,12551.51,11787.115,106.48500502455435,11827.42,106.12212976287306,-0.362875261681296
2026-07-04,CCU_DEL,1,14350.105,12308.66,116.58543659504772,12623.55,113.67725402125393,-2.9081825737937947
2026-07-04,DEL_BLR,1,14623.925,13136.69,111.32123084277698,13157.8,111.14263022693764,-0.1786006158393434
2026-07-04,DEL_BOM,1,12731.605,11601.5,109.74102486747404,11927.8,106.73892084038967,-3.0021040270843713
2026-07-04,DEL_CCU,1,13938.68,11537.265,120.81442178887285,12325.0,113.092738336714,-7.721683452158842
2026-07-04,HYD_DEL,1,12059.05,10507.67,114.76426267669235,10728.94,112.39740365777047,-2.366859018921886
2026-07-04,MAA_DEL,1,15422.74,14184.83,108.72699919561954,14184.83,108.72699919561954,0.0
2026-07-04,BLR_DEL,7,11969.88,10173.86,117.65328007265678,10508.55,113.90610502876228,-3.747175043894501
2026-07-04,BLR_HYD,7,6649.14,5977.64,111.2335302895457,6172.19,107.7274030773518,-3.5061272121939027
2026-07-04,BOM_BLR,7,8872.59,7932.34,111.85337491837213,8250.02,107.54628473627943,-4.3070901820926935
2026-07-04,BOM_DEL,7,9769.24,9014.355,108.37425417570088,9447.32,103.40752721406704,-4.966726961633839
2026-07-04,CCU_DEL,7,10527.72,10115.5,104.07513222282634,9879.91,106.55684110482788,2.4817088820015414
2026-07-04,DEL_BLR,7,11013.87,9534.44,115.51669526474548,10578.72,104.11344661736015,-11.403248647385325
2026-07-04,DEL_BOM,7,10212.54,9592.17,106.46746252412125,9533.93,107.11784122602117,0.6503787018999247
2026-07-04,DEL_CCU,7,10033.14,10379.28,96.66508659560199,9891.904999999999,101.42778362711734,4.762697031515344
2026-07-04,HYD_DEL,7,8793.99,8597.87,102.28103006907523,8497.07,103.4943810042756,1.213350935200367
2026-07-04,MAA_DEL,7,12645.585,11078.26,114.14775425021617,11078.26,114.14775425021617,0.0
2026-07-04,BLR_DEL,15,9818.825,8999.96,109.09854043795752,8999.96,109.09854043795752,0.0
2026-07-04,BLR_HYD,15,5757.4,5421.8,106.18982625696263,5185.2,111.03525418498803,4.845427928025401
2026-07-04,BOM_BLR,15,7926.86,6400.97,123.83841823973553,7089.44,111.81221647972195,-12.026201760013578
2026-07-04,BOM_DEL,15,8754.93,7879.1,111.11586348694648,8033.74,108.97701444159257,-2.1388490453539077
2026-07-04,CCU_DEL,15,8164.46,7770.5,105.06994401904639,8355.255000000001,97.71646706174735,-7.353476957299037
2026-07-04,DEL_BLR,15,9572.42,8958.545,106.85239623175416,8936.68,107.11382750641178,0.2614312746576246
2026-07-04,DEL_BOM,15,9173.12,7519.805,121.98614192788244,7972.299999999999,115.06240357236935,-6.923738355513095
2026-07-04,DEL_CCU,15,9817.74,8472.825,115.87327721273599,8531.59,115.07515011855938,-0.798127094176607
2026-07-04,HYD_DEL,15,7479.22,7450.45,100.38615117207685,7321.14,102.15922656853986,1.773075396463014
2026-07-04,MAA_DEL,15,9915.02,9493.135,104.44410618831397,9318.744999999999,106.39866205159603,1.9545558632820672
2026-07-04,BLR_DEL,30,7767.905000000001,7815.85,99.38656704005324,7815.85,99.38656704005324,0.0
2026-07-04,BLR_HYD,30,4406.105,4301.545,102.43075453122074,4560.139999999999,96.62214317981466,-5.8086113514060855
2026-07-04,BOM_BLR,30,6019.860000000001,6115.514999999999,98.43586353724913,6115.514999999999,98.43586353724913,0.0
2026-07-04,BOM_DEL,30,7245.74,6848.37,105.80240261551288,6988.25,103.68461345830502,-2.117789157207852
2026-07-04,CCU_DEL,30,6753.93,6733.35,100.30564280781482,7502.62,90.02095268053027,-10.284690127284549
2026-07-04,DEL_BLR,30,7364.865,7623.15,96.61183369079711,7819.21,94.18937462991785,-2.4224590608792624
2026-07-04,DEL_BOM,30,7010.125,7151.67,98.02081192225033,7062.97,99.25180200397283,1.2309900817224957
2026-07-04,DEL_CCU,30,6630.99,7713.21,85.9692657142746,7450.09,89.00550194695634,3.0362362326817447
2026-07-04,HYD_DEL,30,5921.8,6347.889999999999,93.28769087050975,6342.99,93.35975620330476,0.07206533279500604
2026-07-04,MAA_DEL,30,8018.165,8161.56,98.24304422193796,8088.77,99.12712315963984,0.8840789377018723
2026-07-04,BLR_DEL,45,7436.41,8566.51,86.80792995046991,7502.725,99.1161211426515,12.308191192181582
2026-07-04,BLR_HYD,45,4116.15,4603.35,89.4164032715305,4361.68,94.37074705159478,4.954343780064278
2026-07-04,BOM_BLR,45,5502.395,6142.85,89.5739762488096,5910.59,93.09383665590069,3.5198604070910875
2026-07-04,BOM_DEL,45,6861.89,7155.57,95.89578468242223,6577.48,104.32399642416246,8.428211741740228
2026-07-04,CCU_DEL,45,7160.07,7085.785,101.04836655359992,7073.35,101.2260103062905,0.1776437526905852
2026-07-04,DEL_BLR,45,6976.785,8901.25,78.37983429293638,7363.1,94.75336475125965,16.373530458323273
2026-07-04,DEL_BOM,45,6906.68,7146.81,96.64003940219482,6642.674999999999,103.97437779207925,7.3343383898844365
2026-07-04,DEL_CCU,45,6578.33,7506.02,87.64072038177356,6865.219999999999,95.82110988431543,8.180389502541871
2026-07-04,HYD_DEL,45,5875.97,6175.18,95.1546351685295,6123.91,95.95127949300365,0.7966443244741583
2026-07-04,MAA_DEL,45,7912.29,8226.95,96.17525328341608,7682.245000000001,102.99450225812896,6.8192489747128775
2026-07-05,BLR_DEL,1,12417.3,12766.82,97.26227831206205,13358.3,92.95569046959568,-4.306587842466371
2026-07-05,BLR_HYD,1,7189.18,7969.66,90.20685951470954,7613.44,94.42748612979153,4.220626615081997
2026-07-05,BOM_BLR,1,10327.240000000002,10536.8,98.0111608837598,10337.22,99.90345566796492,1.89229478420512
2026-07-05,BOM_DEL,1,11555.9,11787.115,98.03840888970711,11827.42,97.7043175942006,-0.33409129550651073
2026-07-05,CCU_DEL,1,11724.53,12308.66,95.25431687933536,12623.55,92.8782315592682,-2.376085320067162
2026-07-05,DEL_BLR,1,13072.095000000001,13136.69,99.50828557269755,13157.8,99.34863731018865,-0.1596482625088953
2026-07-05,DEL_BOM,1,11353.15,11601.5,97.85932853510322,11927.8,95.18226328409263,-2.677065251010589
2026-07-05,DEL_CCU,1,12144.46,11537.265,105.26290242964862,12325.0,98.53517241379309,-6.727730015855528
2026-07-05,HYD_DEL,1,10305.335,10507.67,98.07440660013114,10728.94,96.05175348170462,-2.0226531184265184
2026-07-05,MAA_DEL,1,14061.82,14184.83,99.13280596242605,14184.83,99.13280596242605,0.0
2026-07-05,BLR_DEL,7,11594.14,10173.86,113.96008987739165,10508.55,110.33054036950864,-3.629549507883013
2026-07-05,BLR_HYD,7,6504.81,5977.64,108.8190322602231,6172.19,105.38901103174076,-3.4300212284823317
2026-07-05,BOM_BLR,7,8681.064999999999,7932.34,109.43889192848515,8250.02,105.22477521266613,-4.214116715819017
2026-07-05,BOM_DEL,7,9751.295,9014.355,108.17518280564722,9447.32,103.21757916530827,-4.957603640338959
2026-07-05,CCU_DEL,7,10930.99,10115.5,108.0617863674559,9879.91,110.63855844840691,2.5767720809510166
2026-07-05,DEL_BLR,7,11095.96,9534.44,116.37767923443852,10578.72,104.88943841977101,-11.488240814667506
2026-07-05,DEL_BOM,7,10318.26,9592.17,107.56961146435063,9533.93,108.22672287293906,0.6571114085884346
2026-07-05,DEL_CCU,7,10768.02,10379.28,103.74534649802298,9891.904999999999,108.8568885366368,5.11154203861382
2026-07-05,HYD_DEL,7,9117.7,8597.87,106.04603233126343,8497.07,107.30404715978568,1.2580148285222492
2026-07-05,MAA_DEL,7,12454.02,11078.26,112.41855670475327,11078.26,112.41855670475327,0.0
2026-07-05,BLR_DEL,15,8550.195,8999.96,95.00258890039512,8999.96,95.00258890039512,0.0
2026-07-05,BLR_HYD,15,4789.71,5421.8,88.3416946401564,5185.2,92.37271464938672,4.031020009230318
2026-07-05,BOM_BLR,15,7218.01,6400.97,112.76431540844591,7089.44,101.81354239545016,-10.950773012995754
2026-07-05,BOM_DEL,15,8545.505000000001,7879.1,108.45788224543413,8033.74,106.37019619753691,-2.087686047897222
2026-07-05,CCU_DEL,15,8148.36,7770.5,104.86275014477833,8355.255000000001,97.52377396022023,-7.338976184558106
2026-07-05,DEL_BLR,15,8762.880000000001,8958.545,97.81588416422534,8936.68,98.055206183952,0.23932201972665723
2026-07-05,DEL_BOM,15,8361.61,7519.805,111.19450570859217,7972.299999999999,104.88328336866401,-6.311222339928165
2026-07-05,DEL_CCU,15,8426.73,8472.825,99.45596657549281,8531.59,98.77092077795581,-0.6850457975370006
2026-07-05,HYD_DEL,15,6674.49,7450.45,89.58505862062023,7321.14,91.16735918176677,1.582300561146539
2026-07-05,MAA_DEL,15,9221.64,9493.135,97.14009123434987,9318.744999999999,98.9579605408239,1.8178693064740372
2026-07-05,BLR_DEL,30,7641.65,7815.85,97.77119571127899,7815.85,97.77119571127899,0.0
2026-07-05,BLR_HYD,30,4432.715,4301.545,103.04936947073668,4560.139999999999,97.2056778958541,-5.843691574882584
2026-07-05,BOM_BLR,30,5626.56,6115.514999999999,92.004679900221,6115.514999999999,92.004679900221,0.0
2026-07-05,BOM_DEL,30,6696.18,6848.37,97.77771936971864,6988.25,95.82055593317355,-1.9571634365450876
2026-07-05,CCU_DEL,30,7574.72,6733.35,112.49556312979423,7502.62,100.96099762482973,-11.534565504964505
2026-07-05,DEL_BLR,30,7819.21,7623.15,102.57190269114473,7819.21,100.0,-2.5719026911447287
2026-07-05,DEL_BOM,30,6602.88,7151.67,92.32640767820664,7062.97,93.48588483315092,1.159477154944284
2026-07-05,DEL_CCU,30,7236.205,7713.21,93.81573949108089,7450.09,97.12909508475737,3.3133555936764765
2026-07-05,HYD_DEL,30,6265.21,6347.889999999999,98.69751996332641,6342.99,98.77376442340284,0.07624446007642405
2026-07-05,MAA_DEL,30,7742.875,8161.56,94.87003710075034,8088.77,95.72376269816053,0.8537255974101896
2026-07-05,BLR_DEL,45,6841.43,8566.51,79.86251110428869,7502.725,91.18593577666782,11.323424672379133
2026-07-05,BLR_HYD,45,4270.92,4603.35,92.7785199908762,4361.68,97.91915041910457,5.140630428228363
2026-07-05,BOM_BLR,45,5445.11,6142.85,88.641428652824,5910.59,92.12464407106566,3.483215418241656
2026-07-05,BOM_DEL,45,6513.85,7155.57,91.03188145738216,6577.48,99.03260823294029,8.000726775558135
2026-07-05,CCU_DEL,45,6687.99,7085.785,94.38601368796823,7073.35,94.55194497656697,0.16593128859874184
2026-07-05,DEL_BLR,45,7493.755,8901.25,84.18767027102935,7363.1,101.77445641102251,17.586786139993166
2026-07-05,DEL_BOM,45,6422.39,7146.81,89.86372941214333,6642.674999999999,96.68379079211313,6.8200613799698
2026-07-05,DEL_CCU,45,6839.93,7506.02,91.12592292586483,6865.219999999999,99.6316214192699,8.505698493405077
2026-07-05,HYD_DEL,45,6094.29,6175.18,98.69007866977157,6123.91,99.516322088339,0.8262434185674294
2026-07-05,MAA_DEL,45,7457.67,8226.95,90.64926856246846,7682.245000000001,97.07670088626436,6.427432323795898
2026-07-06,BLR_DEL,1,12755.12,12766.82,99.90835619206663,13358.3,95.48460507699335,-4.423751115073287
2026-07-06,BLR_HYD,1,7613.44,7969.66,95.53029865765917,7613.44,100.0,4.4697013423408265
2026-07-06,BOM_BLR,1,9760.86,10536.8,92.6359046389796,10337.22,94.42441971826082,1.7885150792812254
2026-07-06,BOM_DEL,1,12087.23,11787.115,102.54612769961098,11827.42,102.19667518359878,-0.3494525160121924
2026-07-06,CCU_DEL,1,12384.62,12308.66,100.61712647843063,12623.55,98.10726776540673,-2.5098587130239025
2026-07-06,DEL_BLR,1,12570.25,13136.69,95.68810712591984,13157.8,95.53458784903252,-0.15351927688732303
2026-07-06,DEL_BOM,1,11293.599999999999,11601.5,97.34603284058095,11927.8,94.68300944013144,-2.6630234004495037
2026-07-06,DEL_CCU,1,11935.8,11537.265,103.45432821383578,12325.0,96.84219066937119,-6.612137544464588
2026-07-06,HYD_DEL,1,10919.6,10507.67,103.92027918653707,10728.94,101.77706278532641,-2.1432164012106654
2026-07-06,MAA_DEL,1,14395.81,14184.83,101.48736361309933,14184.83,101.48736361309933,0.0
2026-07-06,BLR_DEL,7,10648.23,10173.86,104.66263542057783,10508.55,101.32920336297586,-3.333432057601968
2026-07-06,BLR_HYD,7,5874.985000000001,5977.64,98.28268346705389,6172.19,95.18477234174581,-3.097911125308073
2026-07-06,BOM_BLR,7,8159.889999999999,7932.34,102.86863649314073,8250.02,98.90751779995684,-3.9611186931838915
2026-07-06,BOM_DEL,7,9320.630000000001,9014.355,103.3976363256162,9447.32,98.65898477028408,-4.738651555332126
2026-07-06,CCU_DEL,7,9525.26,10115.5,94.1649943156542,9879.91,96.41039240235995,2.245398086705748
2026-07-06,DEL_BLR,7,10365.08,9534.44,108.71199567043266,10578.72,97.98047400819759,-10.731521662235068
2026-07-06,DEL_BOM,7,9427.81,9592.17,98.28651910881479,9533.93,98.88692281147438,0.600403702659591
2026-07-06,DEL_CCU,7,10628.32,10379.28,102.39939571916355,9891.904999999999,107.44462264851917,5.045226929355621
2026-07-06,HYD_DEL,7,8479.34,8597.87,98.62140274277233,8497.07,99.79133983832075,1.1699370955484198
2026-07-06,MAA_DEL,7,11151.21,11078.26,100.65849691196993,11078.26,100.65849691196993,0.0
2026-07-06,BLR_DEL,15,8563.82,8999.96,95.1539784621265,8999.96,95.1539784621265,0.0
2026-07-06,BLR_HYD,15,5140.04,5421.8,94.80320188867165,5185.2,99.1290596312582,4.32585774258655
2026-07-06,BOM_BLR,15,7103.67,6400.97,110.97802364329156,7089.44,100.20072107246835,-10.77730257082321
2026-07-06,BOM_DEL,15,7769.42,7879.1,98.60796283839525,8033.74,96.70987609755855,-1.8980867408367033
2026-07-06,CCU_DEL,15,8436.18,7770.5,108.56675889582394,8355.255000000001,100.9685521267753,-7.598206769048645
2026-07-06,DEL_BLR,15,8877.58,8958.545,99.09622600545066,8936.68,99.33868058384098,0.2424545783903227
2026-07-06,DEL_BOM,15,8100.48,7519.805,107.7219422578112,7972.299999999999,101.60781706659307,-6.114125191218122
2026-07-06,DEL_CCU,15,8092.605,8472.825,95.5124766533004,8531.59,94.8545933407489,-0.6578833125514905
2026-07-06,HYD_DEL,15,7118.57,7450.45,95.54550396284787,7321.14,97.2330811868097,1.6875772239618243
2026-07-06,MAA_DEL,15,9055.31,9493.135,95.38798300034709,9318.744999999999,97.17306354020849,1.7850805398613971
2026-07-06,BLR_DEL,30,7458.585,7815.85,95.42896805849651,7815.85,95.42896805849651,0.0
2026-07-06,BLR_HYD,30,4580.2,4301.545,106.47802126910216,4560.139999999999,100.43989877503763,-6.038122494064524
2026-07-06,BOM_BLR,30,5865.28,6115.514999999999,95.9081941586277,6115.514999999999,95.9081941586277,0.0
2026-07-06,BOM_DEL,30,7086.65,6848.37,103.47936808320813,6988.25,101.40807784495402,-2.0712902382541074
2026-07-06,CCU_DEL,30,6962.1900000000005,6733.35,103.39860544899642,7502.62,92.79678299047534,-10.601822458521085
2026-07-06,DEL_BLR,30,7678.16,7623.15,100.72161770396752,7819.21,98.1961093256224,-2.5255083783451227
2026-07-06,DEL_BOM,30,6843.42,7151.67,95.68981790267168,7062.97,96.89153429789451,1.2017163952228316
2026-07-06,DEL_CCU,30,7549.85,7713.21,97.8820750375006,7450.09,101.33904422631137,3.456969188810774
2026-07-06,HYD_DEL,30,5917.195,6347.889999999999,93.21514708036844,6342.99,93.28715637262552,0.07200929225707853
2026-07-06,MAA_DEL,30,7767.14,8161.56,95.16734545846627,8088.77,96.02374650286755,0.8564010444012808
2026-07-06,BLR_DEL,45,7096.65,8566.51,82.84178737899097,7502.725,94.58763315995188,11.745845780960906
2026-07-06,BLR_HYD,45,4232.24,4603.35,91.93826235241725,4361.68,97.03233616404687,5.094073811629613
2026-07-06,BOM_BLR,45,5656.3,6142.85,92.07940939466208,5910.59,95.6977222240081,3.6183128293460243
2026-07-06,BOM_DEL,45,6082.82,7155.57,85.0081824368988,6577.48,92.47949062558914,7.47130818869033
2026-07-06,CCU_DEL,45,7362.19,7085.785,103.9008380863941,7073.35,104.08349650448514,0.18265841809103733
2026-07-06,DEL_BLR,45,7189.385,8901.25,80.76826288442635,7363.1,97.64073555975065,16.872472675324303
2026-07-06,DEL_BOM,45,6390.08,7146.81,89.4116395986461,6642.674999999999,96.19739035855285,6.7857507599067475
2026-07-06,DEL_CCU,45,7218.1,7506.02,96.16414557914848,6865.219999999999,105.14011204302267,8.975966463874187
2026-07-06,HYD_DEL,45,6180.14,6175.18,100.0803215452829,6123.91,100.91820421919984,0.8378826739169369
2026-07-06,MAA_DEL,45,7876.98,8226.95,95.74605412698509,7682.245000000001,102.53487099148751,6.788816864502422
2026-07-07,BLR_DEL,1,12401.0,12766.82,97.13460360528308,13358.3,92.83366895488199,-4.300934650401089
2026-07-07,BLR_HYD,1,7511.625,7969.66,94.25276611549302,7613.44,98.66269386768663,4.40992775219361
2026-07-07,BOM_BLR,1,10510.785,10536.8,99.75310340900464,10337.22,101.67902975848439,1.9259263494797523
2026-07-07,BOM_DEL,1,11562.57,11787.115,98.09499610379639,11827.42,97.7607119726872,-0.334284131109186
2026-07-07,CCU_DEL,1,11800.07,12308.66,95.86803112605271,12623.55,93.47663692067604,-2.3913942053766704
2026-07-07,DEL_BLR,1,12819.494999999999,13136.69,97.58542677036604,13157.8,97.42886348781711,-0.15656328254893026
2026-07-07,DEL_BOM,1,11882.48,11601.5,102.42192819893978,11927.8,99.62004728449504,-2.8018809144447374
2026-07-07,DEL_CCU,1,12957.14,11537.265,112.30685955466915,12325.0,105.12892494929005,-7.177934605379093
2026-07-07,HYD_DEL,1,10226.51,10507.67,97.32424029304309,10728.94,95.31705834872784,-2.007181944315249
2026-07-07,MAA_DEL,1,14191.29,14184.83,100.04554161029778,14184.83,100.04554161029778,0.0
2026-07-07,BLR_DEL,7,9635.435000000001,10173.86,94.70776086952249,10508.55,91.69138463441675,-3.0163762351057386
2026-07-07,BLR_HYD,7,6172.19,5977.64,103.25462891709772,6172.19,100.0,-3.254628917097719
2026-07-07,BOM_BLR,7,8567.955,7932.34,108.0129570845425,8250.02,103.85374823333761,-4.159208851204895
2026-07-07,BOM_DEL,7,9270.63,9014.355,102.84296547007523,9447.32,98.12973414682682,-4.713231323248408
2026-07-07,CCU_DEL,7,10037.11,10115.5,99.22505066482132,9879.91,101.59110761130417,2.3660569464828427
2026-07-07,DEL_BLR,7,9945.064999999999,9534.44,104.3067552997344,10578.72,94.010097629959,-10.2966576697754
2026-07-07,DEL_BOM,7,9644.560000000001,9592.17,100.5461746403577,9533.93,101.16038192015256,0.6142072797948543
2026-07-07,DEL_CCU,7,10519.37,10379.28,101.34970826492781,9891.904999999999,106.34321700420699,4.993508739279179
2026-07-07,HYD_DEL,7,8287.805,8597.87,96.39369983495912,8497.07,97.53720988528988,1.143510050330761
2026-07-07,MAA_DEL,7,10610.130000000001,11078.26,95.77433640300914,11078.26,95.77433640300914,0.0
2026-07-07,BLR_DEL,15,8536.805,8999.96,94.85381046137984,8999.96,94.85381046137984,0.0
2026-07-07,BLR_HYD,15,5001.26,5421.8,92.24353535726144,5185.2,96.45259584972615,4.209060492464715
2026-07-07,BOM_BLR,15,6635.02,6400.97,103.6564770651948,7089.44,93.5901848382947,-10.066292226900103
2026-07-07,BOM_DEL,15,7961.445,7879.1,101.04510667462019,8033.74,99.10010779537302,-1.9449988792471657
2026-07-07,CCU_DEL,15,8451.42,7770.5,108.76288527121807,8355.255000000001,101.15095230486682,-7.611932966351247
2026-07-07,DEL_BLR,15,8495.3,8958.545,94.82901520280357,8936.68,95.06102937556228,0.23201417275870995
2026-07-07,DEL_BOM,15,8210.53,7519.805,109.18541105786652,7972.299999999999,102.98822171769754,-6.1971893401689755
2026-07-07,DEL_CCU,15,8033.73,8472.825,94.81760805870532,8531.59,94.16451095282355,-0.6530971058817698
2026-07-07,HYD_DEL,15,6950.04,7450.45,93.28349294337926,7321.14,94.93111728501299,1.6476243416337297
2026-07-07,MAA_DEL,15,9559.11,9493.135,100.69497589573939,9318.744999999999,102.57937093460548,1.8843950388660886
2026-07-07,BLR_DEL,30,7811.025,7815.85,99.93826647133707,7815.85,99.93826647133707,0.0
2026-07-07,BLR_HYD,30,4457.895,4301.545,103.63474054089869,4560.139999999999,97.7578539255374,-5.876886615361286
2026-07-07,BOM_BLR,30,6168.71,6115.514999999999,100.8698368003349,6115.514999999999,100.8698368003349,0.0
2026-07-07,BOM_DEL,30,7285.675,6848.37,106.3855340759918,6988.25,104.25607269344972,-2.1294613825420754
2026-07-07,CCU_DEL,30,7194.695,6733.35,106.85164145633301,7502.62,95.8957670787005,-10.955874377632512
2026-07-07,DEL_BLR,30,7303.59,7623.15,95.80803211270931,7819.21,93.40572768860281,-2.4023044241065037
2026-07-07,DEL_BOM,30,7183.58,7151.67,100.44618949140549,7062.97,101.70763857130922,1.261449079903727
2026-07-07,DEL_CCU,30,7183.72,7713.21,93.13528349416131,7450.09,96.42460695105697,3.2893234568956586
2026-07-07,HYD_DEL,30,5813.05,6347.889999999999,91.57452318801997,6342.99,91.64526508791596,0.07074189989599233
2026-07-07,MAA_DEL,30,7741.76,8161.56,94.85637549684128,8088.77,95.7099781548987,0.8536026580574259
2026-07-07,BLR_DEL,45,6942.12,8566.51,81.03790224957422,7502.725,92.52798150005498,11.490079250480761
2026-07-07,BLR_HYD,45,4084.43,4603.35,88.7273398720497,4361.68,93.6435043377781,4.9161644657284
2026-07-07,BOM_BLR,45,5478.91,6142.85,89.19166185076959,5910.59,92.69649899587013,3.504837145100538
2026-07-07,BOM_DEL,45,6529.28,7155.57,91.2475176680544,6577.48,99.26719655551975,8.019678887465346
2026-07-07,CCU_DEL,45,7213.0,7085.785,101.79535506651698,7073.35,101.97431203036751,0.1789569638505384
2026-07-07,DEL_BLR,45,7148.48,8901.25,80.308720685297,7363.1,97.08519509445749,16.776474409160485
2026-07-07,DEL_BOM,45,6642.674999999999,7146.81,92.94601367603167,6642.674999999999,100.0,7.053986323968331
2026-07-07,DEL_CCU,45,6257.02,7506.02,83.36002302152139,6865.219999999999,91.14085200474277,7.780828983221383
2026-07-07,HYD_DEL,45,5869.44,6175.18,95.04888926314698,6123.91,95.84464827210067,0.795759008953695
2026-07-07,MAA_DEL,45,7364.57,8226.95,89.51762196196646,7682.245000000001,95.8648155584728,6.347193596506344
2026-07-08,BLR_DEL,1,13557.814999999999,12766.82,106.19570887660356,13358.3,101.49356579804316,-4.702143078560397
2026-07-08,BLR_HYD,1,7174.41,7969.66,90.02153165881606,7613.44,94.23348709650303,4.211955437686967
2026-07-08,BOM_BLR,1,10182.26,10536.8,96.63522131956572,10337.22,98.50095093264922,1.8657296130835022
2026-07-08,BOM_DEL,1,11845.825,11787.115,100.49808625774841,11827.42,100.15561297391993,-0.3424732838284825
2026-07-08,CCU_DEL,1,12077.755000000001,12308.66,98.12404437201127,12623.55,95.67637471234322,-2.447669659668051
2026-07-08,DEL_BLR,1,13117.66,13136.69,99.85513854707693,13157.8,99.69493380352338,-0.16020474355354963
2026-07-08,DEL_BOM,1,11749.415,11601.5,101.2749644442529,11927.8,98.50446016868159,-2.7705042755713123
2026-07-08,DEL_CCU,1,12086.384999999998,11537.265,104.75953356363054,12325.0,98.0639756592292,-6.6955579044013405
2026-07-08,HYD_DEL,1,10020.52,10507.67,95.3638627783324,10728.94,93.39711099139338,-1.966751786939028
2026-07-08,MAA_DEL,1,14287.494999999999,14184.83,100.7237661642755,14184.83,100.7237661642755,0.0
2026-07-08,BLR_DEL,7,10297.835,10173.86,101.21856404550485,10508.55,97.99482326296206,-3.223740782542791
2026-07-08,BLR_HYD,7,6230.62,5977.64,104.23210497788425,6172.19,100.94666560815529,-3.2854393697289623
2026-07-08,BOM_BLR,7,7945.05,7932.34,100.16023014646372,8250.02,96.30340290084145,-3.85682724562227
2026-07-08,BOM_DEL,7,9419.095000000001,9014.355,104.48994964143303,9447.32,99.70123802305841,-4.78871161837462
2026-07-08,CCU_DEL,7,9779.81,10115.5,96.68142948939746,9879.91,98.98683287600798,2.3054033866105215
2026-07-08,DEL_BLR,7,9799.825,9534.44,102.78343562915076,10578.72,92.6371526990033,-10.146282930147464
2026-07-08,DEL_BOM,7,10124.965,9592.17,105.55447828802033,9533.93,106.19927983528304,0.644801547262702
2026-07-08,DEL_CCU,7,9961.93,10379.28,95.97900817783122,9891.904999999999,100.70790206739755,4.728893889566336
2026-07-08,HYD_DEL,7,8636.07,8597.87,100.44429608728673,8497.07,101.63585800752494,1.1915619202382146
2026-07-08,MAA_DEL,7,11515.925,11078.26,103.95066553772885,11078.26,103.95066553772885,0.0
2026-07-08,BLR_DEL,15,8643.369999999999,8999.96,96.03787127942792,8999.96,96.03787127942792,0.0
2026-07-08,BLR_HYD,15,5201.81,5421.8,95.9424914235125,5185.2,100.32033479904345,4.377843375530958
2026-07-08,BOM_BLR,15,6136.75,6400.97,95.87218812148784,7089.44,86.56184409487915,-9.31034402660869
2026-07-08,BOM_DEL,15,7555.06,7879.1,95.88734753969362,8033.74,94.04162942788788,-1.8457181118057377
2026-07-08,CCU_DEL,15,8235.77,7770.5,105.98764558265235,8355.255000000001,98.56994191080942,-7.417703671842929
2026-07-08,DEL_BLR,15,9006.33,8958.545,100.53340135033089,8936.68,100.77937220533799,0.24597085500710136
2026-07-08,DEL_BOM,15,7849.715,7519.805,104.38721482804408,7972.299999999999,98.46236343338812,-5.92485139465596
2026-07-08,DEL_CCU,15,7922.51,8472.825,93.50494079601549,8531.59,92.86088525116655,-0.6440555448489391
2026-07-08,HYD_DEL,15,7035.0599999999995,7450.45,94.42463206920387,7321.14,96.0924118375007,1.667779768296839
2026-07-08,MAA_DEL,15,8706.175,9493.135,91.71022006955552,9318.744999999999,93.42647534619736,1.7162552766418457
2026-07-08,BLR_DEL,30,8073.975,7815.85,103.30258385204425,7815.85,103.30258385204425,0.0
2026-07-08,BLR_HYD,30,4300.915,4301.545,99.9853540995154,4560.139999999999,94.31541575477948,-5.669938344735925
2026-07-08,BOM_BLR,30,6158.3,6115.514999999999,100.69961401451881,6115.514999999999,100.69961401451881,0.0
2026-07-08,BOM_DEL,30,6738.74,6848.37,98.3991811190108,6988.25,96.42957822058455,-1.9696028984262597
2026-07-08,CCU_DEL,30,7081.46,6733.35,105.169937698174,7502.62,94.38649431798491,-10.783443380189084
2026-07-08,DEL_BLR,30,7672.65,7623.15,100.64933787213948,7819.21,98.12564184872896,-2.5236960234105226
2026-07-08,DEL_BOM,30,6823.16,7151.67,95.40652742646122,7062.97,96.6046861306221,1.1981587041608748
2026-07-08,DEL_CCU,30,7289.2,7713.21,94.50280752112285,7450.09,97.84042877334367,3.3376212522208277
2026-07-08,HYD_DEL,30,6342.99,6347.889999999999,99.92280899637518,6342.99,100.0,0.07719100362481868
2026-07-08,MAA_DEL,30,7806.985000000001,8161.56,95.6555486941222,8088.77,96.51634302866813,0.860794334545929
2026-07-08,BLR_DEL,45,8212.06,8566.51,95.86237569325196,7502.725,109.4543649140812,13.591989220829234
2026-07-08,BLR_HYD,45,4865.72,4603.35,105.69954489665135,4361.68,111.5560976504466,5.856552753795256
2026-07-08,BOM_BLR,45,6016.035,6142.85,97.9355673669388,5910.59,101.78400125875757,3.8484338918187717
2026-07-08,BOM_DEL,45,7521.89,7155.57,105.11936854785853,6577.48,114.3582344606141,9.238865912755571
2026-07-08,CCU_DEL,45,7555.215,7085.785,106.6249540453175,7073.35,106.8124014787901,0.18744743347259885
2026-07-08,DEL_BLR,45,7818.01,8901.25,87.83047324813931,7363.1,106.17824014341785,18.34776689527854
2026-07-08,DEL_BOM,45,7261.675,7146.81,101.6072205641398,6642.674999999999,109.31853507811238,7.711314513972582
2026-07-08,DEL_CCU,45,7448.035,7506.02,99.22748673731218,6865.219999999999,108.48938562784586,9.261898890533686
2026-07-08,HYD_DEL,45,6452.87,6175.18,104.49687296564633,6123.91,105.37173145914946,0.8748584935031261
2026-07-08,MAA_DEL,45,8594.47,8226.95,104.46726915807194,7682.245000000001,111.87445857298222,7.4071894149102775
2026-07-09,BLR_DEL,1,13513.205,12766.82,105.84628748584221,13358.3,101.15961611881752,-4.686671367024687
2026-07-09,BLR_HYD,1,7453.075,7969.66,93.51810491288211,7613.44,97.89365910810358,4.3755541952214685
2026-07-09,BOM_BLR,1,10258.58,10536.8,97.35953989826133,10337.22,99.23925388063715,1.8797139823758187
2026-07-09,BOM_DEL,1,11269.745,11787.115,95.61071559919455,11827.42,95.2848972979737,-0.3258183012208491
2026-07-09,CCU_DEL,1,12048.095000000001,12308.66,97.88307581816382,12623.55,95.44141703403561,-2.441658784128208
2026-07-09,DEL_BLR,1,13302.26,13136.69,101.26036315083937,13157.8,101.09790390490812,-0.16245924593124528
2026-07-09,DEL_BOM,1,12038.5,11601.5,103.76675429901306,11927.8,100.92808397189759,-2.838670327115466
2026-07-09,DEL_CCU,1,11960.490000000002,11537.265,103.6683304058631,12325.0,97.04251521298175,-6.625815192881348
2026-07-09,HYD_DEL,1,10501.79,10507.67,99.94404087680714,10728.94,97.88282905860225,-2.0612118182048818
2026-07-09,MAA_DEL,1,14157.119999999999,14184.83,99.80465046109117,14184.83,99.80465046109117,0.0
2026-07-09,BLR_DEL,7,10863.195,10173.86,106.77555028278351,10508.55,103.37482335812267,-3.4007269246608445
2026-07-09,BLR_HYD,7,5863.335,5977.64,98.08779049926058,6172.19,94.99602248148551,-3.091768017775067
2026-07-09,BOM_BLR,7,8429.28,7932.34,106.26473398770098,8250.02,102.17284321734978,-4.091890770351199
2026-07-09,BOM_DEL,7,9337.845000000001,9014.355,103.58860950117896,9447.32,98.8412057599404,-4.747403741238571
2026-07-09,CCU_DEL,7,9379.220000000001,10115.5,92.72126933913303,9879.91,94.93224128559878,2.2109719464657474
2026-07-09,DEL_BLR,7,10082.515,9534.44,105.74837116810217,10578.72,95.30940416231832,-10.438967005783852
2026-07-09,DEL_BOM,7,9991.4,9592.17,104.1620404976142,9533.93,104.79833604819837,0.6362955505841654
2026-07-09,DEL_CCU,7,9797.31,10379.28,94.39296367378083,9891.904999999999,99.04371301584479,4.6507493420639605
2026-07-09,HYD_DEL,7,8606.825,8597.87,100.10415370318462,8497.07,101.2916805439993,1.1875268408146837
2026-07-09,MAA_DEL,7,10019.71,11078.26,90.44479909299835,11078.26,90.44479909299835,0.0
2026-07-09,BLR_DEL,15,8601.529999999999,8999.96,95.57298032435699,8999.96,95.57298032435699,0.0
2026-07-09,BLR_HYD,15,5097.035,5421.8,94.01001512412851,5185.2,98.29967985805756,4.289664733929044
2026-07-09,BOM_BLR,15,6979.3099999999995,6400.97,109.03519310354524,7089.44,98.44656277505699,-10.58863032848825
2026-07-09,BOM_DEL,15,8211.585,7879.1,104.21983475270015,8033.74,102.21372611013051,-2.006108642569643
2026-07-09,CCU_DEL,15,8282.58,7770.5,106.59005212019818,8355.255000000001,99.1301881271128,-7.459863993085378
2026-07-09,DEL_BLR,15,8838.44,8958.545,98.65932470060707,8936.68,98.90071033090588,0.241385630298808
2026-07-09,DEL_BOM,15,7407.195,7519.805,98.50248776397792,7972.299999999999,92.911644067584,-5.590843696393918
2026-07-09,DEL_CCU,15,8621.55,8472.825,101.75531773641022,8531.59,101.05443416760534,-0.7008835688048833
2026-07-09,HYD_DEL,15,7440.64,7450.45,99.8683301008664,7321.14,101.63225945686054,1.7639293559941365
2026-07-09,MAA_DEL,15,9192.3,9493.135,96.83102578863567,9318.744999999999,98.64311127732329,1.8120854886876145
2026-07-09,BLR_DEL,30,8694.77,7815.85,111.24535399220814,7815.85,111.24535399220814,0.0
2026-07-09,BLR_HYD,30,5121.56,4301.545,119.06326680297428,4560.139999999999,112.31146412171557,-6.7518026812587095
2026-07-09,BOM_BLR,30,6140.63,6115.514999999999,100.41067677865234,6115.514999999999,100.41067677865234,0.0
2026-07-09,BOM_DEL,30,6937.275,6848.37,101.29819212454933,6988.25,99.27056129932386,-2.027630825225472
2026-07-09,CCU_DEL,30,7781.415,6733.35,115.56528325424938,7502.62,103.7159685549848,-11.849314699264582
2026-07-09,DEL_BLR,30,8636.73,7623.15,113.29607839279039,7819.21,110.45527617240106,-2.8408022203893353
2026-07-09,DEL_BOM,30,8071.405000000001,7151.67,112.86042281033662,7062.97,114.27777549671032,1.4173526863737038
2026-07-09,DEL_CCU,30,8391.67,7713.21,108.79607841611987,7450.09,112.63850503819417,3.8424266220742993
2026-07-09,HYD_DEL,30,7069.375,6347.889999999999,111.36574515311388,6342.99,111.45177589748683,0.08603074437294822
2026-07-09,MAA_DEL,30,8689.885,8161.56,106.47333352937429,8088.77,107.43147598460581,0.9581424552315241
2026-07-09,BLR_DEL,45,8138.33,8566.51,95.00169847464136,7502.725,108.47165529857486,13.4699568239335
2026-07-09,BLR_HYD,45,4703.86,4603.35,102.18340990800176,4361.68,107.84514223877038,5.661732330768615
2026-07-09,BOM_BLR,45,6347.265,6142.85,103.3276899159185,5910.59,107.38801033399372,4.0603204180752215
2026-07-09,BOM_DEL,45,6883.965,7155.57,96.20428561246693,6577.48,104.65961127969983,8.455325667232898
2026-07-09,CCU_DEL,45,7274.63,7085.785,102.66512461216367,7073.35,102.8456106371097,0.18048602494603472
2026-07-09,DEL_BLR,45,8392.92,8901.25,94.28922904086505,7363.1,113.98622862652958,19.69699958566453
2026-07-09,DEL_BOM,45,7455.82,7146.81,104.32374723827833,6642.674999999999,112.24122811969576,7.917480881417433
2026-07-09,DEL_CCU,45,7537.629999999999,7506.02,100.42112864074436,6865.219999999999,109.79444213004099,9.373313489296635
2026-07-09,HYD_DEL,45,6359.61,6175.18,102.98663358800877,6123.91,103.84884820319044,0.8622146151816708
2026-07-09,MAA_DEL,45,7842.67,8226.95,95.32901014349181,7682.245000000001,102.08825675307152,6.759246609579705
2026-07-10,BLR_DEL,1,14150.81,12766.82,110.8405225420269,13358.3,105.93271598931003,-4.9078065527168775
2026-07-10,BLR_HYD,1,8608.74,7969.66,108.01891172270837,7613.44,113.07293417955616,5.05402245684779
2026-07-10,BOM_BLR,1,11268.97,10536.8,106.94869410067574,10337.22,109.01354522782721,2.0648511271514707
2026-07-10,BOM_DEL,1,12836.505,11787.115,108.9028570604427,11827.42,108.53174234110227,-0.37111471934042584
2026-07-10,CCU_DEL,1,13104.33,12308.66,106.46431049358745,12623.55,103.80859583872999,-2.655714654857462
2026-07-10,DEL_BLR,1,14537.46,13136.69,110.66303612249355,13157.8,110.48549149553877,-0.17754462695478423
2026-07-10,DEL_BOM,1,12767.99,11601.5,110.05464810584837,11927.8,107.04396451986118,-3.010683585987195
2026-07-10,DEL_CCU,1,12869.39,11537.265,111.54628068264012,12325.0,104.41695740365111,-7.1293232789890055
2026-07-10,HYD_DEL,1,11268.205,10507.67,107.23790336011693,10728.94,105.02626540925758,-2.2116379508593553
2026-07-10,MAA_DEL,1,15831.95,14184.83,111.6118416646516,14184.83,111.6118416646516,0.0
2026-07-10,BLR_DEL,7,10791.375,10173.86,106.0696235253876,10508.55,102.69137987638636,-3.3782436490012344
2026-07-10,BLR_HYD,7,5918.84,5977.64,99.01633420547239,6172.19,95.89529810326644,-3.1210361022059487
2026-07-10,BOM_BLR,7,8079.895,7932.34,101.86016988681776,8250.02,97.9378837869484,-3.9222860998693534
2026-07-10,BOM_DEL,7,8327.62,9014.355,92.38176220040148,9447.32,88.1479615382987,-4.23380066210278
2026-07-10,CCU_DEL,7,9282.055,10115.5,91.76071375611686,9879.91,93.94878090994756,2.1880671538307013
2026-07-10,DEL_BLR,7,10059.15,9534.44,105.50331220291909,10578.72,95.08853623122646,-10.414775971692634
2026-07-10,DEL_BOM,7,9217.8,9592.17,96.09712922102088,9533.93,96.68415857888614,0.5870293578652621
2026-07-10,DEL_CCU,7,9582.48,10379.28,92.32316692487339,9891.904999999999,96.87193720521982,4.548770280346432
2026-07-10,HYD_DEL,7,8205.455,8597.87,95.43590447401506,8497.07,96.56805228155118,1.1321478075361142
2026-07-10,MAA_DEL,7,10861.54,11078.26,98.04373611018337,11078.26,98.04373611018337,0.0
2026-07-10,BLR_DEL,15,10161.34,8999.96,112.9042795745759,8999.96,112.9042795745759,0.0
2026-07-10,BLR_HYD,15,5720.610000000001,5421.8,105.51126932015198,5185.2,110.32573478361492,4.814465463462938
2026-07-10,BOM_BLR,15,7596.27,6400.97,118.67373226245397,7089.44,107.14908370759892,-11.524648554855048
2026-07-10,BOM_DEL,15,8705.15,7879.1,110.48406543894606,8033.74,108.35737775930015,-2.1266876796459115
2026-07-10,CCU_DEL,15,9550.54,7770.5,122.90766359951097,8355.255000000001,114.30578719620166,-8.601876403309305
2026-07-10,DEL_BLR,15,9364.175,8958.545,104.52785580694186,8936.68,104.78359972607277,0.2557439191309072
2026-07-10,DEL_BOM,15,8776.92,7519.805,116.7173882833398,7972.299999999999,110.09269595976068,-6.624692323579126
2026-07-10,DEL_CCU,15,8741.76,8472.825,103.17408892547644,8531.59,102.46343295915533,-0.7106559663211129
2026-07-10,HYD_DEL,15,8153.86,7450.45,109.44117469414599,7321.14,111.37418489470218,1.9330102005561969
2026-07-10,MAA_DEL,15,10086.14,9493.135,106.24667193714194,9318.744999999999,108.2349608235873,1.9882888864453605
2026-07-10,BLR_DEL,30,8558.19,7815.85,109.49787930935216,7815.85,109.49787930935216,0.0
2026-07-10,BLR_HYD,30,4822.95,4301.545,112.1213424478879,4560.139999999999,105.76320025262382,-6.3581421952640795
2026-07-10,BOM_BLR,30,6212.16,6115.514999999999,101.58032479684869,6115.514999999999,101.58032479684869,0.0
2026-07-10,BOM_DEL,30,7701.72,6848.37,112.46062931763325,6988.25,110.2095660573105,-2.251063260322752
2026-07-10,CCU_DEL,30,8086.745,6733.35,120.09987599040595,7502.62,107.78561355899672,-12.314262431409233
2026-07-10,DEL_BLR,30,8641.81,7623.15,113.36271751178974,7819.21,110.52024437251333,-2.8424731392764073
2026-07-10,DEL_BOM,30,7509.27,7151.67,105.0002307153434,7062.97,106.31887152288625,1.3186408075428488
2026-07-10,DEL_CCU,30,8295.345,7713.21,107.54724686609076,7450.09,111.34556763743792,3.7983207713471643
2026-07-10,HYD_DEL,30,6461.47,6347.889999999999,101.78925595749139,6342.99,101.86788880323003,0.07863284573863893
2026-07-10,MAA_DEL,30,9102.130000000001,8161.56,111.52438994505954,8088.77,112.52798633166725,1.003596386607711
2026-07-10,BLR_DEL,45,7129.05,8566.51,83.22000441253206,7502.725,95.01947625695996,11.799471844427899
2026-07-10,BLR_HYD,45,4678.9349999999995,4603.35,101.6419564013164,4361.68,107.27368812017386,5.631731718857452
2026-07-10,BOM_BLR,45,6011.93,6142.85,97.86874170783919,5910.59,101.71454964732793,3.8458079394887363
2026-07-10,BOM_DEL,45,6390.59,7155.57,89.30930729487659,6577.48,97.15863826267812,7.849330967801535
2026-07-10,CCU_DEL,45,6840.01,7085.785,96.53143582538844,7073.35,96.70113878148261,0.16970295609417008
2026-07-10,DEL_BLR,45,7161.87,8901.25,80.45914899592753,7363.1,97.267047846695,16.807898850767458
2026-07-10,DEL_BOM,45,6232.66,7146.81,87.20897855126972,6642.674999999999,93.82756193852629,6.618583387256564
2026-07-10,DEL_CCU,45,6632.59,7506.02,88.36360681159921,6865.219999999999,96.61147057195546,8.247863760356253
2026-07-10,HYD_DEL,45,6436.07,6175.18,104.22481611872041,6123.91,105.09739692451392,0.872580805793504
2026-07-10,MAA_DEL,45,7318.5,8226.95,88.95763314472556,7682.245000000001,95.26512106812525,6.307487923399691
2026-07-11,BLR_DEL,1,14369.14,12766.82,112.5506586604965,13358.3,107.56713054804878,-4.983528112447715
2026-07-11,BLR_HYD,1,7779.4,7969.66,97.61269615014943,7613.44,102.17982935440484,4.567133204255413
2026-07-11,BOM_BLR,1,10868.63,10536.8,103.14924834864473,10337.22,105.1407438363506,1.991495487705862
2026-07-11,BOM_DEL,1,12745.34,11787.115,108.12942776922088,11827.42,107.76094871070782,-0.36847905851305995
2026-07-11,CCU_DEL,1,13276.18,12308.66,107.86048196960513,12623.55,105.1699403099762,-2.690541659628934
2026-07-11,DEL_BLR,1,15705.7,13136.69,119.55599165390977,13157.8,119.36417942209185,-0.19181223181792006
2026-07-11,DEL_BOM,1,12909.95,11601.5,111.27828298064905,11927.8,108.23412532067944,-3.0441576599696134
2026-07-11,DEL_CCU,1,13268.01,11537.265,115.00134563954283,12325.0,107.6511967545639,-7.350148884978935
2026-07-11,HYD_DEL,1,12111.92,10507.67,115.26741894254387,10728.94,112.89018300037095,-2.3772359421729163
2026-07-11,MAA_DEL,1,15502.81,14184.83,109.29147547062601,14184.83,109.29147547062601,0.0
2026-07-11,BLR_DEL,7,10639.405,10173.86,104.57589351534227,10508.55,101.24522412702039,-3.33066938832188
2026-07-11,BLR_HYD,7,6287.875,5977.64,105.18992445179035,6172.19,101.87429421323712,-3.3156302385532257
2026-07-11,BOM_BLR,7,9458.09,7932.34,119.23455121691708,8250.02,114.64323722851582,-4.591313988401268
2026-07-11,BOM_DEL,7,9981.87,9014.355,110.73304745597441,9447.32,105.6582184153813,-5.074829040593116
2026-07-11,CCU_DEL,7,10882.77,10115.5,107.58509218526025,9879.91,110.15049732234404,2.5654051370837863
2026-07-11,DEL_BLR,7,11704.515,9534.44,122.76038236120841,10578.72,110.64207200871184,-12.118310352496579
2026-07-11,DEL_BOM,7,10719.21,9592.17,111.74958325384141,9533.93,112.43222889196794,0.6826456381265302
2026-07-11,DEL_CCU,7,10398.065,10379.28,100.18098557896116,9891.904999999999,105.11691125218046,4.935925673219302
2026-07-11,HYD_DEL,7,9753.77,8597.87,113.44402741609258,8497.07,114.7898040147957,1.3457765987031252
2026-07-11,MAA_DEL,7,11407.42,11078.26,102.97122472301608,11078.26,102.97122472301608,0.0
2026-07-11,BLR_DEL,15,10189.04,8999.96,113.21205872026101,8999.96,113.21205872026101,0.0
2026-07-11,BLR_HYD,15,5139.26,5421.8,94.7888155225202,5185.2,99.11401681709482,4.325201294574626
2026-07-11,BOM_BLR,15,7765.674999999999,6400.97,121.3202842694154,7089.44,109.5386236430522,-11.781660626363191
2026-07-11,BOM_DEL,15,8843.81,7879.1,112.24391110659846,8033.74,110.08334847779491,-2.1605626288035467
2026-07-11,CCU_DEL,15,9661.689999999999,7770.5,124.33807348304484,8355.255000000001,115.63608770767615,-8.701985775368684
2026-07-11,DEL_BLR,15,9711.41,8958.545,108.40387585260775,8936.68,108.66910306735835,0.2652272147505954
2026-07-11,DEL_BOM,15,8586.645,7519.805,114.18707001045905,7972.299999999999,107.70599450597696,-6.481075504482092
2026-07-11,DEL_CCU,15,8958.2,8472.825,105.72860881701203,8531.59,105.0003574949101,-0.7282513221019258
2026-07-11,HYD_DEL,15,7317.38,7450.45,98.21393338657397,7321.14,99.94864187817744,1.7347084916034703
2026-07-11,MAA_DEL,15,9802.86,9493.135,103.26262083073716,9318.744999999999,105.19506650305381,1.9324456723166463
2026-07-11,BLR_DEL,30,7655.860000000001,7815.85,97.95300575113392,7815.85,97.95300575113392,0.0
2026-07-11,BLR_HYD,30,4820.865,4301.545,112.07287149152224,4560.139999999999,105.71747797216753,-6.355393519354706
2026-07-11,BOM_BLR,30,5759.32,6115.514999999999,94.17555185458625,6115.514999999999,94.17555185458625,0.0
2026-07-11,BOM_DEL,30,6610.35,6848.37,96.52442844063624,6988.25,94.59235144707188,-1.9320769935643654
2026-07-11,CCU_DEL,30,7502.62,6733.35,111.42477370105519,7502.62,100.0,-11.424773701055187
2026-07-11,DEL_BLR,30,7551.99,7623.15,99.06652761653648,7819.21,96.58251920590443,-2.4840084106320433
2026-07-11,DEL_BOM,30,6855.08,7151.67,95.8528567453476,7062.97,97.05662065674922,1.203763911401623
2026-07-11,DEL_CCU,30,7450.09,7713.21,96.58870949967653,7450.09,100.0,3.4112905003234744
2026-07-11,HYD_DEL,30,6277.094999999999,6347.889999999999,98.88474753028171,6342.99,98.96113662484096,0.07638909455924647
2026-07-11,MAA_DEL,30,8664.04,8161.56,106.15666612755406,8088.77,107.11195892576993,0.955292798215865
2026-07-11,BLR_DEL,45,7349.69,8566.51,85.79561571748587,7502.725,97.96027443362244,12.164658716136572
2026-07-11,BLR_HYD,45,4376.6,4603.35,95.07423941260168,4361.68,100.3420700280626,5.267830615460909
2026-07-11,BOM_BLR,45,5419.53,6142.85,88.22500956396459,5910.59,91.69186155696808,3.4668519930034876
2026-07-11,BOM_DEL,45,6458.93,7155.57,90.26436747876132,6577.48,98.1976380011798,7.933270522418482
2026-07-11,CCU_DEL,45,7073.35,7085.785,99.82450779977096,7073.35,100.0,0.17549220022904422
2026-07-11,DEL_BLR,45,7345.75,8901.25,82.52492627439966,7363.1,99.76436555255259,17.23943927815293
2026-07-11,DEL_BOM,45,6685.495000000001,7146.81,93.54516210728984,6642.674999999999,100.64461982559737,7.099457718307534
2026-07-11,DEL_CCU,45,7026.76,7506.02,93.61499169999547,6865.219999999999,102.35302000518558,8.738028305190113
2026-07-11,HYD_DEL,45,5919.3,6175.18,95.85631511955927,6123.91,96.65883398025117,0.8025188606919045
2026-07-11,MAA_DEL,45,7682.245000000001,8226.95,93.37901652495762,7682.245000000001,100.0,6.6209834750423795
2026-07-12,BLR_DEL,1,13358.3,12766.82,104.63294696721658,13358.3,100.0,-4.632946967216583
2026-07-12,BLR_HYD,1,8063.97,7969.66,101.18336290381271,7613.44,105.91756157531944,4.734198671506732
2026-07-12,BOM_BLR,1,10146.76,10536.8,96.29830688634121,10337.22,98.15753171549024,1.8592248291490279
2026-07-12,BOM_DEL,1,11535.67,11787.115,97.86678080259674,11827.42,97.53327437429296,-0.3335064283037781
2026-07-12,CCU_DEL,1,12784.5,12308.66,103.86589604392356,12623.55,101.27499792055326,-2.5908981233702946
2026-07-12,DEL_BLR,1,14084.02,13136.69,107.21132949015315,13157.8,107.03932268312333,-0.17200680702981685
2026-07-12,DEL_BOM,1,11927.8,11601.5,102.81256734043012,11927.8,100.0,-2.812567340430121
2026-07-12,DEL_CCU,1,12175.82,11537.265,105.53471728351565,12325.0,98.78961460446247,-6.745102679053176
2026-07-12,HYD_DEL,1,11174.43,10507.67,106.34546003062526,10728.94,104.15222752667086,-2.1932325039544054
2026-07-12,MAA_DEL,1,13837.11,14184.83,97.54864880298179,14184.83,97.54864880298179,0.0
2026-07-12,BLR_DEL,7,11449.43,10173.86,112.53771921374975,10508.55,108.95347122105335,-3.5842479926964046
2026-07-12,BLR_HYD,7,7018.21,5977.64,117.40770605121753,6172.19,113.7069662469885,-3.7007398042290305
2026-07-12,BOM_BLR,7,9161.2,7932.34,115.49177165880435,8250.02,111.0445792858684,-4.447192372935959
2026-07-12,BOM_DEL,7,9776.1,9014.355,108.4503550170811,9447.32,103.4801403996054,-4.9702146174756905
2026-07-12,CCU_DEL,7,11190.86,10115.5,110.6308140971776,9879.91,113.268845566407,2.6380314692293894
2026-07-12,DEL_BLR,7,11049.82,9534.44,115.89374939692314,10578.72,104.45327979188409,-11.440469605039056
2026-07-12,DEL_BOM,7,10475.88,9592.17,109.21282671178678,9533.93,109.8799760434574,0.667149331670629
2026-07-12,DEL_CCU,7,10287.45,10379.28,99.11525654958726,9891.904999999999,103.99867366295979,4.883417113372531
2026-07-12,HYD_DEL,7,9128.48,8597.87,106.17141222186423,8497.07,107.43091442108867,1.2595021992244426
2026-07-12,MAA_DEL,7,11356.61,11078.26,102.51257869015531,11078.26,102.51257869015531,0.0
2026-07-12,BLR_DEL,15,9067.45,8999.96,100.74989222174322,8999.96,100.74989222174322,0.0
2026-07-12,BLR_HYD,15,5010.83,5421.8,92.42004500350437,5185.2,96.63715960811541,4.217114604611041
2026-07-12,BOM_BLR,15,6255.37,6400.97,97.72534475243594,7089.44,88.23503689995262,-9.490307852483326
2026-07-12,BOM_DEL,15,8235.52,7879.1,104.52361310301939,8033.74,102.5116570862388,-2.011956016780587
2026-07-12,CCU_DEL,15,8324.560000000001,7770.5,107.13030049546364,8355.255000000001,99.63262641295807,-7.4976740825055685
2026-07-12,DEL_BLR,15,8569.985,8958.545,95.66268852810363,8936.68,95.89674241440893,0.2340538863053041
2026-07-12,DEL_BOM,15,7801.53,7519.805,103.74644023349009,7972.299999999999,97.85795818019895,-5.888482053291142
2026-07-12,DEL_CCU,15,8635.79,8472.825,101.9233844674002,8531.59,101.22134326661268,-0.7020412007875194
2026-07-12,HYD_DEL,15,7313.23,7450.45,98.15823205309746,7321.14,99.89195671712328,1.7337246640258144
2026-07-12,MAA_DEL,15,9258.4,9493.135,97.52731842536738,9318.744999999999,99.35243426019277,1.8251158348253824
2026-07-12,BLR_DEL,30,7406.31,7815.85,94.76013485417452,7815.85,94.76013485417452,0.0
2026-07-12,BLR_HYD,30,4560.139999999999,4301.545,106.01167719970381,4560.139999999999,100.0,-6.011677199703811
2026-07-12,BOM_BLR,30,6013.69,6115.514999999999,98.33497260655889,6115.514999999999,98.33497260655889,0.0
2026-07-12,BOM_DEL,30,6725.59,6848.37,98.2071646245749,6988.25,96.24140521589811,-1.9657594086767887
2026-07-12,CCU_DEL,30,6994.35,6733.35,103.87622802913855,7502.62,93.22543324865181,-10.650794780486734
2026-07-12,DEL_BLR,30,7961.73,7623.15,104.44147104543397,7819.21,101.82269052755967,-2.618780517874299
2026-07-12,DEL_BOM,30,6914.91,7151.67,96.6894445632978,7062.97,97.90371472624122,1.2142701629434214
2026-07-12,DEL_CCU,30,7052.41,7713.21,91.43287943670664,7450.09,94.66207790778365,3.2291984710770123
2026-07-12,HYD_DEL,30,5915.0599999999995,6347.889999999999,93.18151385736047,6342.99,93.2534971677395,0.07198331037902506
2026-07-12,MAA_DEL,30,7880.504999999999,8161.56,96.55635687295074,8088.77,97.42525748661414,0.8689006136633992
2026-07-12,BLR_DEL,45,7647.68,8566.51,89.27416182319288,7502.725,101.93203136193848,12.6578695387456
2026-07-12,BLR_HYD,45,4361.68,4603.35,94.75012762444742,4361.68,100.0,5.2498723755525845
2026-07-12,BOM_BLR,45,5977.71,6142.85,97.31167129264104,5910.59,101.13558883292531,3.8239175402842704
2026-07-12,BOM_DEL,45,6317.85,7155.57,88.29275655188896,6577.48,96.05274360393344,7.75998705204448
2026-07-12,CCU_DEL,45,6454.37,7085.785,91.08899014011857,7073.35,91.24912523768793,0.16013509756936628
2026-07-12,DEL_BLR,45,7469.8,8901.25,83.91855076534195,7363.1,101.44911789871114,17.53056713336919
2026-07-12,DEL_BOM,45,6224.39,7146.81,87.09326258848353,6642.674999999999,93.7030639012145,6.60980131273098
2026-07-12,DEL_CCU,45,6630.1,7506.02,88.33043343875983,6865.219999999999,96.57520079473055,8.244767355970723
2026-07-12,HYD_DEL,45,5914.405,6175.18,95.7770461751722,6123.91,96.5789013881654,0.8018552129932033
2026-07-12,MAA_DEL,45,7535.92,8226.95,91.6004108448453,7682.245000000001,98.09528334490764,6.494872500062343
2026-07-13,BLR_DEL,1,13192.07,12766.82,103.33089994219391,13358.3,98.7556051293952,-4.5752948127987025
2026-07-13,BLR_HYD,1,7302.875,7969.66,91.63345738714074,7613.44,95.92083210743108,4.2873747202903445
2026-07-13,BOM_BLR,1,9845.98,10536.8,93.44374003492521,10337.22,95.24785193698112,1.804111902055908
2026-07-13,BOM_DEL,1,11006.42,11787.115,93.37670838029493,11827.42,93.0585030378561,-0.31820534243883003
2026-07-13,CCU_DEL,1,12537.63,12308.66,101.860234989024,12623.55,99.31936737288639,-2.5408676161376036
2026-07-13,DEL_BLR,1,11914.045,13136.69,90.69289904839042,13157.8,90.5473939412364,-0.14550510715402254
2026-07-13,DEL_BOM,1,11573.2,11601.5,99.75606602594492,11927.8,97.02711313066953,-2.728952895275384
2026-07-13,DEL_CCU,1,12205.195,11537.265,105.78932701987863,12325.0,99.02795131845842,-6.7613757014202065
2026-07-13,HYD_DEL,1,10277.42,10507.67,97.80874351783031,10728.94,95.79156934422227,-2.0171741736080406
2026-07-13,MAA_DEL,1,13302.5,14184.83,93.77976331052258,14184.83,93.77976331052258,0.0
2026-07-13,BLR_DEL,7,10659.915,10173.86,104.7774885834875,10508.55,101.44039853262345,-3.337090050864049
2026-07-13,BLR_HYD,7,5829.31,5977.64,97.51858593023334,6172.19,94.44475947759224,-3.0738264526411
2026-07-13,BOM_BLR,7,7345.11,7932.34,92.59701424800248,8250.02,89.03142052988962,-3.565593718112865
2026-07-13,BOM_DEL,7,8770.61,9014.355,97.29603504632335,9447.32,92.83701621200511,-4.459018834318243
2026-07-13,CCU_DEL,7,9742.59,10115.5,96.31347931392418,9879.91,98.61010879653762,2.29662948261344
2026-07-13,DEL_BLR,7,10341.69,9534.44,108.46667449792542,10578.72,97.7593697536186,-10.707304744306825
2026-07-13,DEL_BOM,7,8848.51,9592.17,92.24721830409595,9533.93,92.81072967810756,0.5635113740116111
2026-07-13,DEL_CCU,7,9621.56,10379.28,92.69968629808618,9891.904999999999,97.2670077199488,4.567321421862616
2026-07-13,HYD_DEL,7,8080.825000000001,8597.87,93.98635941227303,8497.07,95.10131139322144,1.1149519809484048
2026-07-13,MAA_DEL,7,10810.83,11078.26,97.58599274615327,11078.26,97.58599274615327,0.0
2026-07-13,BLR_DEL,15,9318.74,8999.96,103.54201574229221,8999.96,103.54201574229221,0.0
2026-07-13,BLR_HYD,15,4889.9400000000005,5421.8,90.19034269061936,5185.2,94.3057162693821,4.115373578762743
2026-07-13,BOM_BLR,15,6803.455,6400.97,106.28787511892727,7089.44,95.96604245187208,-10.32183266705519
2026-07-13,BOM_DEL,15,8054.95,7879.1,102.23185389194197,8033.74,100.26401153136646,-1.9678423605755029
2026-07-13,CCU_DEL,15,8799.36,7770.5,113.24058940866098,8355.255000000001,105.31527763066477,-7.925311777996214
2026-07-13,DEL_BLR,15,8216.025000000001,8958.545,91.71160048869544,8936.68,91.93598741367042,0.22438692497497925
2026-07-13,DEL_BOM,15,8017.6,7519.805,106.61978601838744,7972.299999999999,100.56821745293078,-6.051568565456662
2026-07-13,DEL_CCU,15,8531.59,8472.825,100.69357032630792,8531.59,100.0,-0.6935703263079205
2026-07-13,HYD_DEL,15,6817.76,7450.45,91.50802971632586,7321.14,93.12429485025557,1.6162651339297014
2026-07-13,MAA_DEL,15,9107.279999999999,9493.135,95.93543123530844,9318.744999999999,97.73075666304851,1.7953254277400674
2026-07-13,BLR_DEL,30,8080.29,7815.85,103.3833812061388,7815.85,103.3833812061388,0.0
2026-07-13,BLR_HYD,30,4671.055,4301.545,108.59016934613028,4560.139999999999,102.43227181621619,-6.157897529914095
2026-07-13,BOM_BLR,30,6440.385,6115.514999999999,105.31222636196627,6115.514999999999,105.31222636196627,0.0
2026-07-13,BOM_DEL,30,6726.66,6848.37,98.22278878039592,6988.25,96.25671663148857,-1.9660721489073438
2026-07-13,CCU_DEL,30,7801.08,6733.35,115.85733698678963,7502.62,103.97807699177089,-11.879259995018742
2026-07-13,DEL_BLR,30,7565.75,7623.15,99.24703042705444,7819.21,96.7584960629015,-2.4885343641529403
2026-07-13,DEL_BOM,30,6579.17,7151.67,91.9948767211015,7062.97,93.15019035901328,1.1553136379117745
2026-07-13,DEL_CCU,30,7731.82,7713.21,100.24127438511331,7450.09,103.7815650549188,3.5402906698054863
2026-07-13,HYD_DEL,30,6796.97,6347.889999999999,107.07447671588513,6342.99,107.15719242817663,0.08271571229150254
2026-07-13,MAA_DEL,30,8088.77,8161.56,99.10813618965003,8088.77,100.0,0.8918638103499745
2026-07-13,BLR_DEL,45,7118.985000000001,8566.51,83.10251199146444,7502.725,94.88532499858385,11.782813007119415
2026-07-13,BLR_HYD,45,4014.66,4603.35,87.21170451953468,4361.68,92.0438913446195,4.832186825084818
2026-07-13,BOM_BLR,45,5847.21,6142.85,95.18725021773281,5910.59,98.92768742206785,3.740437204335038
2026-07-13,BOM_DEL,45,6130.585,7155.57,85.67570438134209,6577.48,93.20568059499992,7.529976213657832
2026-07-13,CCU_DEL,45,6539.505,7085.785,92.29048016557093,7073.35,92.45272749121703,0.16224732564610633
2026-07-13,DEL_BLR,45,7089.344999999999,8901.25,79.64437578991715,7363.1,96.28206869389251,16.637692903975363
2026-07-13,DEL_BOM,45,6597.0,7146.81,92.30691735193743,6642.674999999999,99.31240050130408,7.005483149366654
2026-07-13,DEL_CCU,45,6865.219999999999,7506.02,91.46285248373971,6865.219999999999,100.0,8.53714751626029
2026-07-13,HYD_DEL,45,5881.56,6175.18,95.24515884557212,6123.91,96.04256104351633,0.7974021979442085
2026-07-13,MAA_DEL,45,7841.57,8226.95,95.31563945326032,7682.245000000001,102.0739380220235,6.7582985687631805
2026-07-14,BLR_DEL,1,13147.630000000001,12766.82,102.98281012812902,13358.3,98.42292806719419,-4.559882060934825
2026-07-14,BLR_HYD,1,7313.59,7969.66,91.76790477887388,7613.44,96.06157006556828,4.293665286694392
2026-07-14,BOM_BLR,1,9942.79,10536.8,94.36251993014959,10337.22,96.18437065284479,1.8218507226952028
2026-07-14,BOM_DEL,1,11819.41,11787.115,100.27398561904248,11827.42,99.93227601624022,-0.34170960280225415
2026-07-14,CCU_DEL,1,11855.130000000001,12308.66,96.31535845494149,12623.55,93.91280582720393,-2.4025526277375633
2026-07-14,DEL_BLR,1,12152.630000000001,13136.69,92.50907191994331,13157.8,92.36065299670159,-0.1484189232417208
2026-07-14,DEL_BOM,1,12473.575,11601.5,107.51691591604535,11927.8,104.5756551920723,-2.941260723973045
2026-07-14,DEL_CCU,1,12323.130000000001,11537.265,106.81153635632018,12325.0,99.9848275862069,-6.826708770113271
2026-07-14,HYD_DEL,1,11126.315,10507.67,105.88755642307002,10728.94,103.70376756697306,-2.1837888560969674
2026-07-14,MAA_DEL,1,13387.64,14184.83,94.37998199484943,14184.83,94.37998199484943,0.0
2026-07-14,BLR_DEL,7,10508.55,10173.86,103.2897051856424,10508.55,100.0,-3.289705185642404
2026-07-14,BLR_HYD,7,5912.42,5977.64,98.9089339605597,6172.19,95.79128315881398,-3.117650801745711
2026-07-14,BOM_BLR,7,7986.64,7932.34,100.68453949276002,8250.02,96.80752289085359,-3.8770166019064334
2026-07-14,BOM_DEL,7,9549.24,9014.355,105.93370241132061,9447.32,101.07882447085524,-4.8548779404653715
2026-07-14,CCU_DEL,7,9596.96,10115.5,94.87380752310808,9879.91,97.13610751514942,2.262299992041335
2026-07-14,DEL_BLR,7,10418.62,9534.44,109.27353887590672,10578.72,98.4865843882814,-10.786954487625323
2026-07-14,DEL_BOM,7,9869.89,9592.17,102.89527812788972,9533.93,103.52383539631609,0.6285572684263627
2026-07-14,DEL_CCU,7,9618.705,10379.28,92.67217957314958,9891.904999999999,97.23814573633695,4.565966163187369
2026-07-14,HYD_DEL,7,8699.575,8597.87,101.18290925543188,8497.07,102.38323327923626,1.2003240238043844
2026-07-14,MAA_DEL,7,10523.65,11078.26,94.99370839825026,11078.26,94.99370839825026,0.0
2026-07-14,BLR_DEL,15,8903.970000000001,8999.96,98.93343970417648,8999.96,98.93343970417648,0.0
2026-07-14,BLR_HYD,15,5283.344999999999,5421.8,97.44632778781953,5185.2,101.89279102059707,4.446463232777546
2026-07-14,BOM_BLR,15,7089.44,6400.97,110.75571358715943,7089.44,100.0,-10.755713587159434
2026-07-14,BOM_DEL,15,7098.42,7879.1,90.09176174943838,8033.74,88.35760181434799,-1.7341599350903891
2026-07-14,CCU_DEL,15,9005.475,7770.5,115.893121420758,8355.255000000001,107.78216822825873,-8.11095319249928
2026-07-14,DEL_BLR,15,8789.62,8958.545,98.1143701348824,8936.68,98.3544224477099,0.24005231282748696
2026-07-14,DEL_BOM,15,7777.07,7519.805,103.42116584140146,7972.299999999999,97.5511458424796,-5.870019998921862
2026-07-14,DEL_CCU,15,7945.44,8472.825,93.77557072168963,8531.59,93.12965109668889,-0.6459196250007437
2026-07-14,HYD_DEL,15,6737.06,7450.45,90.42487366534908,7321.14,92.02200750156396,1.59713383621488
2026-07-14,MAA_DEL,15,9326.535,9493.135,98.24504760545383,9318.744999999999,100.08359494760293,1.8385473421490985
2026-07-14,BLR_DEL,30,7736.030000000001,7815.85,98.97874191546666,7815.85,98.97874191546666,0.0
2026-07-14,BLR_HYD,30,4261.59,4301.545,99.07114769228265,4560.139999999999,93.45305187998616,-5.618095812296488
2026-07-14,BOM_BLR,30,6076.045,6115.514999999999,99.35459237692984,6115.514999999999,99.35459237692984,0.0
2026-07-14,BOM_DEL,30,6885.57,6848.37,100.54319495003921,6988.25,98.53067649268414,-2.012518457355071
2026-07-14,CCU_DEL,30,6311.415,6733.35,93.7336541246185,7502.62,84.12281309729136,-9.61084102732714
2026-07-14,DEL_BLR,30,7937.28,7623.15,104.1207374904075,7819.21,101.50999909197989,-2.610738398427614
2026-07-14,DEL_BOM,30,6750.34,7151.67,94.38830371088152,7062.97,95.5736750970201,1.1853713861385842
2026-07-14,DEL_CCU,30,6978.655000000001,7713.21,90.47666276427066,7450.09,93.67208986737073,3.195427103100073
2026-07-14,HYD_DEL,30,6101.0599999999995,6347.889999999999,96.1116213418947,6342.99,96.18586817888723,0.0742468369925291
2026-07-14,MAA_DEL,30,7876.37,8161.56,96.50569253917143,8088.77,97.37413722976423,0.8684446905927956
2026-07-14,BLR_DEL,45,7341.905,8566.51,85.70473856914892,7502.725,97.85651213392467,12.151773564775752
2026-07-14,BLR_HYD,45,4493.15,4603.35,97.60609121617951,4361.68,103.01420553548172,5.408114319302214
2026-07-14,BOM_BLR,45,5822.94,6142.85,94.79215673506596,5910.59,98.51706851600262,3.724911780936665
2026-07-14,BOM_DEL,45,6118.03,7155.57,85.50024666099276,6577.48,93.01480202144286,7.514555360450103
2026-07-14,CCU_DEL,45,6876.71,7085.785,97.04937420483405,7073.35,97.21998770031173,0.17061349547768145
2026-07-14,DEL_BLR,45,7289.51,8901.25,81.89310490099705,7363.1,99.00055683068273,17.10745192968568
2026-07-14,DEL_BOM,45,6277.705,7146.81,87.83925975365233,6642.674999999999,94.50567730620571,6.6664175525533835
2026-07-14,DEL_CCU,45,6464.63,7506.02,86.12593624850453,6865.219999999999,94.16493571946712,8.038999470962594
2026-07-14,HYD_DEL,45,5793.76,6175.18,93.82333794318546,6123.91,94.60883651131385,0.7854985681283893
2026-07-14,MAA_DEL,45,7542.34,8226.95,91.67844705510547,7682.245000000001,98.17885266611516,6.500405611009697
2026-07-15,BLR_DEL,1,12577.07,12766.82,98.51372542261895,13358.3,94.15172589326485,-4.361999529354094
2026-07-15,BLR_HYD,1,7417.62,7969.66,93.07323022563071,7613.44,97.42796948554137,4.354739259910659
2026-07-15,BOM_BLR,1,9893.39,10536.8,93.8936868878597,10337.22,95.70648588305173,1.8127989951920256
2026-07-15,BOM_DEL,1,11851.3,11787.115,100.54453528280669,11827.42,100.20190371188306,-0.34263157092362917
2026-07-15,CCU_DEL,1,13322.97,12308.66,108.24062083118716,12623.55,105.54059674180401,-2.700024089383149
2026-07-15,DEL_BLR,1,12655.09,13136.69,96.33393191131098,13157.8,96.17937649151075,-0.15455541980023213
2026-07-15,DEL_BOM,1,11409.215,11601.5,98.34258501055898,11927.8,95.65229966967924,-2.69028534087974
2026-07-15,DEL_CCU,1,12003.0,11537.265,104.03678861497939,12325.0,97.38742393509128,-6.649364679888109
2026-07-15,HYD_DEL,1,10546.33,10507.67,100.36792171813542,10728.94,98.297967926002,-2.0699537921334183
2026-07-15,MAA_DEL,1,13492.485,14184.83,95.1191166901542,14184.83,95.1191166901542,0.0
2026-07-15,BLR_DEL,7,10172.43,10173.86,99.98594437116296,10508.55,96.80146166692836,-3.184482704234597
2026-07-15,BLR_HYD,7,5778.81,5977.64,96.67377091962715,6172.19,93.62657338805191,-3.047197531575236
2026-07-15,BOM_BLR,7,7801.19,7932.34,98.34664172236691,8250.02,94.5596495523647,-3.7869921700022076
2026-07-15,BOM_DEL,7,9360.77,9014.355,103.8429260884445,9447.32,99.08386717079554,-4.759058917648957
2026-07-15,CCU_DEL,7,9246.23,10115.5,91.40655429785973,9879.91,93.58617639229507,2.179622094435345
2026-07-15,DEL_BLR,7,10546.17,9534.44,110.61132064389727,10578.72,99.69230681972867,-10.919013824168601
2026-07-15,DEL_BOM,7,10052.75,9592.17,104.80162465844538,9533.93,105.441827242281,0.6402025838356167
2026-07-15,DEL_CCU,7,10048.099999999999,10379.28,96.80921990735386,9891.904999999999,101.57901839938819,4.769798492034326
2026-07-15,HYD_DEL,7,8421.11,8597.87,97.94414197935069,8497.07,99.10604478955688,1.1619028102061861
2026-07-15,MAA_DEL,7,11191.025000000001,11078.26,101.01789450689911,11078.26,101.01789450689911,0.0
2026-07-15,BLR_DEL,15,8840.13,8999.96,98.22410321823652,8999.96,98.22410321823652,0.0
2026-07-15,BLR_HYD,15,4885.27,5421.8,90.10420893430226,5185.2,94.2156522409936,4.111443306691342
2026-07-15,BOM_BLR,15,6841.585,6400.97,106.88356608451531,7089.44,96.50388465097384,-10.379681433541464
2026-07-15,BOM_DEL,15,7665.305,7879.1,97.28655557106775,8033.74,95.41390435836858,-1.872651212699168
2026-07-15,CCU_DEL,15,8165.46,7770.5,105.08281320378354,8355.255000000001,97.72843557737015,-7.354377626413395
2026-07-15,DEL_BLR,15,9134.654999999999,8958.545,101.9658326212571,8936.68,102.21530814575432,0.249475524497214
2026-07-15,DEL_BOM,15,7756.7,7519.805,103.1502811575566,7972.299999999999,97.29563614013522,-5.85464501742139
2026-07-15,DEL_CCU,15,8734.56,8472.825,103.08911136486354,8531.59,102.37904071808418,-0.7100706467793572
2026-07-15,HYD_DEL,15,7303.71,7450.45,98.03045453630318,7321.14,99.76192232357255,1.7314677872693665
2026-07-15,MAA_DEL,15,8932.97,9493.135,94.09926225635682,9318.744999999999,95.86022581366912,1.7609635573122944
2026-07-15,BLR_DEL,30,7553.0599999999995,7815.85,96.63772974148685,7815.85,96.63772974148685,0.0
2026-07-15,BLR_HYD,30,4615.9349999999995,4301.545,107.30876929103378,4560.139999999999,101.22353699667114,-6.0852322943626405
2026-07-15,BOM_BLR,30,6050.48,6115.514999999999,98.93655726459669,6115.514999999999,98.93655726459669,0.0
2026-07-15,BOM_DEL,30,6534.14,6848.37,95.41160889379518,6988.25,93.50180660394234,-1.9098022898528342
2026-07-15,CCU_DEL,30,6942.42,6733.35,103.10499231437547,7502.62,92.53327504258513,-10.571717271790334
2026-07-15,DEL_BLR,30,7583.365,7623.15,99.47810288397841,7819.21,96.98377457569242,-2.4943283082859864
2026-07-15,DEL_BOM,30,7045.52,7151.67,98.5157312907335,7062.97,99.7529367957106,1.2372055049770978
2026-07-15,DEL_CCU,30,7383.1,7713.21,95.7201995018935,7450.09,99.10081623175022,3.380616729856712
2026-07-15,HYD_DEL,30,6096.055,6347.889999999999,96.03277624533507,6342.99,96.10696217399051,0.07418592865543872
2026-07-15,MAA_DEL,30,7579.24,8161.56,92.86508951720013,8088.77,93.70077279981999,0.8356832826198541
2026-07-15,BLR_DEL,45,7860.84,8566.51,91.76245635620573,7502.725,104.77313242855095,13.01067607234522
2026-07-15,BLR_HYD,45,4811.73,4603.35,104.52670337906089,4361.68,110.3182718585499,5.791568479489015
2026-07-15,BOM_BLR,45,6149.0,6142.85,100.10011639548418,5910.59,104.03360747404236,3.933491078558177
2026-07-15,BOM_DEL,45,7556.46,7155.57,105.60248869062843,6577.48,114.88381568625068,9.281326995622251
2026-07-15,CCU_DEL,45,7365.594999999999,7085.785,103.94889204230724,7073.35,104.1316349395972,0.18274289728996962
2026-07-15,DEL_BLR,45,7854.79,8901.25,88.24367364134251,7363.1,106.67775800953403,18.43408436819152
2026-07-15,DEL_BOM,45,7243.29,7146.81,101.3499729249833,6642.674999999999,109.04176404836907,7.691791123385769
2026-07-15,DEL_CCU,45,7810.585,7506.02,104.05760975856712,6865.219999999999,113.77035258884641,9.712742830279282
2026-07-15,HYD_DEL,45,6335.48,6175.18,102.59587574775146,6123.91,103.45481889838355,0.8589431506320864
2026-07-15,MAA_DEL,45,8003.98,8226.95,97.2897610900759,7682.245000000001,104.18803357612259,6.898272486046693
2026-07-16,BLR_DEL,1,14136.83,12766.82,110.73101994075267,13358.3,105.82806195399115,-4.902957986761521
2026-07-16,BLR_HYD,1,7844.33,7969.66,98.42741095605082,7613.44,103.03266329018157,4.605252334130753
2026-07-16,BOM_BLR,1,9622.76,10536.8,91.32526004099917,10337.22,93.08847059460862,1.7632105536094542
2026-07-16,BOM_DEL,1,11273.06,11787.115,95.63883952943532,11827.42,95.31292538863082,-0.32591414080449965
2026-07-16,CCU_DEL,1,11883.15,12308.66,96.54300305638469,12623.55,94.1347719143981,-2.4082311419865903
2026-07-16,DEL_BLR,1,11664.58,13136.69,88.7939047050665,13157.8,88.65144629041329,-0.14245841465320552
2026-07-16,DEL_BOM,1,11810.09,11601.5,101.79795716071199,11927.8,99.01314576032463,-2.7848114003873548
2026-07-16,DEL_CCU,1,12067.82,11537.265,104.59862021024915,12325.0,97.91334685598378,-6.685273354265377
2026-07-16,HYD_DEL,1,10673.76,10507.67,101.5806548930448,10728.94,99.4856901054531,-2.0949647875916924
2026-07-16,MAA_DEL,1,13952.11,14184.83,98.35937406370046,14184.83,98.35937406370046,0.0
2026-07-16,BLR_DEL,7,10238.8,10173.86,100.63830247320091,10508.55,97.43304261767798,-3.2052598555229252
2026-07-16,BLR_HYD,7,5843.08,5977.64,97.74894439946199,6172.19,94.66785695190848,-3.0810874475535144
2026-07-16,BOM_BLR,7,8250.02,7932.34,104.00487119815843,8250.02,100.0,-4.004871198158426
2026-07-16,BOM_DEL,7,10050.26,9014.355,111.49172625218333,9447.32,106.3821274181461,-5.109598834037229
2026-07-16,CCU_DEL,7,10073.54,10115.5,99.58519104344819,9879.91,101.95983566651925,2.374644623071063
2026-07-16,DEL_BLR,7,9944.34,9534.44,104.29915128733307,10578.72,94.00324424883162,-10.295907038501454
2026-07-16,DEL_BOM,7,9307.405,9592.17,97.03127655160408,9533.93,97.62401234328341,0.5927357916793312
2026-07-16,DEL_CCU,7,9921.189999999999,10379.28,95.58649540237857,9891.904999999999,100.29605015414118,4.70955475176261
2026-07-16,HYD_DEL,7,8485.35,8597.87,98.69130377640043,8497.07,99.86207010181157,1.1707663254111367
2026-07-16,MAA_DEL,7,10880.24,11078.26,98.21253518151767,11078.26,98.21253518151767,0.0
2026-07-16,BLR_DEL,15,9358.79,8999.96,103.98701772007877,8999.96,103.98701772007877,0.0
2026-07-16,BLR_HYD,15,5184.61,5421.8,95.62525360581355,5185.2,99.98862146108154,4.363367855267981
2026-07-16,BOM_BLR,15,7059.82,6400.97,110.29297122154922,7089.44,99.58219549075808,-10.710775730791141
2026-07-16,BOM_DEL,15,7923.514999999999,7879.1,100.56370651470345,8033.74,98.62797401957245,-1.9357324951310062
2026-07-16,CCU_DEL,15,8428.13,7770.5,108.46316195868991,8355.255000000001,100.87220557601174,-7.590956382678172
2026-07-16,DEL_BLR,15,8644.57,8958.545,96.49524560070859,8936.68,96.73133646947187,0.23609086876328433
2026-07-16,DEL_BOM,15,8288.724999999999,7519.805,110.22526514982766,7972.299999999999,103.96905535416379,-6.256209795663878
2026-07-16,DEL_CCU,15,8612.77,8472.825,101.65169232221838,8531.59,100.95152251807693,-0.7001698041414528
2026-07-16,HYD_DEL,15,7669.79,7450.45,102.94398324933394,7321.14,104.76223648229647,1.8182532329625332
2026-07-16,MAA_DEL,15,9552.25,9493.135,100.6227131500816,9318.744999999999,102.50575587163293,1.883042721551334
2026-07-16,BLR_DEL,30,8237.72,7815.85,105.39762149990084,7815.85,105.39762149990084,0.0
2026-07-16,BLR_HYD,30,4796.299999999999,4301.545,111.50179760992852,4560.139999999999,105.17878837053247,-6.323009239396043
2026-07-16,BOM_BLR,30,6614.3150000000005,6115.514999999999,108.15630408886253,6115.514999999999,108.15630408886253,0.0
2026-07-16,BOM_DEL,30,7669.9349999999995,6848.37,111.99650427766024,6988.25,109.75473115586878,-2.2417731217914536
2026-07-16,CCU_DEL,30,8463.89,6733.35,125.70102549251115,7502.62,112.81245751484148,-12.888567977669666
2026-07-16,DEL_BLR,30,8247.17,7623.15,108.18585492873683,7819.21,105.47318718898713,-2.7126677397497048
2026-07-16,DEL_BOM,30,7321.85,7151.67,102.37958406917545,7062.97,103.66531360036926,1.2857295311938088
2026-07-16,DEL_CCU,30,7722.7,7713.21,100.12303567515988,7450.09,103.65915042637069,3.5361147512108033
2026-07-16,HYD_DEL,30,7047.33,6347.889999999999,111.01846440313238,6342.99,111.10422687092365,0.08576246779126961
2026-07-16,MAA_DEL,30,8739.25,8161.56,107.07818113203848,8088.77,108.0417665479424,0.9635854159039212
2026-07-16,BLR_DEL,45,8031.29,8566.51,93.75218146012787,7502.725,107.04497365957036,13.292792199442488
2026-07-16,BLR_HYD,45,4457.49,4603.35,96.83143797451854,4361.68,102.19663065607747,5.365192681558938
2026-07-16,BOM_BLR,45,6372.14,6142.85,103.7326322472468,5910.59,107.80886510483725,4.076232857590455
2026-07-16,BOM_DEL,45,6971.61,7155.57,97.42913562441566,6577.48,105.99211248076772,8.562976856352051
2026-07-16,CCU_DEL,45,7589.395,7085.785,107.10732826355867,7073.35,107.29562371436447,0.18829545080579635
2026-07-16,DEL_BLR,45,8745.17,8901.25,98.24653840752703,7363.1,118.77021906533933,20.523680657812307
2026-07-16,DEL_BOM,45,6907.9400000000005,7146.81,96.65766964561811,6642.674999999999,103.99334605411225,7.3356764084941375
2026-07-16,DEL_CCU,45,7048.86,7506.02,93.90942203724477,6865.219999999999,102.67493248577613,8.765510448531359
2026-07-16,HYD_DEL,45,6710.41,6175.18,108.66743965358094,6123.91,109.57721455736613,0.9097749037851912
2026-07-16,MAA_DEL,45,7443.83,8226.95,90.48104096901038,7682.245000000001,96.8965452156238,6.415504246613423
2026-07-17,BLR_DEL,1,13698.8,12766.82,107.30001676220076,13358.3,102.54897704049168,-4.751039721709077
2026-07-17,BLR_HYD,1,8081.2,7969.66,101.39955782304388,7613.44,106.14387188971084,4.744314066666959
2026-07-17,BOM_BLR,1,11200.4,10536.8,106.29792726444462,10337.22,108.35021408076832,2.0522868163237007
2026-07-17,BOM_DEL,1,12567.18,11787.115,106.6179468003833,11827.42,106.25461850513469,-0.363328295248607
2026-07-17,CCU_DEL,1,12924.0,12308.66,104.99924443440634,12623.55,102.38007533538507,-2.6191690990212635
2026-07-17,DEL_BLR,1,14149.445,13136.69,107.70936209958519,13157.8,107.53655626320511,-0.1728058363800784
2026-07-17,DEL_BOM,1,12754.02,11601.5,109.93423264233073,11927.8,106.92684317309144,-3.0073894692392855
2026-07-17,DEL_CCU,1,13048.54,11537.265,113.0990750407484,12325.0,105.8705070993915,-7.2285679413569
2026-07-17,HYD_DEL,1,10778.189999999999,10507.67,102.57450034117934,10728.94,100.45903882396581,-2.1154615172135323
2026-07-17,MAA_DEL,1,15342.365,14184.83,108.16037273622597,14184.83,108.16037273622597,0.0
2026-07-17,BLR_DEL,7,10000.55,10173.86,98.29651675961728,10508.55,95.16584114839821,-3.1306756112190612
2026-07-17,BLR_HYD,7,5755.82,5977.64,96.28917097717493,6172.19,93.25409619600174,-3.0350747811731935
2026-07-17,BOM_BLR,7,8560.535,7932.34,107.9194159604858,8250.02,103.76380905743258,-4.1556069030532115
2026-07-17,BOM_DEL,7,9414.925,9014.355,104.4436900920809,9447.32,99.65709852106205,-4.786591571018846
2026-07-17,CCU_DEL,7,9974.42,10115.5,98.6053086846918,9879.91,100.95658766122364,2.3512789765318303
2026-07-17,DEL_BLR,7,9717.21,9534.44,101.9169453056498,10578.72,91.85619810336222,-10.060747202287587
2026-07-17,DEL_BOM,7,8976.88,9592.17,93.5854973379329,9533.93,94.15718386856207,0.5716865306291652
2026-07-17,DEL_CCU,7,9158.22,10379.28,88.23560015723632,9891.904999999999,92.58297567556502,4.347375518328704
2026-07-17,HYD_DEL,7,8497.07,8597.87,98.82761660736902,8497.07,100.0,1.1723833926309766
2026-07-17,MAA_DEL,7,10721.59,11078.26,96.78045108166806,11078.26,96.78045108166806,0.0
2026-07-17,BLR_DEL,15,10281.555,8999.96,114.2400077333677,8999.96,114.2400077333677,0.0
2026-07-17,BLR_HYD,15,5751.97,5421.8,106.08967501567746,5185.2,110.93053305561983,4.8408580399423755
2026-07-17,BOM_BLR,15,7817.43,6400.97,122.12883359865769,7089.44,110.26865309530795,-11.860180503349739
2026-07-17,BOM_DEL,15,9337.84,7879.1,118.5140434821236,8033.74,116.23278821570028,-2.281255266423315
2026-07-17,CCU_DEL,15,8522.45,7770.5,109.67698346309763,8355.255000000001,102.00107596955448,-7.67590749354315
2026-07-17,DEL_BLR,15,10185.415,8958.545,113.69496943979185,8936.68,113.97314215122395,0.27817271143210576
2026-07-17,DEL_BOM,15,7794.59,7519.805,103.65415060629897,7972.299999999999,97.77090676467269,-5.883243841626282
2026-07-17,DEL_CCU,15,10054.78,8472.825,118.67092734713628,8531.59,117.85353023293432,-0.8173971142019667
2026-07-17,HYD_DEL,15,7687.525,7450.45,103.18202256239555,7321.14,105.00448017658451,1.8224576141889628
2026-07-17,MAA_DEL,15,10556.86,9493.135,111.20520249633023,9318.744999999999,113.2862847947873,2.0810822984570763
2026-07-17,BLR_DEL,30,8626.28,7815.85,110.36905774803765,7815.85,110.36905774803765,0.0
2026-07-17,BLR_HYD,30,4945.6849999999995,4301.545,114.97461958435863,4560.139999999999,108.4546746371822,-6.519944947176441
2026-07-17,BOM_BLR,30,6336.04,6115.514999999999,103.60599229991261,6115.514999999999,103.60599229991261,0.0
2026-07-17,BOM_DEL,30,7467.51,6848.37,109.04069143460416,6988.25,106.85808321110434,-2.1826082234998125
2026-07-17,CCU_DEL,30,7930.61,6733.35,117.78104509642301,7502.62,105.70454054716885,-12.076504549254167
2026-07-17,DEL_BLR,30,8841.435000000001,7623.15,115.98138564766536,7819.21,113.07325164562663,-2.908134002038736
2026-07-17,DEL_BOM,30,7427.035,7151.67,103.85035942653953,7062.97,105.1545596257665,1.304200199226969
2026-07-17,DEL_CCU,30,7903.01,7713.21,102.46071350319777,7450.09,106.07938964495732,3.6186761417595505
2026-07-17,HYD_DEL,30,6968.79,6347.889999999999,109.78120288788875,6342.99,109.8660095633132,0.08480667542444564
2026-07-17,MAA_DEL,30,9618.965,8161.56,117.85694156509294,8088.77,118.9175239251456,1.0605823600526634
2026-07-17,BLR_DEL,45,7705.33,8566.51,89.94713132886088,7502.725,102.70041884781863,12.753287518957748
2026-07-17,BLR_HYD,45,3885.35,4603.35,84.40266327783027,4361.68,89.07920801159186,4.676544733761588
2026-07-17,BOM_BLR,45,5825.55,6142.85,94.83464515656414,5910.59,98.56122654421978,3.726581387655642
2026-07-17,BOM_DEL,45,6341.455,7155.57,88.62263942634898,6577.48,96.41161964764622,7.788980221297237
2026-07-17,CCU_DEL,45,6523.0,7085.785,92.05754902244423,7073.35,92.21938685347112,0.16183783102688665
2026-07-17,DEL_BLR,45,6519.09,8901.25,73.23791602303048,7363.1,88.53730086512475,15.29938484209427
2026-07-17,DEL_BOM,45,6825.85,7146.81,95.50904529433411,6642.674999999999,102.75754872848665,7.248503434152539
2026-07-17,DEL_CCU,45,6303.95,7506.02,83.98525450238607,6865.219999999999,91.82444262529097,7.8391881229049005
2026-07-17,HYD_DEL,45,6238.165,6175.18,101.01997026807314,6123.91,101.86571977707052,0.8457495089973861
2026-07-17,MAA_DEL,45,7652.450000000001,8226.95,93.01685314727816,7682.245000000001,99.61215764402202,6.595304496743864
2026-07-18,BLR_DEL,1,13763.025,12766.82,107.80307860532223,13358.3,103.02976426641115,-4.773314338911078
2026-07-18,BLR_HYD,1,7769.93,7969.66,97.49387050388599,7613.44,102.05544405682583,4.561573552939848
2026-07-18,BOM_BLR,1,11124.39,10536.8,105.57655075544758,10337.22,107.61491000481756,2.038359249369975
2026-07-18,BOM_DEL,1,12780.81,11787.115,108.43034958087708,11827.42,108.0608450532745,-0.36950452760257235
2026-07-18,CCU_DEL,1,13616.009999999998,12308.66,110.62138364371098,12623.55,107.86197226612164,-2.7594113775893447
2026-07-18,DEL_BLR,1,13885.06,13136.69,105.69679272328112,13157.8,105.52721579595374,-0.16957692732738394
2026-07-18,DEL_BOM,1,12406.740000000002,11601.5,106.94082661724778,11927.8,104.01532554201111,-2.9255010752366672
2026-07-18,DEL_CCU,1,13685.16,11537.265,118.61702058503467,12325.0,111.03578093306288,-7.581239651971785
2026-07-18,HYD_DEL,1,11402.02,10507.67,108.51140167135055,10728.94,106.27349952558221,-2.237902145768345
2026-07-18,MAA_DEL,1,15647.955,14184.83,110.3147164964261,14184.83,110.3147164964261,0.0
2026-07-18,BLR_DEL,7,11104.69,10173.86,109.14923146180506,10508.55,105.67290444447617,-3.4763270173288845
2026-07-18,BLR_HYD,7,6697.655000000001,5977.64,112.04513821508155,6172.19,108.51342878297656,-3.5317094321049893
2026-07-18,BOM_BLR,7,8901.585,7932.34,112.21890387956137,8250.02,107.89773842972501,-4.321165449836357
2026-07-18,BOM_DEL,7,10060.225,9014.355,111.60227215369265,9447.32,106.48760706740113,-5.114665086291524
2026-07-18,CCU_DEL,7,10601.15,10115.5,104.80104789679206,9879.91,107.30006649858146,2.499018601789402
2026-07-18,DEL_BLR,7,11902.66,9534.44,124.83858517123186,10578.72,112.5151247031777,-12.32346046805415
2026-07-18,DEL_BOM,7,10810.13,9592.17,112.69743968257441,9533.93,113.38587549940056,0.6884358168261429
2026-07-18,DEL_CCU,7,10349.43,10379.28,99.71240779707261,9891.904999999999,104.62524660315684,4.912838806084224
2026-07-18,HYD_DEL,7,9527.235,8597.87,110.80924694139362,8497.07,112.12376736922258,1.3145204278289526
2026-07-18,MAA_DEL,7,11919.485,11078.26,107.59347587075949,11078.26,107.59347587075949,0.0
2026-07-18,BLR_DEL,15,10396.16,8999.96,115.51340228178792,8999.96,115.51340228178792,0.0
2026-07-18,BLR_HYD,15,5720.07,5421.8,105.50130952820096,5185.2,110.31532052765563,4.814010999454666
2026-07-18,BOM_BLR,15,7553.79,6400.97,118.01008284681853,7089.44,106.54988264235257,-11.460200204465963
2026-07-18,BOM_DEL,15,8771.17,7879.1,111.32197839854805,8033.74,109.17916188475107,-2.142816513796987
2026-07-18,CCU_DEL,15,8964.900000000001,7770.5,115.37095425004829,8355.255000000001,107.29654570686353,-8.07440854318476
2026-07-18,DEL_BLR,15,9689.61,8958.545,108.1605327650863,8936.68,108.42516460251458,0.2646318374282828
2026-07-18,DEL_BOM,15,8936.630000000001,7519.805,118.84124654828152,7972.299999999999,112.09600742571155,-6.74523912256997
2026-07-18,DEL_CCU,15,8999.36,8472.825,106.21439720518244,8531.59,105.4827998063667,-0.7315973988157367
2026-07-18,HYD_DEL,15,7321.14,7450.45,98.26440013690448,7321.14,100.0,1.7355998630955156
2026-07-18,MAA_DEL,15,10090.55,9493.135,106.2931265593505,9318.744999999999,108.28228479264108,1.9891582332905813
2026-07-18,BLR_DEL,30,7812.425,7815.85,99.95617879053461,7815.85,99.95617879053461,0.0
2026-07-18,BLR_HYD,30,4712.139999999999,4301.545,109.54529128487553,4560.139999999999,103.33323099729395,-6.212060287581579
2026-07-18,BOM_BLR,30,6350.01,6115.514999999999,103.83442768107021,6115.514999999999,103.83442768107021,0.0
2026-07-18,BOM_DEL,30,6304.66,6848.37,92.06073854070385,6988.25,90.21800880048653,-1.8427297402173224
2026-07-18,CCU_DEL,30,7445.305,6733.35,110.5735629367254,7502.62,99.2360668673077,-11.337496069417696
2026-07-18,DEL_BLR,30,7284.28,7623.15,95.55472475289086,7819.21,93.1587717940815,-2.39595295880936
2026-07-18,DEL_BOM,30,6799.59,7151.67,95.07695405408808,7062.97,96.2709738254587,1.1940197713706198
2026-07-18,DEL_CCU,30,6676.88,7713.21,86.564219047582,7450.09,89.62146766012222,3.0572486125402207
2026-07-18,HYD_DEL,30,6521.415,6347.889999999999,102.73358549061184,6342.99,102.81294783690342,0.07936234629157468
2026-07-18,MAA_DEL,30,8707.07,8161.56,106.68389376540759,8088.77,107.64393103030497,0.9600372648973803
2026-07-18,BLR_DEL,45,7165.785,8566.51,83.6488254843571,7502.725,95.50909836092886,11.860272876571756
2026-07-18,BLR_HYD,45,4394.91,4603.35,95.47199322232721,4361.68,100.7618624016434,5.2898691793161845
2026-07-18,BOM_BLR,45,5785.16,6142.85,94.17713276410787,5910.59,97.8778768278632,3.7007440637553373
2026-07-18,BOM_DEL,45,6744.91,7155.57,94.26097431790899,6577.48,102.54550374915621,8.284529431247222
2026-07-18,CCU_DEL,45,6825.04,7085.785,96.3201677725192,7073.35,96.48949931786211,0.16933154534291361
2026-07-18,DEL_BLR,45,7319.53,8901.25,82.23036090436736,7363.1,99.40826554032948,17.177904635962122
2026-07-18,DEL_BOM,45,6593.37,7146.81,92.25612546017034,6642.674999999999,99.2577538416376,7.001628381467256
2026-07-18,DEL_CCU,45,6557.4,7506.02,87.36187753296686,6865.219999999999,95.51623982916789,8.154362296201029
2026-07-18,HYD_DEL,45,6093.98,6175.18,98.68505857319137,6123.91,99.51125996299749,0.8262013898061156
2026-07-18,MAA_DEL,45,7980.04,8226.95,96.99876624994681,7682.245000000001,103.87640592040476,6.8776396704579525
2026-07-19,BLR_DEL,1,14348.925,12766.82,112.39231852567828,13358.3,107.4158014118563,-4.976517113821984
2026-07-19,BLR_HYD,1,7593.41,7969.66,95.27897049560458,7613.44,99.73691261768663,4.457942122082045
2026-07-19,BOM_BLR,1,9808.52,10536.8,93.08822412876776,10337.22,94.88547210952268,1.7972479807549178
2026-07-19,BOM_DEL,1,12753.335,11787.115,108.19725607156627,11827.42,107.82854587052798,-0.3687102010382972
2026-07-19,CCU_DEL,1,11813.224999999999,12308.66,95.97490709792942,12623.55,93.58084690914995,-2.394060188779463
2026-07-19,DEL_BLR,1,12499.87,13136.69,95.15235573040088,13157.8,94.9996959978112,-0.15265973258968302
2026-07-19,DEL_BOM,1,10592.885,11601.5,91.30616730595182,11927.8,88.80837203843124,-2.497795267520573
2026-07-19,DEL_CCU,1,12289.705,11537.265,106.52182297970967,12325.0,99.713630831643,-6.8081921480666665
2026-07-19,HYD_DEL,1,10715.895,10507.67,101.98164769163857,10728.94,99.87841296530692,-2.1032347263316495
2026-07-19,MAA_DEL,1,14496.06,14184.83,102.19410454689975,14184.83,102.19410454689975,0.0
2026-07-19,BLR_DEL,7,11480.09,10173.86,112.83907975930472,10508.55,109.24523364308112,-3.5938461162236024
2026-07-19,BLR_HYD,7,6926.54,5977.64,115.87415769434091,6172.19,112.22175597316351,-3.652401721177398
2026-07-19,BOM_BLR,7,7790.15,7932.34,98.20746463212619,8250.02,94.42583169495346,-3.7816329371727306
2026-07-19,BOM_DEL,7,10620.315,9014.355,117.81558414329145,9447.32,112.41616670124439,-5.399417442047053
2026-07-19,CCU_DEL,7,11378.880000000001,10115.5,112.48954574662649,9879.91,115.17189933916403,2.682353592537538
2026-07-19,DEL_BLR,7,11518.03,9534.44,120.80447304718473,10578.72,108.87924058865346,-11.92523245853127
2026-07-19,DEL_BOM,7,9533.93,9592.17,99.39283811692246,9533.93,100.0,0.6071618830775378
2026-07-19,DEL_CCU,7,10507.84,10379.28,101.23862156141851,9891.904999999999,106.22665704937523,4.988035487956722
2026-07-19,HYD_DEL,7,8792.035,8597.87,102.25829187926776,8497.07,103.47137307330645,1.2130811940386934
2026-07-19,MAA_DEL,7,11627.205,11078.26,104.95515541249256,11078.26,104.95515541249256,0.0
2026-07-19,BLR_DEL,15,8466.375,8999.96,94.07125142778413,8999.96,94.07125142778413,0.0
2026-07-19,BLR_HYD,15,5372.89,5421.8,99.09790106606661,5185.2,103.61972537221322,4.521824306146613
2026-07-19,BOM_BLR,15,7050.01,6400.97,110.13971319971816,7089.44,99.44382066848722,-10.695892531230939
2026-07-19,BOM_DEL,15,7235.639999999999,7879.1,91.83333121803251,8033.74,90.06564812901587,-1.7676830890166428
2026-07-19,CCU_DEL,15,8791.96,7770.5,113.14535744160605,8355.255000000001,105.22671061505602,-7.918646826550031
2026-07-19,DEL_BLR,15,9455.98,8958.545,105.5526315936349,8936.68,105.81088278868663,0.2582511950517272
2026-07-19,DEL_BOM,15,7372.55,7519.805,98.04177102996687,7972.299999999999,92.47707687869249,-5.564694151274381
2026-07-19,DEL_CCU,15,7855.8,8472.825,92.71760009205902,8531.59,92.07896769535338,-0.6386323967056313
2026-07-19,HYD_DEL,15,7384.22,7450.45,99.11106040574731,7321.14,100.86161444802313,1.750554042275823
2026-07-19,MAA_DEL,15,9318.744999999999,9493.135,98.16298830681328,9318.744999999999,100.0,1.8370116931867244
2026-07-19,BLR_DEL,30,7031.4349999999995,7815.85,89.96379152619356,7815.85,89.96379152619356,0.0
2026-07-19,BLR_HYD,30,4448.889999999999,4301.545,103.42539715381332,4560.139999999999,97.560381918099,-5.865015235714324
2026-07-19,BOM_BLR,30,6128.19,6115.514999999999,100.20725973200948,6115.514999999999,100.20725973200948,0.0
2026-07-19,BOM_DEL,30,6486.615,6848.37,94.7176481410905,6988.25,92.82173648624476,-1.8959116548457473
2026-07-19,CCU_DEL,30,7302.24,6733.35,108.44884047316714,7502.62,97.32919966624992,-11.119640806917218
2026-07-19,DEL_BLR,30,7511.67,7623.15,98.53761240432105,7819.21,96.06686609005257,-2.4707463142684816
2026-07-19,DEL_BOM,30,7214.17,7151.67,100.87392175533827,7062.97,102.14074249218106,1.2668207368427886
2026-07-19,DEL_CCU,30,7790.36,7713.21,101.00023206939781,7450.09,104.56732737456862,3.5670953051708096
2026-07-19,HYD_DEL,30,6596.975,6347.889999999999,103.92390227303878,6342.99,104.00418414659333,0.0802818735545543
2026-07-19,MAA_DEL,30,8259.075,8161.56,101.19480834546337,8088.77,102.10544990153014,0.9106415560667642
2026-07-19,BLR_DEL,45,7643.34,8566.51,89.22349941808274,7502.725,101.87418571252445,12.650686294441712
2026-07-19,BLR_HYD,45,4282.805,4603.35,93.03670153257954,4361.68,98.19163716733001,5.154935634750473
2026-07-19,BOM_BLR,45,5971.73,6142.85,97.21432234223528,5910.59,101.03441450007529,3.8200921578400084
2026-07-19,BOM_DEL,45,6473.93,7155.57,90.47399438479395,6577.48,98.4256888656446,7.951694480850648
2026-07-19,CCU_DEL,45,7168.99,7085.785,101.17425239405374,7073.35,101.35211745495415,0.17786506090041598
2026-07-19,DEL_BLR,45,7339.67,8901.25,82.45662126105884,7363.1,99.68179163667476,17.225170375615917
2026-07-19,DEL_BOM,45,6518.02,7146.81,91.20180891894427,6642.674999999999,98.1234216637123,6.921612744768041
2026-07-19,DEL_CCU,45,6829.305,7506.02,90.98436987911036,6865.219999999999,99.47685580360135,8.492485924490992
2026-07-19,HYD_DEL,45,6183.63,6175.18,100.13683811645977,6123.91,100.97519395288306,0.8383558364232897
2026-07-19,MAA_DEL,45,7394.16,8226.95,89.87729352919368,7682.245000000001,96.24998942366454,6.372695894470866
2026-07-20,BLR_DEL,1,13417.325,12766.82,105.09527822903434,13358.3,100.44186011693105,-4.653418112103282
2026-07-20,BLR_HYD,1,8180.17,7969.66,102.64139248098414,7613.44,107.44380989408204,4.802417413097899
2026-07-20,BOM_BLR,1,10292.31,10536.8,97.67965606256169,10337.22,99.565550505842,1.885894443280307
2026-07-20,BOM_DEL,1,11617.585,11787.115,98.56173457203056,11827.42,98.2258599085853,-0.33587466344525296
2026-07-20,CCU_DEL,1,12781.25,12308.66,103.83949186995171,12623.55,101.24925238938334,-2.5902394805683713
2026-07-20,DEL_BLR,1,12508.810000000001,13136.69,95.22040940297747,13157.8,95.06764048701152,-0.1527689159659502
2026-07-20,DEL_BOM,1,12435.84,11601.5,107.19165625134681,11927.8,104.25929341538256,-2.9323628359642555
2026-07-20,DEL_CCU,1,12704.2,11537.265,110.11448553881706,12325.0,103.07667342799189,-7.037812110825172
2026-07-20,HYD_DEL,1,11127.49,10507.67,105.8987387308509,10728.94,103.71471925465143,-2.1840194761994667
2026-07-20,MAA_DEL,1,14272.67,14184.83,100.61925310349156,14184.83,100.61925310349156,0.0
2026-07-20,BLR_DEL,7,9829.38,10173.86,96.61406781693475,10508.55,93.53697703298742,-3.0770907839473267
2026-07-20,BLR_HYD,7,5902.68,5977.64,98.74599340207841,6172.19,95.63347855461353,-3.1125148474648796
2026-07-20,BOM_BLR,7,8002.514999999999,7932.34,100.88466959308349,8250.02,96.99994666679595,-3.8847229262875373
2026-07-20,BOM_DEL,7,9384.44,9014.355,104.1055072714576,9447.32,99.33441441594019,-4.771092855517409
2026-07-20,CCU_DEL,7,9659.665,10115.5,95.4936977905195,9879.91,97.77077928847531,2.2770814979558054
2026-07-20,DEL_BLR,7,10825.36,9534.44,113.53954715746283,10578.72,102.33147299484249,-11.208074162620349
2026-07-20,DEL_BOM,7,9505.535,9592.17,99.09681542341305,9533.93,99.70216899012264,0.6053535667095957
2026-07-20,DEL_CCU,7,9572.099999999999,10379.28,92.22315998797602,9891.904999999999,96.76700291804258,4.54384293006656
2026-07-20,HYD_DEL,7,7947.0,8597.87,92.4298692583163,8497.07,93.52635673237953,1.096487474063224
2026-07-20,MAA_DEL,7,11156.31,11078.26,100.70453302233382,11078.26,100.70453302233382,0.0
2026-07-20,BLR_DEL,15,9803.055,8999.96,108.9233174369664,8999.96,108.9233174369664,0.0
2026-07-20,BLR_HYD,15,5017.75,5421.8,92.54767789295067,5185.2,96.77061636966752,4.222938476716848
2026-07-20,BOM_BLR,15,6652.200000000001,6400.97,103.92487388630161,7089.44,93.83251709584962,-10.092356790451987
2026-07-20,BOM_DEL,15,8033.74,7879.1,101.96266070997957,8033.74,100.0,-1.9626607099795734
2026-07-20,CCU_DEL,15,8263.01,7770.5,106.33820217489223,8355.255000000001,98.89596427637456,-7.442237898517675
2026-07-20,DEL_BLR,15,8724.73,8958.545,97.39003376106275,8936.68,97.62831387047538,0.2382801094126279
2026-07-20,DEL_BOM,15,8243.05,7519.805,109.61786908038174,7972.299999999999,103.39613411437101,-6.221734966010729
2026-07-20,DEL_CCU,15,8992.34,8472.825,106.13154408358487,8531.59,105.40051737132234,-0.7310267122625334
2026-07-20,HYD_DEL,15,7116.25,7450.45,95.5143649041333,7321.14,97.20139213291918,1.6870272287858796
2026-07-20,MAA_DEL,15,8515.85,9493.135,89.70535023466958,9318.744999999999,91.38408659105922,1.678736356389635
2026-07-20,BLR_DEL,30,8329.21,7815.85,106.5681915594593,7815.85,106.5681915594593,0.0
2026-07-20,BLR_HYD,30,4415.945,4301.545,102.65950954831344,4560.139999999999,96.83792602858685,-5.8215835197265875
2026-07-20,BOM_BLR,30,5832.84,6115.514999999999,95.3777400595044,6115.514999999999,95.3777400595044,0.0
2026-07-20,BOM_DEL,30,7304.945,6848.37,106.66691490091802,6988.25,104.53182127141989,-2.1350936294981295
2026-07-20,CCU_DEL,30,6992.205,6733.35,103.84437167234735,7502.62,93.1968432360962,-10.64752843625115
2026-07-20,DEL_BLR,30,7591.725,7623.15,99.58776883571753,7819.21,97.09069074753076,-2.4970780881867682
2026-07-20,DEL_BOM,30,7086.49,7151.67,99.08860447979283,7062.97,100.3330043876726,1.2443999078797674
2026-07-20,DEL_CCU,30,7030.13,7713.21,91.14402434265371,7450.09,94.36302111786569,3.218996775211977
2026-07-20,HYD_DEL,30,6081.25,6347.889999999999,95.79954914152577,6342.99,95.87355490076447,0.07400575923870178
2026-07-20,MAA_DEL,30,7929.4400000000005,8161.56,97.15593587500429,8088.77,98.0302320377511,0.8742961627468162
2026-07-20,BLR_DEL,45,7587.33,8566.51,88.56967423139645,7502.725,101.12765695130767,12.557982719911223
2026-07-20,BLR_HYD,45,4125.82,4603.35,89.62646768114524,4361.68,94.5924506153592,4.9659829342139545
2026-07-20,BOM_BLR,45,5732.105,6142.85,93.31344571330895,5910.59,96.98025070255252,3.6668049892435732
2026-07-20,BOM_DEL,45,6602.02,7155.57,92.26406841104203,6577.48,100.37309121426445,8.109022803222416
2026-07-20,CCU_DEL,45,6962.47,7085.785,98.25968470677562,7073.35,98.4324259367909,0.17274123001529063
2026-07-20,DEL_BLR,45,7004.645,8901.25,78.6928240415672,7363.1,95.13173799079192,16.438913949224712
2026-07-20,DEL_BOM,45,6333.11,7146.81,88.61450073529308,6642.674999999999,95.33975393948975,6.725253204196676
2026-07-20,DEL_CCU,45,7401.89,7506.02,98.6127135286077,6865.219999999999,107.81722945513765,9.20451592652995
2026-07-20,HYD_DEL,45,6192.81,6175.18,100.28549775067286,6123.91,101.12509818073747,0.8396004300646069
2026-07-20,MAA_DEL,45,7730.7,8226.95,93.96799542965496,7682.245000000001,100.63074010266529,6.662744673010323
2026-07-21,BLR_DEL,1,12686.77,12766.82,99.37298403204558,13358.3,94.97293817327056,-4.400045858775016
2026-07-21,BLR_HYD,1,6996.135,7969.66,87.78461063583642,7613.44,91.89190431657701,4.107293680740597
2026-07-21,BOM_BLR,1,10337.22,10536.8,98.10587654695922,10337.22,100.0,1.894123453040777
2026-07-21,BOM_DEL,1,11474.34,11787.115,97.34646688354191,11827.42,97.01473355981271,-0.3317333237291962
2026-07-21,CCU_DEL,1,12527.045,12308.66,101.77423862548807,12623.55,99.23551615829146,-2.5387224671966067
2026-07-21,DEL_BLR,1,12004.92,13136.69,91.38466386890457,13157.8,91.23804891395218,-0.14661495495238341
2026-07-21,DEL_BOM,1,11105.985,11601.5,95.72887126664656,11927.8,93.11008735894298,-2.6187839077035875
2026-07-21,DEL_CCU,1,12750.65,11537.265,110.51709395597658,12325.0,103.45354969574036,-7.063544260236213
2026-07-21,HYD_DEL,1,11108.515,10507.67,105.71815635626164,10728.94,103.53786114937729,-2.1802952068843524
2026-07-21,MAA_DEL,1,14420.71,14184.83,101.66290325650714,14184.83,101.66290325650714,0.0
2026-07-21,BLR_DEL,7,10291.08,10173.86,101.15216840019421,10508.55,97.93054227272079,-3.221626127473428
2026-07-21,BLR_HYD,7,6535.4349999999995,5977.64,109.33135819487288,6172.19,105.88518823950656,-3.446169955366315
2026-07-21,BOM_BLR,7,8546.145,7932.34,107.73800669159417,8250.02,103.58938523785397,-4.148621453740191
2026-07-21,BOM_DEL,7,8941.015,9014.355,99.18640878909251,9447.32,94.6407552618097,-4.545653527282809
2026-07-21,CCU_DEL,7,9398.39,10115.5,92.9107804853937,9879.91,95.12627139316045,2.2154909077667497
2026-07-21,DEL_BLR,7,10986.81,9534.44,115.23288205704792,10578.72,103.8576500748673,-11.375231982180622
2026-07-21,DEL_BOM,7,9617.08,9592.17,100.25969097711989,9533.93,100.87214821170282,0.6124572345829336
2026-07-21,DEL_CCU,7,9697.56,10379.28,93.43191435244063,9891.904999999999,98.03531271276867,4.603398360328043
2026-07-21,HYD_DEL,7,8435.28,8597.87,98.1089502400013,8497.07,99.27280815622326,1.1638579162219571
2026-07-21,MAA_DEL,7,11263.86,11078.26,101.67535334971376,11078.26,101.67535334971376,0.0
2026-07-21,BLR_DEL,15,8401.07,8999.96,93.34563709172042,8999.96,93.34563709172042,0.0
2026-07-21,BLR_HYD,15,5269.04,5421.8,97.18248552141355,5185.2,101.61690966597239,4.434424144558832
2026-07-21,BOM_BLR,15,7224.665,6400.97,112.86828402570235,7089.44,101.90741440790812,-10.96086961779423
2026-07-21,BOM_DEL,15,8026.45,7879.1,101.87013745224706,8033.74,99.90925770562652,-1.9608797466205488
2026-07-21,CCU_DEL,15,7965.25,7770.5,102.50627372755936,8355.255000000001,95.33221906452883,-7.174054663030532
2026-07-21,DEL_BLR,15,8936.68,8958.545,99.75593134822675,8936.68,100.0,0.24406865177324732
2026-07-21,DEL_BOM,15,8381.72,7519.805,111.46193285597165,7972.299999999999,105.13553177878403,-6.326401077187626
2026-07-21,DEL_CCU,15,8091.895,8472.825,95.50409692162886,8531.59,94.84627132808774,-0.6578255935411192
2026-07-21,HYD_DEL,15,7316.82,7450.45,98.20641706205664,7321.14,99.94099279620386,1.7345757341472137
2026-07-21,MAA_DEL,15,9160.599999999999,9493.135,96.49710027298673,9318.744999999999,98.30293671519073,1.8058364422039972
2026-07-21,BLR_DEL,30,8173.235000000001,7815.85,104.57256728314898,7815.85,104.57256728314898,0.0
2026-07-21,BLR_HYD,30,4524.895,4301.545,105.19232043370464,4560.139999999999,99.22710706250248,-5.965213371202154
2026-07-21,BOM_BLR,30,6103.04,6115.514999999999,99.79601063851533,6115.514999999999,99.79601063851533,0.0
2026-07-21,BOM_DEL,30,6672.76,6848.37,97.43574018343053,6988.25,95.48542195828713,-1.9503182251433913
2026-07-21,CCU_DEL,30,7337.62,6733.35,108.97428471711703,7502.62,97.80076826495278,-11.17351645216425
2026-07-21,DEL_BLR,30,7855.92,7623.15,103.05346215147281,7819.21,100.46948476892167,-2.58397738255114
2026-07-21,DEL_BOM,30,6737.32,7151.67,94.20624833080944,7062.97,95.38933338241561,1.1830850516061702
2026-07-21,DEL_CCU,30,7164.01,7713.21,92.87974786113693,7450.09,96.16004638870135,3.280298527564412
2026-07-21,HYD_DEL,30,6194.475,6347.889999999999,97.58321268957087,6342.99,97.6585963402118,0.07538365064093
2026-07-21,MAA_DEL,30,7945.37,8161.56,97.35111914879018,8088.77,98.22717174551879,0.8760525967286128
2026-07-21,BLR_DEL,45,7070.209999999999,8566.51,82.53314360223708,7502.725,94.23522786720822,11.702084264971148
2026-07-21,BLR_HYD,45,4333.53,4603.35,94.13861644237348,4361.68,99.35460648190603,5.2159900395325565
2026-07-21,BOM_BLR,45,6112.71,6142.85,99.50934826668403,5910.59,103.41962477519164,3.910276508507607
2026-07-21,BOM_DEL,45,6658.0,7155.57,93.04639602435586,6577.48,101.2241770404471,8.177781016091245
2026-07-21,CCU_DEL,45,6963.57,7085.785,98.2752087453966,7073.35,98.44797726678306,0.17276852138645893
2026-07-21,DEL_BLR,45,7121.655000000001,8901.25,80.00735851706222,7363.1,96.7208784343551,16.713519917292885
2026-07-21,DEL_BOM,45,6461.86,7146.81,90.4160037835062,6642.674999999999,97.27797912738468,6.861975343878484
2026-07-21,DEL_CCU,45,6958.44,7506.02,92.70478895606459,6865.219999999999,101.35785888871733,8.653069932652741
2026-07-21,HYD_DEL,45,5897.145,6175.18,95.49754015267573,6123.91,96.29705531270055,0.7995151600248249
2026-07-21,MAA_DEL,45,7295.09,8226.95,88.67308054625347,7682.245000000001,94.96039243736693,6.287311891113461
2026-07-22,BLR_DEL,1,13665.720000000001,12766.82,107.04090760267633,13358.3,102.30134073946537,-4.739566863210953
2026-07-22,BLR_HYD,1,7478.344999999999,7969.66,93.83518242936336,7613.44,98.22557214609952,4.390389716736166
2026-07-22,BOM_BLR,1,9589.58,10536.8,91.01036367777694,10337.22,92.76749454882454,1.7571308710476075
2026-07-22,BOM_DEL,1,11962.28,11787.115,101.48607186745866,11827.42,101.1402317665222,-0.34584010093645645
2026-07-22,CCU_DEL,1,12523.45,12308.66,101.74503154689462,12623.55,99.20703763996657,-2.537993906928051
2026-07-22,DEL_BLR,1,13270.115,13136.69,101.01566680800109,13157.8,100.85360014592106,-0.16206666208002218
2026-07-22,DEL_BOM,1,11266.42,11601.5,97.11175279058743,11927.8,94.4551384161371,-2.656614374450328
2026-07-22,DEL_CCU,1,12132.755000000001,11537.265,105.16144857555064,12325.0,98.4402028397566,-6.721245735794042
2026-07-22,HYD_DEL,1,10189.515,10507.67,96.97216414295463,10728.94,94.9722432971011,-1.9999208458535236
2026-07-22,MAA_DEL,1,13157.0,14184.83,92.75401961109156,14184.83,92.75401961109156,0.0
2026-07-22,BLR_DEL,7,10714.36,10173.86,105.31263453595783,10508.55,101.95850045914993,-3.3541340768078953
2026-07-22,BLR_HYD,7,6320.17,5977.64,105.73018783332553,6172.19,102.39752826792437,-3.3326595654011584
2026-07-22,BOM_BLR,7,7888.53,7932.34,99.44770395620964,8250.02,95.61831365257295,-3.8293903036366856
2026-07-22,BOM_DEL,7,9643.06,9014.355,106.97448680465769,9447.32,102.07191034071037,-4.902576463947312
2026-07-22,CCU_DEL,7,9400.185000000001,10115.5,92.92852553012705,9879.91,95.14443957485445,2.2159140447273984
2026-07-22,DEL_BLR,7,11158.724999999999,9534.44,117.0359769425367,10578.72,105.48275216661371,-11.553224775922999
2026-07-22,DEL_BOM,7,9946.330000000002,9592.17,103.69217809942903,9533.93,104.32560339754961,0.633425298120585
2026-07-22,DEL_CCU,7,9510.175,10379.28,91.6265386423721,9891.904999999999,96.1409859880377,4.514447345665602
2026-07-22,HYD_DEL,7,8299.86,8597.87,96.5339089797822,8497.07,97.67908231896408,1.1451733391818806
2026-07-22,MAA_DEL,7,11141.94,11078.26,100.57481951136731,11078.26,100.57481951136731,0.0
2026-07-22,BLR_DEL,15,9619.32,8999.96,106.88180836359274,8999.96,106.88180836359274,0.0
2026-07-22,BLR_HYD,15,5084.344999999999,5421.8,93.7759600132797,5185.2,98.05494484301472,4.278984829735023
2026-07-22,BOM_BLR,15,7320.555,6400.97,114.36633822686248,7089.44,103.25998950551806,-11.106348721344418
2026-07-22,BOM_DEL,15,7418.54,7879.1,94.1546623345306,8033.74,92.34229636508027,-1.812365969450326
2026-07-22,CCU_DEL,15,8267.43,7770.5,106.39508397143041,8355.255000000001,98.94886511542735,-7.446218856003057
2026-07-22,DEL_BLR,15,8580.51,8958.545,95.7801741242579,8936.68,96.01451545764199,0.23434133338409424
2026-07-22,DEL_BOM,15,7247.370000000001,7519.805,96.37710020406115,7972.299999999999,90.90689010699549,-5.47021009706566
2026-07-22,DEL_CCU,15,7925.56,8472.825,93.54093823488624,8531.59,92.89663474217585,-0.6443034927103923
2026-07-22,HYD_DEL,15,6973.63,7450.45,93.60011811367099,7321.14,95.25333486314973,1.6532167494787444
2026-07-22,MAA_DEL,15,9022.650000000001,9493.135,95.04394491387725,9318.744999999999,96.82258716168329,1.778642247806033
2026-07-22,BLR_DEL,30,7798.94,7815.85,99.78364477312127,7815.85,99.78364477312127,0.0
2026-07-22,BLR_HYD,30,4328.63,4301.545,100.62965748353207,4560.139999999999,94.92318218300316,-5.706475300528908
2026-07-22,BOM_BLR,30,5962.39,6115.514999999999,97.49612256694654,6115.514999999999,97.49612256694654,0.0
2026-07-22,BOM_DEL,30,6988.26,6848.37,102.04267584841358,6988.25,100.00014309734198,-2.0425327510716045
2026-07-22,CCU_DEL,30,7279.46,6733.35,108.11052447889979,7502.62,97.02557240004158,-11.084952078858208
2026-07-22,DEL_BLR,30,7329.64,7623.15,96.14975436663322,7819.21,93.73888154941484,-2.410872817218376
2026-07-22,DEL_BOM,30,7062.97,7151.67,98.75973024482394,7062.97,100.0,1.2402697551760582
2026-07-22,DEL_CCU,30,6665.45,7713.21,86.41603171701536,7450.09,89.46804669473791,3.05201497772255
2026-07-22,HYD_DEL,30,6202.405000000001,6347.889999999999,97.70813608931473,6342.99,97.78361624407418,0.0754801547594468
2026-07-22,MAA_DEL,30,7824.94,8161.56,95.87554340101646,8088.77,96.73831744505034,0.862774044033884
2026-07-22,BLR_DEL,45,8253.03,8566.51,96.34063346683772,7502.725,110.00043317594607,13.659799709108356
2026-07-22,BLR_HYD,45,4657.12,4603.35,101.16806238934689,4361.68,106.77353680233304,5.605474412986155
2026-07-22,BOM_BLR,45,6093.82,6142.85,99.20183628120498,5910.59,103.10002893112194,3.8981926499169646
2026-07-22,BOM_DEL,45,7167.875,7155.57,100.17196393858212,6577.48,108.97600600838011,8.804042069797987
2026-07-22,CCU_DEL,45,7189.22,7085.785,101.45975357705603,7073.35,101.6381205510826,0.17836697402655943
2026-07-22,DEL_BLR,45,7946.69,8901.25,89.2761129054908,7363.1,107.92587361301625,18.649760707525445
2026-07-22,DEL_BOM,45,7290.195,7146.81,102.00627972480028,6642.674999999999,109.7478801838115,7.741600459011224
2026-07-22,DEL_CCU,45,6868.67,7506.02,91.50881559068587,6865.219999999999,100.05025330579356,8.54143771510769
2026-07-22,HYD_DEL,45,6967.785,6175.18,112.8353343546261,6123.91,113.78000329854618,0.9446689439200782
2026-07-22,MAA_DEL,45,8226.47,8226.95,99.99416551698988,7682.245000000001,107.08419218600811,7.090026669018229
2026-07-23,BLR_DEL,1,12669.62,12766.82,99.23865144178426,13358.3,94.84455357343376,-4.394097868350499
2026-07-23,BLR_HYD,1,7705.485,7969.66,96.68524127754509,7613.44,101.20898043459987,4.523739157054777
2026-07-23,BOM_BLR,1,10550.47,10536.8,100.12973578315997,10337.22,102.06293374814506,1.9331979649850837
2026-07-23,BOM_DEL,1,11548.720000000001,11787.115,97.97749491711926,11827.42,97.64361120176676,-0.33388371535249917
2026-07-23,CCU_DEL,1,11333.49,12308.66,92.0773666670458,12623.55,89.78052924890385,-2.2968374181419478
2026-07-23,DEL_BLR,1,13157.8,13136.69,100.16069496958518,13157.8,100.0,-0.1606949695851796
2026-07-23,DEL_BOM,1,11035.7,11601.5,95.12304443390941,11927.8,92.52083368265733,-2.6022107512520876
2026-07-23,DEL_CCU,1,12216.884999999998,11537.265,105.89065086049423,12325.0,99.12279918864097,-6.767851671853265
2026-07-23,HYD_DEL,1,9860.305,10507.67,93.83911942419203,10728.94,91.90381342425253,-1.9353059999395015
2026-07-23,MAA_DEL,1,13131.845000000001,14184.83,92.57668227254047,14184.83,92.57668227254047,0.0
2026-07-23,BLR_DEL,7,10793.835,10173.86,106.09380313863173,10508.55,102.71478938578586,-3.3790137528458644
2026-07-23,BLR_HYD,7,5590.5,5977.64,93.52353102562215,6172.19,90.57563036782732,-2.9479006577948326
2026-07-23,BOM_BLR,7,8361.75,7932.34,105.41340890582099,8250.02,101.35429974715213,-4.059109158668861
2026-07-23,BOM_DEL,7,9726.41,9014.355,107.8991231208445,9447.32,102.95417113001359,-4.944951990830901
2026-07-23,CCU_DEL,7,10306.1,10115.5,101.88423706193466,9879.91,104.31370326247911,2.4294662005444536
2026-07-23,DEL_BLR,7,10417.755000000001,9534.44,109.26446650248994,10578.72,98.47840759562595,-10.786058906863985
2026-07-23,DEL_BOM,7,8653.23,9592.17,90.2113911659197,9533.93,90.76246626522325,0.55107509930356
2026-07-23,DEL_CCU,7,10266.119999999999,10379.28,98.90975096538487,9891.904999999999,103.78304280115913,4.873291835774253
2026-07-23,HYD_DEL,7,8944.41,8597.87,104.03053314367395,8497.07,105.26463828119577,1.2341051375218228
2026-07-23,MAA_DEL,7,9826.16,11078.26,88.69768357124674,11078.26,88.69768357124674,0.0
2026-07-23,BLR_DEL,15,8595.87,8999.96,95.51009115596071,8999.96,95.51009115596071,0.0
2026-07-23,BLR_HYD,15,5185.2,5421.8,95.63613560072301,5185.2,100.0,4.363864399276991
2026-07-23,BOM_BLR,15,6839.115,6400.97,106.84497818299413,7089.44,96.4690440993929,-10.375934083601223
2026-07-23,BOM_DEL,15,7880.2,7879.1,100.01396098539172,8033.74,98.08881044196103,-1.9251505434306893
2026-07-23,CCU_DEL,15,7751.15,7770.5,99.7509812753362,8355.255000000001,92.76975986968678,-6.981221405649421
2026-07-23,DEL_BLR,15,9245.28,8958.545,103.20068716515908,8936.68,103.4531839564581,0.25249679129902347
2026-07-23,DEL_BOM,15,7544.01,7519.805,100.32188334670913,7972.299999999999,94.62777366631965,-5.694109680389474
2026-07-23,DEL_CCU,15,8331.53,8472.825,98.3323743851667,8531.59,97.65506781268205,-0.6773065724846532
2026-07-23,HYD_DEL,15,7173.18,7450.45,96.27847982336638,7321.14,97.97900326998254,1.7005234466161596
2026-07-23,MAA_DEL,15,9069.97,9493.135,95.54241038392479,9318.744999999999,97.33038086137135,1.7879704774465637
2026-07-23,BLR_DEL,30,8222.14,7815.85,105.19828297625978,7815.85,105.19828297625978,0.0
2026-07-23,BLR_HYD,30,4713.8,4301.545,109.5838820702794,4560.139999999999,103.36963338844862,-6.214248681830782
2026-07-23,BOM_BLR,30,6428.299999999999,6115.514999999999,105.11461422300492,6115.514999999999,105.11461422300492,0.0
2026-07-23,BOM_DEL,30,7344.52,6848.37,107.244789636074,6988.25,105.0981290022538,-2.146660633820204
2026-07-23,CCU_DEL,30,7952.0,6733.35,118.09871757743173,7502.62,105.98964095209406,-12.109076625337664
2026-07-23,DEL_BLR,30,8808.33,7623.15,115.54711634954056,7819.21,112.64987127855628,-2.897245070984283
2026-07-23,DEL_BOM,30,7511.135,7151.67,105.0263085405227,7062.97,106.34527684529314,1.3189683047704364
2026-07-23,DEL_CCU,30,7699.9,7713.21,99.82743890027628,7450.09,103.35311385500042,3.5256749547241384
2026-07-23,HYD_DEL,30,6675.22,6347.889999999999,105.15651657479887,6342.99,105.23775065071837,0.08123407591949672
2026-07-23,MAA_DEL,30,8626.83,8161.56,105.70074838633789,8088.77,106.6519384282159,0.9511900418780073
2026-07-23,BLR_DEL,45,7683.68,8566.51,89.69440297157185,7502.725,102.41185702528082,12.717454053708977
2026-07-23,BLR_HYD,45,4470.375,4603.35,97.11134282641987,4361.68,102.49204434988353,5.380701523463657
2026-07-23,BOM_BLR,45,5910.59,6142.85,96.21901885932425,5910.59,100.0,3.780981140675749
2026-07-23,BOM_DEL,45,7499.115,7155.57,104.80108502886563,6577.48,114.0119772314017,9.210892202536073
2026-07-23,CCU_DEL,45,7219.865,7085.785,101.8922391802743,7073.35,102.07136646709125,0.17912728681695
2026-07-23,DEL_BLR,45,8229.66,8901.25,92.45510462013762,7363.1,111.76895601037606,19.31385139023844
2026-07-23,DEL_BOM,45,7386.21,7146.81,103.34974625042501,6642.674999999999,111.19330691325409,7.843560662829077
2026-07-23,DEL_CCU,45,8234.715,7506.02,109.70814093221175,6865.219999999999,119.94830464282282,10.240163710611071
2026-07-23,HYD_DEL,45,6437.43,6175.18,104.24683976823349,6123.91,105.11960495827013,0.8727651900366453
2026-07-23,MAA_DEL,45,8226.71,8226.95,99.99708275849493,7682.245000000001,107.0873162727822,7.090233514287277
2026-07-24,BLR_DEL,1,15085.900000000001,12766.82,118.16489932496896,13358.3,112.93278336315251,-5.232115961816447
2026-07-24,BLR_HYD,1,7975.67,7969.66,100.07541099620309,7613.44,104.75777046906525,4.68235947286216
2026-07-24,BOM_BLR,1,11907.17,10536.8,113.00556146078506,10337.22,115.18735211207655,2.181790651291493
2026-07-24,BOM_DEL,1,13206.35,11787.115,112.04056293673219,11827.42,111.65875567114382,-0.381807265588364
2026-07-24,CCU_DEL,1,13564.885,12308.66,110.2060256762312,12623.55,107.45697525656412,-2.7490504196670855
2026-07-24,DEL_BLR,1,14947.97,13136.69,113.78794810564914,13157.8,113.6053899588077,-0.1825581468414299
2026-07-24,DEL_BOM,1,12793.68,11601.5,110.27608498901004,11927.8,107.25934371803687,-3.0167412709731707
2026-07-24,DEL_CCU,1,13025.404999999999,11537.265,112.89855091306302,12325.0,105.68279918864096,-7.215751724422063
2026-07-24,HYD_DEL,1,12029.86,10507.67,114.48646560084205,10728.94,112.12533577408392,-2.3611298267581304
2026-07-24,MAA_DEL,1,15287.55,14184.83,107.77393877825818,14184.83,107.77393877825818,0.0
2026-07-24,BLR_DEL,7,10331.44,10173.86,101.54887132317528,10508.55,98.31461048384412,-3.2342608393311565
2026-07-24,BLR_HYD,7,6132.35,5977.64,102.58814515427493,6172.19,99.35452408302403,-3.2336210712508944
2026-07-24,BOM_BLR,7,7670.545,7932.34,96.69964978808271,8250.02,92.97607763375119,-3.723572154331521
2026-07-24,BOM_DEL,7,9002.25,9014.355,99.86571418587353,9447.32,95.28892850035777,-4.576785685515759
2026-07-24,CCU_DEL,7,10110.83,10115.5,99.95383322623697,9879.91,102.33726825446792,2.3834350282309487
2026-07-24,DEL_BLR,7,10800.18,9534.44,113.27545194054396,10578.72,102.09344797858344,-11.182003961960518
2026-07-24,DEL_BOM,7,8817.445,9592.17,91.92336040749903,9533.93,92.48489342799873,0.5615330204996951
2026-07-24,DEL_CCU,7,9891.904999999999,10379.28,95.30434673696054,9891.904999999999,100.0,4.6956532630394605
2026-07-24,HYD_DEL,7,8688.64,8597.87,101.05572659274912,8497.07,102.2545418597234,1.1988152669742789
2026-07-24,MAA_DEL,7,10832.0,11078.26,97.777087737605,11078.26,97.777087737605,0.0
2026-07-24,BLR_DEL,15,9869.779999999999,8999.96,109.66470962093165,8999.96,109.66470962093165,0.0
2026-07-24,BLR_HYD,15,6103.4,5421.8,112.57147072927809,5185.2,117.70809226259354,5.136621533315449
2026-07-24,BOM_BLR,15,7876.495,6400.97,123.05158436924404,7089.44,111.10179365365953,-11.949790715584513
2026-07-24,BOM_DEL,15,8944.92,7879.1,113.52717950019672,8033.74,111.34191547149896,-2.185264028697759
2026-07-24,CCU_DEL,15,9480.635,7770.5,122.00804324046072,8355.255000000001,113.46912811158964,-8.538915128871082
2026-07-24,DEL_BLR,15,9637.12,8958.545,107.5746117254532,8936.68,107.83781001445728,0.26319828900408027
2026-07-24,DEL_BOM,15,8109.235000000001,7519.805,107.83836814917409,7972.299999999999,101.7176348105315,-6.120733338642594
2026-07-24,DEL_CCU,15,9373.02,8472.825,110.62449655221252,8531.59,109.86252269506622,-0.7619738571463017
2026-07-24,HYD_DEL,15,8420.14,7450.45,113.01518700212738,7321.14,115.01132337313587,1.9961363710084896
2026-07-24,MAA_DEL,15,10161.87,9493.135,107.04440629992095,9318.744999999999,109.04762390214565,2.0032176022246944
2026-07-24,BLR_DEL,30,8351.825,7815.85,106.85753948706795,7815.85,106.85753948706795,0.0
2026-07-24,BLR_HYD,30,4814.385,4301.545,111.9222279436807,4560.139999999999,105.57537707175659,-6.346850871924104
2026-07-24,BOM_BLR,30,6278.495,6115.514999999999,102.66502494066323,6115.514999999999,102.66502494066323,0.0
2026-07-24,BOM_DEL,30,6815.43,6848.37,99.51900963294916,6988.25,97.52699173612851,-1.9920178968206557
2026-07-24,CCU_DEL,30,8101.42,6733.35,120.31782099549258,7502.62,107.98121189664411,-12.33660909884847
2026-07-24,DEL_BLR,30,8291.37,7623.15,108.76566773577854,7819.21,106.0384616860271,-2.7272060497514303
2026-07-24,DEL_BOM,30,7774.85,7151.67,108.7137689518672,7062.97,110.07904606702279,1.3652771151555925
2026-07-24,DEL_CCU,30,8143.33,7713.21,105.57640722863762,7450.09,109.30512248845316,3.7287152598155444
2026-07-24,HYD_DEL,30,6617.87,6347.889999999999,104.2530667670675,6342.99,104.33360292228113,0.08053615521363611
2026-07-24,MAA_DEL,30,8538.725,8161.56,104.62123662633125,8088.77,105.56271225414989,0.9414756278186331
2026-07-24,BLR_DEL,45,7120.12,8566.51,83.11576126100361,7502.725,94.90045283546978,11.784691574466166
2026-07-24,BLR_HYD,45,4247.799999999999,4603.35,92.27627705909825,4361.68,97.38907943728103,5.112802378182778
2026-07-24,BOM_BLR,45,5908.27,6142.85,96.18125137354812,5910.59,99.96074841936255,3.7794970458144235
2026-07-24,BOM_DEL,45,6946.84,7155.57,97.08297172692043,6577.48,105.61552448658149,8.532552759661058
2026-07-24,CCU_DEL,45,6950.87,7085.785,98.09597666313611,7073.35,98.26843009323728,0.17245343010117153
2026-07-24,DEL_BLR,45,7717.06,8901.25,86.69636287038338,7363.1,104.80721435265036,18.11085148226698
2026-07-24,DEL_BOM,45,6136.01,7146.81,85.85662694264994,6642.674999999999,92.37257580718612,6.515948864536185
2026-07-24,DEL_CCU,45,6419.55,7506.02,85.52535165107473,6865.219999999999,93.50829252376472,7.982940872689994
2026-07-24,HYD_DEL,45,5668.41,6175.18,91.7934376001995,6123.91,92.56194163532776,0.7685040351282595
2026-07-24,MAA_DEL,45,7512.01,8226.95,91.30978065990433,7682.245000000001,97.78404620003657,6.474265540132237
2026-07-25,BLR_DEL,1,14242.400000000001,12766.82,111.55792906925923,13358.3,106.61835712628105,-4.939571942978176
2026-07-25,BLR_HYD,1,8292.99,7969.66,104.05701121503301,7613.44,108.92566303799597,4.86865182296296
2026-07-25,BOM_BLR,1,11737.22,10536.8,111.39264292764406,10337.22,113.54329307105779,2.1506501434137277
2026-07-25,BOM_DEL,1,11674.035,11787.115,99.04064735094211,11827.42,98.70314066804087,-0.3375066829012354
2026-07-25,CCU_DEL,1,14014.85,12308.66,113.86170387353293,12623.55,111.02146385129382,-2.840240022239115
2026-07-25,DEL_BLR,1,14629.51,13136.69,111.36374535746828,13157.8,111.18507653255105,-0.17866882491722436
2026-07-25,DEL_BOM,1,12716.315,11601.5,109.60923156488384,11927.8,106.6107329096732,-2.998498655210639
2026-07-25,DEL_CCU,1,13017.605,11537.265,112.83094390221599,12325.0,105.61951318458418,-7.2114307176318135
2026-07-25,HYD_DEL,1,12058.925,10507.67,114.7630730694816,10728.94,112.39623858461319,-2.36683448486842
2026-07-25,MAA_DEL,1,14856.675,14184.83,104.7363627198916,14184.83,104.7363627198916,0.0
2026-07-25,BLR_DEL,7,11033.05,10173.86,108.4450739444026,10508.55,104.99117385367154,-3.4539000907310538
2026-07-25,BLR_HYD,7,6471.14,5977.64,108.25576648978527,6172.19,104.84349963303139,-3.412266856753888
2026-07-25,BOM_BLR,7,8920.89,7932.34,112.46227468817523,8250.02,108.13173786245365,-4.33053682572158
2026-07-25,BOM_DEL,7,10119.71,9014.355,112.2621640705297,9447.32,107.1172565341282,-5.1449075364015044
2026-07-25,CCU_DEL,7,11003.43,10115.5,108.77791508081658,9879.91,111.37176350796719,2.593848427150604
2026-07-25,DEL_BLR,7,11612.87,9534.44,121.79918275221198,10578.72,109.77575736951164,-12.023425382700339
2026-07-25,DEL_BOM,7,10500.4,9592.17,109.46845187272535,9533.93,110.13716274401007,0.6687108712847163
2026-07-25,DEL_CCU,7,10836.445,10379.28,104.40459261143353,9891.904999999999,109.54861576208022,5.144023150646689
2026-07-25,HYD_DEL,7,9219.59,8597.87,107.231093282406,8497.07,108.5031663855894,1.272073103183402
2026-07-25,MAA_DEL,7,12308.134999999998,11078.26,111.101698281138,11078.26,111.101698281138,0.0
2026-07-25,BLR_DEL,15,10312.63,8999.96,114.5852870457202,8999.96,114.5852870457202,0.0
2026-07-25,BLR_HYD,15,5605.1,5421.8,103.38079604559371,5185.2,108.09804829129061,4.717252245696898
2026-07-25,BOM_BLR,15,7872.65,6400.97,122.99151534845498,7089.44,111.04755805818232,-11.943957290272664
2026-07-25,BOM_DEL,15,8685.9,7879.1,110.23974819459075,8033.74,108.11776333314246,-2.121984861448283
2026-07-25,CCU_DEL,15,9569.7,7770.5,123.15423717907473,8355.255000000001,114.53510395553457,-8.61913322354016
2026-07-25,DEL_BLR,15,9384.99,8958.545,104.76020380541706,8936.68,105.01651620064723,0.256312395230168
2026-07-25,DEL_BOM,15,8844.75,7519.805,117.61940635428712,7972.299999999999,110.943516927361,-6.675889426926119
2026-07-25,DEL_CCU,15,8764.01,8472.825,103.43669319264825,8531.59,102.72422842635429,-0.7124647662939623
2026-07-25,HYD_DEL,15,7816.59,7450.45,104.91433403351476,7321.14,106.76738868536866,1.8530546518538955
2026-07-25,MAA_DEL,15,11021.375,9493.135,116.09837003266044,9318.744999999999,118.27102254649098,2.172652513830542
2026-07-25,BLR_DEL,30,7891.8,7815.85,100.9717433164659,7815.85,100.9717433164659,0.0
2026-07-25,BLR_HYD,30,4223.71,4301.545,98.19053386632012,4560.139999999999,92.62237562881842,-5.568158237501706
2026-07-25,BOM_BLR,30,5869.115,6115.514999999999,95.97090351344082,6115.514999999999,95.97090351344082,0.0
2026-07-25,BOM_DEL,30,6988.25,6848.37,102.04252982826571,6988.25,100.0,-2.042529828265714
2026-07-25,CCU_DEL,30,7756.22,6733.35,115.1911010121262,7502.62,103.38015253338169,-11.810948478744507
2026-07-25,DEL_BLR,30,8339.375,7623.15,109.39539429238569,7819.21,106.65239838807246,-2.742995904313233
2026-07-25,DEL_BOM,30,7361.16,7151.67,102.92924589641301,7062.97,104.22187833163667,1.2926324352236662
2026-07-25,DEL_CCU,30,6729.97,7713.21,87.25251873085266,7450.09,90.33407650108926,3.0815577702366
2026-07-25,HYD_DEL,30,6205.44,6347.889999999999,97.75594725176397,6342.99,97.83146434094961,0.07551708918563804
2026-07-25,MAA_DEL,30,7621.01,8161.56,93.37687893000847,8088.77,94.21716775232822,0.8402888223197493
2026-07-25,BLR_DEL,45,8045.41,8566.51,93.91700937721428,7502.725,107.23317194752573,13.316162570311448
2026-07-25,BLR_HYD,45,4202.34,4603.35,91.28873537749682,4361.68,96.34682049118688,5.058085113690055
2026-07-25,BOM_BLR,45,5620.93,6142.85,91.50361802746282,5910.59,95.09930480713432,3.595686779671496
2026-07-25,BOM_DEL,45,6140.82,7155.57,85.8187398068917,6577.48,93.36128730151974,7.542547494628039
2026-07-25,CCU_DEL,45,7383.955,7085.785,104.20800235965386,7073.35,104.39120077473898,0.18319841508511558
2026-07-25,DEL_BLR,45,7363.1,8901.25,82.71984271871928,7363.1,100.0,17.280157281280722
2026-07-25,DEL_BOM,45,6741.86,7146.81,94.33383565534832,6642.674999999999,101.4931484680494,7.159312812701074
2026-07-25,DEL_CCU,45,7025.32,7506.02,93.59580709883532,6865.219999999999,102.33204471233259,8.736237613497266
2026-07-25,HYD_DEL,45,6123.91,6175.18,99.16974080107785,6123.91,100.0,0.8302591989221497
2026-07-25,MAA_DEL,45,7575.69,8226.95,92.08382207257853,7682.245000000001,98.61297055743469,6.529148484856165
2026-07-26,BLR_DEL,1,13204.055,12766.82,103.4247760992949,13358.3,98.84532462963102,-4.57945146966388
2026-07-26,BLR_HYD,1,7375.26,7969.66,92.54171445205944,7613.44,96.8715849865501,4.3298705344906665
2026-07-26,BOM_BLR,1,10571.8,10536.8,100.33216915951712,10337.22,102.26927549186338,1.9371063323462607
2026-07-26,BOM_DEL,1,11642.255,11787.115,98.77103090959916,11827.42,98.43444301462195,-0.33658789497721386
2026-07-26,CCU_DEL,1,12888.345000000001,12308.66,104.70957033503241,12623.55,102.09762705419634,-2.6119432808360727
2026-07-26,DEL_BLR,1,14057.67,13136.69,107.01074623820763,13157.8,106.83906124124094,-0.1716849969666896
2026-07-26,DEL_BOM,1,10764.925,11601.5,92.78907899840537,11927.8,90.25071681282382,-2.5383621855815477
2026-07-26,DEL_CCU,1,11900.35,11537.265,103.14706301710154,12325.0,96.55456389452333,-6.592499122578218
2026-07-26,HYD_DEL,1,10522.0,10507.67,100.1363765706384,10728.94,98.07119808667025,-2.065178483968154
2026-07-26,MAA_DEL,1,11876.4,14184.83,83.7260650991235,14184.83,83.7260650991235,0.0
2026-07-26,BLR_DEL,7,12425.11,10173.86,122.12778630726193,10508.55,118.23810135556288,-3.889684951699053
2026-07-26,BLR_HYD,7,7090.280000000001,5977.64,118.6133658099183,6172.19,114.87462310784342,-3.7387427020748873
2026-07-26,BOM_BLR,7,8893.96,7932.34,112.12277839830365,8250.02,107.80531441135899,-4.317463986944659
2026-07-26,BOM_DEL,7,10604.11,9014.355,117.63581531901065,9447.32,112.24463657418188,-5.391178744828764
2026-07-26,CCU_DEL,7,10320.45,10115.5,102.02609856161338,9879.91,104.45894750053392,2.432848938920543
2026-07-26,DEL_BLR,7,11906.04,9534.44,124.87403560146164,10578.72,112.54707563864062,-12.326959962821022
2026-07-26,DEL_BOM,7,9851.36,9592.17,102.70209973342841,9533.93,103.32947693133892,0.627377197910505
2026-07-26,DEL_CCU,7,10963.47,10379.28,105.62842509307002,9891.904999999999,110.83274657409265,5.204321481022632
2026-07-26,HYD_DEL,7,9152.22,8597.87,106.44752712008902,8497.07,107.71030484625877,1.2627777261697446
2026-07-26,MAA_DEL,7,12091.335,11078.26,109.14471225625684,11078.26,109.14471225625684,0.0
2026-07-26,BLR_DEL,15,9151.835,8999.96,101.68750750003332,8999.96,101.68750750003332,0.0
2026-07-26,BLR_HYD,15,5386.7,5421.8,99.35261352318417,5185.2,103.88606032554193,4.5334468023577585
2026-07-26,BOM_BLR,15,7232.665,6400.97,112.99326508326082,7089.44,102.02025829966826,-10.973006783592567
2026-07-26,BOM_DEL,15,7954.485000000001,7879.1,100.95677171250523,8033.74,99.01347317687653,-1.9432985356286991
2026-07-26,CCU_DEL,15,8362.08,7770.5,107.61315230680137,8355.255000000001,100.08168511912561,-7.531467187675759
2026-07-26,DEL_BLR,15,8771.675,8958.545,97.9140585887552,8936.68,98.15362080772724,0.2395622189720399
2026-07-26,DEL_BOM,15,7972.299999999999,7519.805,106.01737678038192,7972.299999999999,100.0,-6.017376780381923
2026-07-26,DEL_CCU,15,8488.9,8472.825,100.18972420650726,8531.59,99.49962433731578,-0.690099869191485
2026-07-26,HYD_DEL,15,7589.63,7450.45,101.86807508271313,7321.14,103.66732503407938,1.7992499513662494
2026-07-26,MAA_DEL,15,9708.28,9493.135,102.26632192631835,9318.744999999999,104.18012296720214,1.913801040883783
2026-07-26,BLR_DEL,30,7601.62,7815.85,97.25903132736681,7815.85,97.25903132736681,0.0
2026-07-26,BLR_HYD,30,4548.62,4301.545,105.74386644798554,4560.139999999999,99.74737617704722,-5.996490270938324
2026-07-26,BOM_BLR,30,5584.125,6115.514999999999,91.3107890341206,6115.514999999999,91.3107890341206,0.0
2026-07-26,BOM_DEL,30,6462.09,6848.37,94.35953372846386,6988.25,92.47079025507101,-1.88874347339285
2026-07-26,CCU_DEL,30,7635.015,6733.35,113.3910312103188,7502.62,101.76465021552472,-11.626380994794076
2026-07-26,DEL_BLR,30,7636.860000000001,7623.15,100.17984691367742,7819.21,97.66792297431583,-2.511923939361594
2026-07-26,DEL_BOM,30,6935.745,7151.67,96.98077511965737,7062.97,98.19870394465784,1.2179288250004703
2026-07-26,DEL_CCU,30,7024.44,7713.21,91.07025479664108,7450.09,94.2866462015895,3.216391404948425
2026-07-26,HYD_DEL,30,5956.514999999999,6347.889999999999,93.83456550129256,6342.99,93.90705329820793,0.07248779691536811
2026-07-26,MAA_DEL,30,7451.24,8161.56,91.29676189355955,8088.77,92.11833195899995,0.8215700654403975
2026-07-26,BLR_DEL,45,6995.39,8566.51,81.65974241552277,7502.725,93.23799019689513,11.578247781372355
2026-07-26,BLR_HYD,45,4473.625,4603.35,97.18194358456341,4361.68,102.56655692302049,5.384613338457072
2026-07-26,BOM_BLR,45,5415.59,6142.85,88.16086995449994,5910.59,91.62520154502343,3.4643315905234857
2026-07-26,BOM_DEL,45,6577.48,7155.57,91.92111879277262,6577.48,100.0,8.078881207227383
2026-07-26,CCU_DEL,45,6838.85,7085.785,96.5150650210245,7073.35,96.68473919712724,0.16967417610274538
2026-07-26,DEL_BLR,45,6871.49,8901.25,77.1969105462716,7363.1,93.32332848935908,16.12641794308749
2026-07-26,DEL_BOM,45,6690.719999999999,7146.81,93.61827164846972,6642.674999999999,100.72327789632942,7.105006247859706
2026-07-26,DEL_CCU,45,6804.700000000001,7506.02,90.65656632942624,6865.219999999999,99.118455053152,8.461888723725764
2026-07-26,HYD_DEL,45,6189.31,6175.18,100.22881924089661,6123.91,101.0679451526884,0.8391259117917826
2026-07-26,MAA_DEL,45,7451.6849999999995,8226.95,90.57651985243619,7682.245000000001,96.9987939723349,6.422274119898702
2026-07-27,BLR_DEL,1,12898.974999999999,12766.82,101.03514422542183,13358.3,96.56150108921044,-4.473643136211393
2026-07-27,BLR_HYD,1,7121.28,7969.66,89.3548783762419,7613.44,93.53564223268326,4.180763856441359
2026-07-27,BOM_BLR,1,10395.105,10536.8,98.65523688406348,10337.22,100.55996679958442,1.9047299155209316
2026-07-27,BOM_DEL,1,12230.904999999999,11787.115,103.76504343938274,11827.42,103.41143715197396,-0.3536062874087804
2026-07-27,CCU_DEL,1,13216.49,12308.66,107.37553884825806,12623.55,104.69709392365856,-2.6784449245995035
2026-07-27,DEL_BLR,1,12704.91,13136.69,96.71317508443907,13157.8,96.55801121768077,-0.15516386675830063
2026-07-27,DEL_BOM,1,12168.59,11601.5,104.88807481791147,11927.8,102.01872935495231,-2.86934546295916
2026-07-27,DEL_CCU,1,13101.53,11537.265,113.55836933623351,12325.0,106.3004462474645,-7.2579230887690045
2026-07-27,HYD_DEL,1,10728.94,10507.67,102.10579510015066,10728.94,100.0,-2.105795100150658
2026-07-27,MAA_DEL,1,14118.19,14184.83,99.53020233587573,14184.83,99.53020233587573,0.0
2026-07-27,BLR_DEL,7,10144.25,10173.86,99.70896002107361,10508.55,96.5332990755147,-3.175660945558903
2026-07-27,BLR_HYD,7,5796.465,5977.64,96.96912159313709,6172.19,93.91261448529616,-3.056507107840929
2026-07-27,BOM_BLR,7,9449.71,7932.34,119.12890773718725,8250.02,114.5416617171837,-4.587246020003548
2026-07-27,BOM_DEL,7,9590.3,9014.355,106.38919811789084,9447.32,101.5134450828383,-4.87575303505254
2026-07-27,CCU_DEL,7,9757.765,10115.5,96.46349661410706,9879.91,98.76370331308686,2.3002066989798067
2026-07-27,DEL_BLR,7,9925.97,9534.44,104.10648134552211,10578.72,93.82959375047265,-10.276887595049459
2026-07-27,DEL_BOM,7,8743.4,9592.17,91.15142871738094,9533.93,91.7082462321414,0.5568175147604677
2026-07-27,DEL_CCU,7,9438.27,10379.28,90.93376419173585,9891.904999999999,95.4140784813441,4.480314289608259
2026-07-27,HYD_DEL,7,8217.01,8597.87,95.5702982250255,8497.07,96.70404033390334,1.1337421088778399
2026-07-27,MAA_DEL,7,10776.16,11078.26,97.2730374625618,11078.26,97.2730374625618,0.0
2026-07-27,BLR_DEL,15,8399.33,8999.96,93.32630367246078,8999.96,93.32630367246078,0.0
2026-07-27,BLR_HYD,15,4946.795,5421.8,91.23897967464679,5185.2,95.4022024222788,4.16322274763202
2026-07-27,BOM_BLR,15,7042.24,6400.97,110.0183253475645,7089.44,99.33422103861518,-10.684104308949316
2026-07-27,BOM_DEL,15,7791.705,7879.1,98.89079971062684,8033.74,96.98726869428187,-1.9035310163449708
2026-07-27,CCU_DEL,15,7878.68,7770.5,101.39218840486454,8355.255000000001,94.29610466706282,-7.09608373780172
2026-07-27,DEL_BLR,15,9264.29,8958.545,103.41288680248859,8936.68,103.66590277373702,0.25301597124843056
2026-07-27,DEL_BOM,15,7712.78,7519.805,102.56622345925193,7972.299999999999,96.74472862285664,-5.8214948363952885
2026-07-27,DEL_CCU,15,8410.51,8472.825,99.26453101533431,8531.59,98.58080381265391,-0.6837272026804015
2026-07-27,HYD_DEL,15,7211.280000000001,7450.45,96.78985833070487,7321.14,98.49941402568453,1.709555694979656
2026-07-27,MAA_DEL,15,8838.205000000002,9493.135,93.1010145752694,9318.744999999999,94.84329703195014,1.7422824566807407
2026-07-27,BLR_DEL,30,7671.895,7815.85,98.15816577851417,7815.85,98.15816577851417,0.0
2026-07-27,BLR_HYD,30,4252.33,4301.545,98.85587620262022,4560.139999999999,93.2499879389668,-5.605888263653426
2026-07-27,BOM_BLR,30,5998.21,6115.514999999999,98.08184592793903,6115.514999999999,98.08184592793903,0.0
2026-07-27,BOM_DEL,30,7216.115,6848.37,105.36981792747764,6988.25,103.26068758272815,-2.109130344749488
2026-07-27,CCU_DEL,30,7153.514999999999,6733.35,106.2400588117356,7502.62,95.34689215234144,-10.893166659394154
2026-07-27,DEL_BLR,30,7782.870000000001,7623.15,102.09519686743671,7819.21,99.5352471669133,-2.5599497005234184
2026-07-27,DEL_BOM,30,6686.63,7151.67,93.49746283035991,7062.97,94.67164663024195,1.1741837998820444
2026-07-27,DEL_CCU,30,7709.67,7713.21,99.95410471126807,7450.09,103.4842532103639,3.53014849909583
2026-07-27,HYD_DEL,30,6131.57,6347.889999999999,96.59225348895461,6342.99,96.66687161732874,0.07461812837412651
2026-07-27,MAA_DEL,30,7926.85,8161.56,97.12420174574468,8088.77,97.99821233636263,0.8740105906179423
2026-07-27,BLR_DEL,45,7146.34,8566.51,83.4218368974063,7502.725,95.24992586027076,11.82808896286447
2026-07-27,BLR_HYD,45,4087.71,4603.35,88.79859232949916,4361.68,93.71870471928247,4.920112389783313
2026-07-27,BOM_BLR,45,5993.995000000001,6142.85,97.57677625206541,5910.59,101.41111124270168,3.8343349906362647
2026-07-27,BOM_DEL,45,6447.25,7155.57,90.10113799459722,6577.48,98.02006239471652,7.918924400119295
2026-07-27,CCU_DEL,45,6639.725,7085.785,93.70486121156655,7073.35,93.86959502922943,0.16473381766287787
2026-07-27,DEL_BLR,45,7045.200000000001,8901.25,79.14843420867857,7363.1,95.68252502342763,16.534090814749064
2026-07-27,DEL_BOM,45,6597.75,7146.81,92.3174115444513,6642.674999999999,99.32369113346657,7.006279589015264
2026-07-27,DEL_CCU,45,6860.89,7506.02,91.40516545386237,6865.219999999999,99.93692845968522,8.531763005822853
2026-07-27,HYD_DEL,45,6091.26,6175.18,98.6410112741653,6123.91,99.46684389548508,0.8258326213197904
2026-07-27,MAA_DEL,45,8080.05,8226.95,98.21440509544848,7682.245000000001,105.17823891323434,6.963833817785854
2026-07-28,BLR_DEL,1,12392.095000000001,12766.82,97.06485248480045,13358.3,92.76700628073932,-4.2978462040611305
2026-07-28,BLR_HYD,1,7463.64,7969.66,93.65067016660686,7613.44,98.03242686617352,4.381756699566665
2026-07-28,BOM_BLR,1,10030.79,10536.8,95.19768810264978,10337.22,97.03566336016841,1.8379752575186359
2026-07-28,BOM_DEL,1,11804.31,11787.115,100.14587963212371,11827.42,99.80460658368435,-0.341273048439362
2026-07-28,CCU_DEL,1,12872.0,12308.66,104.5767776508572,12623.55,101.96814683666639,-2.6086308141908034
2026-07-28,DEL_BLR,1,13393.88,13136.69,101.95779911073488,13157.8,101.79422091839061,-0.16357819234427495
2026-07-28,DEL_BOM,1,12199.97,11601.5,105.15855708313579,11927.8,102.28181223695904,-2.8767448461767486
2026-07-28,DEL_CCU,1,12750.82,11537.265,110.51856744211041,12325.0,103.4549290060852,-7.063638436025215
2026-07-28,HYD_DEL,1,10615.31,10507.67,101.02439456130617,10728.94,98.94090189711191,-2.083492664194253
2026-07-28,MAA_DEL,1,13165.92,14184.83,92.81690369218384,14184.83,92.81690369218384,0.0
2026-07-28,BLR_DEL,7,10678.57,10173.86,104.96085065058884,10508.55,101.61792064556955,-3.3429300050192836
2026-07-28,BLR_HYD,7,6319.075000000001,5977.64,105.71186956725398,6172.19,102.37978740123037,-3.3320821660236106
2026-07-28,BOM_BLR,7,8949.79,7932.34,112.8266060204177,8250.02,108.4820400435393,-4.3445659768784
2026-07-28,BOM_DEL,7,9885.695,9014.355,109.66613806534133,9447.32,104.6402048411613,-5.025933224180022
2026-07-28,CCU_DEL,7,9407.96,10115.5,93.00538777124214,9879.91,95.22313462369596,2.217746852453814
2026-07-28,DEL_BLR,7,10869.09,9534.44,113.99820020892679,10578.72,102.74485003856799,-11.2533501703588
2026-07-28,DEL_BOM,7,9046.27,9592.17,94.30889986311752,9533.93,94.88500544895967,0.5761055858421571
2026-07-28,DEL_CCU,7,9500.09,10379.28,91.52937390647521,9891.904999999999,96.03903393734575,4.509660030870535
2026-07-28,HYD_DEL,7,7976.735000000001,8597.87,92.77571072835481,8497.07,93.87630088960078,1.1005901612459752
2026-07-28,MAA_DEL,7,10605.57,11078.26,95.73317470433082,11078.26,95.73317470433082,0.0
2026-07-28,BLR_DEL,15,8021.335,8999.96,89.12634056151362,8999.96,89.12634056151362,0.0
2026-07-28,BLR_HYD,15,5137.14,5421.8,94.74971411708289,5185.2,99.0731312196251,4.323417102542209
2026-07-28,BOM_BLR,15,7274.66,6400.97,113.64933752228177,7089.44,102.61261820397662,-11.036719318305146
2026-07-28,BOM_DEL,15,7989.46,7879.1,101.40066758893782,8033.74,99.44882458232405,-1.951843006613771
2026-07-28,CCU_DEL,15,8355.255000000001,7770.5,107.52532012097036,8355.255000000001,100.0,-7.525320120970363
2026-07-28,DEL_BLR,15,8805.71,8958.545,98.29397519351635,8936.68,98.53446693850512,0.24049174498877335
2026-07-28,DEL_BOM,15,7962.960000000001,7519.805,105.893171431972,7972.299999999999,99.8828443485569,-6.010327083415092
2026-07-28,DEL_CCU,15,7808.94,8472.825,92.16453780173671,8531.59,91.52971485971547,-0.6348229420212448
2026-07-28,HYD_DEL,15,7213.13,7450.45,96.81468904562813,7321.14,98.52468331434721,1.709994268719086
2026-07-28,MAA_DEL,15,9216.66,9493.135,97.08763227321637,9318.744999999999,98.904519868287,1.8168875950706251
2026-07-28,BLR_DEL,30,7805.01,7815.85,99.86130747135627,7815.85,99.86130747135627,0.0
2026-07-28,BLR_HYD,30,4185.485000000001,4301.545,97.30189966628271,4560.139999999999,91.78413382045291,-5.5177658458298
2026-07-28,BOM_BLR,30,5551.73,6115.514999999999,90.78107076836538,6115.514999999999,90.78107076836538,0.0
2026-07-28,BOM_DEL,30,7125.545,6848.37,104.0473134483096,6988.25,101.96465495653418,-2.082658491775419
2026-07-28,CCU_DEL,30,7754.45,6733.35,115.16481394848033,7502.62,103.35656077476936,-11.808253173710966
2026-07-28,DEL_BLR,30,7699.66,7623.15,101.00365334540184,7819.21,98.4710731646803,-2.5325801807215385
2026-07-28,DEL_BOM,30,6664.74,7151.67,93.19138047477023,7062.97,94.36172035276944,1.1703398779992114
2026-07-28,DEL_CCU,30,6838.71,7713.21,88.6623079107142,7450.09,91.79365618401926,3.1313482733050506
2026-07-28,HYD_DEL,30,6228.405000000001,6347.889999999999,98.1177210065077,6342.99,98.19351756821311,0.07579656170541682
2026-07-28,MAA_DEL,30,8475.17,8161.56,103.842525203515,8088.77,104.77699328822551,0.9344680847105167
2026-07-28,BLR_DEL,45,7199.34,8566.51,84.04052525474202,7502.725,95.95633586463585,11.915810609893825
2026-07-28,BLR_HYD,45,4193.24,4603.35,91.09105325469494,4361.68,96.13818528640338,5.047132031708443
2026-07-28,BOM_BLR,45,5968.085,6142.85,97.15498506393612,5910.59,100.9727455296341,3.8177604656979724
2026-07-28,BOM_DEL,45,6252.26,7155.57,87.37612796744355,6577.48,95.05555319058364,7.679425223140086
2026-07-28,CCU_DEL,45,7066.93,7085.785,99.73390386527393,7073.35,99.9092367831367,0.17533291786277516
2026-07-28,DEL_BLR,45,8091.54,8901.25,90.90341244207274,7363.1,109.8931156713884,18.989703229315666
2026-07-28,DEL_BOM,45,6111.3,7146.81,85.51087827995987,6642.674999999999,92.00058711287247,6.489708832912598
2026-07-28,DEL_CCU,45,6728.51,7506.02,89.64151441109935,6865.219999999999,98.00865813477209,8.36714372367274
2026-07-28,HYD_DEL,45,6099.31,6175.18,98.77137184665062,6123.91,99.59829585999796,0.8269240133473374
2026-07-28,MAA_DEL,45,7650.23,8226.95,92.98986866335639,7682.245000000001,99.58325984136145,6.593391178005064
2026-07-29,BLR_DEL,1,12406.39,12766.82,97.1768224193652,13358.3,92.87401840054498,-4.302804018820211
2026-07-29,BLR_HYD,1,7581.17,7969.66,95.1253880341194,7613.44,99.57614429219906,4.4507562580796645
2026-07-29,BOM_BLR,1,9871.605,10536.8,93.68693531242882,10337.22,95.49574256908531,1.8088072566564932
2026-07-29,BOM_DEL,1,11827.42,11787.115,100.3419411789908,11827.42,100.0,-0.341941178990794
2026-07-29,CCU_DEL,1,12011.365,12308.66,97.58466803047611,12623.55,95.15045292330605,-2.4342151071700613
2026-07-29,DEL_BLR,1,14414.105,13136.69,109.72402484948643,13157.8,109.54798674550457,-0.1760381039818526
2026-07-29,DEL_BOM,1,13171.42,11601.5,113.53204327026678,11927.8,110.42623115746409,-3.1058121128026954
2026-07-29,DEL_CCU,1,12281.12,11537.265,106.44741192995049,12325.0,99.64397565922921,-6.803436270721278
2026-07-29,HYD_DEL,1,10309.395,10507.67,98.11304504233574,10728.94,96.08959505785288,-2.023449984482866
2026-07-29,MAA_DEL,1,13963.585,14184.83,98.44027034515041,14184.83,98.44027034515041,0.0
2026-07-29,BLR_DEL,7,10393.52,10173.86,102.15906253870213,10508.55,98.90536753405561,-3.2536950046465165
2026-07-29,BLR_HYD,7,6180.93,5977.64,103.40084046546798,6172.19,100.14160289945708,-3.2592375660108956
2026-07-29,BOM_BLR,7,8007.49,7932.34,100.94738753003527,8250.02,97.06024955091017,-3.8871379791251
2026-07-29,BOM_DEL,7,9929.935000000001,9014.355,110.156910838324,9447.32,105.10848579279627,-5.048425045527722
2026-07-29,CCU_DEL,7,9038.93,10115.5,89.35722406208293,9879.91,91.4879791415104,2.130755079427459
2026-07-29,DEL_BLR,7,9924.93,9534.44,104.09557352083606,10578.72,93.81976269340714,-10.275810827428913
2026-07-29,DEL_BOM,7,8838.765,9592.17,92.14562502541135,9533.93,92.7085157956897,0.5628907702783579
2026-07-29,DEL_CCU,7,9669.35,10379.28,93.16012286015986,9891.904999999999,97.7501300305654,4.590007170405542
2026-07-29,HYD_DEL,7,8189.6,8597.87,95.25149833621582,8497.07,96.38145854982953,1.129960213613714
2026-07-29,MAA_DEL,7,10208.29,11078.26,92.14705197386593,11078.26,92.14705197386593,0.0
2026-07-29,BLR_DEL,15,8825.28,8999.96,98.05910248489995,8999.96,98.05910248489995,0.0
2026-07-29,BLR_HYD,15,5466.195,5421.8,100.81882400678741,5185.2,105.41917380236056,4.600349795573152
2026-07-29,BOM_BLR,15,7044.969999999999,6400.97,110.06097513345632,7089.44,99.37272901667832,-10.688246116778004
2026-07-29,BOM_DEL,15,8037.745,7879.1,102.01349138861038,8033.74,100.04985224814347,-1.9636391404669098
2026-07-29,CCU_DEL,15,7954.549999999999,7770.5,102.36857345087186,8355.255000000001,95.20415594736484,-7.164417503507025
2026-07-29,DEL_BLR,15,8807.85,8958.545,98.31786300119049,8936.68,98.55841319147603,0.24055019028554625
2026-07-29,DEL_BOM,15,7833.58,7519.805,104.17264809393328,7972.299999999999,98.25997516400537,-5.912672929927908
2026-07-29,DEL_CCU,15,8627.085,8472.825,101.82064423613137,8531.59,101.11931070292874,-0.7013335332026287
2026-07-29,HYD_DEL,15,7420.969999999999,7450.45,99.60431920219584,7321.14,101.36358545253881,1.759266250342975
2026-07-29,MAA_DEL,15,8870.98,9493.135,93.44626406345216,9318.744999999999,95.19500748223071,1.7487434187785453
2026-07-29,BLR_DEL,30,7702.42,7815.85,98.54871830958885,7815.85,98.54871830958885,0.0
2026-07-29,BLR_HYD,30,4313.705,4301.545,100.28268912681372,4560.139999999999,94.5958895998807,-5.686799526933015
2026-07-29,BOM_BLR,30,6086.639999999999,6115.514999999999,99.52784025548135,6115.514999999999,99.52784025548135,0.0
2026-07-29,BOM_DEL,30,6920.66,6848.37,101.05557964887994,6988.25,99.0328050656459,-2.022774583234039
2026-07-29,CCU_DEL,30,6885.525,6733.35,102.2600191583684,7502.62,91.77493995430929,-10.485079204059105
2026-07-29,DEL_BLR,30,8085.67,7623.15,106.06730813377672,7819.21,103.40776114211026,-2.65954699166646
2026-07-29,DEL_BOM,30,6462.37,7151.67,90.36169174472536,7062.97,91.49649510050304,1.1348033557776773
2026-07-29,DEL_CCU,30,7251.0,7713.21,94.00755327548453,7450.09,97.32768328973206,3.320130014247539
2026-07-29,HYD_DEL,30,6506.35,6347.889999999999,102.49626253763063,6342.99,102.57544155043601,0.07917901280538331
2026-07-29,MAA_DEL,30,7920.105,8161.56,97.04155823151456,8088.77,97.91482512174285,0.8732668902282938
2026-07-29,BLR_DEL,45,7987.865,8566.51,93.24526557489573,7502.725,106.46618395316368,13.220918378267953
2026-07-29,BLR_HYD,45,4953.2,4603.35,107.59990007277307,4361.68,113.56174684983766,5.9618467770645935
2026-07-29,BOM_BLR,45,6403.965,6142.85,104.25071424501655,5910.59,108.3473054297456,4.09659118472905
2026-07-29,BOM_DEL,45,6983.355,7155.57,97.59327349183923,6577.48,106.17067630764365,8.577402815804419
2026-07-29,CCU_DEL,45,7646.66,7085.785,107.91549560140479,7073.35,108.10521181618327,0.18971621477848544
2026-07-29,DEL_BLR,45,8856.56,8901.25,99.49793568319055,7363.1,120.28303296166017,20.78509727846962
2026-07-29,DEL_BOM,45,6961.54,7146.81,97.40765460394218,6642.674999999999,104.80024989932521,7.392595295383032
2026-07-29,DEL_CCU,45,7485.215,7506.02,99.72282248115512,6865.219999999999,109.03095603636883,9.308133555213715
2026-07-29,HYD_DEL,45,6032.07,6175.18,97.6824967045495,6123.91,98.50030454399231,0.8178078394428212
2026-07-29,MAA_DEL,45,7956.375,8226.95,96.71111408237559,7682.245000000001,103.56835794744894,6.857243865073357
2026-07-30,BLR_DEL,1,12957.175,12766.82,101.49101342385967,13358.3,96.99718527058083,-4.493828153278841
2026-07-30,BLR_HYD,1,7886.67,7969.66,98.95867577788763,7613.44,103.58878509583053,4.630109317942896
2026-07-30,BOM_BLR,1,10430.79,10536.8,98.99390706855972,10337.22,100.90517566618493,1.9112685976252095
2026-07-30,BOM_DEL,1,12001.99,11787.115,101.82296516153444,11827.42,101.47597700935623,-0.34698815217821277
2026-07-30,CCU_DEL,1,12623.55,12308.66,102.55828010522671,12623.55,100.0,-2.5582801052267143
2026-07-30,DEL_BLR,1,12601.91,13136.69,95.92911151895949,13157.8,95.7752055814802,-0.15390593747929415
2026-07-30,DEL_BOM,1,11440.404999999999,11601.5,98.61142955652285,11927.8,95.91378963429969,-2.6976399222231606
2026-07-30,DEL_CCU,1,12981.15,11537.265,112.51496780216108,12325.0,105.32373225152129,-7.191235550639789
2026-07-30,HYD_DEL,1,10428.490000000002,10507.67,99.24645520843347,10728.94,97.19963015917696,-2.046825049256512
2026-07-30,MAA_DEL,1,13177.61,14184.83,92.8993156773821,14184.83,92.8993156773821,0.0
2026-07-30,BLR_DEL,7,9938.625,10173.86,97.68784905630704,10508.55,94.5765590876001,-3.1112899687069415
2026-07-30,BLR_HYD,7,6044.73,5977.64,101.12234928834789,6172.19,97.93493071340966,-3.187418574938235
2026-07-30,BOM_BLR,7,8486.475,7932.34,106.98576964678772,8250.02,102.86611426396541,-4.119655382822302
2026-07-30,BOM_DEL,7,9447.32,9014.355,104.8030613393859,9447.32,100.0,-4.803061339385906
2026-07-30,CCU_DEL,7,9879.91,10115.5,97.6709999505709,9879.91,100.0,2.329000049429098
2026-07-30,DEL_BLR,7,10578.72,9534.44,110.95271457998581,10578.72,100.0,-10.952714579985809
2026-07-30,DEL_BOM,7,9132.39,9592.17,95.20671547731118,9533.93,95.78830555709973,0.5815900797885547
2026-07-30,DEL_CCU,7,9173.91,10379.28,88.38676671214188,9891.904999999999,92.74159021947746,4.354823507335581
2026-07-30,HYD_DEL,7,8390.005000000001,8597.87,97.58236633026553,8497.07,98.73997742751325,1.1576110972477238
2026-07-30,MAA_DEL,7,10829.82,11078.26,97.75740955709651,11078.26,97.75740955709651,0.0
2026-07-30,BLR_DEL,15,8747.27,8999.96,97.19232085475937,8999.96,97.19232085475937,0.0
2026-07-30,BLR_HYD,15,5057.57,5421.8,93.282120329042,5185.2,97.53857131836766,4.256450989325657
2026-07-30,BOM_BLR,15,6721.92,6400.97,105.01408380292361,7089.44,94.81595161253922,-10.198132190384385
2026-07-30,BOM_DEL,15,7480.23,7879.1,94.93761977890874,8033.74,93.11018280402402,-1.8274369748847192
2026-07-30,CCU_DEL,15,8108.54,7770.5,104.35029920854512,8355.255000000001,97.04718766812023,-7.303111540424894
2026-07-30,DEL_BLR,15,8651.515,8958.545,96.57276935038,8936.68,96.80904989324894,0.23628054286893985
2026-07-30,DEL_BOM,15,7480.61,7519.805,99.4787763778449,7972.299999999999,93.8325201008492,-5.6462562769957
2026-07-30,DEL_CCU,15,8042.33,8472.825,94.91910903388184,8531.59,94.26531279632519,-0.653796237556648
2026-07-30,HYD_DEL,15,7362.52,7450.45,98.8198028307015,7321.14,100.5652125215472,1.7454096908456904
2026-07-30,MAA_DEL,15,9975.1,9493.135,105.0769845788562,9318.744999999999,107.04338406083653,1.966399481980332
2026-07-30,BLR_DEL,30,8834.425,7815.85,113.03217180473011,7815.85,113.03217180473011,0.0
2026-07-30,BLR_HYD,30,4808.14,4301.545,111.77704754919453,4560.139999999999,105.43842952190066,-6.338618027293876
2026-07-30,BOM_BLR,30,6436.7,6115.514999999999,105.25196978504671,6115.514999999999,105.25196978504671,0.0
2026-07-30,BOM_DEL,30,7385.375,6848.37,107.84135495015603,6988.25,105.68275319285945,-2.15860175729658
2026-07-30,CCU_DEL,30,7720.68,6733.35,114.66328053643431,7502.62,102.9064513463297,-11.756829190104611
2026-07-30,DEL_BLR,30,8011.93,7623.15,105.09999147334108,7819.21,102.4646991192205,-2.6352923541205797
2026-07-30,DEL_BOM,30,7337.110000000001,7151.67,102.59296080495885,7062.97,103.8813700185616,1.2884092136027476
2026-07-30,DEL_CCU,30,7745.11,7713.21,100.41357618942048,7450.09,103.95995216165173,3.546375972231246
2026-07-30,HYD_DEL,30,7152.6,6347.889999999999,112.67681071978251,6342.99,112.76385427062002,0.0870435508375067
2026-07-30,MAA_DEL,30,8347.47,8161.56,102.27787334774231,8088.77,103.19826129312612,0.9203879453838084
2026-07-30,BLR_DEL,45,8035.725,8566.51,93.80395283493512,7502.725,107.104085515596,13.30013268066088
2026-07-30,BLR_HYD,45,4614.014999999999,4603.35,100.23167910326174,4361.68,105.78527081308118,5.553591709819443
2026-07-30,BOM_BLR,45,6214.46,6142.85,101.16574554156456,5910.59,105.14111112427015,3.9753655827055923
2026-07-30,BOM_DEL,45,7092.55,7155.57,99.11928749212153,6577.48,107.83081058399266,8.711523091871129
2026-07-30,CCU_DEL,45,7364.17,7085.785,103.92878135591188,7073.35,104.11148889847101,0.1827075425591289
2026-07-30,DEL_BLR,45,8214.22,8901.25,92.28164583625895,7363.1,111.5592617240021,19.277615887743153
2026-07-30,DEL_BOM,45,7241.12,7146.81,101.31960972797654,6642.674999999999,109.00909648597892,7.689486758002374
2026-07-30,DEL_CCU,45,7273.53,7506.02,96.90261949741674,6865.219999999999,105.94751515610572,9.044895658688986
2026-07-30,HYD_DEL,45,5980.27,6175.18,96.84365475986125,6123.91,97.65443972886605,0.8107849690047999
2026-07-30,MAA_DEL,45,8286.67,8226.95,100.7259069278408,7682.245000000001,107.8678172851816,7.141910357340805
2026-07-31,BLR_DEL,1,14439.17,12766.82,113.09918993140032,13358.3,108.09137390236782,-5.007816029032497
2026-07-31,BLR_HYD,1,8025.47,7969.66,100.70028081499085,7613.44,105.41187689139207,4.7115960764012215
2026-07-31,BOM_BLR,1,11140.445,10536.8,105.7289214941918,10337.22,107.77022255500029,2.041301060808493
2026-07-31,BOM_DEL,1,12161.395,11787.115,103.17533170754676,11827.42,102.82373501575152,-0.3515966917952369
2026-07-31,CCU_DEL,1,14262.13,12308.66,115.87069591653356,12623.55,112.98034229673904,-2.8903536197945243
2026-07-31,DEL_BLR,1,13262.0,13136.69,100.95389325621598,13157.8,100.79192570186505,-0.16196755435092314
2026-07-31,DEL_BOM,1,12603.87,11601.5,108.64000344783003,11927.8,105.66801924914905,-2.971984198680971
2026-07-31,DEL_CCU,1,14835.974999999999,11537.265,128.59178496810117,12325.0,120.37302231237321,-8.218762655727957
2026-07-31,HYD_DEL,1,12046.75,10507.67,114.64720532715627,10728.94,112.28276045909473,-2.3644448680615398
2026-07-31,MAA_DEL,1,14828.27,14184.83,104.5361135804941,14184.83,104.5361135804941,0.0
2026-07-31,BLR_DEL,7,10297.48,10173.86,101.21507471107327,10508.55,97.99144506140239,-3.223629649670883
2026-07-31,BLR_HYD,7,6644.43,5977.64,111.15473665192283,6172.19,107.65109304801052,-3.503643603912309
2026-07-31,BOM_BLR,7,8239.495,7932.34,103.87218651747152,8250.02,99.87242455169806,-3.999761965773459
2026-07-31,BOM_DEL,7,9308.32,9014.355,103.261076360982,9447.32,98.52868326678889,-4.732393094193114
2026-07-31,CCU_DEL,7,9984.02,10115.5,98.70021254510405,9879.91,101.05375453824985,2.3535419931457966
2026-07-31,DEL_BLR,7,10021.73,9534.44,105.11084028007937,10578.72,94.734807235658,-10.376033044421376
2026-07-31,DEL_BOM,7,9486.325,9592.17,98.89654791355868,9533.93,99.50067810441236,0.6041301908536809
2026-07-31,DEL_CCU,7,9798.63,10379.28,94.40568131893541,9891.904999999999,99.05705726045692,4.651375941521508
2026-07-31,HYD_DEL,7,8303.14,8597.87,96.57205796319319,8497.07,97.7176838604366,1.1456258972434057
2026-07-31,MAA_DEL,7,10992.29,11078.26,99.22397560627752,11078.26,99.22397560627752,0.0
2026-07-31,BLR_DEL,15,9626.15,8999.96,106.95769758976708,8999.96,106.95769758976708,0.0
2026-07-31,BLR_HYD,15,5690.94,5421.8,104.96403408462133,5185.2,109.75352927563064,4.789495191009308
2026-07-31,BOM_BLR,15,7934.03,6400.97,123.95043251257229,7089.44,111.91335281771198,-12.03707969486031
2026-07-31,BOM_DEL,15,8447.035,7879.1,107.20812021677601,8033.74,105.14449061084873,-2.063629605927275
2026-07-31,CCU_DEL,15,9273.58,7770.5,119.34341419471077,8355.255000000001,110.99098710931024,-8.352427085400535
2026-07-31,DEL_BLR,15,9312.38,8958.545,103.94969272353936,8936.68,104.20402207531208,0.254329351772725
2026-07-31,DEL_BOM,15,7858.295,7519.805,104.50131353140142,7972.299999999999,98.5699860767909,-5.931327454610525
2026-07-31,DEL_CCU,15,9794.26,8472.825,115.59615594562615,8531.59,114.79993764351077,-0.7962183021153777
2026-07-31,HYD_DEL,15,8014.77,7450.45,107.57430759215887,7321.14,109.47434415951614,1.9000365673572617
2026-07-31,MAA_DEL,15,10140.47,9493.135,106.81898024203804,9318.744999999999,108.81797924505929,1.9989990030212539
2026-07-31,BLR_DEL,30,8190.84,7815.85,104.79781469705789,7815.85,104.79781469705789,0.0
2026-07-31,BLR_HYD,30,4905.57,4301.545,114.04204768286743,4560.139999999999,107.57498673286348,-6.467060950003955
2026-07-31,BOM_BLR,30,6398.16,6115.514999999999,104.6217693849169,6115.514999999999,104.6217693849169,0.0
2026-07-31,BOM_DEL,30,7807.33,6848.37,114.00274809918271,6988.25,111.72081708582262,-2.2819310133600936
2026-07-31,CCU_DEL,30,7977.5650000000005,6733.35,118.47839485545828,7502.62,106.33038858425456,-12.148006271203712
2026-07-31,DEL_BLR,30,8560.59,7623.15,112.29727868400859,7819.21,109.48152051166295,-2.815758172345639
2026-07-31,DEL_BOM,30,7509.82,7151.67,105.00792122679039,7062.97,106.32665861528506,1.318737388494668
2026-07-31,DEL_CCU,30,7680.78,7713.21,99.57955248204054,7450.09,103.0964726600618,3.516920178021266
2026-07-31,HYD_DEL,30,6553.71,6347.889999999999,103.24233721756364,6342.99,103.32209257779061,0.07975536022696872
2026-07-31,MAA_DEL,30,9208.62,8161.56,112.82916501257112,8088.77,113.84450293431512,1.015337921743992
2026-07-31,BLR_DEL,45,7228.8,8566.51,84.38442259449882,7502.725,96.34899319913764,11.964570604638823
2026-07-31,BLR_HYD,45,3935.765,4603.35,85.49784396146283,4361.68,90.23506997303791,4.737226011575075
2026-07-31,BOM_BLR,45,5650.37,6142.85,91.98287439869115,5910.59,95.59739383039594,3.6145194317047924
2026-07-31,BOM_DEL,45,6214.08,7155.57,86.84255761595513,6577.48,94.47508772356586,7.632530107610734
2026-07-31,CCU_DEL,45,6860.35,7085.785,96.81848941225284,7073.35,96.98869701061025,0.17020759835740762
2026-07-31,DEL_BLR,45,7099.8150000000005,8901.25,79.76199971914058,7363.1,96.4242642365308,16.662264517390227
2026-07-31,DEL_BOM,45,6271.18,7146.81,87.74796027878172,6642.674999999999,94.40744880639201,6.659488527610293
2026-07-31,DEL_CCU,45,6500.625,7506.02,86.60548466430944,6865.219999999999,94.68924520991317,8.083760545603724
2026-07-31,HYD_DEL,45,6311.43,6175.18,102.20641341628908,6123.91,103.06209594850351,0.8556825322144306
2026-07-31,MAA_DEL,45,7261.549999999999,8226.95,88.26539604592223,7682.245000000001,94.52380131068455,6.258405264762317
2026-08-01,BLR_DEL,1,14877.195,12766.82,116.53015394593172,13358.3,111.37042138595481,-5.159732559976902
2026-08-01,BLR_HYD,1,8634.22,7969.66,108.33862423240137,7613.44,113.40760549764626,5.0689812652448865
2026-08-01,BOM_BLR,1,10921.18,10536.8,103.64797661529117,10337.22,105.64910101555351,2.0011244002623414
2026-08-01,BOM_DEL,1,14271.21,11787.115,121.07466500496515,11827.42,120.66207169441856,-0.41259331054659754
2026-08-01,CCU_DEL,1,14185.88,12308.66,115.25121337334852,12623.55,112.3763125269833,-2.8749008463652217
2026-08-01,DEL_BLR,1,14304.07,13136.69,108.88640898125783,13157.8,108.71171472434602,-0.17469425691180618
2026-08-01,DEL_BOM,1,12007.244999999999,11601.5,103.4973494806706,11927.8,100.6660490618555,-2.83130041881509
2026-08-01,DEL_CCU,1,14398.77,11537.265,124.80228199664307,12325.0,116.8257200811359,-7.976561915507176
2026-08-01,HYD_DEL,1,11894.465,10507.67,113.1979306544648,10728.94,110.86337513305136,-2.334555521413435
2026-08-01,MAA_DEL,1,14666.94,14184.83,103.39877178647893,14184.83,103.39877178647893,0.0
2026-08-01,BLR_DEL,7,11214.095000000001,10173.86,110.22458535894933,10508.55,106.71400906880591,-3.510576290143419
2026-08-01,BLR_HYD,7,5870.52,5977.64,98.20798843690821,6172.19,95.11243173006665,-3.0955567068415633
2026-08-01,BOM_BLR,7,9079.61,7932.34,114.46319749279532,8250.02,110.05561198639519,-4.407585506400125
2026-08-01,BOM_DEL,7,10141.529999999999,9014.355,112.5042224318878,9447.32,107.34822150620494,-5.156000925682861
2026-08-01,CCU_DEL,7,10464.09,10115.5,103.4460975730315,9879.91,105.91280689803855,2.4667093250070593
2026-08-01,DEL_BLR,7,12249.48,9534.44,128.47613493818199,10578.72,115.79359317573392,-12.682541762448068
2026-08-01,DEL_BOM,7,10278.23,9592.17,107.15229192143174,9533.93,107.80685404654741,0.6545621251156746
2026-08-01,DEL_CCU,7,10706.060000000001,10379.28,103.14838794213085,9891.904999999999,108.23051778196418,5.082129839833328
2026-08-01,HYD_DEL,7,9177.74,8597.87,106.74434482028687,8497.07,108.01064366893529,1.2662988486484181
2026-08-01,MAA_DEL,7,11562.865,11078.26,104.37437828684288,11078.26,104.37437828684288,0.0
2026-08-01,BLR_DEL,15,10488.525,8999.96,116.53968462082054,8999.96,116.53968462082054,0.0
2026-08-01,BLR_HYD,15,5731.76,5421.8,105.71692057988122,5185.2,110.54076988351463,4.823849303633409
2026-08-01,BOM_BLR,15,8198.14,6400.97,128.07652590154305,7089.44,115.63875284930828,-12.437773052234775
2026-08-01,BOM_DEL,15,8344.32,7879.1,105.90448147631074,8033.74,103.86594537537934,-2.0385361009313954
2026-08-01,CCU_DEL,15,9075.564999999999,7770.5,116.79512257898462,8355.255000000001,108.62104148826094,-8.174081090723675
2026-08-01,DEL_BLR,15,9816.43,8958.545,109.576164432952,8936.68,109.84425983698645,0.26809540403445453
2026-08-01,DEL_BOM,15,8360.5,7519.805,111.17974468752847,7972.299999999999,104.86936015955246,-6.310384527976012
2026-08-01,DEL_CCU,15,8561.18,8472.825,101.042804495549,8531.59,100.34682866851314,-0.6959758270358662
2026-08-01,HYD_DEL,15,7711.379999999999,7450.45,103.50220456482492,7321.14,105.33031740958374,1.8281128447588202
2026-08-01,MAA_DEL,15,10268.345000000001,9493.135,108.16600627716765,9318.744999999999,110.19021338173758,2.024207104569925
2026-08-01,BLR_DEL,30,7789.1,7815.85,99.65774675819009,7815.85,99.65774675819009,0.0
2026-08-01,BLR_HYD,30,4171.45,4301.545,96.97562154993147,4560.139999999999,91.47635818198565,-5.499263367945829
2026-08-01,BOM_BLR,30,5800.085,6115.514999999999,94.84213512680454,6115.514999999999,94.84213512680454,0.0
2026-08-01,BOM_DEL,30,6823.36,6848.37,99.63480361020213,6988.25,97.64046792830823,-1.9943356818939009
2026-08-01,CCU_DEL,30,6875.335,6733.35,102.10868289929975,7502.62,91.63912073382366,-10.469562165476091
2026-08-01,DEL_BLR,30,7146.15,7623.15,93.74274414120147,7819.21,91.3922250457527,-2.3505190954487745
2026-08-01,DEL_BOM,30,6993.415,7151.67,97.78716020174308,7062.97,99.01521597854726,1.228055776804183
2026-08-01,DEL_CCU,30,7231.05,7713.21,93.74890609746137,7450.09,97.05990128978308,3.3109951923217125
2026-08-01,HYD_DEL,30,6394.93,6347.889999999999,100.74103363479834,6342.99,100.81885672214523,0.0778230873468857
2026-08-01,MAA_DEL,30,7961.46,8161.56,97.54826283210562,8088.77,98.42608950433748,0.877826672231862
2026-08-01,BLR_DEL,45,7291.31,8566.51,85.11412465519797,7502.725,97.182157149569,12.068032494371025
2026-08-01,BLR_HYD,45,4191.084999999999,4603.35,91.04423952121822,4361.68,96.08877771867718,5.044538197458962
2026-08-01,BOM_BLR,45,5824.47,6142.85,94.81706374077179,5910.59,98.54295425668165,3.7258905159098674
2026-08-01,BOM_DEL,45,6765.855,7155.57,94.5536833543659,6577.48,102.86393877290392,8.31025541853802
2026-08-01,CCU_DEL,45,6793.31,7085.785,95.8723698221157,7073.35,96.04091413545208,0.1685443133363833
2026-08-01,DEL_BLR,45,7304.53,8901.25,82.06184524645414,7363.1,99.20454699786774,17.142701751413597
2026-08-01,DEL_BOM,45,6611.9349999999995,7146.81,92.51589170553015,6642.674999999999,99.53723462309988,7.021342917569726
2026-08-01,DEL_CCU,45,6902.61,7506.02,91.96098598191851,6865.219999999999,100.54462930539736,8.583643323478853
2026-08-01,HYD_DEL,45,5716.07,6175.18,92.56523696475244,6123.91,93.34020258299027,0.7749656182378288
2026-08-01,MAA_DEL,45,7796.9349999999995,8226.95,94.77309330918504,7682.245000000001,101.49292296717948,6.719829657994438
2026-08-02,BLR_DEL,1,12950.46,12766.82,101.43841614434919,13358.3,96.9469168981083,-4.491499246240892
2026-08-02,BLR_HYD,1,7327.895,7969.66,91.94739800694133,7613.44,96.24946147864829,4.302063471706958
2026-08-02,BOM_BLR,1,9996.105,10536.8,94.8685084655683,10337.22,96.70012827433294,1.8316198087646427
2026-08-02,BOM_DEL,1,12039.04,11787.115,102.13729144069606,11827.42,101.78923214023008,-0.34805930046597666
2026-08-02,CCU_DEL,1,11710.38,12308.66,95.13935716804266,12623.55,92.76613947740533,-2.3732176906373326
2026-08-02,DEL_BLR,1,13172.59,13136.69,100.27328040777394,13157.8,100.11240480931463,-0.1608755984593131
2026-08-02,DEL_BOM,1,11713.88,11601.5,100.96866784467524,11927.8,98.20654269856973,-2.762125146105504
2026-08-02,DEL_CCU,1,11982.77,11537.265,103.86144376505177,12325.0,97.2232860040568,-6.638157760994972
2026-08-02,HYD_DEL,1,11084.725,10507.67,105.49175031191503,10728.94,103.31612442608495,-2.1756258858300725
2026-08-02,MAA_DEL,1,13644.795,14184.83,96.19286942458952,14184.83,96.19286942458952,0.0
2026-08-02,BLR_DEL,7,11633.68,10173.86,114.34873292929133,10508.55,110.70680541083213,-3.641927518459198
2026-08-02,BLR_HYD,7,7314.805,5977.64,122.36944680509365,6172.19,118.51231086534926,-3.8571359397443814
2026-08-02,BOM_BLR,7,9447.36,7932.34,119.09928217902915,8250.02,114.51317693775287,-4.586105241276272
2026-08-02,BOM_DEL,7,10081.23,9014.355,111.83528938010541,9447.32,106.70994525431551,-5.125344125789894
2026-08-02,CCU_DEL,7,10537.12,10115.5,104.16805891948002,9879.91,106.65198367191604,2.4839247524360246
2026-08-02,DEL_BLR,7,12126.715,9534.44,127.18853965204038,10578.72,114.63310305972747,-12.555436592312901
2026-08-02,DEL_BOM,7,10371.15,9592.17,108.12099868955616,9533.93,108.78147836201859,0.6604796724624293
2026-08-02,DEL_CCU,7,10477.07,10379.28,100.94216554520159,9891.904999999999,105.91559462004538,4.973429074843793
2026-08-02,HYD_DEL,7,9337.26,8597.87,108.59968806227589,8497.07,109.88799668591645,1.2883086236405603
2026-08-02,MAA_DEL,7,11616.39,11078.26,104.85753177845618,11078.26,104.85753177845618,0.0
2026-08-02,BLR_DEL,15,9444.51,8999.96,104.93946639762845,8999.96,104.93946639762845,0.0
2026-08-02,BLR_HYD,15,5101.9349999999995,5421.8,94.10039101405437,5185.2,98.39417958805832,4.293788574003955
2026-08-02,BOM_BLR,15,6748.32,6400.97,105.42652129286654,7089.44,95.18833645534768,-10.238184837518858
2026-08-02,BOM_DEL,15,7694.29,7879.1,97.6544275361399,8033.74,95.77469522289744,-1.8797323132424708
2026-08-02,CCU_DEL,15,7269.61,7770.5,93.55395405701049,8355.255000000001,87.0064408566824,-6.547513200328083
2026-08-02,DEL_BLR,15,8777.189999999999,8958.545,97.97561992488734,8936.68,98.21533276339758,0.2397128385102434
2026-08-02,DEL_BOM,15,8172.53,7519.805,108.68007880523496,7972.299999999999,102.51157131568056,-6.1685074895544005
2026-08-02,DEL_CCU,15,8424.46,8472.825,99.4291750390218,8531.59,98.74431377972921,-0.6848612592925889
2026-08-02,HYD_DEL,15,7638.19,7450.45,102.51984779442853,7321.14,104.33060971378774,1.8107619193592086
2026-08-02,MAA_DEL,15,9430.810000000001,9493.135,99.34347294123597,9318.744999999999,101.20257609796171,1.8591031567257374
2026-08-02,BLR_DEL,30,7516.4,7815.85,96.16868286878587,7815.85,96.16868286878587,0.0
2026-08-02,BLR_HYD,30,4346.9400000000005,4301.545,101.05531849602876,4560.139999999999,95.32470494326931,-5.730613552759451
2026-08-02,BOM_BLR,30,5869.174999999999,6115.514999999999,95.97188462459826,6115.514999999999,95.97188462459826,0.0
2026-08-02,BOM_DEL,30,6633.72,6848.37,96.86567752618507,6988.25,94.92676993524846,-1.9389075909366085
2026-08-02,CCU_DEL,30,7244.03,6733.35,107.58433766253053,7502.62,96.55333736747963,-11.031000295050902
2026-08-02,DEL_BLR,30,7019.22,7623.15,92.07768442179415,7819.21,89.76891527404943,-2.3087691477447123
2026-08-02,DEL_BOM,30,6893.67,7151.67,96.39245099396365,7062.97,97.60299137614913,1.210540382185485
2026-08-02,DEL_CCU,30,7270.55,7713.21,94.2610145451764,7450.09,97.59009622702544,3.329081681849047
2026-08-02,HYD_DEL,30,6556.805,6347.889999999999,103.29109357597565,6342.99,103.3708866007987,0.07979302482304718
2026-08-02,MAA_DEL,30,8479.41,8161.56,103.89447605604809,8088.77,104.82941164107768,0.9349355850295922
2026-08-02,BLR_DEL,45,7630.43,8566.51,89.07279627292795,7502.725,101.70211489825363,12.62931862532568
2026-08-02,BLR_HYD,45,4055.17,4603.35,88.09171581565597,4361.68,92.97266191008968,4.88094609443371
2026-08-02,BOM_BLR,45,5401.22,6142.85,87.92693944992959,5910.59,91.38207860805774,3.455139158128148
2026-08-02,BOM_DEL,45,7110.57,7155.57,99.37111928190208,6577.48,108.10477568916971,8.733656407267631
2026-08-02,CCU_DEL,45,6783.89,7085.785,95.73942760047053,7073.35,95.90773820042837,0.16831059995783448
2026-08-02,DEL_BLR,45,7273.79,8901.25,81.71650049150401,7363.1,98.78705979818282,17.070559306678817
2026-08-02,DEL_BOM,45,6452.925,7146.81,90.29098297002437,6642.674999999999,97.14347006288884,6.852487092864465
2026-08-02,DEL_CCU,45,6757.3150000000005,7506.02,90.02527304750055,6865.219999999999,98.42823682270927,8.402963775208718
2026-08-02,HYD_DEL,45,6060.86,6175.18,98.14871793210885,6123.91,98.97042902328741,0.8217110911785568
2026-08-02,MAA_DEL,45,7779.16,8226.95,94.55703511021703,7682.245000000001,101.26154529047172,6.704510180254687
2026-08-03,BLR_DEL,1,12168.32,12766.82,95.3120667480234,13358.3,91.09183054730018,-4.220236200723221
2026-08-03,BLR_HYD,1,7463.27,7969.66,93.64602755951948,7613.44,98.02756703934097,4.381539479821484
2026-08-03,BOM_BLR,1,10307.6,10536.8,97.8247665325336,10337.22,99.7134626137395,1.888696081205893
2026-08-03,BOM_DEL,1,11763.314999999999,11787.115,99.79808460339954,11827.42,99.4579967566891,-0.34008784671044623
2026-08-03,CCU_DEL,1,13098.875,12308.66,106.4199921031209,12623.55,103.76538295487403,-2.6546091482468768
2026-08-03,DEL_BLR,1,14121.9,13136.69,107.49968218782662,13157.8,107.32721275593184,-0.1724694318947826
2026-08-03,DEL_BOM,1,11685.47,11601.5,100.72378571736414,11927.8,97.96835963044317,-2.755426086920963
2026-08-03,DEL_CCU,1,12815.55,11537.265,111.07961895648579,12325.0,103.98012170385395,-7.099497252631835
2026-08-03,HYD_DEL,1,11009.5,10507.67,104.77584469249605,10728.94,102.61498340003766,-2.1608612924583923
2026-08-03,MAA_DEL,1,13813.16,14184.83,97.37980645520602,14184.83,97.37980645520602,0.0
2026-08-03,BLR_DEL,7,9606.115,10173.86,94.41957133280779,10508.55,91.41237373376917,-3.0071975990386193
2026-08-03,BLR_HYD,7,6170.36,5977.64,103.22401482859456,6172.19,99.97035088031963,-3.2536639482749337
2026-08-03,BOM_BLR,7,8509.8,7932.34,107.27981906978268,8250.02,103.14884085129489,-4.130978218487783
2026-08-03,BOM_DEL,7,8731.26,9014.355,96.85950908301261,9447.32,92.42049597134427,-4.439013111668345
2026-08-03,CCU_DEL,7,10044.95,10115.5,99.30255548415798,9879.91,101.67046056087557,2.367905076717591
2026-08-03,DEL_BLR,7,10800.11,9534.44,113.27471776003625,10578.72,102.09278627281941,-11.181931487216843
2026-08-03,DEL_BOM,7,9302.595000000001,9592.17,96.98113148536777,9533.93,97.5735609554507,0.5924294700829336
2026-08-03,DEL_CCU,7,9621.525,10379.28,92.69934908779798,9891.904999999999,97.26665389528105,4.567304807483069
2026-08-03,HYD_DEL,7,8383.65,8597.87,97.50845267490668,8497.07,98.66518694091022,1.1567342660035393
2026-08-03,MAA_DEL,7,11018.68,11078.26,99.46218991068994,11078.26,99.46218991068994,0.0
2026-08-03,BLR_DEL,15,8188.86,8999.96,90.98773772327877,8999.96,90.98773772327877,0.0
2026-08-03,BLR_HYD,15,4852.4,5421.8,89.49795270943228,5185.2,93.58173262362108,4.083779914188796
2026-08-03,BOM_BLR,15,6732.025,6400.97,105.17195050125214,7089.44,94.95848755331873,-10.213462947933408
2026-08-03,BOM_DEL,15,7971.08,7879.1,101.16739221484687,8033.74,99.22003948347843,-1.94735273136844
2026-08-03,CCU_DEL,15,7886.56,7770.5,101.49359758059326,8355.255000000001,94.3904165701705,-7.103181010422759
2026-08-03,DEL_BLR,15,8415.75,8958.545,93.94103618388924,8936.68,94.17087777563927,0.22984159175003072
2026-08-03,DEL_BOM,15,8237.105,7519.805,109.53881117927924,7972.299999999999,103.32156341331861,-6.217247765960622
2026-08-03,DEL_CCU,15,8253.76,8472.825,97.41449870615763,8531.59,96.74351439766797,-0.6709843084896647
2026-08-03,HYD_DEL,15,7094.1,7450.45,95.21706742545753,7321.14,96.8988436227145,1.6817761972569656
2026-08-03,MAA_DEL,15,8981.005000000001,9493.135,94.6052594848804,9318.744999999999,96.37569222035802,1.7704327354776126
2026-08-03,BLR_DEL,30,7279.92,7815.85,93.14303626604912,7815.85,93.14303626604912,0.0
2026-08-03,BLR_HYD,30,4315.385,4301.545,100.32174486143933,4560.139999999999,94.63273057406134,-5.6890142873779865
2026-08-03,BOM_BLR,30,6225.32,6115.514999999999,101.7955151773808,6115.514999999999,101.7955151773808,0.0
2026-08-03,BOM_DEL,30,6694.825000000001,6848.37,97.75793363968361,6988.25,95.80116624333705,-1.9567673963465637
2026-08-03,CCU_DEL,30,7053.225,6733.35,104.75060705295284,7502.62,94.0101591177482,-10.740447935204642
2026-08-03,DEL_BLR,30,7440.09,7623.15,97.59863048739696,7819.21,95.15142834122628,-2.4472021461706817
2026-08-03,DEL_BOM,30,6618.19,7151.67,92.54048355139429,7062.97,93.70264916883406,1.1621656174397685
2026-08-03,DEL_CCU,30,7436.88,7713.21,96.41744487703563,7450.09,99.82268670579818,3.4052418287625414
2026-08-03,HYD_DEL,30,5990.745,6347.889999999999,94.37379979804314,6342.99,94.4467041568724,0.0729043588292626
2026-08-03,MAA_DEL,30,8198.03,8161.56,100.44685084714197,8088.77,101.35076161146874,0.903910764326767
2026-08-03,BLR_DEL,45,7236.31,8566.51,84.47208956739675,7502.725,96.44909016390712,11.977000596510365
2026-08-03,BLR_HYD,45,4170.59,4603.35,90.59902027871006,4361.68,95.61888996900277,5.019869690292708
2026-08-03,BOM_BLR,45,5692.98,6142.85,92.6765263680539,5910.59,96.31830324891423,3.641776880860334
2026-08-03,BOM_DEL,45,6328.35,7155.57,88.43949538611182,6577.48,96.2123792090588,7.77288382294698
2026-08-03,CCU_DEL,45,6584.530000000001,7085.785,92.92590729185264,7073.35,93.08927170294132,0.16336441108867916
2026-08-03,DEL_BLR,45,7147.295,8901.25,80.29540794832187,7363.1,97.06910132960301,16.77369338128115
2026-08-03,DEL_BOM,45,6232.56,7146.81,87.20757932560122,6642.674999999999,93.82605652090461,6.618477195303399
2026-08-03,DEL_CCU,45,6805.07,7506.02,90.66149570611321,6865.219999999999,99.12384453812115,8.462348832007933
2026-08-03,HYD_DEL,45,6129.66,6175.18,99.26285549571024,6123.91,100.09389426036634,0.8310387646560997
2026-08-03,MAA_DEL,45,7514.9400000000005,8226.95,91.34539531661187,7682.245000000001,97.82218609273721,6.476790776125341
2026-08-04,BLR_DEL,1,13193.41,12766.82,103.34139589968372,13358.3,98.76563634594223,-4.5757595537414915
2026-08-04,BLR_HYD,1,7690.55,7969.66,96.49784306984238,7613.44,101.0128141812374,4.5149711113950275
2026-08-04,BOM_BLR,1,9562.310000000001,10536.8,90.75155644977603,10337.22,92.50369054736188,1.7521340975858521
2026-08-04,BOM_DEL,1,12072.13,11787.115,102.41802171269221,11827.42,102.06900575104292,-0.34901596164928606
2026-08-04,CCU_DEL,1,11729.08,12308.66,95.29128272289591,12623.55,92.91427530290608,-2.3770074199898374
2026-08-04,DEL_BLR,1,14024.35,13136.69,106.75710548090882,13157.8,106.58582741795742,-0.17127806295140147
2026-08-04,DEL_BOM,1,11209.275000000001,11601.5,96.61918717407232,11927.8,93.97604755277588,-2.6431396212964415
2026-08-04,DEL_CCU,1,12329.305,11537.265,106.86505857324072,12325.0,100.03492900608519,-6.830129567155524
2026-08-04,HYD_DEL,1,10509.11,10507.67,100.01370427506764,10728.94,97.95105574269219,-2.062648532375448
2026-08-04,MAA_DEL,1,12956.055,14184.83,91.33740058922102,14184.83,91.33740058922102,0.0
2026-08-04,BLR_DEL,7,10506.34,10173.86,103.26798285016699,10508.55,99.9789695057834,-3.2890133443835907
2026-08-04,BLR_HYD,7,5858.81,5977.64,98.01209172850824,6172.19,94.92270976752175,-3.0893819609864863
2026-08-04,BOM_BLR,7,8371.4,7932.34,105.53506279357667,8250.02,101.4712691605596,-4.06379363301707
2026-08-04,BOM_DEL,7,9176.3,9014.355,101.79652343401165,9447.32,97.1312499206124,-4.665273513399242
2026-08-04,CCU_DEL,7,10265.735,10115.5,101.48519598635757,9879.91,103.90514690923298,2.4199509228754152
2026-08-04,DEL_BLR,7,10429.81,9534.44,109.3909028742118,10578.72,98.59236278113043,-10.798540093081371
2026-08-04,DEL_BOM,7,9333.915,9592.17,97.30764780023708,9533.93,97.90207186333444,0.5944240630973638
2026-08-04,DEL_CCU,7,9681.015,10379.28,93.27251023192359,9891.904999999999,97.86805473768703,4.595544505763442
2026-08-04,HYD_DEL,7,8512.33,8597.87,99.00510242653121,8497.07,100.17959131794842,1.1744888914172122
2026-08-04,MAA_DEL,7,11158.349999999999,11078.26,100.72294746647938,11078.26,100.72294746647938,0.0
2026-08-04,BLR_DEL,15,9178.85,8999.96,101.98767550078003,8999.96,101.98767550078003,0.0
2026-08-04,BLR_HYD,15,5309.389999999999,5421.8,97.9267033088642,5185.2,102.39508601403995,4.468382705175742
2026-08-04,BOM_BLR,15,6944.92,6400.97,108.4979307823658,7089.44,97.9614750953531,-10.536455687012705
2026-08-04,BOM_DEL,15,8333.36,7879.1,105.7653792945895,8033.74,103.72952074625267,-2.035858548336819
2026-08-04,CCU_DEL,15,7770.71,7770.5,100.0027025287948,8355.255000000001,93.00386403526882,-6.99883849352598
2026-08-04,DEL_BLR,15,9609.59,8958.545,107.2673073585052,8936.68,107.52975377880824,0.26244642030303567
2026-08-04,DEL_BOM,15,7866.81,7519.805,104.61454785064241,7972.299999999999,98.6767933971376,-5.937754453504809
2026-08-04,DEL_CCU,15,7937.1,8472.825,93.67713838064635,8531.59,93.03189675078151,-0.6452416298648416
2026-08-04,HYD_DEL,15,7214.65,7450.45,96.83509049788938,7321.14,98.54544510827547,1.7103546103860907
2026-08-04,MAA_DEL,15,10230.66,9493.135,107.76903520280707,9318.744999999999,109.78581343303205,2.016778230224972
2026-08-04,BLR_DEL,30,7485.48,7815.85,95.77307650479473,7815.85,95.77307650479473,0.0
2026-08-04,BLR_HYD,30,4438.39,4301.545,103.18129881240345,4560.139999999999,97.33012582947018,-5.851172982933278
2026-08-04,BOM_BLR,30,5880.355,6115.514999999999,96.15469833693483,6115.514999999999,96.15469833693483,0.0
2026-08-04,BOM_DEL,30,7007.03,6848.37,102.31675566594677,6988.25,100.26873680821377,-2.0480188577329983
2026-08-04,CCU_DEL,30,6992.26,6733.35,103.84518850200865,7502.62,93.19757631334122,-10.647612188667438
2026-08-04,DEL_BLR,30,7616.84,7623.15,99.91722581872324,7819.21,97.41188687859771,-2.505338940125526
2026-08-04,DEL_BOM,30,6545.6900000000005,7151.67,91.5267343152019,7062.97,92.67616880717318,1.1494344919712773
2026-08-04,DEL_CCU,30,6668.83,7713.21,86.45985264241477,7450.09,89.51341527417789,3.053562631763114
2026-08-04,HYD_DEL,30,6099.57,6347.889999999999,96.08814897548635,6342.99,96.16237767992698,0.07422870444062823
2026-08-04,MAA_DEL,30,7611.775,8161.56,93.26372654247471,8088.77,94.10299711822687,0.8392705757521526
2026-08-04,BLR_DEL,45,7364.46,8566.51,85.9680313219736,7502.725,98.15713624049927,12.189104918525672
2026-08-04,BLR_HYD,45,4158.505,4603.35,90.33649407496715,4361.68,95.34181783166119,5.00532375669404
2026-08-04,BOM_BLR,45,5646.23,6142.85,91.91547897148716,5910.59,95.52735006149977,3.611871090012613
2026-08-04,BOM_DEL,45,6363.26,7155.57,88.9273670720851,6577.48,96.74312958762323,7.815762515538125
2026-08-04,CCU_DEL,45,6743.32,7085.785,95.16687283060381,7073.35,95.33417687517229,0.1673040445684819
2026-08-04,DEL_BLR,45,7218.985000000001,8901.25,81.1008004493751,7363.1,98.04274015020847,16.941939700833373
2026-08-04,DEL_BOM,45,6602.0,7146.81,92.37687863536318,6642.674999999999,99.38767138238738,7.0107927470241975
2026-08-04,DEL_CCU,45,6717.370000000001,7506.02,89.49310020490219,6865.219999999999,97.84639093867351,8.353290733771317
2026-08-04,HYD_DEL,45,6248.535,6175.18,101.18790059561016,6123.91,102.03505603446163,0.8471554388514733
2026-08-04,MAA_DEL,45,8049.39,8226.95,97.8417274931779,7682.245000000001,104.77913682784133,6.937409334663428
2026-08-05,BLR_DEL,1,13702.33,12766.82,107.32766656066272,13358.3,102.57540255870883,-4.75226400195389
2026-08-05,BLR_HYD,1,7116.030000000001,7969.66,89.28900354594802,7613.44,93.46668523032953,4.177681684381511
2026-08-05,BOM_BLR,1,10293.035,10536.8,97.6865367094374,10337.22,99.57256399689666,1.8860272874592567
2026-08-05,BOM_DEL,1,11962.73,11787.115,101.48988959554563,11827.42,101.14403648471095,-0.34585311083468184
2026-08-05,CCU_DEL,1,11942.815,12308.66,97.02774306870123,12623.55,94.60742025816828,-2.4203228105329515
2026-08-05,DEL_BLR,1,13996.54,13136.69,106.54540831822932,13157.8,106.37446989618327,-0.17093842204604925
2026-08-05,DEL_BOM,1,11021.82,11601.5,95.0034047321467,11927.8,92.40446687570214,-2.5989378564445644
2026-08-05,DEL_CCU,1,12269.720000000001,11537.265,106.34860168332791,12325.0,99.55148073022313,-6.7971209531047805
2026-08-05,HYD_DEL,1,10731.505000000001,10507.67,102.1302058401149,10728.94,100.02390730118726,-2.106298538927632
2026-08-05,MAA_DEL,1,13727.845000000001,14184.83,96.77835405852592,14184.83,96.77835405852592,0.0
2026-08-05,BLR_DEL,7,9899.07,10173.86,97.29905856774124,10508.55,94.20015130536564,-3.0989072623756044
2026-08-05,BLR_HYD,7,5999.915,5977.64,100.37263870022282,6172.19,97.20885131533541,-3.1637873848874136
2026-08-05,BOM_BLR,7,7937.67,7932.34,100.06719328722673,8250.02,96.21394857224588,-3.853244714980846
2026-08-05,BOM_DEL,7,9698.765,9014.355,107.59244560481586,9447.32,102.66154846030409,-4.930897144511775
2026-08-05,CCU_DEL,7,8967.71,10115.5,88.65315604764965,9879.91,90.76712237257222,2.113966324922572
2026-08-05,DEL_BLR,7,10258.72,9534.44,107.59646083042107,10578.72,96.97505936445997,-10.6214014659611
2026-08-05,DEL_BOM,7,8631.974999999999,9592.17,89.9898041840376,9533.93,90.53952567304351,0.5497214890059183
2026-08-05,DEL_CCU,7,9762.545,10379.28,94.05801751181198,9891.904999999999,98.69226402801078,4.6342465161988
2026-08-05,HYD_DEL,7,9034.33,8597.87,105.07637356694157,8497.07,106.32288541815002,1.246511851208453
2026-08-05,MAA_DEL,7,10631.77,11078.26,95.969673937965,11078.26,95.969673937965,0.0
2026-08-05,BLR_DEL,15,8450.630000000001,8999.96,93.89630620580537,8999.96,93.89630620580537,0.0
2026-08-05,BLR_HYD,15,5127.33,5421.8,94.56877789663949,5185.2,98.8839389030317,4.315161006392216
2026-08-05,BOM_BLR,15,7234.37,6400.97,113.01990167115297,7089.44,102.04430815409961,-10.975593517053355
2026-08-05,BOM_DEL,15,7369.73,7879.1,93.5351753372847,8033.74,91.73473376036566,-1.8004415769190416
2026-08-05,CCU_DEL,15,8333.990000000002,7770.5,107.25165690753494,8355.255000000001,99.74548951528111,-7.506167392253829
2026-08-05,DEL_BLR,15,8787.83,8958.545,98.09438921164096,8936.68,98.33439263798188,0.24000342634091965
2026-08-05,DEL_BOM,15,8052.85,7519.805,107.08854817378908,7972.299999999999,101.01037341795971,-6.078174755829366
2026-08-05,DEL_CCU,15,8603.555,8472.825,101.54293284707285,8531.59,100.84351217065048,-0.6994206764223634
2026-08-05,HYD_DEL,15,7462.48,7450.45,100.16146675704152,7321.14,101.93057365382985,1.7691068967883297
2026-08-05,MAA_DEL,15,9418.224999999999,9493.135,99.21090345813052,9318.744999999999,101.06752572368917,1.8566222655586557
2026-08-05,BLR_DEL,30,6949.07,7815.85,88.90997140426184,7815.85,88.90997140426184,0.0
2026-08-05,BLR_HYD,30,4516.375,4301.545,104.99425206524633,4560.139999999999,99.04027069344363,-5.953981371802698
2026-08-05,BOM_BLR,30,6208.46,6115.514999999999,101.5198229421398,6115.514999999999,101.5198229421398,0.0
2026-08-05,BOM_DEL,30,7404.995,6848.37,108.12784648025735,6988.25,105.96351017779844,-2.1643363024589064
2026-08-05,CCU_DEL,30,7557.55,6733.35,112.24056376098079,7502.62,100.73214423761301,-11.508419523367778
2026-08-05,DEL_BLR,30,7707.27,7623.15,101.10348084453278,7819.21,98.56839757469106,-2.5350832698417207
2026-08-05,DEL_BOM,30,6217.915,7151.67,86.94353906150592,7062.97,88.03541569622976,1.091876634723846
2026-08-05,DEL_CCU,30,6586.87,7713.21,85.39726002533315,7450.09,88.41329433604157,3.01603431070842
2026-08-05,HYD_DEL,30,6363.8,6347.889999999999,100.25063446279002,6342.99,100.32807871366659,0.07744425087656737
2026-08-05,MAA_DEL,30,8417.48,8161.56,103.13567504251637,8088.77,104.0637822561403,0.9281072136239317
2026-08-05,BLR_DEL,45,8350.36,8566.51,97.47680210494121,7502.725,111.29769517075462,13.820893065813408
2026-08-05,BLR_HYD,45,4836.26,4603.35,105.05957617821804,4361.68,110.88066983364209,5.82109365542405
2026-08-05,BOM_BLR,45,6198.64,6142.85,100.90821035838414,5910.59,104.87345594940606,3.965245591021926
2026-08-05,BOM_DEL,45,7341.74,7155.57,102.60174940640647,6577.48,111.61934357839174,9.017594171985266
2026-08-05,CCU_DEL,45,7561.77,7085.785,106.71746320273618,7073.35,106.90507326797064,0.1876100652344519
2026-08-05,DEL_BLR,45,7841.39,8901.25,88.09313298694003,7363.1,106.49576944493488,18.402636457994845
2026-08-05,DEL_BOM,45,6640.13,7146.81,92.91040338276797,6642.674999999999,99.96168712152861,7.051283738760645
2026-08-05,DEL_CCU,45,7999.91,7506.02,106.57991851873562,6865.219999999999,116.52809378286494,9.948175264129318
2026-08-05,HYD_DEL,45,6631.65,6175.18,107.39201124501633,6123.91,108.29110813189612,0.8990968868797893
2026-08-05,MAA_DEL,45,8551.23,8226.95,103.9416794802448,7682.245000000001,111.31160227251277,7.369922792267971
2026-08-06,BLR_DEL,1,13158.94,12766.82,103.07139914246461,13358.3,98.507594529244,-4.563804613220611
2026-08-06,BLR_HYD,1,7418.33,7969.66,93.08213901220378,7613.44,97.43729509919301,4.355156086989226
2026-08-06,BOM_BLR,1,10378.619999999999,10536.8,98.4987852099309,10337.22,100.4004945236727,1.9017093137418044
2026-08-06,BOM_DEL,1,11886.2,11787.115,100.84062130555272,11827.42,100.49698074474401,-0.34364056080870853
2026-08-06,CCU_DEL,1,13084.03,12308.66,106.29938596077884,12623.55,103.64778529019176,-2.6516006705870723
2026-08-06,DEL_BLR,1,12826.645,13136.69,97.63985448389207,13157.8,97.48320387906794,-0.1566506048241223
2026-08-06,DEL_BOM,1,11426.84,11601.5,98.49450502090247,11927.8,95.80006371669546,-2.694441304207004
2026-08-06,DEL_CCU,1,11947.41,11537.265,103.55495864921194,12325.0,96.93638945233266,-6.618569196879278
2026-08-06,HYD_DEL,1,11149.23,10507.67,106.10563521694152,10728.94,103.91734877816448,-2.188286438777041
2026-08-06,MAA_DEL,1,14781.46,14184.83,104.2061131504572,14184.83,104.2061131504572,0.0
2026-08-06,BLR_DEL,7,10156.61,10173.86,99.83044783395879,10508.55,96.65091758615605,-3.179530247802731
2026-08-06,BLR_HYD,7,5873.5599999999995,5977.64,98.25884462764569,6172.19,95.16168491248649,-3.0971597151591936
2026-08-06,BOM_BLR,7,8205.435000000001,7932.34,103.44280502348614,8250.02,99.45957706769197,-3.9832279557941774
2026-08-06,BOM_DEL,7,8567.59,9014.355,95.0438495044848,9447.32,90.68804698051935,-4.355802523965451
2026-08-06,CCU_DEL,7,9852.535,10115.5,97.40037566111414,9879.91,99.72292257722995,2.3225469161158117
2026-08-06,DEL_BLR,7,9757.5,9534.44,102.33951862930597,10578.72,92.23705703525569,-10.102461594050283
2026-08-06,DEL_BOM,7,9191.04,9592.17,95.81815167996398,9533.93,96.40347684533032,0.585325165366342
2026-08-06,DEL_CCU,7,9736.78,10379.28,93.80978256680618,9891.904999999999,98.43179852616863,4.622015959362457
2026-08-06,HYD_DEL,7,8037.59,8597.87,93.48350230929287,8497.07,94.5924889403053,1.108986631012428
2026-08-06,MAA_DEL,7,10446.24,11078.26,94.2949524564327,11078.26,94.2949524564327,0.0
2026-08-06,BLR_DEL,15,8974.055,8999.96,99.71216538740173,8999.96,99.71216538740173,0.0
2026-08-06,BLR_HYD,15,5015.5650000000005,5421.8,92.50737762366742,5185.2,96.72847720435087,4.221099580683443
2026-08-06,BOM_BLR,15,7226.0,6400.97,112.88914023968242,7089.44,101.92624523234556,-10.962895007336854
2026-08-06,BOM_DEL,15,8221.805,7879.1,104.34954499879427,8033.74,102.3409395872906,-2.008605411503666
2026-08-06,CCU_DEL,15,7638.605,7770.5,98.30261887909401,8355.255000000001,91.42276327891847,-6.879855600175546
2026-08-06,DEL_BLR,15,8778.23,8958.545,97.9872289529159,8936.68,98.22697019474793,0.2397412418320357
2026-08-06,DEL_BOM,15,7997.83,7519.805,106.35688026484729,7972.299999999999,100.32023380956562,-6.036646455281669
2026-08-06,DEL_CCU,15,8442.86,8472.825,99.64633991614366,8531.59,98.95998284024432,-0.6863570758993376
2026-08-06,HYD_DEL,15,6807.58,7450.45,91.3713936742076,7321.14,92.98524546723597,1.613851793028374
2026-08-06,MAA_DEL,15,9473.77,9493.135,99.79601048547188,9318.744999999999,101.66358238153315,1.8675718960612642
2026-08-06,BLR_DEL,30,8644.25,7815.85,110.59897515945163,7815.85,110.59897515945163,0.0
2026-08-06,BLR_HYD,30,4845.115,4301.545,112.63662242287364,4560.139999999999,106.24925989114371,-6.387362531729934
2026-08-06,BOM_BLR,30,6771.76,6115.514999999999,110.73082152525177,6115.514999999999,110.73082152525177,0.0
2026-08-06,BOM_DEL,30,7269.09,6848.37,106.143359660766,6988.25,104.01874575179765,-2.1246139089683425
2026-08-06,CCU_DEL,30,8040.64,6733.35,119.4151499625001,7502.62,107.17109489751581,-12.24405506498428
2026-08-06,DEL_BLR,30,7921.32,7623.15,103.91137521890556,7819.21,101.30588640028853,-2.605488818617033
2026-08-06,DEL_BOM,30,6994.82,7151.67,97.80680596280308,7062.97,99.03510846003876,1.2283024972356742
2026-08-06,DEL_CCU,30,7406.5,7713.21,96.02357513927406,7450.09,99.41490639710393,3.3913312578298758
2026-08-06,HYD_DEL,30,6833.33,6347.889999999999,107.64726546931342,6342.99,107.73042366454936,0.08315819523593859
2026-08-06,MAA_DEL,30,9248.29,8161.56,113.31522405030412,8088.77,114.33493596677864,1.0197119164745203
2026-08-06,BLR_DEL,45,8046.77,8566.51,93.93288515393084,7502.725,107.25129869480756,13.318413540876719
2026-08-06,BLR_HYD,45,4374.75,4603.35,95.03405128873537,4361.68,100.29965517873846,5.265603890003092
2026-08-06,BOM_BLR,45,6370.83,6142.85,103.71130664105424,5910.59,107.7867014968049,4.075394855750659
2026-08-06,BOM_DEL,45,7480.0,7155.57,104.53395047494469,6577.48,113.7213644131187,9.187413938174018
2026-08-06,CCU_DEL,45,7386.295,7085.785,104.24102622362943,7073.35,104.42428269490411,0.18325647127467448
2026-08-06,DEL_BLR,45,8715.36,8901.25,97.9116416233675,7363.1,118.36536241528704,20.453720791919537
2026-08-06,DEL_BOM,45,7013.16,7146.81,98.12993489402963,6642.674999999999,105.57734647562917,7.447411581599539
2026-08-06,DEL_CCU,45,7945.69,7506.02,105.85756499449775,6865.219999999999,115.73831574224862,9.880750747750866
2026-08-06,HYD_DEL,45,6251.66,6175.18,101.23850640791036,6123.91,102.08608552379117,0.847579115880805
2026-08-06,MAA_DEL,45,8075.445,8226.95,98.15843052407027,7682.245000000001,105.11829549825602,6.959864974185749
2026-08-07,BLR_DEL,1,14402.73,12766.82,112.81376255011035,13358.3,107.81858470014897,-4.9951778499613795
2026-08-07,BLR_HYD,1,8540.94,7969.66,107.16818534291302,7613.44,112.18240374915939,5.014218406246371
2026-08-07,BOM_BLR,1,11048.205,10536.8,104.85351340065296,10337.22,106.87791301723288,2.0243996165799274
2026-08-07,BOM_DEL,1,12491.6,11787.115,105.97673815857401,11827.42,105.61559494801065,-0.3611432105633554
2026-08-07,CCU_DEL,1,13209.62,12308.66,107.31972448666225,12623.55,104.64267183161631,-2.677052655045941
2026-08-07,DEL_BLR,1,14243.3,13136.69,108.42381147762488,13157.8,108.24985939898768,-0.17395207863719975
2026-08-07,DEL_BOM,1,12903.47,11601.5,111.22242813429297,11927.8,108.17979845403175,-3.0426296802612143
2026-08-07,DEL_CCU,1,13800.905,11537.265,119.62024795304606,12325.0,111.97488843813387,-7.645359514912187
2026-08-07,HYD_DEL,1,11649.455,10507.67,110.86620535285176,10728.94,108.57973853894234,-2.2864668139094277
2026-08-07,MAA_DEL,1,14755.83,14184.83,104.02542716409009,14184.83,104.02542716409009,0.0
2026-08-07,BLR_DEL,7,10376.93,10173.86,101.99599758597031,10508.55,98.74749608652003,-3.2485014994502848
2026-08-07,BLR_HYD,7,6243.32,5977.64,104.44456340629411,6172.19,101.15242725839613,-3.2921361478979776
2026-08-07,BOM_BLR,7,7879.11,7932.34,99.32894959116729,8250.02,95.50413211119488,-3.8248174799724097
2026-08-07,BOM_DEL,7,8393.525000000001,9014.355,93.11287385509004,9447.32,88.8455667850777,-4.26730707001235
2026-08-07,CCU_DEL,7,9308.17,10115.5,92.01888191389452,9879.91,94.21310518010792,2.194223266213399
2026-08-07,DEL_BLR,7,10086.64,9534.44,105.79163537659264,10578.72,95.34839753769833,-10.443237838894305
2026-08-07,DEL_BOM,7,9666.42,9592.17,100.77406884990569,9533.93,101.38966826901392,0.6155994191082357
2026-08-07,DEL_CCU,7,9644.95,10379.28,92.92503911639342,9891.904999999999,97.50346369076534,4.5784245743719225
2026-08-07,HYD_DEL,7,9139.85,8597.87,106.303654277164,8497.07,107.5647252523517,1.2610709751877067
2026-08-07,MAA_DEL,7,10501.36,11078.26,94.7925035158951,11078.26,94.7925035158951,0.0
2026-08-07,BLR_DEL,15,9757.595,8999.96,108.41820408090703,8999.96,108.41820408090703,0.0
2026-08-07,BLR_HYD,15,5692.715,5421.8,104.9967722896455,5185.2,109.78776132068195,4.790989031036446
2026-08-07,BOM_BLR,15,8128.2,6400.97,126.98387900583816,7089.44,114.65221512559525,-12.331663880242914
2026-08-07,BOM_DEL,15,8854.38,7879.1,112.3780634844081,8033.74,110.2149185808851,-2.163144903523005
2026-08-07,CCU_DEL,15,8292.96,7770.5,106.72363425776976,8355.255000000001,99.25442131927748,-7.4692129384922765
2026-08-07,DEL_BLR,15,9480.31,8958.545,105.82421587434119,8936.68,106.08313154325766,0.25891566891647244
2026-08-07,DEL_BOM,15,8647.32,7519.805,114.9939393375227,7972.299999999999,108.46706722025013,-6.526872117272575
2026-08-07,DEL_CCU,15,9896.22,8472.825,116.7995326234166,8531.59,115.99502554623461,-0.8045070771819809
2026-08-07,HYD_DEL,15,7485.49,7450.45,100.47030716265462,7321.14,102.24486896849396,1.7745618058393404
2026-08-07,MAA_DEL,15,9680.88,9493.135,101.97769230080473,9318.744999999999,103.88609195766168,1.9083996568569432
2026-08-07,BLR_DEL,30,8789.56,7815.85,112.45814594701791,7815.85,112.45814594701791,0.0
2026-08-07,BLR_HYD,30,5087.425,4301.545,118.26971471878127,4560.139999999999,111.56291254215883,-6.706802176622446
2026-08-07,BOM_BLR,30,6841.4,6115.514999999999,111.86956454198871,6115.514999999999,111.86956454198871,0.0
2026-08-07,BOM_DEL,30,7954.09,6848.37,116.1457397891761,6988.25,113.82091367652846,-2.324826112647642
2026-08-07,CCU_DEL,30,7780.92,6733.35,115.55793178729755,7502.62,103.70937085977965,-11.848560927517894
2026-08-07,DEL_BLR,30,8791.145,7623.15,115.32168460544527,7819.21,112.4300920425465,-2.891592562898765
2026-08-07,DEL_BOM,30,7576.225,7151.67,105.93644561340219,7062.97,107.26684383481737,1.3303982214151802
2026-08-07,DEL_CCU,30,8279.16,7713.21,107.33741205023588,7450.09,111.12832193973495,3.790909889499062
2026-08-07,HYD_DEL,30,6818.56,6347.889999999999,107.41458972981575,6342.99,107.49756818156737,0.08297845175162877
2026-08-07,MAA_DEL,30,8644.98,8161.56,105.92313234234632,8088.77,106.87632359431656,0.9531912519702388
2026-08-07,BLR_DEL,45,7296.08,8566.51,85.16980660735818,7502.725,97.24573404996184,12.075927442603657
2026-08-07,BLR_HYD,45,4263.3,4603.35,92.61298836716738,4361.68,97.74444709378038,5.131458726613005
2026-08-07,BOM_BLR,45,5756.4400000000005,6142.85,93.7095973367411,5910.59,97.39196932962699,3.6823719928858907
2026-08-07,BOM_DEL,45,6048.26,7155.57,84.52520204539961,6577.48,91.95406143386222,7.428859388462612
2026-08-07,CCU_DEL,45,6675.6,7085.785,94.21115656204641,7073.35,94.37678045056444,0.16562388851802723
2026-08-07,DEL_BLR,45,7234.52,8901.25,81.27532649908721,7363.1,98.253724654018,16.978398154930787
2026-08-07,DEL_BOM,45,6221.87,7146.81,87.05800210163694,6642.674999999999,93.66512737714852,6.607125275511578
2026-08-07,DEL_CCU,45,6634.65,7506.02,88.39105144936997,6865.219999999999,96.64147689367566,8.25042544430569
2026-08-07,HYD_DEL,45,6323.17,6175.18,102.3965293319385,6123.91,103.25380353401667,0.8572742020781732
2026-08-07,MAA_DEL,45,7637.65,8226.95,92.83695658779983,7682.245000000001,99.41950562628502,6.582549038485183
2026-08-08,BLR_DEL,1,14818.37,12766.82,116.06938924493335,13358.3,110.93005846552333,-5.139330779410017
2026-08-08,BLR_HYD,1,7268.44,7969.66,91.20138123834643,7613.44,95.46853984532616,4.267158606979734
2026-08-08,BOM_BLR,1,12336.3,10536.8,117.07824007288741,10337.22,119.33866165177871,2.2604215788912967
2026-08-08,BOM_DEL,1,12590.69,11787.115,106.81740188332769,11827.42,106.45339389317365,-0.36400799015403607
2026-08-08,CCU_DEL,1,13075.92,12308.66,106.23349739126762,12623.55,103.58354028779544,-2.6499571034721754
2026-08-08,DEL_BLR,1,14409.54,13136.69,109.68927484777369,13157.8,109.51329249570598,-0.17598235206770596
2026-08-08,DEL_BOM,1,12726.08,11601.5,109.69340171529542,11927.8,106.69260047955198,-3.000801235743438
2026-08-08,DEL_CCU,1,13911.91,11537.265,120.58239106061966,12325.0,112.87553752535497,-7.706853535264685
2026-08-08,HYD_DEL,1,12105.78,10507.67,115.20898543635269,10728.94,112.83295460688566,-2.3760308294670267
2026-08-08,MAA_DEL,1,15261.814999999999,14184.83,107.59251256447908,14184.83,107.59251256447908,0.0
2026-08-08,BLR_DEL,7,10815.81,10173.86,106.30979785450162,10508.55,102.92390482036056,-3.3858930341410627
2026-08-08,BLR_HYD,7,6850.5599999999995,5977.64,114.60308750610608,6172.19,110.99075044676201,-3.612337059344071
2026-08-08,BOM_BLR,7,9151.15,7932.34,115.36507512285151,8250.02,110.9227613993663,-4.4423137234852135
2026-08-08,BOM_DEL,7,9500.01,9014.355,105.38757348695498,9447.32,100.55772430699923,-4.829849179955744
2026-08-08,CCU_DEL,7,10560.14,10115.5,104.3956304680935,9879.91,106.88498174578514,2.4893512776916396
2026-08-08,DEL_BLR,7,11224.04,9534.44,117.7210197977018,10578.72,106.10017090914592,-11.620848888555884
2026-08-08,DEL_BOM,7,10300.03,9592.17,107.379560620798,9533.93,108.03551106416766,0.6559504433696617
2026-08-08,DEL_CCU,7,10600.59,10379.28,102.1322288251208,9891.904999999999,107.16429241890214,5.032063593781331
2026-08-08,HYD_DEL,7,9010.07,8597.87,104.79421065915162,8497.07,106.03737523640501,1.2431645772533955
2026-08-08,MAA_DEL,7,12882.78,11078.26,116.28883958311143,11078.26,116.28883958311143,0.0
2026-08-08,BLR_DEL,15,9980.49,8999.96,110.89482619922757,8999.96,110.89482619922757,0.0
2026-08-08,BLR_HYD,15,5498.855,5421.8,101.42120697923198,5185.2,106.04904343130448,4.627836452072501
2026-08-08,BOM_BLR,15,7505.71,6400.97,117.25894669089216,7089.44,105.87169085287414,-11.38725583801802
2026-08-08,BOM_DEL,15,8274.22,7879.1,105.01478595271033,8033.74,102.99337543908564,-2.021410513624687
2026-08-08,CCU_DEL,15,9398.79,7770.5,120.95476481564893,8355.255000000001,112.48956495044136,-8.465199865207566
2026-08-08,DEL_BLR,15,10096.955,8958.545,112.7075323057483,8936.68,112.98328909617442,0.2757567904261151
2026-08-08,DEL_BOM,15,8746.86,7519.805,116.31764387507388,7972.299999999999,109.71564040490198,-6.602003470171908
2026-08-08,DEL_CCU,15,9204.38,8472.825,108.63413324363478,8531.59,107.88586887086697,-0.7482643727678067
2026-08-08,HYD_DEL,15,7801.54,7450.45,104.71233281211202,7321.14,106.56181960732891,1.8494867952168903
2026-08-08,MAA_DEL,15,10077.95,9493.135,106.16039906732601,9318.744999999999,108.14707345248746,1.9866743851614501
2026-08-08,BLR_DEL,30,7727.78,7815.85,98.87318717733835,7815.85,98.87318717733835,0.0
2026-08-08,BLR_HYD,30,4384.42,4301.545,101.92663333755662,4560.139999999999,96.14660953391784,-5.780023803638784
2026-08-08,BOM_BLR,30,5932.344999999999,6115.514999999999,97.00483115485777,6115.514999999999,97.00483115485777,0.0
2026-08-08,BOM_DEL,30,6572.1900000000005,6848.37,95.96721555640248,6988.25,94.04629199012629,-1.920923566276187
2026-08-08,CCU_DEL,30,7217.16,6733.35,107.1852792443583,7502.62,96.19519581159648,-10.990083432761821
2026-08-08,DEL_BLR,30,7658.27,7623.15,100.46070194079877,7819.21,97.94173580195442,-2.5189661388443483
2026-08-08,DEL_BOM,30,6810.76,7151.67,95.23314135020212,7062.97,96.42912259290355,1.1959812427014356
2026-08-08,DEL_CCU,30,6891.93,7713.21,89.35229301419254,7450.09,92.50800997034936,3.155716956156823
2026-08-08,HYD_DEL,30,6374.45,6347.889999999999,100.41840674617866,6342.99,100.4959806022081,0.07757385602944566
2026-08-08,MAA_DEL,30,7018.615,8161.56,85.9959983140478,8088.77,86.7698673593142,0.7738690452664088
2026-08-08,BLR_DEL,45,7055.26,8566.51,82.35862679200748,7502.725,94.0359669320147,11.677340140007217
2026-08-08,BLR_HYD,45,3815.465,4603.35,82.88452974464249,4361.68,87.4769584196915,4.592428675049007
2026-08-08,BOM_BLR,45,5912.77,6142.85,96.25450727268287,5910.59,100.03688295077143,3.782375678088556
2026-08-08,BOM_DEL,45,6046.81,7155.57,84.50493811114978,6577.48,91.93201651696396,7.4270784058141714
2026-08-08,CCU_DEL,45,6695.8150000000005,7085.785,94.49644605361298,7073.35,94.66257148310207,0.16612542948908526
2026-08-08,DEL_BLR,45,6801.969999999999,8901.25,76.41589664372981,7363.1,92.37916095122976,15.963264307499955
2026-08-08,DEL_BOM,45,6389.745,7146.81,89.40695219265658,6642.674999999999,96.19234720952026,6.7853950168636885
2026-08-08,DEL_CCU,45,6245.195,7506.02,83.20248280713346,6865.219999999999,90.96860697836341,7.766124171229947
2026-08-08,HYD_DEL,45,6278.385,6175.18,101.67128731470176,6123.91,102.52248971653732,0.8512024018355646
2026-08-08,MAA_DEL,45,7332.66,8226.95,89.12975039352371,7682.245000000001,95.44944218779796,6.319691794274249
2026-08-09,BLR_DEL,1,12865.97,12766.82,100.77662252620465,13358.3,96.31442623687145,-4.462196289333193
2026-08-09,BLR_HYD,1,7224.485,7969.66,90.64985206395254,7613.44,94.89120555228648,4.241353488333942
2026-08-09,BOM_BLR,1,10319.17,10536.8,97.93457216612255,10337.22,99.82538825719102,1.8908160910684728
2026-08-09,BOM_DEL,1,11635.53,11787.115,98.71397708429926,11827.42,98.3775836150234,-0.3363934692758619
2026-08-09,CCU_DEL,1,12159.3,12308.66,98.7865454078673,12623.55,96.32234989365115,-2.4641955142161436
2026-08-09,DEL_BLR,1,12845.915,13136.69,97.78654288104538,13157.8,97.62965693352993,-0.15688594751544827
2026-08-09,DEL_BOM,1,11564.38,11601.5,99.68004137396026,11927.8,96.95316822884354,-2.726873145116727
2026-08-09,DEL_CCU,1,11777.19,11537.265,102.07956565095802,12325.0,95.55529411764707,-6.5242715333109516
2026-08-09,HYD_DEL,1,10616.62,10507.67,101.03686164487466,10728.94,98.95311186380016,-2.083749781074502
2026-08-09,MAA_DEL,1,13186.43,14184.83,92.9614947799868,14184.83,92.9614947799868,0.0
2026-08-09,BLR_DEL,7,11633.01,10173.86,114.34214742487119,10508.55,110.70042965014204,-3.6417177747291447
2026-08-09,BLR_HYD,7,6919.225,5977.64,115.75178498537883,6172.19,112.10324050296575,-3.6485444824130866
2026-08-09,BOM_BLR,7,9507.48,7932.34,119.85719220305735,8250.02,115.24190244387285,-4.615289759184506
2026-08-09,BOM_DEL,7,10237.765,9014.355,113.57179742754751,9447.32,108.36687018117308,-5.2049272463744245
2026-08-09,CCU_DEL,7,10604.16,10115.5,104.8308042113588,9879.91,107.33053236314906,2.499728151790265
2026-08-09,DEL_BLR,7,11218.04,9534.44,117.65809003989747,10578.72,106.04345327222956,-11.614636767667918
2026-08-09,DEL_BOM,7,9613.3,9592.17,100.22028383567012,9533.93,100.83250034350996,0.6122165078398467
2026-08-09,DEL_CCU,7,10568.619999999999,10379.28,101.82421131330881,9891.904999999999,106.8410988581067,5.016887544797896
2026-08-09,HYD_DEL,7,8530.21,8597.87,99.2130609092717,8497.07,100.39001679402429,1.1769558847525872
2026-08-09,MAA_DEL,7,11550.79,11078.26,104.26538102554012,11078.26,104.26538102554012,0.0
2026-08-09,BLR_DEL,15,9120.720000000001,8999.96,101.34178374126111,8999.96,101.34178374126111,0.0
2026-08-09,BLR_HYD,15,5233.31,5421.8,96.52347928732155,5185.2,100.92783306333413,4.404353776012584
2026-08-09,BOM_BLR,15,6465.67,6400.97,101.01078430300407,7089.44,91.20142070459727,-9.809363598406804
2026-08-09,BOM_DEL,15,8094.0599999999995,7879.1,102.72823038164256,8033.74,100.75083336030292,-1.977397021339641
2026-08-09,CCU_DEL,15,8645.650000000001,7770.5,111.26246702271413,8355.255000000001,103.47559709428378,-7.786869928430349
2026-08-09,DEL_BLR,15,8439.82,8958.545,94.2097182075884,8936.68,94.44021717237273,0.2304989647843314
2026-08-09,DEL_BOM,15,7379.16,7519.805,98.12967224549041,7972.299999999999,92.55998896178016,-5.569683283710248
2026-08-09,DEL_CCU,15,8726.99,8472.825,102.99976690183026,8531.59,102.29031165351358,-0.7094552483166723
2026-08-09,HYD_DEL,15,7354.389999999999,7450.45,98.71068190511983,7321.14,100.45416424218085,1.7434823370610246
2026-08-09,MAA_DEL,15,8879.445,9493.135,93.53543376345115,9318.744999999999,95.28584589448472,1.7504121310335705
2026-08-09,BLR_DEL,30,7853.57,7815.85,100.48260905723625,7815.85,100.48260905723625,0.0
2026-08-09,BLR_HYD,30,4500.95,4301.545,104.63565997798466,4560.139999999999,98.70201353467219,-5.933646443312469
2026-08-09,BOM_BLR,30,5952.83,6115.514999999999,97.33979885586088,6115.514999999999,97.33979885586088,0.0
2026-08-09,BOM_DEL,30,6885.3099999999995,6848.37,100.53939842619484,6988.25,98.526955961793,-2.012442464401829
2026-08-09,CCU_DEL,30,7440.799999999999,6733.35,110.50665716173968,7502.62,99.1760211766023,-11.330635985137377
2026-08-09,DEL_BLR,30,7827.625,7623.15,102.68229012940846,7819.21,100.10761956770568,-2.5746705617027743
2026-08-09,DEL_BOM,30,7297.01,7151.67,102.0322526067338,7062.97,103.3136201909395,1.2813675842056966
2026-08-09,DEL_CCU,30,7199.75,7713.21,93.34310877053782,7450.09,96.6397721369809,3.2966633664430702
2026-08-09,HYD_DEL,30,6152.985000000001,6347.889999999999,96.92960968132721,6342.99,97.00448841949934,0.07487873817213142
2026-08-09,MAA_DEL,30,8644.77,8161.56,105.92055930483879,8088.77,106.87372740231208,0.953168097473295
2026-08-09,BLR_DEL,45,7313.55,8566.51,85.37374029797432,7502.725,97.47858278158935,12.10484248361503
2026-08-09,BLR_HYD,45,4152.665,4603.35,90.20962994341077,4361.68,95.20792446947047,4.998294526059695
2026-08-09,BOM_BLR,45,5590.59,6142.85,91.00971047640752,5910.59,94.58598887759089,3.576278401183373
2026-08-09,BOM_DEL,45,6424.110000000001,7155.57,89.7777535542242,6577.48,97.66825592780215,7.890502373577945
2026-08-09,CCU_DEL,45,6871.639999999999,7085.785,96.97782249955368,7073.35,97.14831020662061,0.1704877070669255
2026-08-09,DEL_BLR,45,6933.53,8901.25,77.89389130740064,7363.1,94.16590838098084,16.2720170735802
2026-08-09,DEL_BOM,45,6620.46,7146.81,92.63517569377106,6642.674999999999,99.66557147534691,7.030395781575848
2026-08-09,DEL_CCU,45,6813.66,7506.02,90.7759371810893,6865.219999999999,99.24896798645929,8.473030805369987
2026-08-09,HYD_DEL,45,5621.045,6175.18,91.02641542432771,6123.91,91.78849787145793,0.7620824471302257
2026-08-09,MAA_DEL,45,8174.2,8226.95,99.3588146275351,7682.245000000001,106.40379212066262,7.044977493127519
2026-08-10,BLR_DEL,1,13620.53,12766.82,106.68694318553878,13358.3,101.963049190391,-4.723893995147776
2026-08-10,BLR_HYD,1,7367.78,7969.66,92.44785850337405,7613.44,96.77333767652992,4.32547917315587
2026-08-10,BOM_BLR,1,10731.43,10536.8,101.84714524333765,10337.22,103.81350111538694,1.9663558720492915
2026-08-10,BOM_DEL,1,12053.75,11787.115,102.26208872993942,11827.42,101.91360415035571,-0.3484845795837117
2026-08-10,CCU_DEL,1,12163.64,12308.66,98.82180513557121,12623.55,96.35673007989037,-2.465075055680842
2026-08-10,DEL_BLR,1,12739.925,13136.69,96.979718635364,13157.8,96.82412713371536,-0.15559150164862956
2026-08-10,DEL_BOM,1,11326.94,11601.5,97.63340947291299,11927.8,94.96252452254397,-2.6708849503690146
2026-08-10,DEL_CCU,1,12693.635,11537.265,110.02291270938129,12325.0,102.990953346856,-7.031959362525285
2026-08-10,HYD_DEL,1,10491.94,10507.67,99.8502998286014,10728.94,97.79102129380908,-2.0592785347923126
2026-08-10,MAA_DEL,1,13920.154999999999,14184.83,98.13409818799379,14184.83,98.13409818799379,0.0
2026-08-10,BLR_DEL,7,10607.75,10173.86,104.26475300426779,10508.55,100.94399322456478,-3.3207597797030104
2026-08-10,BLR_HYD,7,6049.55,5977.64,101.202983117083,6172.19,98.01302293027273,-3.189960186810268
2026-08-10,BOM_BLR,7,8202.19,7932.34,103.40189653998695,8250.02,99.42024382971194,-3.9816527102750143
2026-08-10,BOM_DEL,7,9354.94,9014.355,103.77825146668842,9447.32,99.02215654810043,-4.756094918587991
2026-08-10,CCU_DEL,7,9331.310000000001,10115.5,92.2476397607632,9879.91,94.44731783993984,2.1996780791766355
2026-08-10,DEL_BLR,7,10586.0,9534.44,111.0290693527884,10578.72,100.06881739945854,-10.960251953329859
2026-08-10,DEL_BOM,7,9518.32,9592.17,99.23010121797257,9533.93,99.83626898875909,0.606167770786513
2026-08-10,DEL_CCU,7,10482.28,10379.28,100.99236170524352,9891.904999999999,105.96826394915844,4.975902243914916
2026-08-10,HYD_DEL,7,8732.064999999999,8597.87,101.56079354537808,8497.07,102.7656003775419,1.2048068321638254
2026-08-10,MAA_DEL,7,10837.31,11078.26,97.82501945251329,11078.26,97.82501945251329,0.0
2026-08-10,BLR_DEL,15,8698.95,8999.96,96.65542957968704,8999.96,96.65542957968704,0.0
2026-08-10,BLR_HYD,15,5149.66,5421.8,94.98063373787302,5185.2,99.31458767260665,4.333953934733628
2026-08-10,BOM_BLR,15,6841.610000000001,6400.97,106.8839566503202,7089.44,96.50423728813561,-10.379719362184588
2026-08-10,BOM_DEL,15,7971.54,7879.1,101.17323044510161,8033.74,99.2257653347009,-1.9474651104007137
2026-08-10,CCU_DEL,15,8847.855,7770.5,113.8646805224889,8355.255000000001,105.89569079579258,-7.968989726696321
2026-08-10,DEL_BLR,15,8420.06,8958.545,93.989146675046,8936.68,94.21910597671618,0.22995930167017775
2026-08-10,DEL_BOM,15,7879.01,7519.805,104.77678610017148,7972.299999999999,98.82982326304833,-5.946962837123152
2026-08-10,DEL_CCU,15,8019.465,8472.825,94.64924626674102,8531.59,93.9973088252014,-0.6519374415396157
2026-08-10,HYD_DEL,15,7102.89,7450.45,95.33504687636318,7321.14,97.01890689154968,1.6838600151864966
2026-08-10,MAA_DEL,15,9009.759999999998,9493.135,94.90816258275056,9318.744999999999,96.68426381449433,1.776101231743766
2026-08-10,BLR_DEL,30,7802.75,7815.85,99.83239187036598,7815.85,99.83239187036598,0.0
2026-08-10,BLR_HYD,30,4346.860000000001,4301.545,101.05345869914184,4560.139999999999,95.32295061116547,-5.730508087976375
2026-08-10,BOM_BLR,30,6160.1900000000005,6115.514999999999,100.73051901597823,6115.514999999999,100.73051901597823,0.0
2026-08-10,BOM_DEL,30,6915.01,6848.37,100.97307826533905,6988.25,98.95195506743462,-2.02112319790443
2026-08-10,CCU_DEL,30,7263.98,6733.35,107.88062405786123,7502.62,96.8192444772626,-11.061379580598626
2026-08-10,DEL_BLR,30,8134.610000000001,7623.15,106.7092999613021,7819.21,104.0336555739007,-2.675644387401391
2026-08-10,DEL_BOM,30,7000.18,7151.67,97.8817534925409,7062.97,99.11099721505259,1.229243722511697
2026-08-10,DEL_CCU,30,7189.03,7713.21,93.2041264272592,7450.09,96.4958812578103,3.291754830551099
2026-08-10,HYD_DEL,30,6115.46,6347.889999999999,96.33846837295543,6342.99,96.41289045071804,0.07442207776260545
2026-08-10,MAA_DEL,30,7913.780000000001,8161.56,96.9640607922995,8088.77,97.83663029113202,0.8725694988325188
2026-08-10,BLR_DEL,45,7031.645,8566.51,82.0829602720361,7502.725,93.72121462535279,11.638254353316682
2026-08-10,BLR_HYD,45,4151.285,4603.35,90.1796517753375,4361.68,95.17628528456925,4.996633509231742
2026-08-10,BOM_BLR,45,5608.08,6142.85,91.2944317377113,5910.59,94.88189842300007,3.58746668528876
2026-08-10,BOM_DEL,45,6766.84,7155.57,94.5674488545287,6577.48,102.87891411300379,8.311465258475081
2026-08-10,CCU_DEL,45,7264.665,7085.785,102.5244909350199,7073.35,102.70472972495352,0.1802387899336253
2026-08-10,DEL_BLR,45,7163.78,8901.25,80.48060665636848,7363.1,97.29298800776846,16.812381351399978
2026-08-10,DEL_BOM,45,6897.08,7146.81,96.50571373801738,6642.674999999999,103.82985770039932,7.324143962381939
2026-08-10,DEL_CCU,45,6643.21,7506.02,88.50509324515522,6865.219999999999,96.76616335674603,8.261070111590811
2026-08-10,HYD_DEL,45,5906.219999999999,6175.18,95.64449943159549,6123.91,96.4452449497135,0.8007455181180063
2026-08-10,MAA_DEL,45,7433.245,8226.95,90.35237846346458,7682.245000000001,96.75875997185717,6.406381508392599
2026-08-11,BLR_DEL,1,13456.41,12766.82,105.40142337716047,13358.3,100.7344497428565,-4.666973634303972
2026-08-11,BLR_HYD,1,7137.585,7969.66,89.55946677775464,7613.44,93.74980297999328,4.19033620223864
2026-08-11,BOM_BLR,1,10511.46,10536.8,99.75950952850961,10337.22,101.68555956050078,1.926050031991167
2026-08-11,BOM_DEL,1,12140.805,11787.115,103.00064943796681,11827.42,102.6496480212929,-0.3510014166739097
2026-08-11,CCU_DEL,1,12671.61,12308.66,102.9487369055608,12623.55,100.38071699323882,-2.5680199123219865
2026-08-11,DEL_BLR,1,13208.13,13136.69,100.54382039920253,13157.8,100.38251075407743,-0.16130964512510104
2026-08-11,DEL_BOM,1,10935.595000000001,11601.5,94.26018187303367,11927.8,91.68157581448384,-2.5786060585498376
2026-08-11,DEL_CCU,1,12084.134999999998,11537.265,104.74003154127082,12325.0,98.04572008113588,-6.694311460134941
2026-08-11,HYD_DEL,1,11025.045,10507.67,104.92378424522278,10728.94,102.75987189787621,-2.1639123473465673
2026-08-11,MAA_DEL,1,13263.98,14184.83,93.5082055971062,14184.83,93.5082055971062,0.0
2026-08-11,BLR_DEL,7,10498.31,10173.86,103.18905508823593,10508.55,99.90255553810945,-3.2864995501264787
2026-08-11,BLR_HYD,7,6191.5599999999995,5977.64,103.57866984294803,6172.19,100.31382702087915,-3.2648428220688857
2026-08-11,BOM_BLR,7,7896.045,7932.34,99.54244270921318,8250.02,95.70940434083795,-3.8330383683752274
2026-08-11,BOM_DEL,7,9194.87,9014.355,102.00252818975957,9447.32,97.32781360216444,-4.674714587595133
2026-08-11,CCU_DEL,7,9729.34,10115.5,96.1824922149177,9879.91,98.47599826314207,2.2935060482243728
2026-08-11,DEL_BLR,7,10204.4,9534.44,107.02673675643246,10578.72,96.46157569157705,-10.565161064855403
2026-08-11,DEL_BOM,7,9309.195,9592.17,97.04993760535937,9533.93,97.6427873919779,0.5928497866185296
2026-08-11,DEL_CCU,7,9409.86,10379.28,90.66004578352256,9891.904999999999,95.12687394389656,4.466828160373993
2026-08-11,HYD_DEL,7,8572.880000000001,8597.87,99.70934661724358,8497.07,100.89218989604653,1.1828432788029488
2026-08-11,MAA_DEL,7,10442.545,11078.26,94.26159884313962,11078.26,94.26159884313962,0.0
2026-08-11,BLR_DEL,15,8831.16,8999.96,98.12443610860494,8999.96,98.12443610860494,0.0
2026-08-11,BLR_HYD,15,5380.405000000001,5421.8,99.23650817071822,5185.2,103.76465710097973,4.5281489302615086
2026-08-11,BOM_BLR,15,7262.59,6400.97,113.46077235169045,7089.44,102.44236498228352,-11.01840736940693
2026-08-11,BOM_DEL,15,8199.41,7879.1,104.0653120280235,8033.74,102.06217776527495,-2.003134262748546
2026-08-11,CCU_DEL,15,7707.5650000000005,7770.5,99.19007785856768,8355.255000000001,92.24811211626694,-6.941965742300738
2026-08-11,DEL_BLR,15,9419.009999999998,8958.545,105.13995297227395,8936.68,105.39719448385752,0.25724151158357245
2026-08-11,DEL_BOM,15,7656.725,7519.805,101.82079189553453,7972.299999999999,96.04160656272344,-5.779185332811082
2026-08-11,DEL_CCU,15,8546.255000000001,8472.825,100.86665309386184,8531.59,100.17189058545945,-0.6947625084023912
2026-08-11,HYD_DEL,15,7259.9349999999995,7450.45,97.44290613318658,7321.14,99.16399631751338,1.7210901843267976
2026-08-11,MAA_DEL,15,9026.935,9493.135,95.0890827950935,9318.744999999999,96.86856974839424,1.779486953300733
2026-08-11,BLR_DEL,30,7901.28,7815.85,101.09303530646059,7815.85,101.09303530646059,0.0
2026-08-11,BLR_HYD,30,4586.96,4301.545,106.63517410604794,4560.139999999999,100.58813983781201,-6.047034268235933
2026-08-11,BOM_BLR,30,5938.455,6115.514999999999,97.10474097439055,6115.514999999999,97.10474097439055,0.0
2026-08-11,BOM_DEL,30,6948.075,6848.37,101.45589388423815,6988.25,99.42510642864808,-2.0307874555900725
2026-08-11,CCU_DEL,30,7186.11,6733.35,106.72414177192631,7502.62,95.78134038509214,-10.942801386834176
2026-08-11,DEL_BLR,30,7760.585,7623.15,101.80286364560583,7819.21,99.25024395047582,-2.552619695130005
2026-08-11,DEL_BOM,30,6636.78,7151.67,92.8004228383021,7062.97,93.96585289191374,1.1654300536116438
2026-08-11,DEL_CCU,30,7477.424999999999,7713.21,96.94310151026613,7450.09,100.36690831922834,3.423806808962212
2026-08-11,HYD_DEL,30,6786.76,6347.889999999999,106.91363586955667,6342.99,106.99622733127438,0.08259146171771192
2026-08-11,MAA_DEL,30,7532.17,8161.56,92.28836153872544,8088.77,93.11885490624657,0.8304933675211288
2026-08-11,BLR_DEL,45,7515.41,8566.51,87.7301258038571,7502.725,100.16907190387492,12.438946100017816
2026-08-11,BLR_HYD,45,4304.379999999999,4603.35,93.50538195010152,4361.68,98.68628601823148,5.180904068129962
2026-08-11,BOM_BLR,45,5576.55,6142.85,90.78115207110706,5910.59,94.3484491395952,3.567297068488145
2026-08-11,BOM_DEL,45,6525.03,7155.57,91.18812337801181,6577.48,99.20258214392138,8.014458765909566
2026-08-11,CCU_DEL,45,6762.77,7085.785,95.44136605894761,7073.35,95.60915266457903,0.16778660563142012
2026-08-11,DEL_BLR,45,7438.17,8901.25,83.56320741468895,7363.1,101.01954339884016,17.45633598415121
2026-08-11,DEL_BOM,45,6253.450000000001,7146.81,87.49987756775401,6642.674999999999,94.14053826207065,6.640660694316637
2026-08-11,DEL_CCU,45,6887.265,7506.02,91.75655007580582,6865.219999999999,100.321111340933,8.564561265127182
2026-08-11,HYD_DEL,45,6425.625,6175.18,104.0556712516882,6123.91,104.9268359593789,0.8711647076907099
2026-08-11,MAA_DEL,45,7460.75,8226.95,90.68670649511665,7682.245000000001,97.11679333319881,6.430086838082161
2026-08-12,BLR_DEL,1,13453.46,12766.82,105.3783166050747,13358.3,100.71236609448806,-4.66595051058664
2026-08-12,BLR_HYD,1,7650.870000000001,7969.66,95.9999548286878,7613.44,100.49163059011434,4.491675761426535
2026-08-12,BOM_BLR,1,10284.735,10536.8,97.60776516589478,10337.22,99.49227161654683,1.8845064506520544
2026-08-12,BOM_DEL,1,11755.47,11787.115,99.73152887708315,11827.42,99.39166783626521,-0.33986104081793655
2026-08-12,CCU_DEL,1,12173.825,12308.66,98.9045517546183,12623.55,96.43741261372595,-2.4671391408923427
2026-08-12,DEL_BLR,1,12736.650000000001,13136.69,96.95478845888881,13157.8,96.79923695450609,-0.15555150438272847
2026-08-12,DEL_BOM,1,11739.55,11601.5,101.18993233633581,11927.8,98.42175422123107,-2.768178115104746
2026-08-12,DEL_CCU,1,12115.744999999999,11537.265,105.01401328651114,12325.0,98.30219066937119,-6.711822617139958
2026-08-12,HYD_DEL,1,10885.98,10507.67,103.6003224311384,10728.94,101.46370470894608,-2.1366177221923124
2026-08-12,MAA_DEL,1,14773.11,14184.83,104.14724744674417,14184.83,104.14724744674417,0.0
2026-08-12,BLR_DEL,7,10229.73,10173.86,100.54915243575199,10508.55,97.34673194684329,-3.2024204889087002
2026-08-12,BLR_HYD,7,5747.76,5977.64,96.15433515568017,6172.19,93.12351045577016,-3.0308246999100135
2026-08-12,BOM_BLR,7,8050.52,7932.34,101.48985040984124,8250.02,97.58182404406293,-3.908026365778312
2026-08-12,BOM_DEL,7,9122.189999999999,9014.355,101.19625863414518,9447.32,96.55849489590697,-4.637763738238206
2026-08-12,CCU_DEL,7,10152.09,10115.5,100.36172210963372,9879.91,102.75488339468679,2.3931612850530684
2026-08-12,DEL_BLR,7,9934.02,9534.44,104.19091210390961,10578.72,93.90568991333546,-10.285222190574146
2026-08-12,DEL_BOM,7,9320.23,9592.17,97.1649793529514,9533.93,97.75853189608063,0.5935525431292206
2026-08-12,DEL_CCU,7,9790.06,10379.28,94.32311297122729,9891.904999999999,98.97042076324026,4.647307792012967
2026-08-12,HYD_DEL,7,8752.6,8597.87,101.79963176926378,8497.07,103.00727191843777,1.207640149173983
2026-08-12,MAA_DEL,7,10951.04,11078.26,98.85162471362831,11078.26,98.85162471362831,0.0
2026-08-12,BLR_DEL,15,9008.98,8999.96,100.1002226676563,8999.96,100.1002226676563,0.0
2026-08-12,BLR_HYD,15,4925.4349999999995,5421.8,90.84501457080673,5185.2,94.99026074211216,4.1452461713054305
2026-08-12,BOM_BLR,15,6880.615,6400.97,107.49331741907866,7089.44,97.05442178789863,-10.438895631180031
2026-08-12,BOM_DEL,15,8092.76,7879.1,102.71173103527052,8033.74,100.73465160684812,-1.9770794284223996
2026-08-12,CCU_DEL,15,8201.98,7770.5,105.55279583038416,8355.255000000001,98.16552576791491,-7.387270062469241
2026-08-12,DEL_BLR,15,9006.02,8958.545,100.52994096697623,8936.68,100.77590335560858,0.24596238863234987
2026-08-12,DEL_BOM,15,7663.28,7519.805,101.90796170911347,7972.299999999999,96.12382875707137,-5.7841329520421
2026-08-12,DEL_CCU,15,8406.61,8472.825,99.21850150333566,8531.59,98.5350913487404,-0.6834101545952649
2026-08-12,HYD_DEL,15,7394.39,7450.45,99.2475622277849,7321.14,101.00052724029318,1.7529650125082838
2026-08-12,MAA_DEL,15,9556.58,9493.135,100.6683250580551,9318.744999999999,102.55222135598731,1.8838962979322105
2026-08-12,BLR_DEL,30,7828.879999999999,7815.85,100.16671251367413,7815.85,100.16671251367413,0.0
2026-08-12,BLR_HYD,30,4426.92,4301.545,102.91465043373951,4560.139999999999,97.07859846408226,-5.836051969657248
2026-08-12,BOM_BLR,30,5815.97,6115.514999999999,95.10188430573714,6115.514999999999,95.10188430573714,0.0
2026-08-12,BOM_DEL,30,7365.35,6848.37,107.54894960406638,6988.25,105.3962007655708,-2.152748838495583
2026-08-12,CCU_DEL,30,7154.76,6733.35,106.25854886497805,7502.62,95.36348635543317,-10.895062509544886
2026-08-12,DEL_BLR,30,7515.56,7623.15,98.58864117851546,7819.21,96.1166153613984,-2.472025817117057
2026-08-12,DEL_BOM,30,7009.745,7151.67,98.01549847797787,7062.97,99.24642183104274,1.2309233530648669
2026-08-12,DEL_CCU,30,6997.23,7713.21,90.71748338240498,7450.09,93.92141571444103,3.2039323320360467
2026-08-12,HYD_DEL,30,6354.6,6347.889999999999,100.10570441516788,6342.99,100.18303670666357,0.07733229149569354
2026-08-12,MAA_DEL,30,7501.7,8161.56,91.91502604894161,8088.77,92.74215980921697,0.827133760275359
2026-08-12,BLR_DEL,45,8103.26,8566.51,94.59231355592884,7502.725,108.00422513153553,13.411911575606695
2026-08-12,BLR_HYD,45,5084.25,4603.35,110.44673987422202,4361.68,116.56632306817556,6.119583193953545
2026-08-12,BOM_BLR,45,6044.455,6142.85,98.39821906769657,5910.59,102.26483312156654,3.8666140538699665
2026-08-12,BOM_DEL,45,7391.72,7155.57,103.30022625730726,6577.48,112.37920905878849,9.078982801481231
2026-08-12,CCU_DEL,45,7619.585,7085.785,107.5333925598928,7073.35,107.7224370347855,0.1890444748926967
2026-08-12,DEL_BLR,45,7799.49,8901.25,87.62241258250245,7363.1,105.92671564965843,18.304303067155985
2026-08-12,DEL_BOM,45,7172.83,7146.81,100.3640785189476,6642.674999999999,107.98104679214325,7.616968273195653
2026-08-12,DEL_CCU,45,7574.07,7506.02,100.90660563121334,6865.219999999999,110.32523356862562,9.418627937412282
2026-08-12,HYD_DEL,45,6670.3,6175.18,108.0179039315453,6123.91,108.92224085592375,0.9043369243784412
2026-08-12,MAA_DEL,45,8360.115,8226.95,101.61864360425186,7682.245000000001,108.82385292320147,7.205209318949613
2026-08-13,BLR_DEL,1,13272.14,12766.82,103.95807256623027,13358.3,99.35500774799189,-4.60306481823838
2026-08-13,BLR_HYD,1,7337.52,7969.66,92.0681685291468,7613.44,96.37588264963014,4.30771412048334
2026-08-13,BOM_BLR,1,10678.57,10536.8,101.34547490699264,10337.22,103.30214506414683,1.9566701571541927
2026-08-13,BOM_DEL,1,11196.145,11787.115,94.98630496096798,11827.42,94.66261450088015,-0.32369046008783187
2026-08-13,CCU_DEL,1,13012.19,12308.66,105.71573185058325,12623.55,103.07869022580812,-2.6370416247751365
2026-08-13,DEL_BLR,1,12650.33,13136.69,96.29769751741115,13157.8,96.14320023104167,-0.15449728636947668
2026-08-13,DEL_BOM,1,11493.35,11601.5,99.06779295780719,11927.8,96.35766863964857,-2.71012431815862
2026-08-13,DEL_CCU,1,12419.6,11537.265,107.64769639944996,12325.0,100.76754563894524,-6.880150760504719
2026-08-13,HYD_DEL,1,10864.225,10507.67,103.39328319218248,10728.94,101.26093537665417,-2.1323478155283055
2026-08-13,MAA_DEL,1,13409.72,14184.83,94.53564124490741,14184.83,94.53564124490741,0.0
2026-08-13,BLR_DEL,7,10011.72,10173.86,98.4063079303234,10508.55,95.27213554676905,-3.1341723835543434
2026-08-13,BLR_HYD,7,5690.16,5977.64,95.19074417328576,6172.19,92.19029226255186,-3.0004519107339007
2026-08-13,BOM_BLR,7,8649.15,7932.34,109.03655163545687,8250.02,104.83792766562989,-4.198623969826983
2026-08-13,BOM_DEL,7,9300.77,9014.355,103.17732106179534,9447.32,98.44876642264686,-4.728554639148484
2026-08-13,CCU_DEL,7,9453.035,10115.5,93.450991053334,9879.91,95.67936347598308,2.2283724226490875
2026-08-13,DEL_BLR,7,10246.25,9534.44,107.46567181711772,10578.72,96.85718120906877,-10.608490608048953
2026-08-13,DEL_BOM,7,9057.53,9592.17,94.4262872738911,9533.93,95.00310994521672,0.5768226713256155
2026-08-13,DEL_CCU,7,9396.96,10379.28,90.53575970587553,9891.904999999999,94.9964642806416,4.460704574766069
2026-08-13,HYD_DEL,7,8439.63,8597.87,98.15954416617137,8497.07,99.32400227372493,1.164458107553557
2026-08-13,MAA_DEL,7,11006.48,11078.26,99.35206431334885,11078.26,99.35206431334885,0.0
2026-08-13,BLR_DEL,15,9233.994999999999,8999.96,102.6004004462242,8999.96,102.6004004462242,0.0
2026-08-13,BLR_HYD,15,5084.33,5421.8,93.77568335239219,5185.2,98.05465555812698,4.278972205734789
2026-08-13,BOM_BLR,15,6624.33,6400.97,103.4894711270323,7089.44,93.43939718793021,-10.050073939102091
2026-08-13,BOM_DEL,15,7351.74,7879.1,93.30684976710538,8033.74,91.51080318755648,-1.7960465795489
2026-08-13,CCU_DEL,15,8678.46,7770.5,111.6847049739399,8355.255000000001,103.8682840918679,-7.816420882071995
2026-08-13,DEL_BLR,15,8749.42,8958.545,97.66563655147125,8936.68,97.9045909666677,0.23895441519644578
2026-08-13,DEL_BOM,15,8156.06,7519.805,108.46105716837073,7972.299999999999,102.30498099670109,-6.156076171669639
2026-08-13,DEL_CCU,15,7996.23,8472.825,94.3750165971798,8531.59,93.72496803057811,-0.6500485666016829
2026-08-13,HYD_DEL,15,7075.03,7450.45,94.96110973162695,7321.14,96.63836506336445,1.6772553317374985
2026-08-13,MAA_DEL,15,9554.96,9493.135,100.65126009479482,9318.744999999999,102.53483704082471,1.8835769460298906
2026-08-13,BLR_DEL,30,8350.37,7815.85,106.83892346961623,7815.85,106.83892346961623,0.0
2026-08-13,BLR_HYD,30,4880.57,4301.545,113.46086115570102,4560.139999999999,107.02675795041381,-6.434103205287215
2026-08-13,BOM_BLR,30,6394.67,6115.514999999999,104.56470141925907,6115.514999999999,104.56470141925907,0.0
2026-08-13,BOM_DEL,30,7541.305,6848.37,110.11824711573703,6988.25,107.91407004614891,-2.204177069588127
2026-08-13,CCU_DEL,30,8010.17,6733.35,118.96262633013284,7502.62,106.76497010377707,-12.197656226355761
2026-08-13,DEL_BLR,30,9100.365,7623.15,119.37801302611126,7819.21,116.38471149898774,-2.9933015271235206
2026-08-13,DEL_BOM,30,7391.77,7151.67,103.35725781530746,7062.97,104.65526541950483,1.298007604197366
2026-08-13,DEL_CCU,30,7059.9400000000005,7713.21,91.5305041610432,7450.09,94.7631505122757,3.2326463512325034
2026-08-13,HYD_DEL,30,6775.745,6347.889999999999,106.74011364406127,6342.99,106.82257105875937,0.08245741469809786
2026-08-13,MAA_DEL,30,8252.31,8161.56,101.11191978004203,8088.77,102.02181543052897,0.9098956504869449
2026-08-13,BLR_DEL,45,8350.21,8566.51,97.47505110015629,7502.725,111.29569589715736,13.820644797001066
2026-08-13,BLR_HYD,45,4837.425,4603.35,105.08488383459871,4361.68,110.90737972524347,5.82249589064476
2026-08-13,BOM_BLR,45,6262.35,6142.85,101.94535109924547,5910.59,105.9513517263082,4.006000627062733
2026-08-13,BOM_DEL,45,6795.12,7155.57,94.9626654480356,6577.48,103.30886600947476,8.346200561439161
2026-08-13,CCU_DEL,45,7568.38,7085.785,106.81074856208592,7073.35,106.99852262365074,0.18777406156482357
2026-08-13,DEL_BLR,45,8074.86,8901.25,90.71602303047325,7363.1,109.66658065217094,18.950557621697683
2026-08-13,DEL_BOM,45,7410.485,7146.81,103.68940828145703,6642.674999999999,111.55874704091349,7.869338759456454
2026-08-13,DEL_CCU,45,7571.7,7506.02,100.87503097513728,6865.219999999999,110.2907117324718,9.415680757334528
2026-08-13,HYD_DEL,45,6834.44,6175.18,110.67596410145129,6123.91,111.60255457705944,0.9265904756081511
2026-08-13,MAA_DEL,45,8604.29,8226.95,104.58663295632039,7682.245000000001,112.00228579015639,7.415652833836006
2026-08-14,BLR_DEL,1,14456.43,12766.82,113.23438413011229,13358.3,108.22058196027939,-5.0138021698329
2026-08-14,BLR_HYD,1,8846.7,7969.66,111.00473545922912,7613.44,116.19845956624077,5.193724107011647
2026-08-14,BOM_BLR,1,11596.405,10536.8,110.05623149343255,10337.22,112.18107963262851,2.1248481391959615
2026-08-14,BOM_DEL,1,12814.77,11787.115,108.71846079384142,11827.42,108.34797445258562,-0.3704863412557984
2026-08-14,CCU_DEL,1,13050.34,12308.66,106.02567623120633,12623.55,103.38090315323345,-2.6447730779728857
2026-08-14,DEL_BLR,1,13223.675,13136.69,100.66215309944894,13157.8,100.50065360470595,-0.16149949474299774
2026-08-14,DEL_BOM,1,11872.06,11601.5,102.3321122268672,11927.8,99.53268834152149,-2.7994238853457034
2026-08-14,DEL_CCU,1,12921.04,11537.265,111.99396044036433,12325.0,104.83602434077079,-7.157936099593542
2026-08-14,HYD_DEL,1,12559.21,10507.67,119.52421421685303,10728.94,117.05918758050655,-2.4650266363464794
2026-08-14,MAA_DEL,1,14012.36,14184.83,98.78412360246827,14184.83,98.78412360246827,0.0
2026-08-14,BLR_DEL,7,10885.24,10173.86,106.99223303642864,10508.55,103.58460491694859,-3.4076281194800515
2026-08-14,BLR_HYD,7,6104.95,5977.64,102.12977027723315,6172.19,98.9105973730556,-3.2191729041775545
2026-08-14,BOM_BLR,7,8189.855,7932.34,103.24639387620802,8250.02,99.27072904065686,-3.9756648355511572
2026-08-14,BOM_DEL,7,10306.939999999999,9014.355,114.33918455618843,9447.32,109.09908841872615,-5.240096137462274
2026-08-14,CCU_DEL,7,10682.77,10115.5,105.60792842667195,9879.91,108.12618738429805,2.5182589576261023
2026-08-14,DEL_BLR,7,10126.255000000001,9534.44,106.20712910249578,10578.72,95.7228757354387,-10.484253367057079
2026-08-14,DEL_BOM,7,9197.86,9592.17,95.88925133728866,9533.93,96.47501082974178,0.5857594924531213
2026-08-14,DEL_CCU,7,9586.25,10379.28,92.35948929020125,9891.904999999999,96.91004917657419,4.5505598863729375
2026-08-14,HYD_DEL,7,8025.8099999999995,8597.87,93.34649163106675,8497.07,94.45385291635823,1.107361285291475
2026-08-14,MAA_DEL,7,11031.05,11078.26,99.57385004504317,11078.26,99.57385004504317,0.0
2026-08-14,BLR_DEL,15,9264.59,8999.96,102.94034640153957,8999.96,102.94034640153957,0.0
2026-08-14,BLR_HYD,15,6159.469999999999,5421.8,113.60562912685823,5185.2,118.78943917303093,5.183810046172695
2026-08-14,BOM_BLR,15,7438.29,6400.97,116.2056688283182,7089.44,104.92069895506557,-11.28496987325262
2026-08-14,BOM_DEL,15,8788.67,7879.1,111.54408498432562,8033.74,109.39699318125804,-2.147091803067582
2026-08-14,CCU_DEL,15,9212.89,7770.5,118.5623833730133,8355.255000000001,110.26461789616233,-8.29776547685097
2026-08-14,DEL_BLR,15,9839.49,8958.545,109.83357230443114,8936.68,110.10229749750467,0.2687251930735215
2026-08-14,DEL_BOM,15,8107.395,7519.805,107.81389942957298,7972.299999999999,101.69455489632855,-6.11934453324443
2026-08-14,DEL_CCU,15,9024.06,8472.825,106.50591744784057,8531.59,105.77231207781901,-0.7336053700215643
2026-08-14,HYD_DEL,15,7726.395,7450.45,103.70373601594535,7321.14,105.53540842000015,1.8316724040547996
2026-08-14,MAA_DEL,15,10302.415,9493.135,108.52489720203073,9318.744999999999,110.55582055308952,2.0309233510587887
2026-08-14,BLR_DEL,30,8378.75,7815.85,107.20203176877754,7815.85,107.20203176877754,0.0
2026-08-14,BLR_HYD,30,4781.45,4301.545,111.15657281279168,4560.139999999999,104.8531404737574,-6.3034323390342735
2026-08-14,BOM_BLR,30,6512.805,6115.514999999999,106.49642752899797,6115.514999999999,106.49642752899797,0.0
2026-08-14,BOM_DEL,30,7197.86,6848.37,105.10325814755919,6988.25,102.99946338496761,-2.1037947625915763
2026-08-14,CCU_DEL,30,7937.025,6733.35,117.87631713782885,7502.62,105.79004401129207,-12.086273126536781
2026-08-14,DEL_BLR,30,8451.68,7623.15,110.86860418593365,7819.21,108.0886688041375,-2.7799353817961503
2026-08-14,DEL_BOM,30,7556.52,7151.67,105.66091556237913,7062.97,106.98785355169285,1.3269379893137199
2026-08-14,DEL_CCU,30,7423.3,7713.21,96.24138328918829,7450.09,99.64040702863993,3.3990237394516356
2026-08-14,HYD_DEL,30,6721.99,6347.889999999999,105.89329682776483,6342.99,105.97510007110212,0.08180324333729061
2026-08-14,MAA_DEL,30,8129.775,8161.56,99.61055239439519,8088.77,100.50693739592052,0.8963850015253314
2026-08-14,BLR_DEL,45,7238.93,8566.51,84.50267378430655,7502.725,96.48401080940592,11.981337025099364
2026-08-14,BLR_HYD,45,4191.9,4603.35,91.06194401902961,4361.68,96.10746317932538,5.045519160295768
2026-08-14,BOM_BLR,45,6276.19,6142.85,102.1706536868066,5910.59,106.18550770735237,4.014854020545769
2026-08-14,BOM_DEL,45,5942.85,7155.57,83.05208390107288,6577.48,90.35147199231318,7.299388091240303
2026-08-14,CCU_DEL,45,6920.02,7085.785,97.6605979436294,7073.35,97.83228597482099,0.17168803119159293
2026-08-14,DEL_BLR,45,6866.785,8901.25,77.14405280157281,7363.1,93.25942877320693,16.115375971634123
2026-08-14,DEL_BOM,45,6070.375,7146.81,84.93824517512009,6642.674999999999,91.38449495120567,6.44624977608558
2026-08-14,DEL_CCU,45,7141.61,7506.02,95.1450968689132,6865.219999999999,104.02594527196507,8.880848403051871
2026-08-14,HYD_DEL,45,5571.545,6175.18,90.22481935749241,6123.91,90.9801907604782,0.7553714029857872
2026-08-14,MAA_DEL,45,7654.41,8226.95,93.04067728623609,7682.245000000001,99.63767101934394,6.596993733107851
2026-08-15,BLR_DEL,1,15203.59,12766.82,119.08674203912956,13358.3,113.81380864331541,-5.2729333958141495
2026-08-15,BLR_HYD,1,8578.63,7969.66,107.6411038864895,7613.44,112.67744935272358,5.036345466234081
2026-08-15,BOM_BLR,1,11338.8,10536.8,107.61141902664946,10337.22,109.68906533865004,2.0776463120005815
2026-08-15,BOM_DEL,1,13729.42,11787.115,116.47820522663943,11827.42,116.08127554445518,-0.3969296821842505
2026-08-15,CCU_DEL,1,13629.92,12308.66,110.7343935083104,12623.55,107.9721631395289,-2.762230368781502
2026-08-15,DEL_BLR,1,14957.955,13136.69,113.8639565978949,13157.8,113.68127650519084,-0.18268009270406083
2026-08-15,DEL_BOM,1,13139.76,11601.5,113.25914752402706,11927.8,110.16080081825652,-3.0983467057705383
2026-08-15,DEL_CCU,1,13579.98,11537.265,117.70536604645902,12325.0,110.18239350912779,-7.522972537331228
2026-08-15,HYD_DEL,1,11730.105,10507.67,111.63373992521653,10728.94,109.33144374001532,-2.3022961852012145
2026-08-15,MAA_DEL,1,14609.925,14184.83,102.99682830178436,14184.83,102.99682830178436,0.0
2026-08-15,BLR_DEL,7,10569.900000000001,10173.86,103.89272115008464,10508.55,100.58381032587751,-3.308910824207132
2026-08-15,BLR_HYD,7,6752.6,5977.64,112.96431367563117,6172.19,109.40363145010119,-3.5606822255299875
2026-08-15,BOM_BLR,7,8534.19,7932.34,107.58729454360252,8250.02,103.4444764982388,-4.142818045363725
2026-08-15,BOM_DEL,7,9956.83,9014.355,110.45526829151949,9447.32,105.39316970315392,-5.062098588365572
2026-08-15,CCU_DEL,7,11671.61,10115.5,115.38342148188426,9879.91,118.13478057998506,2.7513590981008065
2026-08-15,DEL_BLR,7,11576.14,9534.44,121.41394775151974,10578.72,109.42855090218855,-11.985396849331195
2026-08-15,DEL_BOM,7,9662.805,9592.17,100.73638186145575,9533.93,101.35175106173423,0.6153692002784794
2026-08-15,DEL_CCU,7,11590.81,10379.28,111.67258229857946,9891.904999999999,117.17469991877198,5.5021176201925215
2026-08-15,HYD_DEL,7,9814.83,8597.87,114.15420330849383,8497.07,115.50840466184226,1.3542013533484294
2026-08-15,MAA_DEL,7,11774.41,11078.26,106.2839290646726,11078.26,106.2839290646726,0.0
2026-08-15,BLR_DEL,15,8760.95,8999.96,97.34432153031793,8999.96,97.34432153031793,0.0
2026-08-15,BLR_HYD,15,5463.86,5421.8,100.77575712862885,5185.2,105.37414178816631,4.598384659537459
2026-08-15,BOM_BLR,15,7250.1,6400.97,113.26564567557729,7089.44,102.266187456273,-10.999458219304287
2026-08-15,BOM_DEL,15,8202.095000000001,7879.1,104.09938952418425,8033.74,102.09559930991048,-2.0037902142737636
2026-08-15,CCU_DEL,15,9174.11,7770.5,118.06331638890677,8355.255000000001,109.80047886031005,-8.26283752859672
2026-08-15,DEL_BLR,15,9800.07,8958.545,109.39354549204138,8936.68,109.66119408997524,0.26764859793385654
2026-08-15,DEL_BOM,15,8867.74,7519.805,117.92513236712921,7972.299999999999,111.23189042058128,-6.6932419465479285
2026-08-15,DEL_CCU,15,9549.88,8472.825,112.71187590915662,8531.59,111.93552432782165,-0.7763515813349642
2026-08-15,HYD_DEL,15,7771.01,7450.45,104.30255890583791,7321.14,106.14480804901969,1.8422491431817747
2026-08-15,MAA_DEL,15,9825.14,9493.135,103.49731674520586,9318.744999999999,105.4341544918334,1.936837746627532
2026-08-15,BLR_DEL,30,7435.52,7815.85,95.13386259971725,7815.85,95.13386259971725,0.0
2026-08-15,BLR_HYD,30,4266.81,4301.545,99.19249943915501,4560.139999999999,93.56752204976165,-5.624977389393365
2026-08-15,BOM_BLR,30,5833.91,6115.514999999999,95.3952365418121,6115.514999999999,95.3952365418121,0.0
2026-08-15,BOM_DEL,30,7033.575,6848.37,102.70436614844117,6988.25,100.64858870246485,-2.055777445976318
2026-08-15,CCU_DEL,30,7209.51,6733.35,107.0716656641939,7502.62,96.0932314311534,-10.978434233040502
2026-08-15,DEL_BLR,30,7635.620000000001,7623.15,100.16358067203193,7819.21,97.65206459476086,-2.511516077271068
2026-08-15,DEL_BOM,30,6480.15,7151.67,90.61030500568398,7062.97,91.74823056023173,1.1379255545477491
2026-08-15,DEL_CCU,30,7635.1849999999995,7713.21,98.98842375612746,7450.09,102.48446663060444,3.4960428744769843
2026-08-15,HYD_DEL,30,6286.01,6347.889999999999,99.02518789708078,6342.99,99.101685482714,0.07649758563321996
2026-08-15,MAA_DEL,30,8071.54,8161.56,98.89702458843652,8088.77,99.78698862744272,0.8899640390062018
2026-08-15,BLR_DEL,45,6921.37,8566.51,80.79567992099466,7502.725,92.25141531910072,11.455735398106057
2026-08-15,BLR_HYD,45,4404.57,4603.35,95.68184039883995,4361.68,100.983336695952,5.3014962971120525
2026-08-15,BOM_BLR,45,5560.53,6142.85,90.52036107018728,5910.59,94.0774102077796,3.5570491375923154
2026-08-15,BOM_DEL,45,6539.25,7155.57,91.38684968493077,6577.48,99.41877436343403,8.031924678503259
2026-08-15,CCU_DEL,45,6837.365,7085.785,96.49410756888615,7073.35,96.66374490163783,0.1696373327516767
2026-08-15,DEL_BLR,45,7626.74,8901.25,85.68167392220194,7363.1,103.58055710230745,17.898883180105514
2026-08-15,DEL_BOM,45,6598.25,7146.81,92.32440767279387,6642.674999999999,99.3312182215749,7.006810548781033
2026-08-15,DEL_CCU,45,6593.43,7506.02,87.84189224116109,6865.219999999999,96.04105913575968,8.19916689459859
2026-08-15,HYD_DEL,45,5555.71,6175.18,89.9683895854048,6123.91,90.7216141321476,0.7532245467427998
2026-08-15,MAA_DEL,45,7458.094999999999,8226.95,90.65443451096698,7682.245000000001,97.08223312326018,6.427798612293202
2026-08-16,BLR_DEL,1,12832.76,12766.82,100.5164951021476,13358.3,96.06581675812042,-4.450678344027182
2026-08-16,BLR_HYD,1,7628.26,7969.66,95.71625389288879,7613.44,100.19465576664426,4.478401873755473
2026-08-16,BOM_BLR,1,10800.05,10536.8,102.49838660693949,10337.22,104.47731595148406,1.978929344544568
2026-08-16,BOM_DEL,1,11489.83,11787.115,97.47788156813606,11827.42,97.14570041479882,-0.3321811533372312
2026-08-16,CCU_DEL,1,12047.75,12308.66,97.88027291354217,12623.55,95.43868404688064,-2.441588866661533
2026-08-16,DEL_BLR,1,12354.335,13136.69,94.04450436144872,13157.8,93.89362203407863,-0.1508823273700841
2026-08-16,DEL_BOM,1,12333.16,11601.5,106.30659828470456,11927.8,103.39844732473718,-2.9081509599673865
2026-08-16,DEL_CCU,1,11723.4,11537.265,101.61333730307834,12325.0,95.11886409736307,-6.494473205715266
2026-08-16,HYD_DEL,1,11293.46,10507.67,107.47825160097338,10728.94,105.26165678995314,-2.2165948110202436
2026-08-16,MAA_DEL,1,13253.055,14184.83,93.43118669733794,14184.83,93.43118669733794,0.0
2026-08-16,BLR_DEL,7,10734.994999999999,10173.86,105.5154582429874,10508.55,102.15486437234442,-3.3605938706429868
2026-08-16,BLR_HYD,7,6795.41,5977.64,113.68048259848366,6172.19,110.097226430165,-3.5832561683186697
2026-08-16,BOM_BLR,7,9344.2,7932.34,117.79878320899005,8250.02,113.26275572665278,-4.536027482337261
2026-08-16,BOM_DEL,7,9535.475,9014.355,105.7810015247902,9447.32,100.93312177421745,-4.847879750572744
2026-08-16,CCU_DEL,7,10586.705,10115.5,104.65824724432802,9879.91,107.1538607133061,2.4956134689780782
2026-08-16,DEL_BLR,7,11490.445,9534.44,120.51515348567928,10578.72,108.61848125293041,-11.89667223274887
2026-08-16,DEL_BOM,7,10572.72,9592.17,110.22240014511834,9533.93,110.89571666668414,0.6733165215657948
2026-08-16,DEL_CCU,7,10136.71,10379.28,97.66294001125317,9891.904999999999,102.47480136535884,4.811861354105673
2026-08-16,HYD_DEL,7,9712.69,8597.87,112.96623466044497,8497.07,114.30634324537753,1.3401085849325653
2026-08-16,MAA_DEL,7,11732.8,11078.26,105.908328564233,11078.26,105.908328564233,0.0
2026-08-16,BLR_DEL,15,8572.075,8999.96,95.24570109200488,8999.96,95.24570109200488,0.0
2026-08-16,BLR_HYD,15,4824.22,5421.8,88.97819912206279,5185.2,93.03826274782074,4.060063625757948
2026-08-16,BOM_BLR,15,6917.155,6400.97,108.06416839947694,7089.44,97.56983626351305,-10.494332135963887
2026-08-16,BOM_DEL,15,7955.36,7879.1,100.96787704179411,8033.74,99.02436474170187,-1.9435123000922374
2026-08-16,CCU_DEL,15,8066.3099999999995,7770.5,103.80683353709541,8355.255000000001,96.54175725336927,-7.265076283726145
2026-08-16,DEL_BLR,15,9111.105,8958.545,101.70295511157224,8936.68,101.95178746469607,0.24883235312383079
2026-08-16,DEL_BOM,15,8211.75,7519.805,109.20163488281942,7972.299999999999,103.00352470428862,-6.198110178530797
2026-08-16,DEL_CCU,15,8711.619999999999,8472.825,102.81836341479963,8531.59,102.1101576611159,-0.7082057536837283
2026-08-16,HYD_DEL,15,7025.72,7450.45,94.29927051386159,7321.14,95.96483607744149,1.6655655635799036
2026-08-16,MAA_DEL,15,9227.955,9493.135,97.2066129892812,9318.744999999999,99.02572717678186,1.8191141875006593
2026-08-16,BLR_DEL,30,7997.36,7815.85,102.32233218395952,7815.85,102.32233218395952,0.0
2026-08-16,BLR_HYD,30,4377.45,4301.545,101.76459853378262,4560.139999999999,95.99376334937087,-5.770835184411752
2026-08-16,BOM_BLR,30,5582.93,6115.514999999999,91.2912485702349,6115.514999999999,91.2912485702349,0.0
2026-08-16,BOM_DEL,30,6993.83,6848.37,102.12400907077159,6988.25,100.0798483168175,-2.0441607539540882
2026-08-16,CCU_DEL,30,7211.415,6733.35,107.09995767337207,7502.62,96.11862256118529,-10.981335112186784
2026-08-16,DEL_BLR,30,7224.16,7623.15,94.76607439181966,7819.21,92.38989616598096,-2.3761782258387
2026-08-16,DEL_BOM,30,7023.59,7151.67,98.2090896252204,7062.97,99.44244418424543,1.233354559025031
2026-08-16,DEL_CCU,30,6775.83,7713.21,87.84708312103521,7450.09,90.94963953455596,3.1025564135207446
2026-08-16,HYD_DEL,30,5910.33,6347.889999999999,93.10700090896346,6342.99,93.17892665761731,0.07192574865385382
2026-08-16,MAA_DEL,30,8469.59,8161.56,103.77415592117194,8088.77,104.70800875782102,0.9338528366490806
2026-08-16,BLR_DEL,45,7427.65,8566.51,86.70567127103101,7502.725,98.99936356457152,12.293692293540516
2026-08-16,BLR_HYD,45,4541.1,4603.35,98.647723940174,4361.68,104.1135525760716,5.465828635897594
2026-08-16,BOM_BLR,45,5829.25,6142.85,94.89487778474161,5910.59,98.62382604782263,3.7289482630810227
2026-08-16,BOM_DEL,45,6073.68,7155.57,84.88044977548958,6577.48,92.34053163217524,7.460081856685662
2026-08-16,CCU_DEL,45,6462.96,7085.785,91.21021876898607,7073.35,91.37056698735394,0.16034821836787216
2026-08-16,DEL_BLR,45,7272.76,8901.25,81.70492908299396,7363.1,98.7730711249338,17.068142041939836
2026-08-16,DEL_BOM,45,6386.139999999999,7146.81,89.3565101073066,6642.674999999999,96.13807690425921,6.781566796952603
2026-08-16,DEL_CCU,45,7181.6,7506.02,95.67786923029782,6865.219999999999,104.6084466339025,8.930577403604687
2026-08-16,HYD_DEL,45,5969.26,6175.18,96.66536036196516,6123.91,97.47465263206024,0.8092922700950851
2026-08-16,MAA_DEL,45,7425.465,8226.95,90.2578112180091,7682.245000000001,96.65748749226299,6.399676274253892
2026-08-17,BLR_DEL,1,12635.31,12766.82,98.96990793322064,13358.3,94.58770951393515,-4.382198419285487
2026-08-17,BLR_HYD,1,7685.389999999999,7969.66,96.43309752235352,7613.44,100.945039298924,4.511941776570481
2026-08-17,BOM_BLR,1,10076.46,10536.8,95.63112140308253,10337.22,97.47746492770784,1.8463435246253113
2026-08-17,BOM_DEL,1,12269.175,11787.115,104.08972000358017,11827.42,103.73500729660398,-0.35471270697618706
2026-08-17,CCU_DEL,1,11634.05,12308.66,94.51922467595985,12623.55,92.16147597149772,-2.357748704462125
2026-08-17,DEL_BLR,1,12643.07,13136.69,96.24243245444629,13157.8,96.0880238337716,-0.15440862067468686
2026-08-17,DEL_BOM,1,11566.19,11601.5,99.69564280480972,11927.8,96.96834286289175,-2.727299941917977
2026-08-17,DEL_CCU,1,12692.59,11537.265,110.0138551034409,12325.0,102.98247464503044,-7.031380458410467
2026-08-17,HYD_DEL,1,11010.915,10507.67,104.78931104612155,10728.94,102.628172028178,-2.1611390179435546
2026-08-17,MAA_DEL,1,12726.044999999998,14184.83,89.71587956993491,14184.83,89.71587956993491,0.0
2026-08-17,BLR_DEL,7,10119.505000000001,10173.86,99.4657386675264,10508.55,96.29782415271376,-3.1679145148126366
2026-08-17,BLR_HYD,7,5978.59,5977.64,100.01589255960546,6172.19,96.86334996168297,-3.1525425979224906
2026-08-17,BOM_BLR,7,8133.74,7932.34,102.53897336725355,8250.02,98.59054887139666,-3.9484244958568837
2026-08-17,BOM_DEL,7,9364.215,9014.355,103.88114291039126,9447.32,99.12033253875173,-4.760810371639536
2026-08-17,CCU_DEL,7,9625.25,10115.5,95.15347733676042,9879.91,97.42244615588604,2.268968819125618
2026-08-17,DEL_BLR,7,10317.505000000001,9534.44,108.2130151325091,10578.72,97.53075041214818,-10.68226472036092
2026-08-17,DEL_BOM,7,9016.64,9592.17,94.00000208503393,9533.93,94.5742207043685,0.5742186193345731
2026-08-17,DEL_CCU,7,9482.455,10379.28,91.35946809412599,9891.904999999999,95.86075685118287,4.501288757056884
2026-08-17,HYD_DEL,7,8663.37,8597.87,100.76181658945762,8497.07,101.95714522770791,1.1953286382502881
2026-08-17,MAA_DEL,7,11355.08,11078.26,102.49876785704615,11078.26,102.49876785704615,0.0
2026-08-17,BLR_DEL,15,8523.06,8999.96,94.70108756038917,8999.96,94.70108756038917,0.0
2026-08-17,BLR_HYD,15,5021.5650000000005,5421.8,92.61804197867868,5185.2,96.84419115945384,4.226149180775167
2026-08-17,BOM_BLR,15,7208.665,6400.97,112.61832191058542,7089.44,101.68172662438784,-10.936595286197587
2026-08-17,BOM_DEL,15,7947.69,7879.1,100.87053089819902,8033.74,98.92889239631853,-1.9416385018804903
2026-08-17,CCU_DEL,15,8515.7,7770.5,109.59011646612188,8355.255000000001,101.92028848910057,-7.669827977021313
2026-08-17,DEL_BLR,15,8801.259999999998,8958.545,98.2443019485865,8936.68,98.48467216013104,0.24037021154454408
2026-08-17,DEL_BOM,15,7857.25,7519.805,104.48741689445404,7972.299999999999,98.55687819073543,-5.930538703718611
2026-08-17,DEL_CCU,15,7966.55,8472.825,94.02472020843106,8531.59,93.3770844590516,-0.6476357493794609
2026-08-17,HYD_DEL,15,7054.24,7450.45,94.68206618392178,7321.14,96.35439289509556,1.6723267111737812
2026-08-17,MAA_DEL,15,9516.07,9493.135,100.2415956372684,9318.744999999999,102.11750616633464,1.875910529066232
2026-08-17,BLR_DEL,30,7578.205,7815.85,96.95944778878817,7815.85,96.95944778878817,0.0
2026-08-17,BLR_HYD,30,4317.325000000001,4301.545,100.36684493594746,4560.139999999999,94.67527312757944,-5.6915718083680105
2026-08-17,BOM_BLR,30,5885.02,6115.514999999999,96.23097972942591,6115.514999999999,96.23097972942591,0.0
2026-08-17,BOM_DEL,30,6755.64,6848.37,98.6459551688942,6988.25,96.67141272850857,-1.9745424403856333
2026-08-17,CCU_DEL,30,7337.35,6733.35,108.97027482605242,7502.62,97.79716952211362,-11.173105303938797
2026-08-17,DEL_BLR,30,7343.165,7623.15,96.32717446200061,7819.21,93.91185298770591,-2.4153214742947
2026-08-17,DEL_BOM,30,6625.375,7151.67,92.64094959638798,7062.97,93.80437691226213,1.163427315874145
2026-08-17,DEL_CCU,30,7142.98,7713.21,92.60709873061928,7450.09,95.87776791958217,3.2706691889628843
2026-08-17,HYD_DEL,30,5904.71,6347.889999999999,93.0184675537856,6342.99,93.09032490986112,0.07185735607552601
2026-08-17,MAA_DEL,30,7584.2,8161.56,92.92586221261621,8088.77,93.76209238240176,0.8362301697855514
2026-08-17,BLR_DEL,45,7728.4400000000005,8566.51,90.21690279938971,7502.725,103.0084402667031,12.79153746731339
2026-08-17,BLR_HYD,45,4332.95,4603.35,94.12601692245863,4361.68,99.34130885346929,5.215291931010654
2026-08-17,BOM_BLR,45,5669.69,6142.85,92.29738639230975,5910.59,95.9242647519114,3.6268783596016476
2026-08-17,BOM_DEL,45,6505.72,7155.57,90.91826367431246,6577.48,98.90900466440036,7.9907409900879
2026-08-17,CCU_DEL,45,6528.99,7085.785,92.1420844691167,7073.35,92.30407091406475,0.16198644494805592
2026-08-17,DEL_BLR,45,7050.34,8901.25,79.20617890745682,7363.1,95.75233257731118,16.546153669854363
2026-08-17,DEL_BOM,45,6326.34,7146.81,88.51977315753462,6642.674999999999,95.23783716650297,6.718064008968355
2026-08-17,DEL_CCU,45,6861.045,7506.02,91.40723046301501,6865.219999999999,99.93918621690202,8.531955753887004
2026-08-17,HYD_DEL,45,6102.3,6175.18,98.81979148785946,6123.91,99.64712087538844,0.8273293875289767
2026-08-17,MAA_DEL,45,7592.23,8226.95,92.28486863296847,7682.245000000001,98.82827220428402,6.543403571315551
2026-08-18,BLR_DEL,1,13507.58,12766.82,105.80222796279732,13358.3,101.11750746726756,-4.68472049552976
2026-08-18,BLR_HYD,1,7575.72,7969.66,95.05700368648098,7613.44,99.50456035642233,4.447556669941349
2026-08-18,BOM_BLR,1,10128.17,10536.8,96.12187760990054,10337.22,97.97769613106813,1.855818521167592
2026-08-18,BOM_DEL,1,11560.665,11787.115,98.07883438822817,11827.42,97.74460533235482,-0.33422905587335094
2026-08-18,CCU_DEL,1,12399.585,12308.66,100.73870754411934,12623.55,98.22581603431682,-2.5128915098025146
2026-08-18,DEL_BLR,1,13246.32,13136.69,100.83453289984006,13157.8,100.67275684384929,-0.16177605599077083
2026-08-18,DEL_BOM,1,11487.88,11601.5,99.02064388225659,11927.8,96.31180938647529,-2.7088344957813035
2026-08-18,DEL_CCU,1,11564.945,11537.265,100.239918212852,12325.0,93.83322515212981,-6.406693060722191
2026-08-18,HYD_DEL,1,10525.845000000001,10507.67,100.17296888844054,10728.94,98.107035736988,-2.0659331514525405
2026-08-18,MAA_DEL,1,14278.04,14184.83,100.65711044827468,14184.83,100.65711044827468,0.0
2026-08-18,BLR_DEL,7,10148.56,10173.86,99.75132348980623,10508.55,96.57431329726747,-3.1770101925387593
2026-08-18,BLR_HYD,7,5667.16,5977.64,94.80597694073245,6172.19,91.81765305345428,-2.9883238872781703
2026-08-18,BOM_BLR,7,8954.36,7932.34,112.88421827606987,8250.02,108.53743384864522,-4.346784427424652
2026-08-18,BOM_DEL,7,8969.635,9014.355,99.50390238680417,9447.32,94.94369831867662,-4.560204068127547
2026-08-18,CCU_DEL,7,9165.02,10115.5,90.60372695368495,9879.91,92.7642053419515,2.16047838826654
2026-08-18,DEL_BLR,7,9947.474999999999,9534.44,104.33203208578583,10578.72,94.03287921412041,-10.299152871665413
2026-08-18,DEL_BOM,7,9875.04,9592.17,102.94896775182258,9533.93,103.57785299451538,0.6288852426928031
2026-08-18,DEL_CCU,7,9878.18,10379.28,95.17211213109195,9891.904999999999,99.86125018386247,4.689138052770517
2026-08-18,HYD_DEL,7,8421.23,8597.87,97.94553767386573,8497.07,99.10745704107416,1.1619193672084265
2026-08-18,MAA_DEL,7,10709.279999999999,11078.26,96.66933254861321,11078.26,96.66933254861321,0.0
2026-08-18,BLR_DEL,15,9511.95,8999.96,105.68880306134696,8999.96,105.68880306134696,0.0
2026-08-18,BLR_HYD,15,5003.1900000000005,5421.8,92.27913239145671,5185.2,96.48981717195096,4.2106847804942475
2026-08-18,BOM_BLR,15,6789.355,6400.97,106.06759600498049,7089.44,95.76715509264483,-10.30044091233566
2026-08-18,BOM_DEL,15,7596.07,7879.1,96.4078384587072,8033.74,94.55210151187367,-1.855736946833531
2026-08-18,CCU_DEL,15,8249.279999999999,7770.5,106.16150826845119,8355.255000000001,98.73163655687345,-7.429871711577732
2026-08-18,DEL_BLR,15,9771.31,8958.545,109.07251121694426,8936.68,109.33937435378687,0.266863136842602
2026-08-18,DEL_BOM,15,7907.36,7519.805,105.15379055706894,7972.299999999999,99.18542954981623,-5.96836100725271
2026-08-18,DEL_CCU,15,8160.95,8472.825,96.31911434497938,8531.59,95.65567496797198,-0.663439377007407
2026-08-18,HYD_DEL,15,7551.68,7450.45,101.35870987658464,7321.14,103.14896313962035,1.7902532630357086
2026-08-18,MAA_DEL,15,9173.28,9493.135,96.63067047924633,9318.744999999999,98.43900654004378,1.8083360607974441
2026-08-18,BLR_DEL,30,7837.094999999999,7815.85,100.27181944382248,7815.85,100.27181944382248,0.0
2026-08-18,BLR_HYD,30,4403.37,4301.545,102.36717272514875,4560.139999999999,96.56216695101467,-5.805005774134074
2026-08-18,BOM_BLR,30,6327.030000000001,6115.514999999999,103.45866210777017,6115.514999999999,103.45866210777017,0.0
2026-08-18,BOM_DEL,30,6971.995000000001,6848.37,101.80517407791929,6988.25,99.76739527063286,-2.037778807286429
2026-08-18,CCU_DEL,30,8037.58,6733.35,119.36970453043432,7502.62,107.13030914533857,-12.239395385095747
2026-08-18,DEL_BLR,30,7961.65,7623.15,104.4404216104891,7819.21,101.82166740629808,-2.6187542041910206
2026-08-18,DEL_BOM,30,6608.264999999999,7151.67,92.40170477664657,7062.97,93.56212754691015,1.1604227702635797
2026-08-18,DEL_CCU,30,7683.13,7713.21,99.61001969348689,7450.09,103.12801590316359,3.5179962096766957
2026-08-18,HYD_DEL,30,6527.235000000001,6347.889999999999,102.8252694989989,6342.99,102.90470267176836,0.0794331727694555
2026-08-18,MAA_DEL,30,8478.67,8161.56,103.88540916197393,8088.77,104.82026315496668,0.9348539929927568
2026-08-18,BLR_DEL,45,7443.57,8566.51,86.89151124553639,7502.725,99.21155313569402,12.320041890157626
2026-08-18,BLR_HYD,45,4375.135,4603.35,95.0424147631616,4361.68,100.308482052787,5.266067289625397
2026-08-18,BOM_BLR,45,5803.35,6142.85,94.4732493874993,5910.59,98.18562952260265,3.712380135103359
2026-08-18,BOM_DEL,45,6662.7,7155.57,93.11207912157941,6577.48,101.29563297797941,8.183553856399996
2026-08-18,CCU_DEL,45,6619.305,7085.785,93.41667860371152,7073.35,93.58090579428418,0.16422719057266022
2026-08-18,DEL_BLR,45,7078.9,8901.25,79.52703272012357,7363.1,96.14021268215832,16.61317996203475
2026-08-18,DEL_BOM,45,6037.705,7146.81,84.48111814921621,6642.674999999999,90.89267501420738,6.411556864991169
2026-08-18,DEL_CCU,45,6408.025,7506.02,85.37180822859517,6865.219999999999,93.34041735006308,7.968609121467907
2026-08-18,HYD_DEL,45,5680.61,6175.18,91.99100269141951,6123.91,92.76116076167024,0.77015807025073
2026-08-18,MAA_DEL,45,7528.145,8226.95,91.5059043752545,7682.245000000001,97.99407595045459,6.488171575200084
2026-08-19,BLR_DEL,1,12725.46,12766.82,99.67603522255347,13358.3,95.26257083610939,-4.413464386444076
2026-08-19,BLR_HYD,1,7097.93,7969.66,89.06189222626813,7613.44,93.22894775554809,4.167055529279963
2026-08-19,BOM_BLR,1,10374.939999999999,10536.8,98.46385999544454,10337.22,100.36489501045736,1.9010350150128232
2026-08-19,BOM_DEL,1,11752.74,11787.115,99.70836799335545,11827.42,99.36858587925346,-0.3397821141019932
2026-08-19,CCU_DEL,1,12356.195,12308.66,100.38619151069248,12623.55,97.88209338894369,-2.5040981217487968
2026-08-19,DEL_BLR,1,13018.42,13136.69,99.09969710787115,13157.8,98.9407043730715,-0.1589927347996536
2026-08-19,DEL_BOM,1,11332.77,11601.5,97.68366159548336,11927.8,95.01140193497545,-2.6722596605079048
2026-08-19,DEL_CCU,1,12117.945,11537.265,105.0330819305962,12325.0,98.32004056795131,-6.713041362644887
2026-08-19,HYD_DEL,1,10437.53,10507.67,99.33248760191366,10728.94,97.28388824991099,-2.048599352002668
2026-08-19,MAA_DEL,1,13149.72,14184.83,92.70269717719563,14184.83,92.70269717719563,0.0
2026-08-19,BLR_DEL,7,10390.61,10173.86,102.1304598254743,10508.55,98.87767579732694,-3.25278402814736
2026-08-19,BLR_HYD,7,5864.8150000000005,5977.64,98.11254943422489,6172.19,95.0200010045057,-3.092548429719187
2026-08-19,BOM_BLR,7,7840.58,7932.34,98.84321650357901,8250.02,95.0371029403565,-3.8061135632225103
2026-08-19,BOM_DEL,7,9107.21,9014.355,101.03007924582512,9447.32,96.39993140911919,-4.63014783670593
2026-08-19,CCU_DEL,7,9392.015,10115.5,92.8477583905887,9879.91,95.06174651388525,2.2139881232965593
2026-08-19,DEL_BLR,7,10159.39,9534.44,106.55465868997025,10578.72,96.03609888530937,-10.518559804660882
2026-08-19,DEL_BOM,7,9619.965,9592.17,100.28976759169197,9533.93,100.90240855554843,0.6126409638564638
2026-08-19,DEL_CCU,7,10177.87,10379.28,98.0594993101641,9891.904999999999,102.89089917462817,4.831399864464075
2026-08-19,HYD_DEL,7,8669.56,8597.87,100.83381116485826,8497.07,102.02999386847466,1.196182703616401
2026-08-19,MAA_DEL,7,9857.02,11078.26,88.97624717238989,11078.26,88.97624717238989,0.0
2026-08-19,BLR_DEL,15,8624.04,8999.96,95.823092547078,8999.96,95.823092547078,0.0
2026-08-19,BLR_HYD,15,5282.79,5421.8,97.436091334981,5185.2,101.88208747975006,4.445996144769055
2026-08-19,BOM_BLR,15,7058.825000000001,6400.97,110.27742670251541,7089.44,99.56816053172042,-10.70926617079499
2026-08-19,BOM_DEL,15,7947.65,7879.1,100.87002322600296,8033.74,98.92839449621222,-1.941628729790736
2026-08-19,CCU_DEL,15,8186.59,7770.5,105.35473907727946,8355.255000000001,97.98133031247997,-7.373408764799493
2026-08-19,DEL_BLR,15,8376.42,8958.545,93.50201399892505,8936.68,93.73078145351518,0.22876745459012682
2026-08-19,DEL_BOM,15,7935.264999999999,7519.805,105.52487730732378,7972.299999999999,99.53545400950792,-5.989423297815861
2026-08-19,DEL_CCU,15,8133.52,8472.825,95.99537344392218,8531.59,95.33416397178017,-0.661209472142005
2026-08-19,HYD_DEL,15,6959.02,7450.45,93.40402257581758,7321.14,95.05377577808922,1.64975320227164
2026-08-19,MAA_DEL,15,8575.21,9493.135,90.3306441970961,9318.744999999999,92.02108223800522,1.6904380409091146
2026-08-19,BLR_DEL,30,7563.32,7815.85,96.76900145217729,7815.85,96.76900145217729,0.0
2026-08-19,BLR_HYD,30,4370.575000000001,4301.545,101.60477223881188,4560.139999999999,95.84300043419722,-5.7617718046146535
2026-08-19,BOM_BLR,30,5922.88,6115.514999999999,96.8500608697714,6115.514999999999,96.8500608697714,0.0
2026-08-19,BOM_DEL,30,7581.87,6848.37,110.71057784553113,6988.25,108.4945444138375,-2.2160334316936314
2026-08-19,CCU_DEL,30,7688.32,6733.35,114.18268766661468,7502.62,102.47513535271678,-11.707552313897907
2026-08-19,DEL_BLR,30,7532.225,7623.15,98.80725159546907,7819.21,96.32974430920771,-2.477507286261357
2026-08-19,DEL_BOM,30,6671.4349999999995,7151.67,93.28499497320205,7062.97,94.45651050478764,1.171515531585598
2026-08-19,DEL_CCU,30,6616.95,7713.21,85.78724033184628,7450.09,88.8170478477441,3.0298075158978293
2026-08-19,HYD_DEL,30,6530.205,6347.889999999999,102.87205669915515,6342.99,102.95152601533346,0.07946931617830444
2026-08-19,MAA_DEL,30,8163.77,8161.56,100.02707815662693,8088.77,100.927211430168,0.9001332735410728
2026-08-19,BLR_DEL,45,8018.36,8566.51,93.60124484766843,7502.725,106.87263627548656,13.27139142781813
2026-08-19,BLR_HYD,45,4695.3,4603.35,101.99745837270684,4361.68,107.64888758460043,5.651429211893586
2026-08-19,BOM_BLR,45,6260.68,6142.85,101.91816502112212,5910.59,105.92309735576313,4.004932334641012
2026-08-19,BOM_DEL,45,6862.16,7155.57,95.89955796673082,6577.48,104.3281013397228,8.428543372991982
2026-08-19,CCU_DEL,45,7798.32,7085.785,110.0558371443672,7073.35,110.24931609491966,0.19347895055246056
2026-08-19,DEL_BLR,45,7578.08,8901.25,85.13500912793147,7363.1,102.91969415056157,17.7846850226301
2026-08-19,DEL_BOM,45,6951.01,7146.81,97.26031614104754,6642.674999999999,104.64172942376378,7.381413282716238
2026-08-19,DEL_CCU,45,7312.285,7506.02,97.41893839877858,6865.219999999999,106.51202729118661,9.093088892408034
2026-08-19,HYD_DEL,45,6944.575000000001,6175.18,112.45947486551,6123.91,113.40099707539792,0.9415222098879212
2026-08-19,MAA_DEL,45,9013.11,8226.95,109.5559107567203,7682.245000000001,117.32390726929431,7.767996512574015
2026-08-20,BLR_DEL,1,12738.46,12766.82,99.77786167581276,13358.3,95.35988860858043,-4.4179730672323245
2026-08-20,BLR_HYD,1,7416.3099999999995,7969.66,93.05679288702403,7613.44,97.4107630716207,4.353970184596676
2026-08-20,BOM_BLR,1,10721.98,10536.8,101.75745957026801,10337.22,103.7220838871573,1.9646243168892852
2026-08-20,BOM_DEL,1,11674.75,11787.115,99.04671329668032,11827.42,98.70918594249633,-0.33752735418399027
2026-08-20,CCU_DEL,1,11654.55,12308.66,94.68577408101288,12623.55,92.32387086041565,-2.3619032205972275
2026-08-20,DEL_BLR,1,12865.029999999999,13136.69,97.93205137671664,13157.8,97.77493197951024,-0.1571193972064009
2026-08-20,DEL_BOM,1,11051.84,11601.5,95.2621643752963,11927.8,92.65614782273344,-2.606016552562849
2026-08-20,DEL_CCU,1,12058.61,11537.265,104.51879193205669,12325.0,97.83862068965517,-6.680171242401514
2026-08-20,HYD_DEL,1,11356.68,10507.67,108.07990734387359,10728.94,105.85090418997589,-2.2290031538976933
2026-08-20,MAA_DEL,1,14289.689999999999,14184.83,100.73924044207789,14184.83,100.73924044207789,0.0
2026-08-20,BLR_DEL,7,10196.09,10173.86,100.21850113919398,10508.55,97.02661166383565,-3.191889475358323
2026-08-20,BLR_HYD,7,6000.61,5977.64,100.38426536224998,6172.19,97.22011150013205,-3.164153862117928
2026-08-20,BOM_BLR,7,7628.43,7932.34,96.16872196602768,8250.02,92.46559402280236,-3.7031279432253115
2026-08-20,BOM_DEL,7,9591.93,9014.355,106.40728038778148,9447.32,101.53069865316301,-4.876581734618469
2026-08-20,CCU_DEL,7,9873.16,10115.5,97.60427067371855,9879.91,99.93167953959095,2.3274088658723997
2026-08-20,DEL_BLR,7,9706.029999999999,9534.44,101.7996861902744,10578.72,91.75051423990803,-10.049171950366372
2026-08-20,DEL_BOM,7,9794.88,9592.17,102.1132861490153,9533.93,102.73706645633015,0.6237803073148598
2026-08-20,DEL_CCU,7,10170.36,10379.28,97.9871436168983,9891.904999999999,102.81497851020609,4.827834893307795
2026-08-20,HYD_DEL,7,8269.88,8597.87,96.18521796677547,8497.07,97.32625481489501,1.1410368481195405
2026-08-20,MAA_DEL,7,10494.83,11078.26,94.73355924125269,11078.26,94.73355924125269,0.0
2026-08-20,BLR_DEL,15,8774.25,8999.96,97.49209996488875,8999.96,97.49209996488875,0.0
2026-08-20,BLR_HYD,15,4954.71,5421.8,91.3849644029658,5185.2,95.55484841471882,4.1698840117530125
2026-08-20,BOM_BLR,15,6831.96,6400.97,106.7331982496403,7089.44,96.36811934369993,-10.365078905940365
2026-08-20,BOM_DEL,15,8192.37,7879.1,103.97596172151641,8033.74,101.97454734656588,-2.001414374950528
2026-08-20,CCU_DEL,15,7923.38,7770.5,101.96744096261503,8355.255000000001,94.83109731540209,-7.136343647212939
2026-08-20,DEL_BLR,15,9327.385,8958.545,104.11718644043202,8936.68,104.37192559205432,0.254739151622303
2026-08-20,DEL_BOM,15,7603.9,7519.805,101.11831357329079,7972.299999999999,95.37899978676167,-5.739313786529124
2026-08-20,DEL_CCU,15,7968.285,8472.825,94.04519744005097,8531.59,93.39742064492081,-0.6477767951301558
2026-08-20,HYD_DEL,15,7488.665,7450.45,100.51292203826614,7321.14,102.28823653146915,1.7753144932030125
2026-08-20,MAA_DEL,15,9630.564999999999,9493.135,101.4476777165815,9318.744999999999,103.34615873704023,1.898481020458732
2026-08-20,BLR_DEL,30,8556.16,7815.85,109.47190644651572,7815.85,109.47190644651572,0.0
2026-08-20,BLR_HYD,30,4959.895,4301.545,115.30496600640004,4560.139999999999,108.76628787712662,-6.538678129273421
2026-08-20,BOM_BLR,30,6530.84,6115.514999999999,106.79133319107224,6115.514999999999,106.79133319107224,0.0
2026-08-20,BOM_DEL,30,7712.415,6848.37,112.61679786576953,6988.25,110.36260866454406,-2.254189201225472
2026-08-20,CCU_DEL,30,8344.73,6733.35,123.93132690265615,7502.62,111.22421234182191,-12.707114560834242
2026-08-20,DEL_BLR,30,8060.55,7623.15,105.73778556108695,7819.21,103.08650106596447,-2.651284495122482
2026-08-20,DEL_BOM,30,7474.51,7151.67,104.51419039189449,7062.97,105.82672728328168,1.3125368913871966
2026-08-20,DEL_CCU,30,7952.96,7713.21,103.10830380606777,7450.09,106.74985134407773,3.6415475380099593
2026-08-20,HYD_DEL,30,6631.11,6347.889999999999,104.46164000951497,6342.99,104.54233728888111,0.08069727936614868
2026-08-20,MAA_DEL,30,8917.08,8161.56,109.25705379853852,8088.77,110.24024666296606,0.9831928644275365
2026-08-20,BLR_DEL,45,7576.69,8566.51,88.44546962532,7502.725,100.98584181080872,12.540372185488721
2026-08-20,BLR_HYD,45,4683.465,4603.35,101.74036299651341,4361.68,107.377547183654,5.6371841871405906
2026-08-20,BOM_BLR,45,6321.59,6142.85,102.90972431363292,5910.59,106.95362053534419,4.043896221711265
2026-08-20,BOM_DEL,45,7074.03,7155.57,98.86046813880655,6577.48,107.54924378333344,8.688775644526885
2026-08-20,CCU_DEL,45,7380.705,7085.785,104.16213588191006,7073.35,104.34525366339852,0.18311778148846258
2026-08-20,DEL_BLR,45,7963.58,8901.25,89.46586153630108,7363.1,108.15526069182818,18.6893991555271
2026-08-20,DEL_BOM,45,6886.33,7146.81,96.355296978652,6642.674999999999,103.66802530607022,7.312728327418213
2026-08-20,DEL_CCU,45,6567.11,7506.02,87.49124036440084,6865.219999999999,95.65767739416945,8.166437029768616
2026-08-20,HYD_DEL,45,6508.45,6175.18,105.39692770089293,6123.91,106.27932154456875,0.8823938436758141
2026-08-20,MAA_DEL,45,9391.51,8226.95,114.15542819635465,7682.245000000001,122.24955074981337,8.094122553458718
2026-08-21,BLR_DEL,1,14879.07,12766.82,116.54484045361335,13358.3,111.38445760313813,-5.160382850475216
2026-08-21,BLR_HYD,1,8148.82,7969.66,102.24802563722919,7613.44,107.03203808002691,4.784012442797717
2026-08-21,BOM_BLR,1,10872.28,10536.8,103.18388884670868,10337.22,105.176053136143,1.9921642894343137
2026-08-21,BOM_DEL,1,12543.25,11787.115,106.41492850455774,11827.42,106.05229204678619,-0.3626364577715435
2026-08-21,CCU_DEL,1,12837.99,12308.66,104.30046812569363,12623.55,101.69872975510059,-2.60173837059304
2026-08-21,DEL_BLR,1,13903.76,13136.69,105.83914212788761,13157.8,105.6693368192251,-0.16980530866251797
2026-08-21,DEL_BOM,1,12530.605,11601.5,108.00849028142912,11927.8,105.05378192122605,-2.954708360203071
2026-08-21,DEL_CCU,1,12628.8,11537.265,109.46095110062915,12325.0,102.46490872210954,-6.996042378519604
2026-08-21,HYD_DEL,1,12621.05,10507.67,120.1127366961467,10728.94,117.63557257287299,-2.4771641232737096
2026-08-21,MAA_DEL,1,15470.59,14184.83,109.06433140192726,14184.83,109.06433140192726,0.0
2026-08-21,BLR_DEL,7,9709.56,10173.86,95.43634372794592,10508.55,92.39676263613914,-3.039581091806781
2026-08-21,BLR_HYD,7,5899.5,5977.64,98.69279514992539,6172.19,95.5819571335296,-3.110838016395789
2026-08-21,BOM_BLR,7,8510.77,7932.34,107.29204749166072,8250.02,103.16059839854934,-4.131449093111385
2026-08-21,BOM_DEL,7,8959.575,9014.355,99.39230261066932,9447.32,94.83721309323704,-4.555089517432279
2026-08-21,CCU_DEL,7,9320.05,10115.5,92.13632544115465,9879.91,94.33334919042784,2.1970237492731854
2026-08-21,DEL_BLR,7,10870.15,9534.44,114.00931779947221,10578.72,102.75487015442322,-11.254447645048998
2026-08-21,DEL_BOM,7,8916.305,9592.17,92.95399268361591,9533.93,93.5218215363444,0.5678288527284963
2026-08-21,DEL_CCU,7,9786.875,10379.28,94.29242683500205,9891.904999999999,98.93822271847537,4.645795883473326
2026-08-21,HYD_DEL,7,8907.675,8597.87,103.60327616025829,8497.07,104.83231278546606,1.229036625207769
2026-08-21,MAA_DEL,7,11364.45,11078.26,102.58334792647943,11078.26,102.58334792647943,0.0
2026-08-21,BLR_DEL,15,10093.625,8999.96,112.15188734172152,8999.96,112.15188734172152,0.0
2026-08-21,BLR_HYD,15,5738.1,5421.8,105.83385591500978,5185.2,110.66304096274011,4.829185047730334
2026-08-21,BOM_BLR,15,7740.780000000001,6400.97,120.93135884092567,7089.44,109.18746755738114,-11.743891283544528
2026-08-21,BOM_DEL,15,9179.815,7879.1,116.50842101255219,8033.74,114.26577160824225,-2.242649404309944
2026-08-21,CCU_DEL,15,8471.06,7770.5,109.01563605945563,8355.255000000001,101.38601395169864,-7.629622107756987
2026-08-21,DEL_BLR,15,9135.08,8958.545,101.97057669521111,8936.68,102.22006382683502,0.24948713162390845
2026-08-21,DEL_BOM,15,9464.15,7519.805,125.85632207218138,7972.299999999999,118.71291848023785,-7.143403591943539
2026-08-21,DEL_CCU,15,8625.154999999999,8472.825,101.79786552891153,8531.59,101.09668889386386,-0.7011766350476734
2026-08-21,HYD_DEL,15,7553.955,7450.45,101.38924494493622,7321.14,103.18003753513796,1.7907925902017325
2026-08-21,MAA_DEL,15,9948.64,9493.135,104.79825684560473,9318.744999999999,106.75944024651389,1.9611834009091638
2026-08-21,BLR_DEL,30,8569.63,7815.85,109.64424854622337,7815.85,109.64424854622337,0.0
2026-08-21,BLR_HYD,30,4881.15,4301.545,113.47434468313129,4560.139999999999,107.03947685816664,-6.434867824964655
2026-08-21,BOM_BLR,30,7080.219999999999,6115.514999999999,115.7747139856578,6115.514999999999,115.7747139856578,0.0
2026-08-21,BOM_DEL,30,7526.455,6848.37,109.90140719616493,6988.25,107.70157049332809,-2.1998367028368335
2026-08-21,CCU_DEL,30,7874.0,6733.35,116.94030460320641,7502.62,104.95000413188993,-11.990300471316488
2026-08-21,DEL_BLR,30,8105.72,7623.15,106.33032276683525,7819.21,103.66418090830147,-2.666141858533777
2026-08-21,DEL_BOM,30,7723.06,7151.67,107.9896024285237,7062.97,109.34578513005152,1.3561827015278283
2026-08-21,DEL_CCU,30,7608.21,7713.21,98.63869906303601,7450.09,102.12239046776617,3.483691404730152
2026-08-21,HYD_DEL,30,6992.86,6347.889999999999,110.16038400161314,6342.99,110.24548359685258,0.08509959523944133
2026-08-21,MAA_DEL,30,9020.34,8161.56,110.52225309867232,8088.77,111.51683136002136,0.9945782613490337
2026-08-21,BLR_DEL,45,7200.7,8566.51,84.05640103145855,7502.725,95.97446261191766,11.91806158045911
2026-08-21,BLR_HYD,45,4198.87,4603.35,91.21335549110972,4361.68,96.26726399002219,5.053908498912463
2026-08-21,BOM_BLR,45,5856.86,6142.85,95.34434342365513,5910.59,99.09095369497798,3.746610271322851
2026-08-21,BOM_DEL,45,7211.85,7155.57,100.78652015143447,6577.48,109.64457512603612,8.858054974601643
2026-08-21,CCU_DEL,45,6708.764999999999,7085.785,94.67920632646911,7073.35,94.84565304982786,0.16644672335874588
2026-08-21,DEL_BLR,45,7020.92,8901.25,78.87566353040305,7363.1,95.3527726093629,16.477109078959856
2026-08-21,DEL_BOM,45,6431.12,7146.81,89.98588181300468,6642.674999999999,96.81521375048456,6.829331937479878
2026-08-21,DEL_CCU,45,6542.8099999999995,7506.02,87.16750021982355,6865.219999999999,95.30371932727574,8.136219107452192
2026-08-21,HYD_DEL,45,5794.3,6175.18,93.83208262755093,6123.91,94.61765440706999,0.78557177951906
2026-08-21,MAA_DEL,45,7553.49,8226.95,91.81397723336107,7682.245000000001,98.3239925308292,6.510015297468129
2026-08-22,BLR_DEL,1,14623.825,12766.82,114.54555637190782,13358.3,109.4736980004941,-5.071858371413725
2026-08-22,BLR_HYD,1,8510.515,7969.66,106.78642501687649,7613.44,111.78278150218561,4.996356485309121
2026-08-22,BOM_BLR,1,11747.26,10536.8,111.48792802368841,10337.22,113.64041782993881,2.1524898062504008
2026-08-22,BOM_DEL,1,12064.46,11787.115,102.35295065840961,11827.42,102.00415644324796,-0.34879421516164655
2026-08-22,CCU_DEL,1,13190.02,12308.66,107.1604870067091,12623.55,104.48740647440698,-2.673080532302123
2026-08-22,DEL_BLR,1,14043.43,13136.69,106.9023475472132,13157.8,106.73083646202252,-0.17151108519067293
2026-08-22,DEL_BOM,1,13601.564999999999,11601.5,117.23971038227813,11927.8,114.03247036335284,-3.2072400189252903
2026-08-22,DEL_CCU,1,13686.58,11537.265,118.62932852803503,12325.0,111.04730223123734,-7.582026296797693
2026-08-22,HYD_DEL,1,12083.885,10507.67,115.00061383732074,10728.94,112.62888039265762,-2.3717334446631213
2026-08-22,MAA_DEL,1,14276.4,14184.83,100.64554880107835,14184.83,100.64554880107835,0.0
2026-08-22,BLR_DEL,7,10693.849999999999,10173.86,105.11103946781259,10508.55,101.76332605354688,-3.347713414265712
2026-08-22,BLR_HYD,7,7098.995000000001,5977.64,118.75915913303578,6172.19,115.01582096468192,-3.7433381683538585
2026-08-22,BOM_BLR,7,9064.81,7932.34,114.27661950950161,8250.02,109.87621848189457,-4.400401027607046
2026-08-22,BOM_DEL,7,10221.595,9014.355,113.39241687286557,9447.32,108.195710529547,-5.196706343318567
2026-08-22,CCU_DEL,7,11516.74,10115.5,113.85240472542138,9879.91,116.56725617945914,2.714851454037756
2026-08-22,DEL_BLR,7,11035.8,9534.44,115.74670352952035,10578.72,104.3207495802895,-11.425953949230845
2026-08-22,DEL_BOM,7,10298.68,9592.17,107.36548664170881,9533.93,108.02135111124164,0.6558644695328297
2026-08-22,DEL_CCU,7,10360.505000000001,10379.28,99.81911076683548,9891.904999999999,104.7372068373079,4.918096070472416
2026-08-22,HYD_DEL,7,9461.634999999998,8597.87,110.04626727317344,8497.07,111.35173653977193,1.305469266598493
2026-08-22,MAA_DEL,7,12754.68,11078.26,115.13252081102989,11078.26,115.13252081102989,0.0
2026-08-22,BLR_DEL,15,9645.095000000001,8999.96,107.1681985253268,8999.96,107.1681985253268,0.0
2026-08-22,BLR_HYD,15,5590.73,5421.8,103.11575491534175,5185.2,107.82091336881894,4.705158453477182
2026-08-22,BOM_BLR,15,7775.875,6400.97,121.47963511780245,7089.44,109.68249960504639,-11.797135512756057
2026-08-22,BOM_DEL,15,8205.94,7879.1,104.1481895140308,8033.74,102.1434599576287,-2.004729556402097
2026-08-22,CCU_DEL,15,8976.07,7770.5,115.51470304356219,8355.255000000001,107.43023402637021,-8.084469017191978
2026-08-22,DEL_BLR,15,9475.55,8958.545,105.7710822460567,8936.68,106.02986791515417,0.25878566909747747
2026-08-22,DEL_BOM,15,9450.56,7519.805,125.67559930077974,7972.299999999999,118.5424532443586,-7.13314605642114
2026-08-22,DEL_CCU,15,9807.665,8472.825,115.75436764007283,8531.59,114.95705958678278,-0.7973080532900525
2026-08-22,HYD_DEL,15,7810.835,7450.45,104.83709037709133,7321.14,106.68878070901526,1.8516903319239333
2026-08-22,MAA_DEL,15,9492.310000000001,9493.135,99.99130950945079,9318.744999999999,101.86253621061635,1.8712267011655683
2026-08-22,BLR_DEL,30,7484.33,7815.85,95.75836281402535,7815.85,95.75836281402535,0.0
2026-08-22,BLR_HYD,30,4531.69,4301.545,105.35028693178845,4560.139999999999,99.3761156455723,-5.974171286216148
2026-08-22,BOM_BLR,30,5860.36,6115.514999999999,95.82774304371749,6115.514999999999,95.82774304371749,0.0
2026-08-22,BOM_DEL,30,6937.48,6848.37,101.30118553758048,6988.25,99.27349479483418,-2.0276907427463016
2026-08-22,CCU_DEL,30,7053.505,6733.35,104.75476545850132,7502.62,94.0138911473592,-10.740874311142122
2026-08-22,DEL_BLR,30,7851.2,7623.15,102.99154548972538,7819.21,100.40912061448664,-2.5824248752387433
2026-08-22,DEL_BOM,30,6522.77,7151.67,91.20624972908426,7062.97,92.35165942939018,1.145409700305919
2026-08-22,DEL_CCU,30,7233.87,7713.21,93.78546675119696,7450.09,97.09775318150518,3.3122864303082196
2026-08-22,HYD_DEL,30,6108.85,6347.889999999999,96.23433928439215,6342.99,96.30868092177349,0.07434163738133748
2026-08-22,MAA_DEL,30,8112.84,8161.56,99.4030552982518,8088.77,100.29757305498859,0.8945177567367892
2026-08-22,BLR_DEL,45,7223.74,8566.51,84.32535536642109,7502.725,96.28155103645675,11.956195670035655
2026-08-22,BLR_HYD,45,4328.15,4603.35,94.02174503350818,4361.68,99.2312595146824,5.209514481174224
2026-08-22,BOM_BLR,45,5721.99,6142.85,93.1487827311427,5910.59,96.80911719473013,3.660334463587432
2026-08-22,BOM_DEL,45,6468.67,7155.57,90.40048521641182,6577.48,98.34571902917227,7.945233812760449
2026-08-22,CCU_DEL,45,6933.63,7085.785,97.85267263965814,7073.35,98.02469833954208,0.172025699883946
2026-08-22,DEL_BLR,45,7025.51,8901.25,78.92722932172448,7363.1,95.41511048335619,16.487881161631705
2026-08-22,DEL_BOM,45,7207.125,7146.81,100.84394296196484,6642.674999999999,108.49732976549357,7.653386803528733
2026-08-22,DEL_CCU,45,6781.165,7506.02,90.34301800421528,6865.219999999999,98.77564011058641,8.432622106371127
2026-08-22,HYD_DEL,45,5582.21,6175.18,90.39752687371056,6123.91,91.15434420166201,0.7568173279514525
2026-08-22,MAA_DEL,45,7344.15,8226.95,89.26941333057815,7682.245000000001,95.59900784210865,6.329594511530502
2026-08-23,BLR_DEL,1,13898.79,12766.82,108.86649925353377,13358.3,104.0460986802213,-4.820400573312469
2026-08-23,BLR_HYD,1,7546.82,7969.66,94.69437843019651,7613.44,99.12496847679893,4.430590046602418
2026-08-23,BOM_BLR,1,9838.98,10536.8,93.37730620302179,10337.22,95.18013547162583,1.802829268604043
2026-08-23,BOM_DEL,1,11208.57,11787.115,95.09171667536968,11827.42,94.76766699753622,-0.3240496778334574
2026-08-23,CCU_DEL,1,11160.87,12308.66,90.67493943288709,12623.55,88.41308506719585,-2.261854365691235
2026-08-23,DEL_BLR,1,12516.09,13136.69,95.27582671129485,13157.8,95.12296888537598,-0.15285782591887198
2026-08-23,DEL_BOM,1,11622.045,11601.5,100.17708916950394,11927.8,97.43661865557773,-2.740470513926212
2026-08-23,DEL_CCU,1,12903.005000000001,11537.265,111.83764089669435,12325.0,104.68969574036512,-7.147945156329229
2026-08-23,HYD_DEL,1,10871.5,10507.67,103.46251833184712,10728.94,101.3287426344075,-2.133775697439617
2026-08-23,MAA_DEL,1,13778.32,14184.83,97.13419195013265,14184.83,97.13419195013265,0.0
2026-08-23,BLR_DEL,7,11668.83,10173.86,114.69422618357241,10508.55,111.04129494554435,-3.65293123802806
2026-08-23,BLR_HYD,7,7102.06,5977.64,118.81043354902603,6172.19,115.06547918972036,-3.744954359305666
2026-08-23,BOM_BLR,7,9164.73,7932.34,115.53627302914397,8250.02,111.08736706092832,-4.448905968215655
2026-08-23,BOM_DEL,7,10271.845000000001,9014.355,113.94986108268425,9447.32,108.72760740612154,-5.222253676562715
2026-08-23,CCU_DEL,7,11717.705,10115.5,115.83910829914488,9879.91,118.6013334129562,2.7622251138113114
2026-08-23,DEL_BLR,7,11658.244999999999,9534.44,122.27508904560726,10578.72,110.20468449869172,-12.07040454691554
2026-08-23,DEL_BOM,7,11012.765,9592.17,114.80994394386255,9533.93,115.51128443359664,0.7013404897340934
2026-08-23,DEL_CCU,7,10660.5,10379.28,102.7094364927047,9891.904999999999,107.76993915732108,5.060502664616379
2026-08-23,HYD_DEL,7,9571.994999999999,8597.87,111.32984099550237,8497.07,112.65053718517089,1.3206961896685243
2026-08-23,MAA_DEL,7,11891.310000000001,11078.26,107.33914892771969,11078.26,107.33914892771969,0.0
2026-08-23,BLR_DEL,15,8972.15,8999.96,99.69099862666056,8999.96,99.69099862666056,0.0
2026-08-23,BLR_HYD,15,5208.16,5421.8,96.05961119923272,5185.2,100.44279873486074,4.383187535628025
2026-08-23,BOM_BLR,15,6783.58,6400.97,105.97737530405547,7089.44,95.6856959082805,-10.291679395774977
2026-08-23,BOM_DEL,15,7489.4400000000005,7879.1,95.05451130205228,8033.74,93.2248243035,-1.8296869985522761
2026-08-23,CCU_DEL,15,8021.1,7770.5,103.22501769512901,8355.255000000001,96.00066066206237,-7.224357033066639
2026-08-23,DEL_BLR,15,9149.65,8958.545,102.13321471288026,8936.68,102.38309976411821,0.24988505123795335
2026-08-23,DEL_BOM,15,8110.895,7519.805,107.86044318968378,7972.299999999999,101.73845690704064,-6.121986282643135
2026-08-23,DEL_CCU,15,8341.28,8472.825,98.44744816516334,8531.59,97.76934897246586,-0.6780991926974735
2026-08-23,HYD_DEL,15,7286.07,7450.45,97.79369031400788,7321.14,99.52097624140502,1.7272859273971477
2026-08-23,MAA_DEL,15,9336.455,9493.135,98.34954417060328,9318.744999999999,100.19004705032705,1.840502879723772
2026-08-23,BLR_DEL,30,7324.045,7815.85,93.70759418361406,7815.85,93.70759418361406,0.0
2026-08-23,BLR_HYD,30,4192.65,4301.545,97.46846772496858,4560.139999999999,91.94125618950297,-5.527211535465611
2026-08-23,BOM_BLR,30,5948.26,6115.514999999999,97.2650708893691,6115.514999999999,97.2650708893691,0.0
2026-08-23,BOM_DEL,30,7216.325,6848.37,105.3728843505827,6988.25,103.26369262690945,-2.1091917236732485
2026-08-23,CCU_DEL,30,7116.83,6733.35,105.69523342764002,7502.62,94.85792962991594,-10.837303797724076
2026-08-23,DEL_BLR,30,7994.735000000001,7623.15,104.87442854987769,7819.21,102.24479199305301,-2.6296365568246785
2026-08-23,DEL_BOM,30,6723.9349999999995,7151.67,94.0190892476862,7062.97,95.19982387012827,1.180734622442074
2026-08-23,DEL_CCU,30,7568.79,7713.21,98.12762779698726,7450.09,101.5932693430549,3.465641546067644
2026-08-23,HYD_DEL,30,6048.59,6347.889999999999,95.28504747246724,6342.99,95.3586557759038,0.07360830343655778
2026-08-23,MAA_DEL,30,8015.424999999999,8161.56,98.2094722087444,8088.77,99.09324903539103,0.8837768266466242
2026-08-23,BLR_DEL,45,7118.02,8566.51,83.09124719401484,7502.725,94.87246300510814,11.781215811093304
2026-08-23,BLR_HYD,45,4302.35,4603.35,93.4612836303996,4361.68,98.63974431870288,5.178460688303275
2026-08-23,BOM_BLR,45,5957.25,6142.85,96.9786011379083,5910.59,100.78943049678628,3.8108293588779816
2026-08-23,BOM_DEL,45,6434.469999999999,7155.57,89.9225358706574,6577.48,97.82576305819249,7.903227187535094
2026-08-23,CCU_DEL,45,6675.335,7085.785,94.20741668001499,7073.35,94.3730339937936,0.16561731377861122
2026-08-23,DEL_BLR,45,7470.24,8901.25,83.9234938913074,7363.1,101.45509364262335,17.53159975131595
2026-08-23,DEL_BOM,45,6711.125,7146.81,93.90378364613022,6642.674999999999,101.03045836203037,7.126674715900151
2026-08-23,DEL_CCU,45,6499.485000000001,7506.02,86.59029685505769,6865.219999999999,94.67263976973791,8.082342914680225
2026-08-23,HYD_DEL,45,5989.58,6175.18,96.99441959586602,6123.91,97.80646678347658,0.8120471876105597
2026-08-23,MAA_DEL,45,7013.69,8226.95,85.25261488157821,7682.245000000001,91.29740069471877,6.044785813140564
2026-08-24,BLR_DEL,1,12876.25,12766.82,100.85714375232047,13358.3,96.39138213694856,-4.465761615371903
2026-08-24,BLR_HYD,1,7363.825000000001,7969.66,92.398232797886,7613.44,96.72139006809013,4.323157270204135
2026-08-24,BOM_BLR,1,11544.94,10536.8,109.56780047073116,10337.22,111.68321850555567,2.115418034824515
2026-08-24,BOM_DEL,1,11345.46,11787.115,96.25306955942993,11827.42,95.92506227055435,-0.3280072888755825
2026-08-24,CCU_DEL,1,12282.11,12308.66,99.78429820955328,12623.55,97.29521410379806,-2.489084105755225
2026-08-24,DEL_BLR,1,12774.07,13136.69,97.2396395134543,13157.8,97.08363100214322,-0.15600851131108584
2026-08-24,DEL_BOM,1,12109.84,11601.5,104.38167478343318,11927.8,101.52618253156491,-2.85549225186827
2026-08-24,DEL_CCU,1,11840.53,11537.265,102.62856924929784,12325.0,96.0692089249493,-6.559360324348546
2026-08-24,HYD_DEL,1,10679.05,10507.67,101.63099907020299,10728.94,99.53499600146891,-2.0960030687340776
2026-08-24,MAA_DEL,1,14114.445,14184.83,99.5038008915158,14184.83,99.5038008915158,0.0
2026-08-24,BLR_DEL,7,10864.355,10173.86,106.78695205163034,10508.55,103.38586198857121,-3.4010900630591294
2026-08-24,BLR_HYD,7,5794.11,5977.64,96.92972477432565,6172.19,93.87445947062551,-3.055265303700139
2026-08-24,BOM_BLR,7,8286.1,7932.34,104.4597180655393,8250.02,100.43733227313388,-4.02238579240543
2026-08-24,BOM_DEL,7,9335.81,9014.355,103.56603439735844,9447.32,98.81966525956567,-4.746369137792769
2026-08-24,CCU_DEL,7,9271.98,10115.5,91.66111413177796,9879.91,93.84680629681849,2.185692165040521
2026-08-24,DEL_BLR,7,10516.99,9534.44,110.30527225510885,10578.72,99.41647004552536,-10.888802209583488
2026-08-24,DEL_BOM,7,9409.975,9592.17,98.100586207292,9533.93,98.6998541000406,0.5992678927485997
2026-08-24,DEL_CCU,7,9532.695,10379.28,91.84350937637292,9891.904999999999,96.3686468885417,4.525137512168783
2026-08-24,HYD_DEL,7,8325.94,8597.87,96.83723992105021,8497.07,97.98601164872127,1.1487717276710612
2026-08-24,MAA_DEL,7,11313.43,11078.26,102.12280628907429,11078.26,102.12280628907429,0.0
2026-08-24,BLR_DEL,15,9196.0,8999.96,102.17823190325291,8999.96,102.17823190325291,0.0
2026-08-24,BLR_HYD,15,4994.38,5421.8,92.11664023018186,5185.2,96.31991051454139,4.203270284359533
2026-08-24,BOM_BLR,15,6666.5,6400.97,104.14827752668737,7089.44,94.03422555237086,-10.11405197431651
2026-08-24,BOM_DEL,15,7574.65,7879.1,96.13597999771547,8033.74,94.28547600494912,-1.850503992766349
2026-08-24,CCU_DEL,15,7876.36,7770.5,101.36233189627437,8355.255000000001,94.2683377108179,-7.0939941854564665
2026-08-24,DEL_BLR,15,8805.0,8958.545,98.28604979938149,8936.68,98.52652215364095,0.24047235425946667
2026-08-24,DEL_BOM,15,8114.03,7519.805,107.90213310052587,7972.299999999999,101.77778056520704,-6.124352535318835
2026-08-24,DEL_CCU,15,8033.92,8472.825,94.81985052211039,8531.59,94.16673797029628,-0.6531125518141039
2026-08-24,HYD_DEL,15,7011.54,7450.45,94.10894643947681,7321.14,95.77115039461067,1.6622039551338617
2026-08-24,MAA_DEL,15,9035.7,9493.135,95.18141267347406,9318.744999999999,96.96262747827097,1.7812148047969174
2026-08-24,BLR_DEL,30,7431.56,7815.85,95.08319632541567,7815.85,95.08319632541567,0.0
2026-08-24,BLR_HYD,30,4744.82,4301.545,110.30501831318746,4560.139999999999,104.04987566171215,-6.25514265147531
2026-08-24,BOM_BLR,30,5605.575000000001,6115.514999999999,91.66153627290589,6115.514999999999,91.66153627290589,0.0
2026-08-24,BOM_DEL,30,6345.53,6848.37,92.65752288500767,6988.25,90.80284763710513,-1.8546752479025344
2026-08-24,CCU_DEL,30,7151.72,6733.35,106.21340046188004,7502.62,95.32296717679958,-10.890433285080462
2026-08-24,DEL_BLR,30,7864.28,7623.15,103.16312810321193,7819.21,100.57640094076,-2.586727162451936
2026-08-24,DEL_BOM,30,6848.49,7151.67,95.76071043546473,7062.97,96.9633171314617,1.2026066959969626
2026-08-24,DEL_CCU,30,7270.03,7713.21,94.25427286434571,7450.09,97.58311644557314,3.3288435812274315
2026-08-24,HYD_DEL,30,6248.6900000000005,6347.889999999999,98.43727600824843,6342.99,98.51331942821919,0.07604341997075892
2026-08-24,MAA_DEL,30,8657.29,8161.56,106.07396135052613,8088.77,107.02850989705482,0.9545485465286845
2026-08-24,BLR_DEL,45,6982.79,8566.51,81.51265801359014,7502.725,93.07005121472531,11.55739320113517
2026-08-24,BLR_HYD,45,4035.06,4603.35,87.65486004757405,4361.68,92.51160103446378,4.856740986889733
2026-08-24,BOM_BLR,45,5809.915,6142.85,94.58012160479255,5910.59,98.29670134453582,3.716579739743267
2026-08-24,BOM_DEL,45,6833.92,7155.57,95.50490037830669,6577.48,103.8987575788904,8.39385720058371
2026-08-24,CCU_DEL,45,6654.155000000001,7085.785,93.90850837274911,7073.35,94.07360020358105,0.16509183083194046
2026-08-24,DEL_BLR,45,7476.535,8901.25,83.99421429574497,7363.1,101.54058752427646,17.546373228531493
2026-08-24,DEL_BOM,45,6070.445,7146.81,84.93922463308805,6642.674999999999,91.38554874354082,6.446324110452778
2026-08-24,DEL_CCU,45,6313.325000000001,7506.02,84.11015424952238,6865.219999999999,91.9610005214691,7.850846271946722
2026-08-24,HYD_DEL,45,6036.295,6175.18,97.75091576277937,6123.91,98.56929641356584,0.8183806507864659
2026-08-24,MAA_DEL,45,7585.635,8226.95,92.20470526744418,7682.245000000001,98.74242490313702,6.537719635692838
2026-08-25,BLR_DEL,1,12377.81,12766.82,96.95296087827666,13358.3,92.66006902075863,-4.292891857518029
2026-08-25,BLR_HYD,1,7374.79,7969.66,92.5358170862998,7613.44,96.86541169300605,4.329594606706252
2026-08-25,BOM_BLR,1,9815.470000000001,10536.8,93.15418343330045,10337.22,94.95270488583974,1.7985214525392905
2026-08-25,BOM_DEL,1,10971.295,11787.115,93.07871349350542,11827.42,92.7615236459008,-0.31718984760462376
2026-08-25,CCU_DEL,1,12175.19,12308.66,98.91564150768646,12623.55,96.4482257368173,-2.4674157708691524
2026-08-25,DEL_BLR,1,12226.2,13136.69,93.06910644918925,13157.8,92.91978902248097,-0.1493174267082793
2026-08-25,DEL_BOM,1,11944.23,11601.5,102.95418695858294,11927.8,100.13774543503413,-2.8164415235488036
2026-08-25,DEL_CCU,1,12216.36,11537.265,105.8861003886103,12325.0,99.11853955375254,-6.767560834857761
2026-08-25,HYD_DEL,1,10905.37,10507.67,103.78485430166727,10728.94,101.64443085710238,-2.140423444564888
2026-08-25,MAA_DEL,1,13118.585,14184.83,92.48320212508715,14184.83,92.48320212508715,0.0
2026-08-25,BLR_DEL,7,10530.035,10173.86,103.50088363708562,10508.55,100.20445256481626,-3.296431072269357
2026-08-25,BLR_HYD,7,6396.47,5977.64,107.00661130479587,6172.19,103.63371833984374,-3.372892964952129
2026-08-25,BOM_BLR,7,8401.635,7932.34,105.91622396417704,8250.02,101.83775312059848,-4.0784708435785575
2026-08-25,BOM_DEL,7,8843.33,9014.355,98.10274833862212,9447.32,93.6067583187613,-4.495990019860827
2026-08-25,CCU_DEL,7,9551.36,10115.5,94.42301418614998,9879.91,96.67456484927494,2.2515506631249593
2026-08-25,DEL_BLR,7,10305.78,9534.44,108.09003989746644,10578.72,97.4199146966741,-10.670125200792342
2026-08-25,DEL_BOM,7,9119.345000000001,9592.17,95.07071913863079,9533.93,95.65147845641829,0.5807593177874963
2026-08-25,DEL_CCU,7,9864.745,10379.28,95.04267155332548,9891.904999999999,99.72543205782912,4.682760504503648
2026-08-25,HYD_DEL,7,8173.68,8597.87,95.06633619722093,8497.07,96.19409984853603,1.1277636513150924
2026-08-25,MAA_DEL,7,11519.41,11078.26,103.98212354647751,11078.26,103.98212354647751,0.0
2026-08-25,BLR_DEL,15,8391.509999999998,8999.96,93.23941439739731,8999.96,93.23941439739731,0.0
2026-08-25,BLR_HYD,15,5292.69,5421.8,97.61868752074956,5185.2,102.07301550566999,4.454327984920425
2026-08-25,BOM_BLR,15,7098.09,6400.97,110.89084935564453,7089.44,100.12201245796565,-10.76883689767888
2026-08-25,BOM_DEL,15,8525.13,7879.1,108.19928672056452,8033.74,106.11657833088948,-2.082708389675034
2026-08-25,CCU_DEL,15,8165.44,7770.5,105.08255582008879,8355.255000000001,97.72819620705769,-7.354359613031093
2026-08-25,DEL_BLR,15,9374.26,8958.545,104.64042989123791,8936.68,104.8964492406576,0.25601934941968807
2026-08-25,DEL_BOM,15,7677.01,7519.805,102.09054623091956,7972.299999999999,96.29605007337909,-5.794496157540465
2026-08-25,DEL_CCU,15,8053.5599999999995,8472.825,95.05165042356002,8531.59,94.39694125010695,-0.654709173453071
2026-08-25,HYD_DEL,15,6908.24,7450.45,92.72245300619426,7321.14,94.3601679519856,1.6377149457913447
2026-08-25,MAA_DEL,15,8961.085,9493.135,94.39542364034641,9318.744999999999,96.16192953021034,1.7665058898639359
2026-08-25,BLR_DEL,30,7950.58,7815.85,101.72380483248782,7815.85,101.72380483248782,0.0
2026-08-25,BLR_HYD,30,4560.53,4301.545,106.02074370952761,4560.139999999999,100.00855236900622,-6.012191340521383
2026-08-25,BOM_BLR,30,6024.43,6115.514999999999,98.51059150374091,6115.514999999999,98.51059150374091,0.0
2026-08-25,BOM_DEL,30,7592.68,6848.37,110.86842562536778,6988.25,108.6492326405037,-2.2191929848640797
2026-08-25,CCU_DEL,30,7188.68,6733.35,106.7623099942822,7502.62,95.81559508545016,-10.94671490883205
2026-08-25,DEL_BLR,30,7778.35,7623.15,102.03590379305143,7819.21,99.47744081563228,-2.558462977419154
2026-08-25,DEL_BOM,30,6958.54,7151.67,97.29951186226432,7062.97,98.52144352871383,1.2219316664495068
2026-08-25,DEL_CCU,30,7311.17,7713.21,94.78764353621904,7450.09,98.13532453970355,3.34768100348451
2026-08-25,HYD_DEL,30,6202.63,6347.889999999999,97.71168057417505,6342.99,97.78716346707152,0.07548289289647414
2026-08-25,MAA_DEL,30,8019.26,8161.56,98.25646077465582,8088.77,99.1406604465203,0.8841996718644793
2026-08-25,BLR_DEL,45,7466.97,8566.51,87.16466799198274,7502.725,99.52343981686653,12.358771824883789
2026-08-25,BLR_HYD,45,4170.405000000001,4603.35,90.59500146632344,4361.68,95.61464848407036,5.0196470177469195
2026-08-25,BOM_BLR,45,5767.55,6142.85,93.89045801216047,5910.59,97.57993702828314,3.689479016122675
2026-08-25,BOM_DEL,45,6756.135,7155.57,94.41784511925675,6577.48,102.71616181273072,8.298316693473964
2026-08-25,CCU_DEL,45,6956.16,7085.785,98.17063317614068,7073.35,98.34321785292683,0.1725846767861441
2026-08-25,DEL_BLR,45,8064.25,8901.25,90.59682628844263,7363.1,109.5224837364697,18.925657448027067
2026-08-25,DEL_BOM,45,5870.45,7146.81,82.14084325734137,6642.674999999999,88.37478877108997,6.233945513748594
2026-08-25,DEL_CCU,45,6461.81,7506.02,86.08836640456593,6865.219999999999,94.12385910429674,8.03549269973081
2026-08-25,HYD_DEL,45,5956.110000000001,6175.18,96.45241110380589,6123.91,97.25992054096159,0.8075094371557014
2026-08-25,MAA_DEL,45,7762.345,8226.95,94.35264587726921,7682.245000000001,101.0426639608604,6.690018083591184
2026-08-26,BLR_DEL,1,12654.11,12766.82,99.1171646502418,13358.3,94.7284459848933,-4.388718665348506
2026-08-26,BLR_HYD,1,7891.71,7969.66,99.02191561496979,7613.44,103.65498381809013,4.633068203120345
2026-08-26,BOM_BLR,1,9428.105,10536.8,89.47787753397616,10337.22,91.20542079978951,1.7275432658133525
2026-08-26,BOM_DEL,1,11456.71,11787.115,97.1968967809341,11827.42,96.86567315610674,-0.33122362482735923
2026-08-26,CCU_DEL,1,11520.29,12308.66,93.59499734333389,12623.55,91.26030316353166,-2.334694179802227
2026-08-26,DEL_BLR,1,12482.095,13136.69,95.01704767334846,13157.8,94.86460502515618,-0.15244264819227737
2026-08-26,DEL_BOM,1,12607.99,11601.5,108.67551609705642,11927.8,105.70256040510404,-2.9729556919523787
2026-08-26,DEL_CCU,1,12186.24,11537.265,105.62503331595488,12325.0,98.87415821501014,-6.750875100944739
2026-08-26,HYD_DEL,1,10529.035,10507.67,100.20332766445843,10728.94,98.13676840396161,-2.066559260496817
2026-08-26,MAA_DEL,1,13471.65,14184.83,94.9722344222666,14184.83,94.9722344222666,0.0
2026-08-26,BLR_DEL,7,11128.98,10173.86,109.38798056981322,10508.55,105.90404955964429,-3.4839310101689307
2026-08-26,BLR_HYD,7,5917.69,5977.64,98.99709584384472,6172.19,95.87666614281154,-3.1204297010331743
2026-08-26,BOM_BLR,7,8523.41,7932.34,107.45139517468994,8250.02,103.31381014833903,-4.137585026350905
2026-08-26,BOM_DEL,7,9269.79,9014.355,102.83364699970217,9447.32,98.12084273635276,-4.712804263349412
2026-08-26,CCU_DEL,7,10301.16,10115.5,101.83540111709752,9879.91,104.26370280700938,2.428301689911862
2026-08-26,DEL_BLR,7,10459.38,9534.44,109.70104169725752,10578.72,98.87188620173329,-10.829155495524233
2026-08-26,DEL_BOM,7,9644.285,9592.17,100.5433077186914,9533.93,101.15749748529726,0.6141897666058611
2026-08-26,DEL_CCU,7,9183.715,10379.28,88.48123376573326,9891.904999999999,92.84071167282744,4.359477907094174
2026-08-26,HYD_DEL,7,8236.11,8597.87,95.79244626866887,8497.07,96.92882370040498,1.1363774317361077
2026-08-26,MAA_DEL,7,11001.73,11078.26,99.30918754389226,11078.26,99.30918754389226,0.0
2026-08-26,BLR_DEL,15,8856.4,8999.96,98.40488179947468,8999.96,98.40488179947468,0.0
2026-08-26,BLR_HYD,15,5090.235000000001,5421.8,93.88459552178244,5185.2,98.16853737560751,4.28394185382507
2026-08-26,BOM_BLR,15,7357.86,6400.97,114.9491405208898,7089.44,103.78619467828207,-11.162945842607726
2026-08-26,BOM_DEL,15,8071.375,7879.1,102.44031678745034,8033.74,100.46846176251658,-1.9718550249337596
2026-08-26,CCU_DEL,15,8547.93,7770.5,110.00489029020014,8355.255000000001,102.30603374762349,-7.6988565425766495
2026-08-26,DEL_BLR,15,8298.3,8958.545,92.62999739354994,8936.68,92.85663132169888,0.22663392814894223
2026-08-26,DEL_BOM,15,7863.635,7519.805,104.57232601111332,7972.299999999999,98.63696800170591,-5.935358009407409
2026-08-26,DEL_CCU,15,7906.88,8472.825,93.32046867485165,8531.59,92.67768376117465,-0.642784913677005
2026-08-26,HYD_DEL,15,7662.045,7450.45,102.84002979685792,7321.14,104.65644694678697,1.8164171499290518
2026-08-26,MAA_DEL,15,9250.189999999999,9493.135,97.44083487699268,9318.744999999999,99.26433226791804,1.823497390925354
2026-08-26,BLR_DEL,30,7871.77,7815.85,100.71546920680412,7815.85,100.71546920680412,0.0
2026-08-26,BLR_HYD,30,4568.76,4301.545,106.2120703142708,4560.139999999999,100.18902928418866,-6.02304103008214
2026-08-26,BOM_BLR,30,5900.68,6115.514999999999,96.4870497415181,6115.514999999999,96.4870497415181,0.0
2026-08-26,BOM_DEL,30,6985.110000000001,6848.37,101.99667950183769,6988.25,99.9550674346224,-2.041612067215283
2026-08-26,CCU_DEL,30,6797.485,6733.35,100.95249764233256,7502.62,90.60148321519682,-10.351014427135738
2026-08-26,DEL_BLR,30,7721.43,7623.15,101.28923082977511,7819.21,98.74949003799617,-2.5397407917789394
2026-08-26,DEL_BOM,30,6881.200000000001,7151.67,96.21808612533856,7062.97,97.42643675394346,1.2083506286049044
2026-08-26,DEL_CCU,30,6839.41,7713.21,88.67138325029399,7450.09,91.80305204366658,3.1316687933725973
2026-08-26,HYD_DEL,30,6275.87,6347.889999999999,98.86544977937551,6342.99,98.94182396629981,0.07637418692429776
2026-08-26,MAA_DEL,30,8092.639999999999,8161.56,99.15555359514602,8088.77,100.04784410979666,0.8922905146506395
2026-08-26,BLR_DEL,45,7672.405000000001,8566.51,89.5627857785726,7502.725,102.26157829322014,12.698792514647536
2026-08-26,BLR_HYD,45,4714.835,4603.35,102.4218232374249,4361.68,108.09676546651747,5.674942229092565
2026-08-26,BOM_BLR,45,6318.82,6142.85,102.8646312379433,5910.59,106.90675550156583,4.042124263622526
2026-08-26,BOM_DEL,45,7241.02,7155.57,101.19417460803264,6577.48,110.08805804046536,8.893883432432716
2026-08-26,CCU_DEL,45,7492.34,7085.785,105.73761411050435,7073.35,105.92350159401131,0.18588748350695994
2026-08-26,DEL_BLR,45,7687.23,8901.25,86.36124139867995,7363.1,104.4020860778748,18.040844679194848
2026-08-26,DEL_BOM,45,7260.530000000001,7146.81,101.5911994302353,6642.674999999999,109.3012980463443,7.7100986161089935
2026-08-26,DEL_CCU,45,7182.99,7506.02,95.69638769947322,6865.219999999999,104.62869361797584,8.932305918502621
2026-08-26,HYD_DEL,45,6301.51,6175.18,102.04577032572331,6123.91,102.90010793757585,0.854337611852543
2026-08-26,MAA_DEL,45,8531.68,8226.95,103.70404584931232,7682.245000000001,111.05711937070477,7.353073521392446
2026-08-27,BLR_DEL,1,12556.29,12766.82,98.350959753486,13358.3,93.99616717696115,-4.354792576524844
2026-08-27,BLR_HYD,1,7883.360000000001,7969.66,98.91714326583569,7613.44,103.54530934767992,4.628166081844228
2026-08-27,BOM_BLR,1,10023.439999999999,10536.8,95.12793257915116,10337.22,96.96456107154535,1.8366284923941834
2026-08-27,BOM_DEL,1,11193.095000000001,11787.115,94.96042924837843,11827.42,94.63682696648974,-0.32360228188869655
2026-08-27,CCU_DEL,1,12405.64,12308.66,100.78790055131914,12623.55,98.27378193931185,-2.5141186120072945
2026-08-27,DEL_BLR,1,12935.7,13136.69,98.47001032984717,13157.8,98.3120278466005,-0.15798248324666986
2026-08-27,DEL_BOM,1,12428.57,11601.5,107.12899194069732,11927.8,104.19834336591829,-2.9306485747790276
2026-08-27,DEL_CCU,1,12193.015,11537.265,105.68375607217135,12325.0,98.92912778904665,-6.754628283124703
2026-08-27,HYD_DEL,1,10362.15,10507.67,98.61510686955339,10728.94,96.58130253314864,-2.0338043364047422
2026-08-27,MAA_DEL,1,13599.305,14184.83,95.87217471058871,14184.83,95.87217471058871,0.0
2026-08-27,BLR_DEL,7,10027.685,10173.86,98.56322968863341,10508.55,95.42405945634745,-3.139170232285963
2026-08-27,BLR_HYD,7,6385.44,5977.64,106.82209032327137,6172.19,103.4550135365243,-3.367076786747063
2026-08-27,BOM_BLR,7,7870.05,7932.34,99.21473360950237,8250.02,95.39431419560195,-3.8204194139004244
2026-08-27,BOM_DEL,7,8948.665,9014.355,99.27127342999029,9447.32,94.72173060719867,-4.549542822791622
2026-08-27,CCU_DEL,7,9898.6,10115.5,97.85576590381099,9879.91,100.1891717637104,2.3334058598994147
2026-08-27,DEL_BLR,7,10013.385,9534.44,105.02331547526651,10578.72,94.65592245564682,-10.367393019619698
2026-08-27,DEL_BOM,7,9416.68,9592.17,98.17048697010165,9533.93,98.77018186623984,0.5996948961381889
2026-08-27,DEL_CCU,7,10015.25,10379.28,96.49272396543883,9891.904999999999,101.24692867551803,4.7542047100792075
2026-08-27,HYD_DEL,7,8942.06,8597.87,104.00320079275447,8497.07,105.23698168898218,1.2337808962277137
2026-08-27,MAA_DEL,7,10437.099999999999,11078.26,94.21244852530991,11078.26,94.21244852530991,0.0
2026-08-27,BLR_DEL,15,8914.744999999999,8999.96,99.05316245849981,8999.96,99.05316245849981,0.0
2026-08-27,BLR_HYD,15,5349.83,5421.8,98.67258106164005,5185.2,103.17499807143409,4.502417009794044
2026-08-27,BOM_BLR,15,6847.26,6400.97,106.97222452222086,7089.44,96.5839332866912,-10.38829123552965
2026-08-27,BOM_DEL,15,7685.02,7879.1,97.53677450470232,8033.74,95.65930687326203,-1.8774676314402967
2026-08-27,CCU_DEL,15,8221.68,7770.5,105.80631876970594,8355.255000000001,98.40130552568412,-7.405013244021816
2026-08-27,DEL_BLR,15,8592.525000000001,8958.545,95.91429188556847,8936.68,96.148961359252,0.23466947368352464
2026-08-27,DEL_BOM,15,8325.95,7519.805,110.720291284149,7972.299999999999,104.43598459666596,-6.2843066874830384
2026-08-27,DEL_CCU,15,8926.865,8472.825,105.3587793917613,8531.59,104.6330754290818,-0.7257039626795034
2026-08-27,HYD_DEL,15,7235.56,7450.45,97.11574468656256,7321.14,98.8310563655387,1.7153116789761356
2026-08-27,MAA_DEL,15,9870.435000000001,9493.135,103.97445101117808,9318.744999999999,105.92021779756826,1.9457667863901804
2026-08-27,BLR_DEL,30,8184.02,7815.85,104.71055611353852,7815.85,104.71055611353852,0.0
2026-08-27,BLR_HYD,30,4805.3,4301.545,111.71102475970842,4560.139999999999,105.37615073221438,-6.334874027494038
2026-08-27,BOM_BLR,30,5679.41,6115.514999999999,92.8688753114006,6115.514999999999,92.8688753114006,0.0
2026-08-27,BOM_DEL,30,7676.37,6848.37,112.09046824280816,6988.25,109.84681429542447,-2.2436539473836916
2026-08-27,CCU_DEL,30,7616.4,6733.35,113.11457149858539,7502.62,101.51653688977984,-11.598034608805548
2026-08-27,DEL_BLR,30,7885.015,7623.15,103.4351285229859,7819.21,100.84158118275377,-2.593547340232135
2026-08-27,DEL_BOM,30,8044.63,7151.67,112.4860347303497,7062.97,113.89868568038656,1.4126509500368627
2026-08-27,DEL_CCU,30,7494.885,7713.21,97.16946640892704,7450.09,100.60126790414611,3.4318014952190765
2026-08-27,HYD_DEL,30,7043.3099999999995,6347.889999999999,110.95513627362794,6342.99,111.04084982003755,0.08571354640960749
2026-08-27,MAA_DEL,30,8584.59,8161.56,105.18320027053652,8088.77,106.12973295074528,0.9465326802087617
2026-08-27,BLR_DEL,45,7742.95,8566.51,90.3862833289169,7502.725,103.20183666601135,12.815553337094443
2026-08-27,BLR_HYD,45,4802.200000000001,4603.35,104.3196802328739,4361.68,110.0997780671668,5.780097834292889
2026-08-27,BOM_BLR,45,6394.32,6142.85,104.0937024345377,5910.59,108.18412375075923,4.090421316221523
2026-08-27,BOM_DEL,45,7179.365,7155.57,100.33253814860312,6577.48,109.15069297056014,8.818154821957023
2026-08-27,CCU_DEL,45,7151.215,7085.785,100.92339804270098,7073.35,101.10082209985367,0.17742405715269172
2026-08-27,DEL_BLR,45,7677.54,8901.25,86.25238028366803,7363.1,104.27048389944453,18.018103615776496
2026-08-27,DEL_BOM,45,7479.42,7146.81,104.65396449604789,6642.674999999999,112.59650667840894,7.942542182361052
2026-08-27,DEL_CCU,45,7614.12,7506.02,101.44017735097961,6865.219999999999,110.90860890109859,9.468431550118979
2026-08-27,HYD_DEL,45,6299.47,6175.18,102.01273485145373,6123.91,102.86679588694152,0.8540610354877884
2026-08-27,MAA_DEL,45,8373.77,8226.95,101.78462249071649,7682.245000000001,109.0016004436203,7.216977952903818
2026-08-28,BLR_DEL,1,13788.49,12766.82,108.00254096164903,13358.3,103.22039481071694,-4.782146150932093
2026-08-28,BLR_HYD,1,8137.6,7969.66,102.10724171420111,7613.44,106.88466711499665,4.777425400795536
2026-08-28,BOM_BLR,1,11826.03,10536.8,112.23549844355023,10337.22,114.40242154080111,2.166923097250887
2026-08-28,BOM_DEL,1,12874.23,11787.115,109.22290993173478,11827.42,108.85070454925926,-0.3722053824755136
2026-08-28,CCU_DEL,1,13943.66,12308.66,113.28333059813171,12623.55,110.45751789314417,-2.8258127049875412
2026-08-28,DEL_BLR,1,16669.52,13136.69,126.89284743721592,13157.8,126.68926416270199,-0.20358327451393166
2026-08-28,DEL_BOM,1,12679.285,11601.5,109.29004870059906,11927.8,106.3002816948641,-2.9897670057349615
2026-08-28,DEL_CCU,1,13985.88,11537.265,121.22353088015228,12325.0,113.47569979716023,-7.74783108299205
2026-08-28,HYD_DEL,1,11396.71,10507.67,108.46086715703862,10728.94,106.2240072178612,-2.236859939177421
2026-08-28,MAA_DEL,1,13644.23,14184.83,96.18888629613467,14184.83,96.18888629613467,0.0
2026-08-28,BLR_DEL,7,10081.7,10173.86,99.09414912334158,10508.55,95.93806947675941,-3.156079646582171
2026-08-28,BLR_HYD,7,6154.59,5977.64,102.96019833914387,6172.19,99.71484999651665,-3.2453483426272243
2026-08-28,BOM_BLR,7,7979.81,7932.34,100.59843627479408,8250.02,96.72473521276312,-3.8737010620309604
2026-08-28,BOM_DEL,7,9291.61,9014.355,103.07570536106023,9447.32,98.35180770842949,-4.72389765263074
2026-08-28,CCU_DEL,7,9759.740000000002,10115.5,96.48302110622315,9879.91,98.78369337372507,2.3006722675019233
2026-08-28,DEL_BLR,7,10845.405,9534.44,113.74978498999417,10578.72,102.52095716684062,-11.228827823153551
2026-08-28,DEL_BOM,7,8859.635,9592.17,92.3631983169606,9533.93,92.927418179072,0.5642198621114005
2026-08-28,DEL_CCU,7,10819.97,10379.28,104.24586291149289,9891.904999999999,109.38206543633406,5.136202524841167
2026-08-28,HYD_DEL,7,8940.55,8597.87,103.98563830344025,8497.07,105.21921085738965,1.2335725539494007
2026-08-28,MAA_DEL,7,10934.95,11078.26,98.70638529877436,11078.26,98.70638529877436,0.0
2026-08-28,BLR_DEL,15,9979.66,8999.96,110.8856039360175,8999.96,110.8856039360175,0.0
2026-08-28,BLR_HYD,15,5652.1,5421.8,104.24766682651519,5185.2,109.00447427293065,4.756807446415465
2026-08-28,BOM_BLR,15,7513.83,6400.97,117.385802464314,7089.44,105.98622740301069,-11.39957506130331
2026-08-28,BOM_DEL,15,8625.23,7879.1,109.46973639121218,8033.74,107.36257334690941,-2.107163044302766
2026-08-28,CCU_DEL,15,8998.52,7770.5,115.80361624091114,8355.255000000001,107.69892720210214,-8.104689038809
2026-08-28,DEL_BLR,15,9132.87,8958.545,101.94590751065044,8936.68,102.19533428521555,0.24942677456510864
2026-08-28,DEL_BOM,15,8166.99,7519.805,108.60640668208816,7972.299999999999,102.44208070443912,-6.164325977649042
2026-08-28,DEL_CCU,15,8999.615,8472.825,106.21740682712083,8531.59,105.48578869823795,-0.7316181288828716
2026-08-28,HYD_DEL,15,8390.09,7450.45,112.61185565972525,7321.14,114.60086817080399,1.9890125110787409
2026-08-28,MAA_DEL,15,9812.98,9493.135,103.3692241814743,9318.744999999999,105.3036648175264,1.934440636052102
2026-08-28,BLR_DEL,30,8306.745,7815.85,106.28076280890755,7815.85,106.28076280890755,0.0
2026-08-28,BLR_HYD,30,5006.14,4301.545,116.38004484435245,4560.139999999999,109.78040147890198,-6.599643365450476
2026-08-28,BOM_BLR,30,6823.610000000001,6115.514999999999,111.57866508380737,6115.514999999999,111.57866508380737,0.0
2026-08-28,BOM_DEL,30,7437.82,6848.37,108.6071576156078,6988.25,106.4332272028047,-2.1739304128031023
2026-08-28,CCU_DEL,30,7823.745,6733.35,116.19394506449241,7502.62,104.28017146010326,-11.91377360438915
2026-08-28,DEL_BLR,30,8135.45,7623.15,106.72031902822326,7819.21,104.0443983471476,-2.6759206810756524
2026-08-28,DEL_BOM,30,7072.08,7151.67,98.88711307988204,7062.97,100.12898256682388,1.2418694869418374
2026-08-28,DEL_CCU,30,7881.95,7713.21,102.18767542955527,7450.09,105.79670849613896,3.6090330665836916
2026-08-28,HYD_DEL,30,6134.36,6347.889999999999,96.63620510122261,6342.99,96.71085718249594,0.07465208127332801
2026-08-28,MAA_DEL,30,8537.27,8161.56,104.60340915217188,8088.77,105.54472435240463,0.9413152002327507
2026-08-28,BLR_DEL,45,7363.610000000001,8566.51,85.95810896152575,7502.725,98.14580702344816,12.187698061922404
2026-08-28,BLR_HYD,45,4250.26,4603.35,92.32971640218535,4361.68,97.44547972340932,5.115763321223966
2026-08-28,BOM_BLR,45,5802.84,6142.85,94.46494705226401,5910.59,98.17700094237631,3.7120538901123012
2026-08-28,BOM_DEL,45,6448.76,7155.57,90.12224043647117,6577.48,98.04301951507264,7.92077907860147
2026-08-28,CCU_DEL,45,6758.46,7085.785,95.38054005307811,7073.35,95.54821972615521,0.16767967307710308
2026-08-28,DEL_BLR,45,7508.745,8901.25,84.35607358517062,7363.1,101.97803914112262,17.621965555952002
2026-08-28,DEL_BOM,45,6387.505,7146.81,89.37560953768184,6642.674999999999,96.15862585479495,6.783016317113109
2026-08-28,DEL_CCU,45,7142.96,7506.02,95.16308243250084,6865.219999999999,104.04560960901472,8.882527176513875
2026-08-28,HYD_DEL,45,5824.17,6175.18,94.31579322384125,6123.91,95.10541467787738,0.7896214540361228
2026-08-28,MAA_DEL,45,7973.860000000001,8226.95,96.92364728119169,7682.245000000001,103.79596068597135,6.872313404779661
2026-08-29,BLR_DEL,1,14183.715,12766.82,111.09826096083441,13358.3,106.17904224339925,-4.919218717435157
2026-08-29,BLR_HYD,1,8763.485,7969.66,109.96058803010418,7613.44,115.10545824226632,5.144870212162147
2026-08-29,BOM_BLR,1,11507.794905274099,10536.8,109.2152731880087,10337.22,111.3238850026806,2.108611814671903
2026-08-29,BOM_DEL,1,12753.945,11787.115,108.2024312140842,11827.42,107.83370337740605,-0.368727836678147
2026-08-29,CCU_DEL,1,13778.49,12308.66,111.94142985507764,12623.55,109.14909039057952,-2.792339464498127
2026-08-29,DEL_BLR,1,14685.39,13136.69,111.78911887241001,13157.8,111.60976759032665,-0.17935128208335982
2026-08-29,DEL_BOM,1,12918.61,11601.5,111.35292850062493,11927.8,108.30672881839065,-3.046199682234274
2026-08-29,DEL_CCU,1,12968.51,11537.265,112.40540977432694,12325.0,105.22117647058823,-7.184233303738708
2026-08-29,HYD_DEL,1,11574.13,10507.67,110.14934804766423,10728.94,107.8776654543692,-2.27168259329504
2026-08-29,MAA_DEL,1,14836.54,14184.83,104.59441530141709,14184.83,104.59441530141709,0.0
2026-08-29,BLR_DEL,7,11121.31,10173.86,109.3125912878691,10508.55,105.83106137383369,-3.4815299140354057
2026-08-29,BLR_HYD,7,6853.8,5977.64,114.65728949886578,6172.19,111.04324397013055,-3.6140455287352324
2026-08-29,BOM_BLR,7,8927.51,7932.34,112.54573051583769,8250.02,108.21198009216948,-4.3337504236682065
2026-08-29,BOM_DEL,7,11664.47,9014.355,129.39883108663903,9447.32,123.46856039596415,-5.930270690674888
2026-08-29,CCU_DEL,7,10801.91,10115.5,106.785724877663,9879.91,109.33206881439203,2.5463439367290306
2026-08-29,DEL_BLR,7,11124.25,9534.44,116.67439304248597,10578.72,105.15686207783173,-11.517530964654242
2026-08-29,DEL_BOM,7,9715.105,9592.17,101.28161823654085,9533.93,101.90031812694241,0.6186998904015582
2026-08-29,DEL_CCU,7,10587.015,10379.28,102.00143940620157,9891.904999999999,107.02705899419777,5.025619587996204
2026-08-29,HYD_DEL,7,9437.8,8597.87,109.76904745012426,8497.07,111.07122808215067,1.3021806320264062
2026-08-29,MAA_DEL,7,12513.465,11078.26,112.95514819114192,11078.26,112.95514819114192,0.0
2026-08-29,BLR_DEL,15,10409.54,8999.96,115.6620696091983,8999.96,115.6620696091983,0.0
2026-08-29,BLR_HYD,15,5819.53,5421.8,107.33575565310414,5185.2,112.23347219007947,4.897716536975324
2026-08-29,BOM_BLR,15,7233.84,6400.97,113.01162167608972,7089.44,102.03683224627052,-10.974789429819197
2026-08-29,BOM_DEL,15,8418.88,7879.1,106.85078244977217,8033.74,104.79403117352565,-2.0567512762465157
2026-08-29,CCU_DEL,15,8812.39,7770.5,113.40827488578597,8355.255000000001,105.47122738922987,-7.937047496556104
2026-08-29,DEL_BLR,15,9463.43,8958.545,105.63579241941632,8936.68,105.89424708057132,0.2584546611549996
2026-08-29,DEL_BOM,15,8567.465,7519.805,113.93201020505185,7972.299999999999,107.46541148727471,-6.466598717777146
2026-08-29,DEL_CCU,15,9050.494999999999,8472.825,106.81791492211863,8531.59,106.08216053514057,-0.7357543869780585
2026-08-29,HYD_DEL,15,8239.970000000001,7450.45,110.59694380876324,7321.14,112.5503678388885,1.9534240301252623
2026-08-29,MAA_DEL,15,9878.845000000001,9493.135,104.06304134514046,9318.744999999999,106.01046600159142,1.9474246564509627
2026-08-29,BLR_DEL,30,7696.915,7815.85,98.47828451160142,7815.85,98.47828451160142,0.0
2026-08-29,BLR_HYD,30,4288.16,4301.545,99.6888327333551,4560.139999999999,94.03570942997365,-5.653123303381449
2026-08-29,BOM_BLR,30,5742.955,6115.514999999999,93.90795378639413,6115.514999999999,93.90795378639413,0.0
2026-08-29,BOM_DEL,30,6800.51,6848.37,99.30114757234205,6988.25,97.31349050191393,-1.9876570704281136
2026-08-29,CCU_DEL,30,6733.73,6733.35,100.00564355038723,7502.62,89.75171340145177,-10.253930148935467
2026-08-29,DEL_BLR,30,7962.49,7623.15,104.45144067741026,7819.21,101.83241017954498,-2.619030497865282
2026-08-29,DEL_BOM,30,7052.780000000001,7151.67,98.6172460418336,7062.97,99.85572641537485,1.2384803735412504
2026-08-29,DEL_CCU,30,7452.17,7713.21,96.61567622299924,7450.09,100.02791912580922,3.4122429028099788
2026-08-29,HYD_DEL,30,6054.325000000001,6347.889999999999,95.3753924532404,6342.99,95.44907054874753,0.07367809550713389
2026-08-29,MAA_DEL,30,7600.08,8161.56,93.12043285842412,8088.77,93.95841394921601,0.8379810907918852
2026-08-29,BLR_DEL,45,7579.52,8566.51,88.47850524892868,7502.725,101.0235614393437,12.54505619041501
2026-08-29,BLR_HYD,45,4207.665,4603.35,91.40441200430121,4361.68,96.46890647640359,5.064494472102382
2026-08-29,BOM_BLR,45,5652.37,6142.85,92.0154325760844,5910.59,95.631231399911,3.6157988238266086
2026-08-29,BOM_DEL,45,6363.08,7155.57,88.92485154921272,6577.48,96.74039297724966,7.815541428036937
2026-08-29,CCU_DEL,45,6597.745,7085.785,93.11240744674019,7073.35,93.27609972643796,0.16369227969777
2026-08-29,DEL_BLR,45,7597.625,8901.25,85.35458503019238,7363.1,103.18513941138923,17.830554381196848
2026-08-29,DEL_BOM,45,6157.145,7146.81,86.1523532876906,6642.674999999999,92.69074582152524,6.538392533834639
2026-08-29,DEL_CCU,45,6537.11,7506.02,87.09156117356468,6865.219999999999,95.22069212639946,8.129130952834771
2026-08-29,HYD_DEL,45,5978.76,6175.18,96.81920203135779,6123.91,97.629782279622,0.8105802482642162
2026-08-29,MAA_DEL,45,6869.65,8226.95,83.5017837716286,7682.245000000001,89.42242794912163,5.920644177493031
2026-08-30,BLR_DEL,1,12326.919999999998,12766.82,96.55434947778694,13358.3,92.27910737144695,-4.275242106339988
2026-08-30,BLR_HYD,1,7354.905000000001,7969.66,92.28630832432,7613.44,96.60422883742436,4.3179205131043545
2026-08-30,BOM_BLR,1,9977.64,10536.8,94.69326550755449,10337.22,96.52150191250645,1.8282364049519657
2026-08-30,BOM_DEL,1,11669.005000000001,11787.115,98.99797363476985,11827.42,98.66061237361995,-0.3373612611498942
2026-08-30,CCU_DEL,1,12342.235,12308.66,100.27277542803196,12623.55,97.77150643044152,-2.5012689975904436
2026-08-30,DEL_BLR,1,13714.915,13136.69,104.40160344805274,13157.8,104.23410448555231,-0.1674989625004315
2026-08-30,DEL_BOM,1,12262.26,11601.5,105.69547041330863,11927.8,102.80403762638544,-2.8914327869231897
2026-08-30,DEL_CCU,1,12822.82,11537.265,111.1426321576214,12325.0,104.03910750507099,-7.103524652550419
2026-08-30,HYD_DEL,1,10068.94,10507.67,95.82466902748183,10728.94,93.84841372959491,-1.9762552978869223
2026-08-30,MAA_DEL,1,13545.425,14184.83,95.49233230147982,14184.83,95.49233230147982,0.0
2026-08-30,BLR_DEL,7,10783.71,10173.86,105.99428338899885,10508.55,102.61843927087943,-3.375844118119417
2026-08-30,BLR_HYD,7,6375.32,5977.64,106.65279274094792,6172.19,103.29105228452138,-3.3617404564265314
2026-08-30,BOM_BLR,7,9504.09,7932.34,119.8144557595867,8250.02,115.20081163439603,-4.613644125190675
2026-08-30,BOM_DEL,7,10251.41,9014.355,113.72316710402464,9447.32,108.51130267631454,-5.211864427710097
2026-08-30,CCU_DEL,7,10998.95,10115.5,108.7336266126242,9879.91,111.32641896535496,2.592792352730754
2026-08-30,DEL_BLR,7,10918.405,9534.44,114.51543037661362,10578.72,103.21102174932318,-11.304408627290442
2026-08-30,DEL_BOM,7,9705.435000000001,9592.17,101.18080684558343,9533.93,101.79889090857601,0.6180840629925797
2026-08-30,DEL_CCU,7,10028.805,10379.28,96.6233206927648,9891.904999999999,101.38395991469795,4.760639221933147
2026-08-30,HYD_DEL,7,9335.38,8597.87,108.57782218154028,8497.07,109.8658714121456,1.28804923060531
2026-08-30,MAA_DEL,7,11790.44,11078.26,106.42862687822816,11078.26,106.42862687822816,0.0
2026-08-30,BLR_DEL,15,9219.87,8999.96,102.44345530424582,8999.96,102.44345530424582,0.0
2026-08-30,BLR_HYD,15,4999.735000000001,5421.8,92.21540816702941,5185.2,96.42318521947082,4.207777052441415
2026-08-30,BOM_BLR,15,7001.370000000001,6400.97,109.37982836976272,7089.44,98.75772980658559,-10.622098563177133
2026-08-30,BOM_DEL,15,8146.32,7879.1,103.39150410579887,8033.74,101.40133984918607,-1.9901642566128004
2026-08-30,CCU_DEL,15,8194.835,7770.5,105.46084550543722,8355.255000000001,98.08001072378998,-7.380834781647238
2026-08-30,DEL_BLR,15,8717.78,8958.545,97.31245419875661,8936.68,97.55054449750915,0.23809029875253884
2026-08-30,DEL_BOM,15,8320.48,7519.805,110.6475500362044,7972.299999999999,104.36737202563877,-6.280178010565621
2026-08-30,DEL_CCU,15,8646.51,8472.825,102.04990661320161,8531.59,101.3469939366519,-0.7029126765497153
2026-08-30,HYD_DEL,15,6783.64,7450.45,91.05007080109256,7321.14,92.65824721286575,1.6081764117731865
2026-08-30,MAA_DEL,15,10100.54,9493.135,106.39836049945566,9318.744999999999,108.3894880694772,1.9911275700215327
2026-08-30,BLR_DEL,30,7882.37,7815.85,100.85109105215683,7815.85,100.85109105215683,0.0
2026-08-30,BLR_HYD,30,4301.255,4301.545,99.99325823628486,4560.139999999999,94.32287166622079,-5.670386570064068
2026-08-30,BOM_BLR,30,5999.69,6115.514999999999,98.10604666982258,6115.514999999999,98.10604666982258,0.0
2026-08-30,BOM_DEL,30,6688.9,6848.37,97.67141670207656,6988.25,95.71638106822165,-1.955035633854905
2026-08-30,CCU_DEL,30,7237.37,6733.35,107.48542701626975,7502.62,96.46456837744681,-11.020858638822943
2026-08-30,DEL_BLR,30,7402.07,7623.15,97.09988652984659,7819.21,94.66518996164574,-2.434696568200849
2026-08-30,DEL_BOM,30,7142.79,7151.67,99.87583319700154,7062.97,101.1301194823141,1.2542862853125598
2026-08-30,DEL_CCU,30,7291.77,7713.21,94.5361269821514,7450.09,97.87492500090603,3.3387980187546304
2026-08-30,HYD_DEL,30,6315.38,6347.889999999999,99.48786132084835,6342.99,99.56471632463555,0.07685500378720178
2026-08-30,MAA_DEL,30,7400.08,8161.56,90.66992094648572,8088.77,91.48585013543467,0.8159291889489566
2026-08-30,BLR_DEL,45,7309.17,8566.51,85.32261095825487,7502.725,97.42020399254938,12.097593034294505
2026-08-30,BLR_HYD,45,4165.655000000001,4603.35,90.4918157428829,4361.68,95.50574549256251,5.013929749679605
2026-08-30,BOM_BLR,45,5460.385,6142.85,88.8900917326648,5910.59,92.38307850823692,3.4929867755721205
2026-08-30,BOM_DEL,45,6195.91,7155.57,86.58862955711425,6577.48,94.19884210974416,7.610212552629918
2026-08-30,CCU_DEL,45,6911.469999999999,7085.785,97.53993382525718,7073.35,97.71140972806377,0.1714759028065913
2026-08-30,DEL_BLR,45,8047.4,8901.25,90.40752703272011,7363.1,109.29363990710435,18.88611287438424
2026-08-30,DEL_BOM,45,6391.32,7146.81,89.42898999693568,6642.674999999999,96.2160575370615,6.787067540125818
2026-08-30,DEL_CCU,45,6895.5,7506.02,91.86626201369033,6865.219999999999,100.44106379693586,8.574801783245533
2026-08-30,HYD_DEL,45,6123.58,6175.18,99.16439682729894,6123.91,99.99461128592681,0.8302144586278644
2026-08-30,MAA_DEL,45,7372.23,8226.95,89.6107305866694,7682.245000000001,95.96452599467993,6.353795408010527
2026-08-31,BLR_DEL,1,13309.47,12766.82,104.25047114316644,13358.3,99.63445947463376,-4.616011668532678
2026-08-31,BLR_HYD,1,8072.37,7969.66,101.28876263228292,7613.44,106.02789277908542,4.739130146802495
2026-08-31,BOM_BLR,1,9796.93,10536.8,92.97822868423052,10337.22,94.77335299045586,1.7951243062253468
2026-08-31,BOM_DEL,1,11369.975,11787.115,96.46105090176859,11827.42,96.13233486254822,-0.3287160392203674
2026-08-31,CCU_DEL,1,11716.900000000001,12308.66,95.19232800321076,12623.55,92.81778897378314,-2.3745390294276234
2026-08-31,DEL_BLR,1,12734.4,13136.69,96.93766085673026,13157.8,96.78213683138519,-0.15552402534507337
2026-08-31,DEL_BOM,1,11367.96,11601.5,97.98698444166702,11927.8,95.30642700246483,-2.6805574392021896
2026-08-31,DEL_CCU,1,12195.025000000001,11537.265,105.70117787881273,12325.0,98.94543610547669,-6.755741773336041
2026-08-31,HYD_DEL,1,10395.599999999999,10507.67,98.93344575914544,10728.94,96.89307611003508,-2.0403696491103602
2026-08-31,MAA_DEL,1,14349.515,14184.83,101.1609938222735,14184.83,101.1609938222735,0.0
2026-08-31,BLR_DEL,7,10372.96,10173.86,101.95697601500314,10508.55,98.70971732541597,-3.24725868958717
2026-08-31,BLR_HYD,7,5965.83,5977.64,99.80243039058892,6172.19,96.65661620915753,-3.1458141814313905
2026-08-31,BOM_BLR,7,7545.98,7932.34,95.12930610639484,8250.02,91.46620250617573,-3.6631036002191024
2026-08-31,BOM_DEL,7,9143.92,9014.355,101.43731858796332,9447.32,96.7885072168615,-4.648811371101814
2026-08-31,CCU_DEL,7,9725.315,10115.5,96.14270179427612,9879.91,98.4352590256389,2.2925572313627782
2026-08-31,DEL_BLR,7,10632.12,9534.44,111.51278942444445,10578.72,100.50478696855576,-11.008002455888686
2026-08-31,DEL_BOM,7,10134.61,9592.17,105.65502904973536,9533.93,106.30044483229896,0.6454157825636031
2026-08-31,DEL_CCU,7,10162.95,10379.28,97.91575138159872,9891.904999999999,102.74006877340615,4.824317391807426
2026-08-31,HYD_DEL,7,8459.94,8597.87,98.39576546284138,8497.07,99.5630258430259,1.1672603801845156
2026-08-31,MAA_DEL,7,11744.01,11078.26,106.00951774015053,11078.26,106.00951774015053,0.0
2026-08-31,BLR_DEL,15,9203.880000000001,8999.96,102.26578784794602,8999.96,102.26578784794602,0.0
2026-08-31,BLR_HYD,15,4882.13,5421.8,90.04629458851305,5185.2,94.15509527115637,4.10880068264332
2026-08-31,BOM_BLR,15,7219.98,6400.97,112.79509199386968,7089.44,101.84133020379606,-10.953761790073614
2026-08-31,BOM_DEL,15,7621.9349999999995,7879.1,96.73611199248644,8033.74,94.87405616811098,-1.8620558243754601
2026-08-31,CCU_DEL,15,7656.799999999999,7770.5,98.53677369538639,8355.255000000001,91.64053042067535,-6.89624327471104
2026-08-31,DEL_BLR,15,8294.060000000001,8958.545,92.58266827927974,8936.68,92.80918640927057,0.2265181299908221
2026-08-31,DEL_BOM,15,7620.36,7519.805,101.3372022279833,7972.299999999999,95.58546467142482,-5.751737556558481
2026-08-31,DEL_CCU,15,7809.13,8472.825,92.1667802651418,8531.59,91.53194187718819,-0.6348383879536073
2026-08-31,HYD_DEL,15,6956.25,7450.45,93.36684361347302,7321.14,95.01594014046992,1.6490965269968996
2026-08-31,MAA_DEL,15,9040.075,9493.135,95.22749860820477,9318.744999999999,97.00957586026875,1.782077252063985
2026-08-31,BLR_DEL,30,7201.48,7815.85,92.13943461043903,7815.85,92.13943461043903,0.0
2026-08-31,BLR_HYD,30,5060.16,4301.545,117.6358726922536,4560.139999999999,110.96501423201921,-6.670858460234385
2026-08-31,BOM_BLR,30,6028.34,6115.514999999999,98.57452724750082,6115.514999999999,98.57452724750082,0.0
2026-08-31,BOM_DEL,30,6528.17,6848.37,95.32443486552275,6988.25,93.41637749078811,-1.9080573747346392
2026-08-31,CCU_DEL,30,7208.77,6733.35,107.06067559238714,7502.62,96.08336821003863,-10.977307382348513
2026-08-31,DEL_BLR,30,7465.8,7623.15,97.93589264280514,7819.21,95.48023393667647,-2.4556587061286734
2026-08-31,DEL_BOM,30,6891.334999999999,7151.67,96.3598012771842,7062.97,97.56993162932872,1.2101303521445175
2026-08-31,DEL_CCU,30,7236.780000000001,7713.21,93.82319423430712,7450.09,97.13681311232483,3.3136188780177065
2026-08-31,HYD_DEL,30,6294.335,6347.889999999999,99.15633383691275,6342.99,99.23293273361617,0.07659889670341613
2026-08-31,MAA_DEL,30,8109.84,8161.56,99.36629761957273,8088.77,100.26048459778185,0.8941869782091203
2026-08-31,BLR_DEL,45,7261.9349999999995,8566.51,84.77121955148596,7502.725,96.7906327367723,12.01941318528634
2026-08-31,BLR_HYD,45,4183.95,4603.35,90.88924370295544,4361.68,95.9251939619596,5.035950259004153
2026-08-31,BOM_BLR,45,5374.61,6142.85,87.49375289971266,5910.59,90.9318697456599,3.438116845947235
2026-08-31,BOM_DEL,45,6237.995,7155.57,87.1767727798065,6577.48,94.8386768184776,7.661904038671096
2026-08-31,CCU_DEL,45,6955.33,7085.785,98.15891958336303,7073.35,98.3314836675691,0.17256408420607272
2026-08-31,DEL_BLR,45,7109.8,8901.25,79.87417497542481,7363.1,96.55987287962951,16.6856979042047
2026-08-31,DEL_BOM,45,6102.51,7146.81,85.38788634369739,6642.674999999999,91.86826090392802,6.480374560230629
2026-08-31,DEL_CCU,45,6439.635,7506.02,85.79293686933954,6865.219999999999,93.80085416053674,8.007917291197202
2026-08-31,HYD_DEL,45,5905.67,6175.18,95.63559280863068,6123.91,96.43626375959151,0.8006709509608356
2026-08-31,MAA_DEL,45,7844.51,8226.95,95.35137566169722,7682.245000000001,102.11220808500639,6.760832423309168
2026-09-01,BLR_DEL,1,12406.15,12766.82,97.17494254638194,13358.3,92.87222176474552,-4.302720781636424
2026-09-01,BLR_HYD,1,7196.265,7969.66,90.29575916663948,7613.44,94.5205452463013,4.224786079661811
2026-09-01,BOM_BLR,1,9879.92,10536.8,93.76584921418268,10337.22,95.57618005614663,1.8103308419639461
2026-09-01,BOM_DEL,1,12052.939999999999,11787.115,102.25521681938285,11827.42,101.90675565761593,-0.3484611617669202
2026-09-01,CCU_DEL,1,12286.86,12308.66,99.82288892535824,12623.55,97.33284218781564,-2.490046737542599
2026-09-01,DEL_BLR,1,13193.224999999999,13136.69,100.43035955023676,13157.8,100.26923193846994,-0.16112761176681545
2026-09-01,DEL_BOM,1,11561.83,11601.5,99.65806145757014,11927.8,96.9317896007646,-2.726271856805539
2026-09-01,DEL_CCU,1,12373.13,11537.265,107.24491463098056,12325.0,100.39050709939148,-6.854407531589075
2026-09-01,HYD_DEL,1,11888.89,10507.67,113.1448741728661,10728.94,110.81141287023695,-2.3334613026291464
2026-09-01,MAA_DEL,1,12356.12,14184.83,87.10798789974925,14184.83,87.10798789974925,0.0
2026-09-01,BLR_DEL,7,10054.84,10173.86,98.83013919987104,10508.55,95.68246808551133,-3.14767111435971
2026-09-01,BLR_HYD,7,6160.33,5977.64,103.05622285718108,6172.19,99.8078477817436,-3.2483750754374796
2026-09-01,BOM_BLR,7,7558.76,7932.34,95.29041871629305,8250.02,91.62111122154856,-3.669307494744487
2026-09-01,BOM_DEL,7,8746.900000000001,9014.355,97.03301012662583,9447.32,92.58604556636169,-4.446964560264135
2026-09-01,CCU_DEL,7,10272.01,10115.5,101.54722949928328,9879.91,103.96865963353919,2.421430134255914
2026-09-01,DEL_BLR,7,9813.67,9534.44,102.92864604528424,10578.72,92.76802864618783,-10.16061739909641
2026-09-01,DEL_BOM,7,9619.32,9592.17,100.28304335723823,9533.93,100.89564324470601,0.6125998874677805
2026-09-01,DEL_CCU,7,8659.525000000001,10379.28,83.43088345241675,9891.904999999999,87.54153017037672,4.110646717959966
2026-09-01,HYD_DEL,7,8947.86,8597.87,104.07065936098125,8497.07,105.30524051231778,1.2345811513365277
2026-09-01,MAA_DEL,7,10716.935000000001,11078.26,96.73843184760062,11078.26,96.73843184760062,0.0
2026-09-01,BLR_DEL,15,8452.175,8999.96,93.91347294876866,8999.96,93.91347294876866,0.0
2026-09-01,BLR_HYD,15,5022.1,5421.8,92.62790955033384,5185.2,96.8545089871172,4.22659943678336
2026-09-01,BOM_BLR,15,6954.48,6400.97,108.64728314614815,7089.44,98.09632354600646,-10.550959600141695
2026-09-01,BOM_DEL,15,8203.32,7879.1,104.11493698518865,8033.74,102.11084750066594,-2.0040894845227086
2026-09-01,CCU_DEL,15,7811.58,7770.5,100.52866610900199,8355.255000000001,93.49301726877275,-7.035648840229243
2026-09-01,DEL_BLR,15,8474.19,8958.545,94.59337425887799,8936.68,94.82481189882597,0.23143763994798405
2026-09-01,DEL_BOM,15,7520.83,7519.805,100.01363067260387,7972.299999999999,94.33701692108927,-5.676613751514594
2026-09-01,DEL_CCU,15,8055.74,8472.825,95.07737974052337,8531.59,94.42249334532016,-0.6548863952032065
2026-09-01,HYD_DEL,15,7073.1,7450.45,94.93520525605837,7321.14,96.61200304870553,1.6767977926471644
2026-09-01,MAA_DEL,15,9271.51,9493.135,97.6654182206405,9318.744999999999,99.49311844030501,1.8277002196645071
2026-09-01,BLR_DEL,30,7622.61,7815.85,97.52758817019262,7815.85,97.52758817019262,0.0
2026-09-01,BLR_HYD,30,4266.345,4301.545,99.18168936974972,4560.139999999999,93.55732499440809,-5.624364375341628
2026-09-01,BOM_BLR,30,5807.025,6115.514999999999,94.95561698401525,6115.514999999999,94.95561698401525,0.0
2026-09-01,BOM_DEL,30,7007.18,6848.37,102.31894596816468,6988.25,100.2708832683433,-2.0480626998213864
2026-09-01,CCU_DEL,30,7092.01,6733.35,105.32662047866216,7502.62,94.52711186225612,-10.799508616406044
2026-09-01,DEL_BLR,30,8091.11,7623.15,106.13866971002801,7819.21,103.47733338789979,-2.6613363221282214
2026-09-01,DEL_BOM,30,6928.335,7151.67,96.87716295634446,7062.97,98.09379057252119,1.2166276161767229
2026-09-01,DEL_CCU,30,6876.59,7713.21,89.15341342968752,7450.09,92.30210641750637,3.1486929878188477
2026-09-01,HYD_DEL,30,6016.68,6347.889999999999,94.78236075294312,6342.99,94.85558072770098,0.0732199747578619
2026-09-01,MAA_DEL,30,8165.754999999999,8161.56,100.05139948735288,8088.77,100.95175162601977,0.9003521386668893
2026-09-01,BLR_DEL,45,7676.29,8566.51,89.60813680250183,7502.725,102.31335947938915,12.705222676887317
2026-09-01,BLR_HYD,45,4036.135,4603.35,87.67821260603691,4361.68,92.53624750096293,4.858034894926021
2026-09-01,BOM_BLR,45,5638.75,6142.85,91.79371138803648,5910.59,95.40079755151348,3.6070861634769926
2026-09-01,BOM_DEL,45,6977.93,7155.57,97.51745842749075,6577.48,106.08819791166222,8.570739484171469
2026-09-01,CCU_DEL,45,7100.5,7085.785,100.20766929846164,7073.35,100.38383509935178,0.17616580089014633
2026-09-01,DEL_BLR,45,6766.97,8901.25,76.02269344193232,7363.1,91.90381768548573,15.881124243553415
2026-09-01,DEL_BOM,45,6218.445,7146.81,87.01007862249031,6642.674999999999,93.61356682360646,6.60348820111615
2026-09-01,DEL_CCU,45,6352.13,7506.02,84.62713928286895,6865.219999999999,92.52624096532959,7.899101682460639
2026-09-01,HYD_DEL,45,5516.145,6175.18,89.32767951703433,6123.91,90.0755399736443,0.7478604566099705
2026-09-01,MAA_DEL,45,7648.84,8226.95,92.97297297297297,7682.245000000001,99.56516617212806,6.592193199155091
2026-09-02,BLR_DEL,1,12982.485,12766.82,101.68926169555144,13358.3,97.18665548759948,-4.502606207951956
2026-09-02,BLR_HYD,1,7344.79,7969.66,92.15938948462042,7613.44,96.47137167955616,4.311982194935737
2026-09-02,BOM_BLR,1,11572.235,10536.8,109.82684496241744,10337.22,111.94726435153746,2.1204193891200163
2026-09-02,BOM_DEL,1,12347.380000000001,11787.115,104.75319872589691,11827.42,104.39622504316242,-0.35697368273449115
2026-09-02,CCU_DEL,1,12875.865,12308.66,104.60817830698062,12623.55,101.99876421450385,-2.6094140924767686
2026-09-02,DEL_BLR,1,12894.19,13136.69,98.15402510069127,13157.8,97.99654957515696,-0.1574755255343092
2026-09-02,DEL_BOM,1,11430.26,11601.5,98.5239839675904,11927.8,95.8287362296484,-2.6952477379419975
2026-09-02,DEL_CCU,1,12635.15,11537.265,109.51599014151101,12325.0,102.51643002028396,-6.999560121227049
2026-09-02,HYD_DEL,1,10390.57,10507.67,98.88557596498558,10728.94,96.8461935661864,-2.0393823987991766
2026-09-02,MAA_DEL,1,14046.67,14184.83,99.02600172155746,14184.83,99.02600172155746,0.0
2026-09-02,BLR_DEL,7,10054.07,10173.86,98.8225707843434,10508.55,95.67514071874808,-3.147430065595316
2026-09-02,BLR_HYD,7,5951.455,5977.64,99.5619508702431,6172.19,96.42371670347154,-3.1382341667715536
2026-09-02,BOM_BLR,7,7844.085,7932.34,98.88740270840634,8250.02,95.07958768584803,-3.807815022558316
2026-09-02,BOM_DEL,7,8491.03,9014.355,94.19453749048047,9447.32,89.87765842588163,-4.316879064598837
2026-09-02,CCU_DEL,7,9306.555,10115.5,92.00291631654393,9879.91,94.1967588773582,2.193842560814275
2026-09-02,DEL_BLR,7,10408.71,9534.44,109.16959989259986,10578.72,98.3929057579745,-10.776694134625359
2026-09-02,DEL_BOM,7,9009.875,9592.17,93.92947581204253,9533.93,94.50326360692809,0.5737877948855612
2026-09-02,DEL_CCU,7,9979.57,10379.28,96.14896216307875,9891.904999999999,100.88622969994152,4.737267536862774
2026-09-02,HYD_DEL,7,8619.65,8597.87,100.2533185544792,8497.07,101.4426149249094,1.1892963704302133
2026-09-02,MAA_DEL,7,11062.3,11078.26,99.85593405462589,11078.26,99.85593405462589,0.0
2026-09-02,BLR_DEL,15,8254.405,8999.96,91.71601873786108,8999.96,91.71601873786108,0.0
2026-09-02,BLR_HYD,15,4814.2,5421.8,88.79338964919398,5185.2,92.84502044279873,4.051630793604744
2026-09-02,BOM_BLR,15,7026.67,6400.97,109.77508096429133,7089.44,99.11459861427701,-10.66048235001432
2026-09-02,BOM_DEL,15,7918.4,7879.1,100.4987879326319,8033.74,98.56430504347912,-1.9344828891527754
2026-09-02,CCU_DEL,15,7507.38,7770.5,96.61386011196191,8355.255000000001,89.85219481631619,-6.761665295645727
2026-09-02,DEL_BLR,15,9266.369999999999,8958.545,103.43610485854566,8936.68,103.68917763643768,0.2530727778920152
2026-09-02,DEL_BOM,15,7667.71,7519.805,101.96687281119657,7972.299999999999,96.17939615920125,-5.78747665199532
2026-09-02,DEL_CCU,15,7876.57,8472.825,92.96273674954928,8531.59,92.32241586855439,-0.6403208809948921
2026-09-02,HYD_DEL,15,7264.49,7450.45,97.50404337993007,7321.14,99.22621340392342,1.7221700239933568
2026-09-02,MAA_DEL,15,9573.61,9493.135,100.84771785084696,9318.744999999999,102.73497128636959,1.8872534355226236
2026-09-02,BLR_DEL,30,7896.74,7815.85,101.03494821420573,7815.85,101.03494821420573,0.0
2026-09-02,BLR_HYD,30,4253.54,4301.545,98.88400563053507,4560.139999999999,93.27652221203736,-5.607483418497708
2026-09-02,BOM_BLR,30,6006.08,6115.514999999999,98.21053500809008,6115.514999999999,98.21053500809008,0.0
2026-09-02,BOM_DEL,30,6607.2,6848.37,96.47843209406034,6988.25,94.54727578435231,-1.9311563097080295
2026-09-02,CCU_DEL,30,7587.15,6733.35,112.68016663325089,7502.62,101.12667308220328,-11.553493551047609
2026-09-02,DEL_BLR,30,8191.62,7623.15,107.4571535388914,7819.21,104.76275736295611,-2.694396175935296
2026-09-02,DEL_BOM,30,6458.7,7151.67,90.3103750592519,7062.97,91.44453395667827,1.1341588974263743
2026-09-02,DEL_CCU,30,7456.71,7713.21,96.6745362825594,7450.09,100.08885798695049,3.414321704391085
2026-09-02,HYD_DEL,30,5732.32,6347.889999999999,90.30276202013583,6342.99,90.37252147646457,0.06975945632873959
2026-09-02,MAA_DEL,30,7365.23,8161.56,90.24291924583045,8088.77,91.05500589088328,0.8120866450528297
2026-09-02,BLR_DEL,45,8362.15,8566.51,97.61443108103532,7502.725,111.45483807549923,13.840406994463905
2026-09-02,BLR_HYD,45,4690.14,4603.35,101.88536609208512,4361.68,107.53058454540452,5.645218453319401
2026-09-02,BOM_BLR,45,6093.6849999999995,6142.85,99.19963860423093,5910.59,103.09774489517966,3.898106290948732
2026-09-02,BOM_DEL,45,7321.61,7155.57,102.32043009851066,6577.48,111.31329931827996,8.992869219769304
2026-09-02,CCU_DEL,45,8198.45,7085.785,115.70277675656261,7073.35,115.90618306742914,0.2034063108665265
2026-09-02,DEL_BLR,45,7733.4,8901.25,86.87993259373683,7363.1,105.02913175157202,18.1491991578352
2026-09-02,DEL_BOM,45,7141.79,7146.81,99.92975887144054,6642.674999999999,107.51376516237812,7.58400629093758
2026-09-02,DEL_CCU,45,7708.73,7506.02,102.7006322924799,6865.219999999999,112.28671477388926,9.586082481409363
2026-09-02,HYD_DEL,45,6845.82,6175.18,110.86025022752372,6123.91,111.78838356540184,0.9281333378781227
2026-09-02,MAA_DEL,45,7894.44,8226.95,95.95828344647772,7682.245000000001,102.76214830430426,6.8038648578265395
2026-09-03,BLR_DEL,1,13471.619999999999,12766.82,105.52056032747387,13358.3,100.84831153664761,-4.672248790826259
2026-09-03,BLR_HYD,1,7781.844999999999,7969.66,97.6433749996863,7613.44,102.21194361550101,4.568568615814712
2026-09-03,BOM_BLR,1,9854.21,10536.8,93.52184724014882,10337.22,95.32746715267741,1.8056199125285985
2026-09-03,BOM_DEL,1,12410.36,11787.115,105.28751098127064,11827.42,104.92871649100141,-0.3587944902692328
2026-09-03,CCU_DEL,1,12750.91,12308.66,103.59299875047326,12623.55,101.00890795378479,-2.5840907966884714
2026-09-03,DEL_BLR,1,12414.11,13136.69,94.49952765879381,13157.8,94.34791530499021,-0.15161235380359983
2026-09-03,DEL_BOM,1,11320.17,11601.5,97.57505494979097,11927.8,94.90576636093832,-2.669288588852652
2026-09-03,DEL_CCU,1,12402.05,11537.265,107.49558062504414,12325.0,100.62515212981744,-6.8704284952267045
2026-09-03,HYD_DEL,1,10509.58,10507.67,100.01817719818,10728.94,97.95543641776354,-2.062740780416462
2026-09-03,MAA_DEL,1,13633.53,14184.83,96.11345359796346,14184.83,96.11345359796346,0.0
2026-09-03,BLR_DEL,7,9974.22,10173.86,98.03771626501641,10508.55,94.91528326933782,-3.1224329956785937
2026-09-03,BLR_HYD,7,5800.99,5977.64,97.04482036388941,6172.19,93.9859271992599,-3.0588931646295094
2026-09-03,BOM_BLR,7,7557.57,7932.34,95.27541683790659,8250.02,91.60668701409207,-3.668729823814516
2026-09-03,BOM_DEL,7,9078.14,9014.355,100.70759361041361,9447.32,96.09222509664116,-4.615368513772452
2026-09-03,CCU_DEL,7,9714.46,10115.5,96.03539123127872,9879.91,98.32538960375145,2.2899983724727235
2026-09-03,DEL_BLR,7,10441.185000000001,9534.44,109.51020720671588,10578.72,98.6998899677844,-10.810317238931475
2026-09-03,DEL_BOM,7,9669.75,9592.17,100.80878466499239,9533.93,101.42459615289812,0.6158114879057308
2026-09-03,DEL_CCU,7,9468.41,10379.28,91.22415042276535,9891.904999999999,95.71877206665451,4.494621643889161
2026-09-03,HYD_DEL,7,8215.64,8597.87,95.55436404597882,8497.07,96.68791712908096,1.133553083102143
2026-09-03,MAA_DEL,7,10423.31,11078.26,94.08797049356126,11078.26,94.08797049356126,0.0
2026-09-03,BLR_DEL,15,9298.81,8999.96,103.32057031364583,8999.96,103.32057031364583,0.0
2026-09-03,BLR_HYD,15,5110.005,5421.8,94.2492345715445,5185.2,98.54981485767183,4.300580286127328
2026-09-03,BOM_BLR,15,6894.59,6400.97,107.7116437040011,7089.44,97.25154596131712,-10.460097742683985
2026-09-03,BOM_DEL,15,7928.755,7879.1,100.6302115723877,8033.74,98.69319893349797,-1.9370126388897262
2026-09-03,CCU_DEL,15,8536.53,7770.5,109.85818158419664,8355.255000000001,102.16959266952355,-7.68858891467309
2026-09-03,DEL_BLR,15,9418.66,8958.545,105.13604608784127,8936.68,105.39327804061462,0.25723195277335265
2026-09-03,DEL_BOM,15,7479.03,7519.805,99.45776519470917,7972.299999999999,93.8127014788706,-5.645063715838575
2026-09-03,DEL_CCU,15,8129.74,8472.825,95.9507602246004,8531.59,95.28985804521783,-0.6609021793825747
2026-09-03,HYD_DEL,15,7344.28,7450.45,98.57498540356623,7321.14,100.31607099440795,1.7410855908417204
2026-09-03,MAA_DEL,15,9335.650000000001,9493.135,98.34106435861284,9318.744999999999,100.1814085480395,1.8403441894266592
2026-09-03,BLR_DEL,30,7909.595,7815.85,101.19942168798019,7815.85,101.19942168798019,0.0
2026-09-03,BLR_HYD,30,4612.79,4301.545,107.23565602591627,4560.139999999999,101.154569815839,-6.081086210077274
2026-09-03,BOM_BLR,30,6678.51,6115.514999999999,109.20601126806166,6115.514999999999,109.20601126806166,0.0
2026-09-03,BOM_DEL,30,7855.0,6848.37,114.69882614403136,6988.25,112.4029621149787,-2.2958640290526517
2026-09-03,CCU_DEL,30,7683.52,6733.35,114.11140071435466,7502.62,102.41115770224269,-11.700243012111969
2026-09-03,DEL_BLR,30,8043.514999999999,7623.15,105.5143215075133,7819.21,102.8686401823202,-2.6456813251930953
2026-09-03,DEL_BOM,30,7221.0,7151.67,100.96942392476163,7062.97,102.23744402142441,1.2680200966627808
2026-09-03,DEL_CCU,30,8010.995000000001,7713.21,103.86071428108401,7450.09,107.52883522212484,3.6681209410408258
2026-09-03,HYD_DEL,30,6878.11,6347.889999999999,108.35269672284807,6342.99,108.43639986820095,0.08370314535288514
2026-09-03,MAA_DEL,30,8604.54,8161.56,105.42763883375237,8088.77,106.37637119116998,0.9487323574176116
2026-09-03,BLR_DEL,45,8049.280000000001,8566.51,93.96218530066504,7502.725,107.28475320633504,13.322567905669999
2026-09-03,BLR_HYD,45,4315.110000000001,4603.35,93.73847306852619,4361.68,98.93229214431138,5.193819075785186
2026-09-03,BOM_BLR,45,5964.78,6142.85,97.1011826757938,5910.59,100.91682894601047,3.815646270216675
2026-09-03,BOM_DEL,45,7410.58,7155.57,103.56379715382562,6577.48,112.66594501237557,9.102147858549955
2026-09-03,CCU_DEL,45,6950.35,7085.785,98.08863802669711,7073.35,98.26107855542283,0.17244052872571558
2026-09-03,DEL_BLR,45,7930.58,8901.25,89.09512708889201,7363.1,107.70707989841235,18.611952809520332
2026-09-03,DEL_BOM,45,7006.34,7146.81,98.03450770343692,6642.674999999999,105.47467699383158,7.440169290394664
2026-09-03,DEL_CCU,45,7580.585,7506.02,100.99340262882326,6865.219999999999,110.4201322026097,9.426729573786432
2026-09-03,HYD_DEL,45,6963.86,6175.18,112.77177345437704,6123.91,113.71591025994829,0.9441368055712474
2026-09-03,MAA_DEL,45,8565.98,8226.95,104.1209682810762,7682.245000000001,111.5036034388385,7.382635157762294
