collection_date,route,advance_days,source,representative_fare,observation_count
2026-09-02,DEL_BOM,1,EaseMyTrip,13579.0,371
2026-09-02,DEL_BOM,7,EaseMyTrip,9569.0,353
2026-09-02,DEL_BOM,15,EaseMyTrip,10086.0,238
2026-09-02,DEL_BOM,30,EaseMyTrip,10422.0,148
2026-09-02,DEL_BOM,45,EaseMyTrip,10959.0,134
2026-09-03,DEL_BOM,1,EaseMyTrip,10576.0,75
2026-09-03,DEL_BOM,7,EaseMyTrip,9979.5,74
2026-09-03,DEL_BOM,15,EaseMyTrip,9813.5,72
2026-09-03,DEL_BOM,30,EaseMyTrip,10371.5,74
2026-09-03,DEL_BOM,45,EaseMyTrip,10306.0,78
2026-09-04,AMD_DEL,1,EaseMyTrip,16509.0,91
2026-09-04,AMD_DEL,1,Yatra,6311.0,50
2026-09-04,AMD_DEL,7,EaseMyTrip,12194.0,110
2026-09-04,AMD_DEL,7,Yatra,6731.0,50
2026-09-04,AMD_DEL,15,EaseMyTrip,9259.5,114
2026-09-04,AMD_DEL,15,Yatra,6365.0,50
2026-09-04,AMD_DEL,30,EaseMyTrip,11028.0,117
2026-09-04,AMD_DEL,30,Yatra,6785.0,50
2026-09-04,AMD_DEL,45,EaseMyTrip,13838.0,127
2026-09-04,AMD_DEL,45,Yatra,6365.0,50
2026-09-04,BLR_BOM,1,EaseMyTrip,13616.0,223
2026-09-04,BLR_BOM,7,EaseMyTrip,14850.0,219
2026-09-04,BLR_BOM,15,EaseMyTrip,10149.0,231
2026-09-04,BLR_BOM,30,EaseMyTrip,9907.0,241
2026-09-04,BLR_BOM,45,EaseMyTrip,7799.0,225
2026-09-04,BLR_DEL,1,EaseMyTrip,11459.0,224
2026-09-04,BLR_DEL,1,Yatra,8380.0,50
2026-09-04,BLR_DEL,7,EaseMyTrip,13758.0,254
2026-09-04,BLR_DEL,7,Yatra,8459.0,50
2026-09-04,BLR_DEL,15,EaseMyTrip,10807.0,226
2026-09-04,BLR_DEL,15,Yatra,9777.0,50
2026-09-04,BLR_DEL,30,EaseMyTrip,10118.0,242
2026-09-04,BLR_DEL,30,Yatra,8364.0,50
2026-09-04,BLR_DEL,45,EaseMyTrip,10377.0,278
2026-09-04,BLR_DEL,45,Yatra,9605.0,50
2026-09-04,BLR_HYD,1,EaseMyTrip,12396.0,177
2026-09-04,BLR_HYD,1,Yatra,6972.5,48
2026-09-04,BLR_HYD,7,EaseMyTrip,15424.0,165
2026-09-04,BLR_HYD,7,Yatra,6724.0,44
2026-09-04,BLR_HYD,15,EaseMyTrip,9730.0,170
2026-09-04,BLR_HYD,15,Yatra,5195.0,46
2026-09-04,BLR_HYD,30,EaseMyTrip,10582.0,177
2026-09-04,BLR_HYD,30,Yatra,5078.0,50
2026-09-04,BLR_HYD,45,EaseMyTrip,13940.0,190
2026-09-04,BOM_BLR,1,EaseMyTrip,11742.5,228
2026-09-04,BOM_BLR,1,Yatra,6665.0,50
2026-09-04,BOM_BLR,7,EaseMyTrip,14663.0,235
2026-09-04,BOM_BLR,7,Yatra,7761.0,50
2026-09-04,BOM_BLR,15,EaseMyTrip,9858.0,225
2026-09-04,BOM_BLR,15,Yatra,7377.0,50
2026-09-04,BOM_BLR,30,EaseMyTrip,10389.0,253
2026-09-04,BOM_BLR,30,Yatra,7199.0,50
2026-09-04,BOM_BLR,45,EaseMyTrip,7946.0,253
2026-09-04,BOM_DEL,1,EaseMyTrip,7191.0,246
2026-09-04,BOM_DEL,1,Yatra,6503.0,50
2026-09-04,BOM_DEL,7,EaseMyTrip,13675.0,275
2026-09-04,BOM_DEL,7,Yatra,6562.0,50
2026-09-04,BOM_DEL,15,EaseMyTrip,7191.0,253
2026-09-04,BOM_DEL,15,Yatra,6562.0,50
2026-09-04,BOM_DEL,30,EaseMyTrip,7615.5,282
2026-09-04,BOM_DEL,30,Yatra,6562.0,50
2026-09-04,BOM_DEL,45,EaseMyTrip,7755.0,273
2026-09-04,BOM_DEL,45,Yatra,6681.0,50
2026-09-04,BOM_GOI,1,EaseMyTrip,13988.0,159
2026-09-04,BOM_GOI,1,Yatra,9195.0,50
2026-09-04,BOM_GOI,7,EaseMyTrip,16727.5,120
2026-09-04,BOM_GOI,7,Yatra,13384.0,50
2026-09-04,BOM_GOI,15,EaseMyTrip,11383.0,161
2026-09-04,BOM_GOI,15,Yatra,7477.0,50
2026-09-04,BOM_GOI,30,EaseMyTrip,10345.0,179
2026-09-04,BOM_GOI,30,Yatra,4388.0,50
2026-09-04,BOM_GOI,45,EaseMyTrip,10747.0,180
2026-09-04,BOM_MAA,1,EaseMyTrip,9051.0,170
2026-09-04,BOM_MAA,1,Yatra,7343.0,50
2026-09-04,BOM_MAA,7,EaseMyTrip,13819.0,213
2026-09-04,BOM_MAA,7,Yatra,9790.0,50
2026-09-04,BOM_MAA,15,EaseMyTrip,8349.0,160
2026-09-04,BOM_MAA,15,Yatra,7121.0,50
2026-09-04,BOM_MAA,30,EaseMyTrip,10420.0,199
2026-09-04,BOM_MAA,30,Yatra,7444.0,50
2026-09-04,BOM_MAA,45,EaseMyTrip,8317.0,193
2026-09-04,BOM_MAA,45,Yatra,6651.0,50
2026-09-04,CCU_DEL,1,EaseMyTrip,9754.0,168
2026-09-04,CCU_DEL,7,EaseMyTrip,9568.0,187
2026-09-04,CCU_DEL,15,EaseMyTrip,9354.0,161
2026-09-04,CCU_DEL,30,EaseMyTrip,10763.0,203
2026-09-04,CCU_DEL,45,EaseMyTrip,17075.0,221
2026-09-04,DEL_AMD,1,EaseMyTrip,16058.0,121
2026-09-04,DEL_AMD,1,Yatra,6634.0,50
2026-09-04,DEL_AMD,7,EaseMyTrip,12834.0,122
2026-09-04,DEL_AMD,7,Yatra,5848.0,50
2026-09-04,DEL_AMD,15,EaseMyTrip,10997.0,130
2026-09-04,DEL_AMD,15,Yatra,5794.0,50
2026-09-04,DEL_AMD,30,EaseMyTrip,12886.0,131
2026-09-04,DEL_AMD,30,Yatra,7557.0,50
2026-09-04,DEL_AMD,45,EaseMyTrip,12272.0,132
2026-09-04,DEL_AMD,45,Yatra,5794.0,50
2026-09-04,DEL_BLR,1,EaseMyTrip,13652.0,258
2026-09-04,DEL_BLR,1,Yatra,9300.0,50
2026-09-04,DEL_BLR,7,EaseMyTrip,11974.0,267
2026-09-04,DEL_BLR,7,Yatra,8829.0,50
2026-09-04,DEL_BLR,15,EaseMyTrip,10832.0,239
2026-09-04,DEL_BLR,15,Yatra,9300.0,50
2026-09-04,DEL_BLR,30,EaseMyTrip,12162.0,269
2026-09-04,DEL_BLR,30,Yatra,9260.0,50
2026-09-04,DEL_BLR,45,EaseMyTrip,11527.0,286
2026-09-04,DEL_BLR,45,Yatra,9946.0,50
2026-09-04,DEL_BOM,1,EaseMyTrip,7463.0,257
2026-09-04,DEL_BOM,1,Yatra,6432.0,50
2026-09-04,DEL_BOM,7,EaseMyTrip,9988.0,274
2026-09-04,DEL_BOM,7,Yatra,6469.0,96
2026-09-04,DEL_BOM,15,EaseMyTrip,7160.0,259
2026-09-04,DEL_BOM,15,Yatra,6530.0,50
2026-09-04,DEL_BOM,30,EaseMyTrip,8143.5,280
2026-09-04,DEL_BOM,30,Yatra,6530.0,50
2026-09-04,DEL_BOM,45,EaseMyTrip,7489.0,284
2026-09-04,DEL_BOM,45,Yatra,6530.0,50
2026-09-04,DEL_CCU,1,EaseMyTrip,11784.0,185
2026-09-04,DEL_CCU,7,EaseMyTrip,9732.0,178
2026-09-04,DEL_CCU,15,EaseMyTrip,8984.0,170
2026-09-04,DEL_CCU,30,EaseMyTrip,9425.0,162
2026-09-04,DEL_CCU,45,EaseMyTrip,12500.0,196
2026-09-04,DEL_GOI,1,EaseMyTrip,12919.0,167
2026-09-04,DEL_GOI,7,EaseMyTrip,18223.0,202
2026-09-04,DEL_GOI,15,EaseMyTrip,10458.0,188
2026-09-04,DEL_GOI,30,EaseMyTrip,10526.0,206
2026-09-04,DEL_GOI,45,EaseMyTrip,10321.0,186
2026-09-04,DEL_GOI,45,Yatra,9168.0,50
2026-09-04,DEL_HYD,1,EaseMyTrip,12842.0,184
2026-09-04,DEL_HYD,7,EaseMyTrip,11114.0,165
2026-09-04,DEL_HYD,15,EaseMyTrip,10130.0,189
2026-09-04,DEL_HYD,30,EaseMyTrip,11205.0,176
2026-09-04,DEL_HYD,45,EaseMyTrip,10962.0,198
2026-09-04,DEL_MAA,1,EaseMyTrip,12890.0,209
2026-09-04,DEL_MAA,1,Yatra,10002.0,50
2026-09-04,DEL_MAA,7,EaseMyTrip,14276.0,211
2026-09-04,DEL_MAA,7,Yatra,10002.0,50
2026-09-04,DEL_MAA,15,EaseMyTrip,12454.0,200
2026-09-04,DEL_MAA,15,Yatra,9999.0,50
2026-09-04,DEL_MAA,30,EaseMyTrip,14578.0,215
2026-09-04,DEL_MAA,30,Yatra,10484.0,50
2026-09-04,DEL_MAA,45,EaseMyTrip,12338.0,212
2026-09-04,DEL_MAA,45,Yatra,9920.0,50
2026-09-04,HYD_BLR,1,EaseMyTrip,12980.0,182
2026-09-04,HYD_BLR,1,Yatra,9143.0,48
2026-09-04,HYD_BLR,7,EaseMyTrip,15971.0,173
2026-09-04,HYD_BLR,7,Yatra,7601.0,46
2026-09-04,HYD_BLR,15,EaseMyTrip,9038.0,169
2026-09-04,HYD_BLR,15,Yatra,5251.0,46
2026-09-04,HYD_BLR,30,EaseMyTrip,9700.0,162
2026-09-04,HYD_BLR,30,Yatra,5437.0,50
2026-09-04,HYD_BLR,45,EaseMyTrip,6929.0,177
2026-09-04,HYD_BLR,45,Yatra,5083.0,46
2026-09-04,HYD_DEL,1,EaseMyTrip,13835.0,169
2026-09-04,HYD_DEL,7,EaseMyTrip,13104.0,190
2026-09-04,HYD_DEL,15,EaseMyTrip,9373.0,167
2026-09-04,HYD_DEL,30,EaseMyTrip,9846.0,205
2026-09-04,HYD_DEL,45,EaseMyTrip,9339.0,207
2026-09-04,MAA_BOM,1,EaseMyTrip,11971.0,207
2026-09-04,MAA_BOM,1,Yatra,9537.0,50
2026-09-04,MAA_BOM,7,EaseMyTrip,16174.0,207
2026-09-04,MAA_BOM,7,Yatra,8887.0,50
2026-09-04,MAA_BOM,15,EaseMyTrip,10419.0,186
2026-09-04,MAA_BOM,30,EaseMyTrip,10165.5,200
2026-09-04,MAA_BOM,30,Yatra,8887.0,50
2026-09-04,MAA_BOM,45,EaseMyTrip,9672.0,201
2026-09-04,MAA_BOM,45,Yatra,7540.0,50
2026-09-04,MAA_DEL,1,EaseMyTrip,12827.0,175
2026-09-04,MAA_DEL,1,Yatra,11105.0,50
2026-09-04,MAA_DEL,7,EaseMyTrip,14414.0,188
2026-09-04,MAA_DEL,7,Yatra,10615.0,50
2026-09-04,MAA_DEL,15,EaseMyTrip,13277.0,203
2026-09-04,MAA_DEL,15,Yatra,9778.0,50
2026-09-04,MAA_DEL,30,EaseMyTrip,13328.0,208
2026-09-04,MAA_DEL,30,Yatra,9778.0,50
2026-09-04,MAA_DEL,45,EaseMyTrip,12336.0,208
2026-09-04,MAA_DEL,45,Yatra,9778.0,50
2026-09-05,AMD_DEL,1,EaseMyTrip,11656.0,92
2026-09-05,AMD_DEL,7,EaseMyTrip,10576.0,104
2026-09-05,AMD_DEL,15,EaseMyTrip,9654.0,98
2026-09-05,AMD_DEL,30,EaseMyTrip,9051.0,110
2026-09-05,AMD_DEL,45,EaseMyTrip,13838.0,127
2026-09-05,BLR_BOM,1,EaseMyTrip,14752.0,177
2026-09-05,BLR_BOM,7,EaseMyTrip,12447.0,220
2026-09-05,BLR_BOM,15,EaseMyTrip,10826.0,219
2026-09-05,BLR_BOM,30,EaseMyTrip,7799.0,244
2026-09-05,BLR_BOM,45,EaseMyTrip,8505.0,243
2026-09-05,BLR_DEL,1,EaseMyTrip,15963.0,237
2026-09-05,BLR_DEL,7,EaseMyTrip,13231.0,222
2026-09-05,BLR_DEL,15,EaseMyTrip,11120.0,235
2026-09-05,BLR_DEL,30,EaseMyTrip,9320.0,254
2026-09-05,BLR_DEL,45,EaseMyTrip,10075.0,274
2026-09-05,BLR_HYD,1,EaseMyTrip,15040.0,141
2026-09-05,BLR_HYD,7,EaseMyTrip,14323.0,173
2026-09-05,BLR_HYD,15,EaseMyTrip,10435.0,169
2026-09-05,BLR_HYD,30,EaseMyTrip,9194.0,174
2026-09-05,BLR_HYD,45,EaseMyTrip,8303.5,176
2026-09-05,BOM_BLR,1,EaseMyTrip,16006.0,237
2026-09-05,BOM_BLR,7,EaseMyTrip,12610.0,223
2026-09-05,BOM_BLR,15,EaseMyTrip,11238.0,231
2026-09-05,BOM_BLR,30,EaseMyTrip,8194.0,244
2026-09-05,BOM_BLR,45,EaseMyTrip,7840.0,231
2026-09-05,BOM_DEL,1,EaseMyTrip,13224.0,258
2026-09-05,BOM_DEL,7,EaseMyTrip,8521.0,249
2026-09-05,BOM_DEL,15,EaseMyTrip,8246.0,260
2026-09-05,BOM_DEL,30,EaseMyTrip,7238.0,276
2026-09-05,BOM_DEL,45,EaseMyTrip,7709.0,266
2026-09-05,BOM_GOI,1,EaseMyTrip,14403.0,159
2026-09-05,BOM_GOI,7,EaseMyTrip,14451.0,160
2026-09-05,BOM_GOI,15,EaseMyTrip,11915.0,156
2026-09-05,BOM_GOI,30,EaseMyTrip,10670.0,176
2026-09-05,BOM_GOI,45,EaseMyTrip,10496.0,186
2026-09-05,BOM_MAA,1,EaseMyTrip,15367.0,184
2026-09-05,BOM_MAA,7,EaseMyTrip,12635.0,203
2026-09-05,BOM_MAA,15,EaseMyTrip,9655.0,176
2026-09-05,BOM_MAA,30,EaseMyTrip,9169.0,198
2026-09-05,BOM_MAA,45,EaseMyTrip,7639.0,168
2026-09-05,CCU_DEL,1,EaseMyTrip,17800.0,171
2026-09-05,CCU_DEL,7,EaseMyTrip,10312.5,170
2026-09-05,CCU_DEL,15,EaseMyTrip,9834.0,169
2026-09-05,CCU_DEL,30,EaseMyTrip,9354.0,199
2026-09-05,CCU_DEL,45,EaseMyTrip,17827.0,180
2026-09-05,DEL_AMD,1,EaseMyTrip,23405.0,92
2026-09-05,DEL_AMD,7,EaseMyTrip,11916.0,118
2026-09-05,DEL_AMD,15,EaseMyTrip,11796.0,122
2026-09-05,DEL_AMD,30,EaseMyTrip,12251.0,122
2026-09-05,DEL_AMD,45,EaseMyTrip,13216.0,134
2026-09-05,DEL_BLR,1,EaseMyTrip,19104.5,264
2026-09-05,DEL_BLR,7,EaseMyTrip,10921.0,233
2026-09-05,DEL_BLR,15,EaseMyTrip,12556.0,265
2026-09-05,DEL_BLR,30,EaseMyTrip,10206.0,264
2026-09-05,DEL_BLR,45,EaseMyTrip,11006.0,287
2026-09-05,DEL_BOM,1,EaseMyTrip,14221.0,257
2026-09-05,DEL_BOM,7,EaseMyTrip,7644.0,255
2026-09-05,DEL_BOM,15,EaseMyTrip,9974.0,267
2026-09-05,DEL_BOM,30,EaseMyTrip,7243.0,278
2026-09-05,DEL_BOM,45,EaseMyTrip,7677.0,282
2026-09-05,DEL_CCU,1,EaseMyTrip,14861.0,188
2026-09-05,DEL_CCU,7,EaseMyTrip,9345.0,159
2026-09-05,DEL_CCU,15,EaseMyTrip,9666.0,166
2026-09-05,DEL_CCU,30,EaseMyTrip,9803.0,196
2026-09-05,DEL_CCU,45,EaseMyTrip,13326.0,203
2026-09-05,DEL_GOI,1,EaseMyTrip,11366.0,196
2026-09-05,DEL_GOI,7,EaseMyTrip,14926.0,193
2026-09-05,DEL_GOI,15,EaseMyTrip,11432.0,196
2026-09-05,DEL_GOI,30,EaseMyTrip,10110.5,184
2026-09-05,DEL_GOI,45,EaseMyTrip,11219.0,199
2026-09-05,DEL_HYD,1,EaseMyTrip,19435.0,185
2026-09-05,DEL_HYD,7,EaseMyTrip,11114.0,187
2026-09-05,DEL_HYD,15,EaseMyTrip,12037.0,193
2026-09-05,DEL_HYD,30,EaseMyTrip,10343.5,190
2026-09-05,DEL_HYD,45,EaseMyTrip,12103.0,201
2026-09-05,DEL_MAA,1,EaseMyTrip,17689.0,186
2026-09-05,DEL_MAA,7,EaseMyTrip,13513.0,205
2026-09-05,DEL_MAA,15,EaseMyTrip,14334.0,200
2026-09-05,DEL_MAA,30,EaseMyTrip,12154.0,216
2026-09-05,DEL_MAA,45,EaseMyTrip,14033.0,210
2026-09-05,HYD_BLR,1,EaseMyTrip,17963.0,180
2026-09-05,HYD_BLR,7,EaseMyTrip,12971.0,172
2026-09-05,HYD_BLR,15,EaseMyTrip,8461.0,144
2026-09-05,HYD_BLR,30,EaseMyTrip,8171.0,172
2026-09-05,HYD_BLR,45,EaseMyTrip,7601.0,176
2026-09-05,HYD_DEL,1,EaseMyTrip,18343.0,195
2026-09-05,HYD_DEL,7,EaseMyTrip,12900.0,211
2026-09-05,HYD_DEL,15,EaseMyTrip,10424.0,167
2026-09-05,HYD_DEL,30,EaseMyTrip,9357.0,182
2026-09-05,HYD_DEL,45,EaseMyTrip,9916.0,206
2026-09-05,MAA_BOM,1,EaseMyTrip,19673.0,213
2026-09-05,MAA_BOM,7,EaseMyTrip,13351.0,209
2026-09-05,MAA_BOM,15,EaseMyTrip,11427.0,214
2026-09-05,MAA_BOM,30,EaseMyTrip,8010.0,168
2026-09-05,MAA_BOM,45,EaseMyTrip,8497.0,204
2026-09-05,MAA_DEL,1,EaseMyTrip,20590.0,197
2026-09-05,MAA_DEL,7,EaseMyTrip,14452.0,209
2026-09-05,MAA_DEL,15,EaseMyTrip,13826.0,193
2026-09-05,MAA_DEL,30,EaseMyTrip,12281.5,214
2026-09-05,MAA_DEL,45,EaseMyTrip,10600.0,209
2026-09-06,AMD_DEL,1,Akasa Direct,10554.0,14
2026-09-06,AMD_DEL,1,EaseMyTrip,16680.0,105
2026-09-06,AMD_DEL,1,Yatra,6000.0,150
2026-09-06,AMD_DEL,7,Akasa Direct,9834.0,14
2026-09-06,AMD_DEL,7,EaseMyTrip,9654.0,109
2026-09-06,AMD_DEL,7,Yatra,5750.0,150
2026-09-06,AMD_DEL,15,Akasa Direct,9671.0,14
2026-09-06,AMD_DEL,15,EaseMyTrip,9654.0,117
2026-09-06,AMD_DEL,15,Yatra,5945.0,150
2026-09-06,AMD_DEL,30,Akasa Direct,10002.0,14
2026-09-06,AMD_DEL,30,EaseMyTrip,7252.0,103
2026-09-06,AMD_DEL,30,Yatra,5000.0,150
2026-09-06,AMD_DEL,45,Akasa Direct,12411.0,14
2026-09-06,AMD_DEL,45,EaseMyTrip,13838.0,121
2026-09-06,AMD_DEL,45,Yatra,5000.0,150
2026-09-06,BLR_BOM,1,Akasa Direct,8218.0,14
2026-09-06,BLR_BOM,1,EaseMyTrip,14703.0,206
2026-09-06,BLR_BOM,1,Yatra,5000.0,150
2026-09-06,BLR_BOM,7,Akasa Direct,5761.0,14
2026-09-06,BLR_BOM,7,EaseMyTrip,7649.0,194
2026-09-06,BLR_BOM,7,Yatra,5000.0,150
2026-09-06,BLR_BOM,15,Akasa Direct,4594.0,14
2026-09-06,BLR_BOM,15,EaseMyTrip,8452.0,223
2026-09-06,BLR_BOM,15,Yatra,5000.0,150
2026-09-06,BLR_BOM,30,Akasa Direct,4950.0,14
2026-09-06,BLR_BOM,30,EaseMyTrip,7469.0,238
2026-09-06,BLR_BOM,30,Yatra,5000.0,150
2026-09-06,BLR_BOM,45,Akasa Direct,6732.0,14
2026-09-06,BLR_BOM,45,EaseMyTrip,8452.0,245
2026-09-06,BLR_BOM,45,SpiceJet Direct,7168.0,18
2026-09-06,BLR_BOM,45,Yatra,5000.0,150
2026-09-06,BLR_DEL,1,Akasa Direct,8364.0,14
2026-09-06,BLR_DEL,1,EaseMyTrip,12141.0,215
2026-09-06,BLR_DEL,1,Yatra,5000.0,150
2026-09-06,BLR_DEL,7,Akasa Direct,8364.0,14
2026-09-06,BLR_DEL,7,EaseMyTrip,3499.0,532
2026-09-06,BLR_DEL,7,Yatra,5700.0,150
2026-09-06,BLR_DEL,15,Akasa Direct,8364.0,14
2026-09-06,BLR_DEL,15,EaseMyTrip,10039.0,242
2026-09-06,BLR_DEL,15,Yatra,5000.0,150
2026-09-06,BLR_DEL,30,Akasa Direct,8364.0,14
2026-09-06,BLR_DEL,30,EaseMyTrip,9106.0,247
2026-09-06,BLR_DEL,30,Yatra,5000.0,150
2026-09-06,BLR_DEL,45,Akasa Direct,9448.0,14
2026-09-06,BLR_DEL,45,EaseMyTrip,10521.0,282
2026-09-06,BLR_DEL,45,SpiceJet Direct,11964.0,24
2026-09-06,BLR_DEL,45,Yatra,5000.0,150
2026-09-06,BLR_HYD,1,Akasa Direct,17227.0,14
2026-09-06,BLR_HYD,1,EaseMyTrip,17781.0,157
2026-09-06,BLR_HYD,1,Yatra,5000.0,150
2026-09-06,BLR_HYD,7,Akasa Direct,16540.0,14
2026-09-06,BLR_HYD,7,EaseMyTrip,6969.0,168
2026-09-06,BLR_HYD,7,Yatra,5000.0,150
2026-09-06,BLR_HYD,15,Akasa Direct,16427.0,14
2026-09-06,BLR_HYD,15,EaseMyTrip,6543.0,157
2026-09-06,BLR_HYD,15,Yatra,5000.0,150
2026-09-06,BLR_HYD,30,Akasa Direct,17074.0,14
2026-09-06,BLR_HYD,30,EaseMyTrip,7359.0,174
2026-09-06,BLR_HYD,30,Yatra,4553.0,150
2026-09-06,BLR_HYD,45,Akasa Direct,18798.0,14
2026-09-06,BLR_HYD,45,EaseMyTrip,6969.0,177
2026-09-06,BLR_HYD,45,Yatra,5000.0,150
2026-09-06,BOM_BLR,1,Akasa Direct,7495.0,28
2026-09-06,BOM_BLR,1,EaseMyTrip,3499.0,281
2026-09-06,BOM_BLR,1,Yatra,5000.0,150
2026-09-06,BOM_BLR,7,Akasa Direct,5456.0,14
2026-09-06,BOM_BLR,7,EaseMyTrip,10023.0,215
2026-09-06,BOM_BLR,7,Yatra,5000.0,150
2026-09-06,BOM_BLR,15,Akasa Direct,5050.0,14
2026-09-06,BOM_BLR,15,EaseMyTrip,9051.0,220
2026-09-06,BOM_BLR,15,Yatra,5000.0,150
2026-09-06,BOM_BLR,30,Akasa Direct,5050.0,14
2026-09-06,BOM_BLR,30,EaseMyTrip,7062.0,216
2026-09-06,BOM_BLR,30,Yatra,5000.0,150
2026-09-06,BOM_BLR,45,Akasa Direct,5673.0,14
2026-09-06,BOM_BLR,45,EaseMyTrip,8579.0,260
2026-09-06,BOM_BLR,45,SpiceJet Direct,6141.0,18
2026-09-06,BOM_BLR,45,Yatra,5000.0,150
2026-09-06,BOM_DEL,1,Akasa Direct,6562.0,36
2026-09-06,BOM_DEL,1,EaseMyTrip,8899.0,236
2026-09-06,BOM_DEL,1,SpiceJet Direct,7784.0,10
2026-09-06,BOM_DEL,1,Yatra,5000.0,150
2026-09-06,BOM_DEL,7,Akasa Direct,6562.0,34
2026-09-06,BOM_DEL,7,EaseMyTrip,7965.0,256
2026-09-06,BOM_DEL,7,SpiceJet Direct,9671.5,12
2026-09-06,BOM_DEL,7,Yatra,5000.0,150
2026-09-06,BOM_DEL,15,Akasa Direct,6562.0,14
2026-09-06,BOM_DEL,15,EaseMyTrip,7192.0,256
2026-09-06,BOM_DEL,15,SpiceJet Direct,8593.0,12
2026-09-06,BOM_DEL,15,Yatra,5000.0,150
2026-09-06,BOM_DEL,30,Akasa Direct,6562.0,14
2026-09-06,BOM_DEL,30,EaseMyTrip,6996.0,272
2026-09-06,BOM_DEL,30,SpiceJet Direct,6838.0,18
2026-09-06,BOM_DEL,30,Yatra,5000.0,150
2026-09-06,BOM_DEL,45,Akasa Direct,6925.0,14
2026-09-06,BOM_DEL,45,EaseMyTrip,8073.0,260
2026-09-06,BOM_DEL,45,SpiceJet Direct,6980.0,12
2026-09-06,BOM_DEL,45,Yatra,5000.0,150
2026-09-06,BOM_GOI,1,EaseMyTrip,14665.0,147
2026-09-06,BOM_GOI,1,Yatra,5000.0,150
2026-09-06,BOM_GOI,7,EaseMyTrip,10392.0,156
2026-09-06,BOM_GOI,7,Yatra,5000.0,150
2026-09-06,BOM_GOI,15,EaseMyTrip,11831.0,163
2026-09-06,BOM_GOI,15,Yatra,5000.0,150
2026-09-06,BOM_GOI,30,EaseMyTrip,3499.0,388
2026-09-06,BOM_GOI,30,Yatra,4085.0,150
2026-09-06,BOM_GOI,45,EaseMyTrip,10666.0,183
2026-09-06,BOM_GOI,45,Yatra,5000.0,150
2026-09-06,BOM_MAA,1,Akasa Direct,6432.5,8
2026-09-06,BOM_MAA,1,EaseMyTrip,11428.0,174
2026-09-06,BOM_MAA,1,SpiceJet Direct,6268.0,6
2026-09-06,BOM_MAA,1,Yatra,5000.0,150
2026-09-06,BOM_MAA,7,Akasa Direct,6034.0,8
2026-09-06,BOM_MAA,7,EaseMyTrip,3499.0,390
2026-09-06,BOM_MAA,7,Yatra,5000.0,150
2026-09-06,BOM_MAA,15,Akasa Direct,6034.0,8
2026-09-06,BOM_MAA,15,EaseMyTrip,3499.0,429
2026-09-06,BOM_MAA,15,Yatra,5000.0,150
2026-09-06,BOM_MAA,30,Akasa Direct,6034.0,14
2026-09-06,BOM_MAA,30,EaseMyTrip,3499.0,370
2026-09-06,BOM_MAA,30,Yatra,5000.0,150
2026-09-06,BOM_MAA,45,Akasa Direct,6553.0,14
2026-09-06,BOM_MAA,45,EaseMyTrip,3499.0,457
2026-09-06,BOM_MAA,45,Yatra,5000.0,150
2026-09-06,CCU_DEL,1,Akasa Direct,8752.0,14
2026-09-06,CCU_DEL,1,EaseMyTrip,17248.0,201
2026-09-06,CCU_DEL,1,Yatra,5000.0,150
2026-09-06,CCU_DEL,7,Akasa Direct,8440.0,22
2026-09-06,CCU_DEL,7,EaseMyTrip,9996.0,181
2026-09-06,CCU_DEL,7,SpiceJet Direct,12164.0,6
2026-09-06,CCU_DEL,7,Yatra,5000.0,150
2026-09-06,CCU_DEL,15,Akasa Direct,8142.0,14
2026-09-06,CCU_DEL,15,EaseMyTrip,9319.0,183
2026-09-06,CCU_DEL,15,Yatra,5000.0,150
2026-09-06,CCU_DEL,30,Akasa Direct,9075.0,14
2026-09-06,CCU_DEL,30,EaseMyTrip,9169.0,166
2026-09-06,CCU_DEL,30,Yatra,5000.0,150
2026-09-06,CCU_DEL,45,Akasa Direct,13178.0,14
2026-09-06,CCU_DEL,45,EaseMyTrip,18080.0,212
2026-09-06,CCU_DEL,45,SpiceJet Direct,11922.0,12
2026-09-06,CCU_DEL,45,Yatra,5000.0,150
2026-09-06,DEL_AMD,1,Akasa Direct,12538.0,14
2026-09-06,DEL_AMD,1,EaseMyTrip,16556.0,77
2026-09-06,DEL_AMD,1,Yatra,6000.0,150
2026-09-06,DEL_AMD,7,Akasa Direct,9727.0,14
2026-09-06,DEL_AMD,7,EaseMyTrip,11590.0,115
2026-09-06,DEL_AMD,7,Yatra,5000.0,150
2026-09-06,DEL_AMD,15,Akasa Direct,9592.0,14
2026-09-06,DEL_AMD,15,EaseMyTrip,10997.0,115
2026-09-06,DEL_AMD,15,Yatra,5000.0,150
2026-09-06,DEL_AMD,30,Akasa Direct,11300.0,14
2026-09-06,DEL_AMD,30,EaseMyTrip,12900.0,129
2026-09-06,DEL_AMD,30,Yatra,5000.0,150
2026-09-06,DEL_AMD,45,Akasa Direct,11452.0,14
2026-09-06,DEL_AMD,45,EaseMyTrip,12138.0,135
2026-09-06,DEL_AMD,45,Yatra,5000.0,150
2026-09-06,DEL_BLR,1,Akasa Direct,8829.0,14
2026-09-06,DEL_BLR,1,EaseMyTrip,14434.0,232
2026-09-06,DEL_BLR,1,Yatra,5000.0,150
2026-09-06,DEL_BLR,7,Akasa Direct,8829.0,14
2026-09-06,DEL_BLR,7,EaseMyTrip,11030.0,250
2026-09-06,DEL_BLR,7,Yatra,5000.0,150
2026-09-06,DEL_BLR,15,Akasa Direct,8829.0,14
2026-09-06,DEL_BLR,15,EaseMyTrip,10461.0,251
2026-09-06,DEL_BLR,15,Yatra,5000.0,150
2026-09-06,DEL_BLR,30,Akasa Direct,8829.0,14
2026-09-06,DEL_BLR,30,EaseMyTrip,9331.0,256
2026-09-06,DEL_BLR,30,Yatra,5000.0,150
2026-09-06,DEL_BLR,45,Akasa Direct,9859.0,14
2026-09-06,DEL_BLR,45,EaseMyTrip,11799.0,293
2026-09-06,DEL_BLR,45,SpiceJet Direct,10652.0,16
2026-09-06,DEL_BLR,45,Yatra,5000.0,150
2026-09-06,DEL_BOM,1,Akasa Direct,6530.0,14
2026-09-06,DEL_BOM,1,EaseMyTrip,13428.0,267
2026-09-06,DEL_BOM,1,SpiceJet Direct,7505.0,12
2026-09-06,DEL_BOM,1,Yatra,5000.0,150
2026-09-06,DEL_BOM,7,Akasa Direct,6530.0,14
2026-09-06,DEL_BOM,7,EaseMyTrip,7330.0,235
2026-09-06,DEL_BOM,7,SpiceJet Direct,17461.5,12
2026-09-06,DEL_BOM,7,Yatra,5000.0,150
2026-09-06,DEL_BOM,15,Akasa Direct,6530.0,14
2026-09-06,DEL_BOM,15,EaseMyTrip,7000.0,250
2026-09-06,DEL_BOM,15,SpiceJet Direct,7012.5,12
2026-09-06,DEL_BOM,15,Yatra,5000.0,150
2026-09-06,DEL_BOM,30,Akasa Direct,6530.0,14
2026-09-06,DEL_BOM,30,EaseMyTrip,7000.0,276
2026-09-06,DEL_BOM,30,SpiceJet Direct,6867.0,12
2026-09-06,DEL_BOM,30,Yatra,5000.0,150
2026-09-06,DEL_BOM,45,Akasa Direct,7019.0,14
2026-09-06,DEL_BOM,45,EaseMyTrip,7501.0,283
2026-09-06,DEL_BOM,45,SpiceJet Direct,6948.0,18
2026-09-06,DEL_BOM,45,Yatra,5000.0,150
2026-09-06,DEL_CCU,1,Akasa Direct,7583.0,14
2026-09-06,DEL_CCU,1,EaseMyTrip,11662.0,160
2026-09-06,DEL_CCU,1,Yatra,5000.0,150
2026-09-06,DEL_CCU,7,Akasa Direct,7583.0,14
2026-09-06,DEL_CCU,7,EaseMyTrip,10927.0,192
2026-09-06,DEL_CCU,7,SpiceJet Direct,22684.0,6
2026-09-06,DEL_CCU,7,Yatra,5000.0,150
2026-09-06,DEL_CCU,15,Akasa Direct,7881.0,14
2026-09-06,DEL_CCU,15,EaseMyTrip,8722.0,183
2026-09-06,DEL_CCU,15,Yatra,5000.0,150
2026-09-06,DEL_CCU,30,Akasa Direct,12128.0,22
2026-09-06,DEL_CCU,30,EaseMyTrip,9425.0,190
2026-09-06,DEL_CCU,30,Yatra,5000.0,150
2026-09-06,DEL_CCU,45,Akasa Direct,13664.0,22
2026-09-06,DEL_CCU,45,EaseMyTrip,16415.5,220
2026-09-06,DEL_CCU,45,SpiceJet Direct,9627.0,6
2026-09-06,DEL_CCU,45,Yatra,5000.0,150
2026-09-06,DEL_GOI,1,EaseMyTrip,12736.0,177
2026-09-06,DEL_GOI,1,Yatra,5000.0,150
2026-09-06,DEL_GOI,7,EaseMyTrip,11300.0,196
2026-09-06,DEL_GOI,7,Yatra,5000.0,150
2026-09-06,DEL_GOI,15,EaseMyTrip,10087.0,193
2026-09-06,DEL_GOI,15,Yatra,6000.0,150
2026-09-06,DEL_GOI,30,EaseMyTrip,9737.0,199
2026-09-06,DEL_GOI,30,Yatra,5000.0,150
2026-09-06,DEL_GOI,45,EaseMyTrip,11938.0,203
2026-09-06,DEL_GOI,45,Yatra,5000.0,150
2026-09-06,DEL_HYD,1,Akasa Direct,8918.0,14
2026-09-06,DEL_HYD,1,EaseMyTrip,13536.0,156
2026-09-06,DEL_HYD,1,Yatra,5000.0,150
2026-09-06,DEL_HYD,7,Akasa Direct,9255.0,20
2026-09-06,DEL_HYD,7,EaseMyTrip,11159.5,190
2026-09-06,DEL_HYD,7,Yatra,5000.0,150
2026-09-06,DEL_HYD,15,Akasa Direct,8284.0,14
2026-09-06,DEL_HYD,15,EaseMyTrip,9876.0,173
2026-09-06,DEL_HYD,15,Yatra,5000.0,150
2026-09-06,DEL_HYD,30,Akasa Direct,8594.0,14
2026-09-06,DEL_HYD,30,EaseMyTrip,9544.0,183
2026-09-06,DEL_HYD,30,Yatra,5000.0,150
2026-09-06,DEL_HYD,45,Akasa Direct,8918.0,14
2026-09-06,DEL_HYD,45,EaseMyTrip,11698.0,202
2026-09-06,DEL_HYD,45,Yatra,5000.0,150
2026-09-06,DEL_MAA,1,Akasa Direct,11953.0,8
2026-09-06,DEL_MAA,1,EaseMyTrip,16036.0,196
2026-09-06,DEL_MAA,1,Yatra,5000.0,150
2026-09-06,DEL_MAA,7,Akasa Direct,12197.5,8
2026-09-06,DEL_MAA,7,EaseMyTrip,13513.0,198
2026-09-06,DEL_MAA,7,Yatra,5000.0,150
2026-09-06,DEL_MAA,15,Akasa Direct,11953.0,8
2026-09-06,DEL_MAA,15,EaseMyTrip,11676.0,197
2026-09-06,DEL_MAA,15,Yatra,5000.0,150
2026-09-06,DEL_MAA,30,Akasa Direct,12072.0,14
2026-09-06,DEL_MAA,30,EaseMyTrip,10616.0,202
2026-09-06,DEL_MAA,30,Yatra,5000.0,150
2026-09-06,DEL_MAA,45,Akasa Direct,13220.0,14
2026-09-06,DEL_MAA,45,EaseMyTrip,13901.0,208
2026-09-06,DEL_MAA,45,Yatra,5000.0,150
2026-09-06,HYD_BLR,1,Akasa Direct,17813.0,14
2026-09-06,HYD_BLR,1,EaseMyTrip,15747.0,176
2026-09-06,HYD_BLR,1,Yatra,5000.0,150
2026-09-06,HYD_BLR,7,Akasa Direct,17005.0,14
2026-09-06,HYD_BLR,7,EaseMyTrip,9700.0,162
2026-09-06,HYD_BLR,7,Yatra,5000.0,150
2026-09-06,HYD_BLR,15,Akasa Direct,16842.0,14
2026-09-06,HYD_BLR,15,EaseMyTrip,6506.0,163
2026-09-06,HYD_BLR,15,Yatra,5000.0,150
2026-09-06,HYD_BLR,30,Akasa Direct,16707.0,14
2026-09-06,HYD_BLR,30,EaseMyTrip,5791.0,166
2026-09-06,HYD_BLR,30,Yatra,4550.0,150
2026-09-06,HYD_BLR,45,Akasa Direct,18940.0,14
2026-09-06,HYD_BLR,45,EaseMyTrip,7661.0,175
2026-09-06,HYD_BLR,45,Yatra,5000.0,150
2026-09-06,HYD_DEL,1,Akasa Direct,9517.0,14
2026-09-06,HYD_DEL,1,EaseMyTrip,16133.0,204
2026-09-06,HYD_DEL,1,Yatra,5000.0,150
2026-09-06,HYD_DEL,7,Akasa Direct,8546.0,14
2026-09-06,HYD_DEL,7,EaseMyTrip,10403.0,198
2026-09-06,HYD_DEL,7,Yatra,6000.0,150
2026-09-06,HYD_DEL,15,Akasa Direct,7422.0,14
2026-09-06,HYD_DEL,15,EaseMyTrip,8866.0,183
2026-09-06,HYD_DEL,15,Yatra,6000.0,150
2026-09-06,HYD_DEL,30,Akasa Direct,8248.0,14
2026-09-06,HYD_DEL,30,EaseMyTrip,8805.0,188
2026-09-06,HYD_DEL,30,Yatra,6000.0,150
2026-09-06,HYD_DEL,45,Akasa Direct,7961.0,14
2026-09-06,HYD_DEL,45,EaseMyTrip,9716.0,210
2026-09-06,HYD_DEL,45,Yatra,5000.0,150
2026-09-06,MAA_BOM,1,Akasa Direct,10145.0,8
2026-09-06,MAA_BOM,1,EaseMyTrip,17729.0,206
2026-09-06,MAA_BOM,1,Yatra,5000.0,150
2026-09-06,MAA_BOM,7,Akasa Direct,7488.0,8
2026-09-06,MAA_BOM,7,EaseMyTrip,9894.5,198
2026-09-06,MAA_BOM,7,Yatra,5000.0,150
2026-09-06,MAA_BOM,15,Akasa Direct,7197.0,8
2026-09-06,MAA_BOM,15,EaseMyTrip,3499.0,432
2026-09-06,MAA_BOM,15,Yatra,5000.0,150
2026-09-06,MAA_BOM,30,Akasa Direct,7197.0,14
2026-09-06,MAA_BOM,30,EaseMyTrip,8196.0,206
2026-09-06,MAA_BOM,30,Yatra,5000.0,150
2026-09-06,MAA_BOM,45,Akasa Direct,7488.0,18
2026-09-06,MAA_BOM,45,EaseMyTrip,9290.0,208
2026-09-06,MAA_BOM,45,Yatra,5000.0,150
2026-09-06,MAA_DEL,1,Akasa Direct,16991.5,8
2026-09-06,MAA_DEL,1,EaseMyTrip,15102.0,204
2026-09-06,MAA_DEL,1,Yatra,5000.0,150
2026-09-06,MAA_DEL,7,Akasa Direct,13595.0,8
2026-09-06,MAA_DEL,7,EaseMyTrip,12520.0,198
2026-09-06,MAA_DEL,7,Yatra,5000.0,150
2026-09-06,MAA_DEL,15,Akasa Direct,13207.5,8
2026-09-06,MAA_DEL,15,EaseMyTrip,12520.0,194
2026-09-06,MAA_DEL,15,Yatra,5000.0,150
2026-09-06,MAA_DEL,30,Akasa Direct,13148.0,14
2026-09-06,MAA_DEL,30,EaseMyTrip,10600.0,208
2026-09-06,MAA_DEL,30,Yatra,5000.0,150
2026-09-06,MAA_DEL,45,Akasa Direct,13928.0,14
2026-09-06,MAA_DEL,45,EaseMyTrip,14254.0,210
2026-09-06,MAA_DEL,45,Yatra,5000.0,150
2026-09-07,AMD_DEL,1,Akasa Direct,10176.0,14
2026-09-07,AMD_DEL,1,EaseMyTrip,3499.0,184
2026-09-07,AMD_DEL,1,Yatra,5000.0,150
2026-09-07,AMD_DEL,7,Akasa Direct,9834.0,14
2026-09-07,AMD_DEL,7,EaseMyTrip,3499.0,239
2026-09-07,AMD_DEL,7,Yatra,5000.0,108
2026-09-07,AMD_DEL,15,Akasa Direct,9671.0,14
2026-09-07,AMD_DEL,15,EaseMyTrip,3499.0,232
2026-09-07,AMD_DEL,15,Yatra,5000.0,102
2026-09-07,AMD_DEL,30,Akasa Direct,10002.0,14
2026-09-07,AMD_DEL,30,EaseMyTrip,3499.0,232
2026-09-07,AMD_DEL,30,Yatra,5000.0,150
2026-09-07,AMD_DEL,45,Akasa Direct,12411.0,14
2026-09-07,AMD_DEL,45,EaseMyTrip,3499.0,272
2026-09-07,AMD_DEL,45,Yatra,5000.0,150
2026-09-07,BLR_BOM,1,Akasa Direct,8218.0,14
2026-09-07,BLR_BOM,1,EaseMyTrip,3499.0,422
2026-09-07,BLR_BOM,1,Yatra,5000.0,150
2026-09-07,BLR_BOM,7,Akasa Direct,5987.0,14
2026-09-07,BLR_BOM,7,EaseMyTrip,3499.0,482
2026-09-07,BLR_BOM,7,Yatra,5000.0,150
2026-09-07,BLR_BOM,15,Akasa Direct,4594.0,14
2026-09-07,BLR_BOM,15,EaseMyTrip,3499.0,496
2026-09-07,BLR_BOM,15,Yatra,5000.0,150
2026-09-07,BLR_BOM,30,Akasa Direct,5987.0,14
2026-09-07,BLR_BOM,30,EaseMyTrip,3499.0,520
2026-09-07,BLR_BOM,30,Yatra,5000.0,150
2026-09-07,BLR_BOM,45,Akasa Direct,6732.0,14
2026-09-07,BLR_BOM,45,EaseMyTrip,3499.0,561
2026-09-07,BLR_BOM,45,SpiceJet Direct,7168.0,18
2026-09-07,BLR_BOM,45,Yatra,5000.0,150
2026-09-07,BLR_DEL,1,Akasa Direct,8364.0,14
2026-09-07,BLR_DEL,1,EaseMyTrip,3499.0,469
2026-09-07,BLR_DEL,1,Yatra,5000.0,150
2026-09-07,BLR_DEL,7,Akasa Direct,8505.0,14
2026-09-07,BLR_DEL,7,EaseMyTrip,3499.0,553
2026-09-07,BLR_DEL,7,Yatra,5000.0,150
2026-09-07,BLR_DEL,15,Akasa Direct,8364.0,14
2026-09-07,BLR_DEL,15,EaseMyTrip,3499.0,536
2026-09-07,BLR_DEL,15,Yatra,5000.0,150
2026-09-07,BLR_DEL,30,Akasa Direct,9112.0,14
2026-09-07,BLR_DEL,30,EaseMyTrip,3499.0,583
2026-09-07,BLR_DEL,30,Yatra,5000.0,150
2026-09-07,BLR_DEL,45,Akasa Direct,9621.0,14
2026-09-07,BLR_DEL,45,EaseMyTrip,3499.0,640
2026-09-07,BLR_DEL,45,SpiceJet Direct,11340.0,30
2026-09-07,BLR_DEL,45,Yatra,5000.0,150
2026-09-07,BLR_HYD,1,Akasa Direct,17086.0,14
2026-09-07,BLR_HYD,1,EaseMyTrip,3499.0,332
2026-09-07,BLR_HYD,1,Yatra,5000.0,150
2026-09-07,BLR_HYD,7,Akasa Direct,17086.0,24
2026-09-07,BLR_HYD,7,EaseMyTrip,3499.0,394
2026-09-07,BLR_HYD,7,Yatra,5000.0,150
2026-09-07,BLR_HYD,15,Akasa Direct,16427.0,14
2026-09-07,BLR_HYD,15,EaseMyTrip,3499.0,358
2026-09-07,BLR_HYD,15,Yatra,4553.0,150
2026-09-07,BLR_HYD,30,Akasa Direct,17833.0,14
2026-09-07,BLR_HYD,30,EaseMyTrip,3499.0,382
2026-09-07,BLR_HYD,30,Yatra,4568.0,150
2026-09-07,BLR_HYD,45,Akasa Direct,18884.0,14
2026-09-07,BLR_HYD,45,EaseMyTrip,3499.0,398
2026-09-07,BLR_HYD,45,Yatra,5000.0,150
2026-09-07,BOM_BLR,1,Akasa Direct,5249.0,14
2026-09-07,BOM_BLR,1,EaseMyTrip,3499.0,461
2026-09-07,BOM_BLR,1,Yatra,5000.0,150
2026-09-07,BOM_BLR,7,Akasa Direct,6137.0,14
2026-09-07,BOM_BLR,7,EaseMyTrip,3499.0,506
2026-09-07,BOM_BLR,7,Yatra,5000.0,150
2026-09-07,BOM_BLR,15,Akasa Direct,5050.0,14
2026-09-07,BOM_BLR,15,EaseMyTrip,3499.0,492
2026-09-07,BOM_BLR,15,Yatra,5000.0,150
2026-09-07,BOM_BLR,30,Akasa Direct,5050.0,14
2026-09-07,BOM_BLR,30,EaseMyTrip,3499.0,562
2026-09-07,BOM_BLR,30,Yatra,5000.0,150
2026-09-07,BOM_BLR,45,Akasa Direct,5899.0,30
2026-09-07,BOM_BLR,45,EaseMyTrip,3499.0,532
2026-09-07,BOM_BLR,45,Yatra,5000.0,150
2026-09-07,BOM_DEL,1,Akasa Direct,6562.0,14
2026-09-07,BOM_DEL,1,EaseMyTrip,3499.0,506
2026-09-07,BOM_DEL,1,SpiceJet Direct,6892.0,18
2026-09-07,BOM_DEL,1,Yatra,5000.0,150
2026-09-07,BOM_DEL,7,Akasa Direct,6562.0,14
2026-09-07,BOM_DEL,7,EaseMyTrip,3499.0,587
2026-09-07,BOM_DEL,7,Yatra,5000.0,150
2026-09-07,BOM_DEL,15,Akasa Direct,6562.0,14
2026-09-07,BOM_DEL,15,EaseMyTrip,3499.0,582
2026-09-07,BOM_DEL,15,SpiceJet Direct,7860.0,18
2026-09-07,BOM_DEL,15,Yatra,5000.0,150
2026-09-07,BOM_DEL,30,Akasa Direct,6562.0,14
2026-09-07,BOM_DEL,30,EaseMyTrip,3499.0,628
2026-09-07,BOM_DEL,30,SpiceJet Direct,6838.0,12
2026-09-07,BOM_DEL,30,Yatra,5000.0,150
2026-09-07,BOM_DEL,45,Akasa Direct,6925.0,14
2026-09-07,BOM_DEL,45,EaseMyTrip,3499.0,647
2026-09-07,BOM_DEL,45,Yatra,5000.0,150
2026-09-07,BOM_GOI,1,EaseMyTrip,3499.0,262
2026-09-07,BOM_GOI,1,Yatra,5700.0,150
2026-09-07,BOM_GOI,7,EaseMyTrip,3499.0,320
2026-09-07,BOM_GOI,7,Yatra,5000.0,150
2026-09-07,BOM_GOI,15,EaseMyTrip,3499.0,280
2026-09-07,BOM_GOI,15,Yatra,4822.0,150
2026-09-07,BOM_GOI,30,EaseMyTrip,3499.0,368
2026-09-07,BOM_GOI,30,Yatra,4348.0,150
2026-09-07,BOM_GOI,45,EaseMyTrip,3499.0,375
2026-09-07,BOM_GOI,45,Yatra,5000.0,150
2026-09-07,BOM_MAA,1,Akasa Direct,6034.0,8
2026-09-07,BOM_MAA,1,EaseMyTrip,3499.0,364
2026-09-07,BOM_MAA,1,Yatra,5000.0,150
2026-09-07,BOM_MAA,7,Akasa Direct,6034.0,12
2026-09-07,BOM_MAA,7,EaseMyTrip,3499.0,386
2026-09-07,BOM_MAA,7,Yatra,5000.0,150
2026-09-07,BOM_MAA,15,Akasa Direct,6034.0,8
2026-09-07,BOM_MAA,15,EaseMyTrip,3499.0,432
2026-09-07,BOM_MAA,15,Yatra,5000.0,150
2026-09-07,BOM_MAA,30,Akasa Direct,6034.0,14
2026-09-07,BOM_MAA,30,EaseMyTrip,3499.0,452
2026-09-07,BOM_MAA,30,Yatra,5000.0,150
2026-09-07,BOM_MAA,45,Akasa Direct,6553.0,14
2026-09-07,BOM_MAA,45,EaseMyTrip,3499.0,411
2026-09-07,BOM_MAA,45,Yatra,5000.0,150
2026-09-07,CCU_DEL,1,Akasa Direct,8440.0,14
2026-09-07,CCU_DEL,1,EaseMyTrip,3499.0,335
2026-09-07,CCU_DEL,1,Yatra,5000.0,150
2026-09-07,CCU_DEL,7,Akasa Direct,8142.0,14
2026-09-07,CCU_DEL,7,EaseMyTrip,3499.0,425
2026-09-07,CCU_DEL,7,Yatra,5000.0,150
2026-09-07,CCU_DEL,15,Akasa Direct,7855.0,14
2026-09-07,CCU_DEL,15,EaseMyTrip,3499.0,389
2026-09-07,CCU_DEL,15,Yatra,5000.0,150
2026-09-07,CCU_DEL,30,Akasa Direct,9075.0,14
2026-09-07,CCU_DEL,30,EaseMyTrip,3499.0,461
2026-09-07,CCU_DEL,30,SpiceJet Direct,8282.0,12
2026-09-07,CCU_DEL,30,Yatra,5000.0,150
2026-09-07,CCU_DEL,45,Akasa Direct,13178.0,14
2026-09-07,CCU_DEL,45,EaseMyTrip,3499.0,465
2026-09-07,CCU_DEL,45,SpiceJet Direct,12524.0,12
2026-09-07,CCU_DEL,45,Yatra,5000.0,150
2026-09-07,DEL_AMD,1,Akasa Direct,11017.0,14
2026-09-07,DEL_AMD,1,EaseMyTrip,3499.0,203
2026-09-07,DEL_AMD,1,Yatra,6000.0,150
2026-09-07,DEL_AMD,7,Akasa Direct,10129.0,14
2026-09-07,DEL_AMD,7,EaseMyTrip,3499.0,237
2026-09-07,DEL_AMD,7,Yatra,5000.0,150
2026-09-07,DEL_AMD,15,Akasa Direct,9465.0,14
2026-09-07,DEL_AMD,15,EaseMyTrip,3499.0,267
2026-09-07,DEL_AMD,15,Yatra,5000.0,150
2026-09-07,DEL_AMD,30,Akasa Direct,11287.0,14
2026-09-07,DEL_AMD,30,EaseMyTrip,3499.0,246
2026-09-07,DEL_AMD,30,Yatra,5000.0,150
2026-09-07,DEL_AMD,45,Akasa Direct,11534.0,14
2026-09-07,DEL_AMD,45,EaseMyTrip,3499.0,280
2026-09-07,DEL_AMD,45,Yatra,5000.0,150
2026-09-07,DEL_BLR,1,Akasa Direct,8829.0,14
2026-09-07,DEL_BLR,1,EaseMyTrip,3499.0,529
2026-09-07,DEL_BLR,1,Yatra,5000.0,150
2026-09-07,DEL_BLR,7,Akasa Direct,8829.0,14
2026-09-07,DEL_BLR,7,EaseMyTrip,3499.0,568
2026-09-07,DEL_BLR,7,Yatra,5000.0,150
2026-09-07,DEL_BLR,15,Akasa Direct,8829.0,14
2026-09-07,DEL_BLR,15,EaseMyTrip,3499.0,563
2026-09-07,DEL_BLR,15,Yatra,5000.0,150
2026-09-07,DEL_BLR,30,Akasa Direct,8992.0,14
2026-09-07,DEL_BLR,30,EaseMyTrip,3499.0,567
2026-09-07,DEL_BLR,30,Yatra,5000.0,150
2026-09-07,DEL_BLR,45,Akasa Direct,9859.0,14
2026-09-07,DEL_BLR,45,EaseMyTrip,3499.0,635
2026-09-07,DEL_BLR,45,SpiceJet Direct,10206.0,22
2026-09-07,DEL_BLR,45,Yatra,5000.0,150
2026-09-07,DEL_BOM,1,Akasa Direct,6530.0,14
2026-09-07,DEL_BOM,1,EaseMyTrip,3499.0,519
2026-09-07,DEL_BOM,1,SpiceJet Direct,8575.5,12
2026-09-07,DEL_BOM,1,Yatra,5000.0,150
2026-09-07,DEL_BOM,7,Akasa Direct,6530.0,14
2026-09-07,DEL_BOM,7,EaseMyTrip,3499.0,573
2026-09-07,DEL_BOM,7,SpiceJet Direct,12692.5,12
2026-09-07,DEL_BOM,7,Yatra,5000.0,150
2026-09-07,DEL_BOM,15,Akasa Direct,6530.0,14
2026-09-07,DEL_BOM,15,EaseMyTrip,3499.0,592
2026-09-07,DEL_BOM,15,SpiceJet Direct,7889.0,12
2026-09-07,DEL_BOM,15,Yatra,5000.0,150
2026-09-07,DEL_BOM,30,Akasa Direct,6530.0,14
2026-09-07,DEL_BOM,30,EaseMyTrip,3499.0,675
2026-09-07,DEL_BOM,30,SpiceJet Direct,6867.0,18
2026-09-07,DEL_BOM,30,Yatra,5000.0,150
2026-09-07,DEL_BOM,45,Akasa Direct,6893.0,14
2026-09-07,DEL_BOM,45,EaseMyTrip,3499.0,657
2026-09-07,DEL_BOM,45,Yatra,5000.0,150
2026-09-07,DEL_CCU,1,Akasa Direct,7583.0,14
2026-09-07,DEL_CCU,1,EaseMyTrip,3499.0,355
2026-09-07,DEL_CCU,1,Yatra,5000.0,150
2026-09-07,DEL_CCU,7,Akasa Direct,7583.0,14
2026-09-07,DEL_CCU,7,EaseMyTrip,3499.0,424
2026-09-07,DEL_CCU,7,Yatra,5000.0,150
2026-09-07,DEL_CCU,15,Akasa Direct,7881.0,14
2026-09-07,DEL_CCU,15,EaseMyTrip,3499.0,403
2026-09-07,DEL_CCU,15,Yatra,5000.0,150
2026-09-07,DEL_CCU,30,Akasa Direct,13664.0,14
2026-09-07,DEL_CCU,30,EaseMyTrip,3499.0,372
2026-09-07,DEL_CCU,30,SpiceJet Direct,8753.0,12
2026-09-07,DEL_CCU,30,Yatra,5000.0,150
2026-09-07,DEL_CCU,45,Akasa Direct,14219.0,14
2026-09-07,DEL_CCU,45,EaseMyTrip,3499.0,451
2026-09-07,DEL_CCU,45,SpiceJet Direct,9065.0,6
2026-09-07,DEL_CCU,45,Yatra,5000.0,150
2026-09-07,DEL_GOI,1,EaseMyTrip,3499.0,375
2026-09-07,DEL_GOI,1,Yatra,5000.0,150
2026-09-07,DEL_GOI,7,EaseMyTrip,3499.0,403
2026-09-07,DEL_GOI,7,Yatra,6000.0,150
2026-09-07,DEL_GOI,15,EaseMyTrip,3499.0,433
2026-09-07,DEL_GOI,15,Yatra,5000.0,150
2026-09-07,DEL_GOI,30,EaseMyTrip,3499.0,455
2026-09-07,DEL_GOI,30,Yatra,5000.0,150
2026-09-07,DEL_GOI,45,EaseMyTrip,3499.0,434
2026-09-07,DEL_GOI,45,Yatra,5000.0,150
2026-09-07,DEL_HYD,1,Akasa Direct,8918.0,14
2026-09-07,DEL_HYD,1,EaseMyTrip,3499.0,365
2026-09-07,DEL_HYD,1,Yatra,5000.0,150
2026-09-07,DEL_HYD,7,Akasa Direct,8924.5,20
2026-09-07,DEL_HYD,7,EaseMyTrip,3499.0,369
2026-09-07,DEL_HYD,7,Yatra,5000.0,150
2026-09-07,DEL_HYD,15,Akasa Direct,8284.0,14
2026-09-07,DEL_HYD,15,EaseMyTrip,3499.0,412
2026-09-07,DEL_HYD,15,Yatra,5000.0,150
2026-09-07,DEL_HYD,30,Akasa Direct,8594.0,14
2026-09-07,DEL_HYD,30,EaseMyTrip,3499.0,430
2026-09-07,DEL_HYD,30,Yatra,5000.0,150
2026-09-07,DEL_HYD,45,Akasa Direct,9255.0,14
2026-09-07,DEL_HYD,45,EaseMyTrip,3499.0,434
2026-09-07,DEL_HYD,45,Yatra,5000.0,150
2026-09-07,DEL_MAA,1,Akasa Direct,13155.0,8
2026-09-07,DEL_MAA,1,EaseMyTrip,3499.0,375
2026-09-07,DEL_MAA,1,Yatra,5000.0,150
2026-09-07,DEL_MAA,7,Akasa Direct,12596.0,8
2026-09-07,DEL_MAA,7,EaseMyTrip,3499.0,410
2026-09-07,DEL_MAA,7,Yatra,5000.0,150
2026-09-07,DEL_MAA,15,Akasa Direct,11953.0,8
2026-09-07,DEL_MAA,15,EaseMyTrip,3499.0,428
2026-09-07,DEL_MAA,15,Yatra,5000.0,150
2026-09-07,DEL_MAA,30,Akasa Direct,12472.0,14
2026-09-07,DEL_MAA,30,EaseMyTrip,3499.0,441
2026-09-07,DEL_MAA,30,Yatra,5000.0,150
2026-09-07,DEL_MAA,45,Akasa Direct,13089.0,14
2026-09-07,DEL_MAA,45,EaseMyTrip,3499.0,450
2026-09-07,DEL_MAA,45,Yatra,5000.0,150
2026-09-07,HYD_BLR,1,Akasa Direct,17813.0,14
2026-09-07,HYD_BLR,1,EaseMyTrip,3499.0,346
2026-09-07,HYD_BLR,1,Yatra,5000.0,150
2026-09-07,HYD_BLR,7,Akasa Direct,17346.0,20
2026-09-07,HYD_BLR,7,EaseMyTrip,3499.0,381
2026-09-07,HYD_BLR,7,Yatra,5000.0,150
2026-09-07,HYD_BLR,15,Akasa Direct,16257.0,14
2026-09-07,HYD_BLR,15,EaseMyTrip,3499.0,373
2026-09-07,HYD_BLR,15,Yatra,4550.0,150
2026-09-07,HYD_BLR,30,Akasa Direct,17476.0,14
2026-09-07,HYD_BLR,30,EaseMyTrip,3499.0,382
2026-09-07,HYD_BLR,30,Yatra,4550.0,150
2026-09-07,HYD_BLR,45,Akasa Direct,18733.0,14
2026-09-07,HYD_BLR,45,EaseMyTrip,3499.0,381
2026-09-07,HYD_BLR,45,Yatra,5000.0,150
2026-09-07,HYD_DEL,1,Akasa Direct,8546.0,14
2026-09-07,HYD_DEL,1,EaseMyTrip,3499.0,341
2026-09-07,HYD_DEL,1,Yatra,5000.0,150
2026-09-07,HYD_DEL,7,Akasa Direct,7961.0,14
2026-09-07,HYD_DEL,7,EaseMyTrip,3499.0,421
2026-09-07,HYD_DEL,7,Yatra,6000.0,150
2026-09-07,HYD_DEL,15,Akasa Direct,7422.0,20
2026-09-07,HYD_DEL,15,EaseMyTrip,3499.0,406
2026-09-07,HYD_DEL,15,Yatra,6000.0,150
2026-09-07,HYD_DEL,30,Akasa Direct,8248.0,14
2026-09-07,HYD_DEL,30,EaseMyTrip,3499.0,381
2026-09-07,HYD_DEL,30,Yatra,6000.0,102
2026-09-07,HYD_DEL,45,Akasa Direct,7961.0,14
2026-09-07,HYD_DEL,45,EaseMyTrip,3499.0,438
2026-09-07,HYD_DEL,45,Yatra,5000.0,150
2026-09-07,MAA_BOM,1,Akasa Direct,8712.0,8
2026-09-07,MAA_BOM,1,EaseMyTrip,3499.0,394
2026-09-07,MAA_BOM,1,SpiceJet Direct,13386.0,12
2026-09-07,MAA_BOM,1,Yatra,5000.0,150
2026-09-07,MAA_BOM,7,Akasa Direct,7488.0,8
2026-09-07,MAA_BOM,7,EaseMyTrip,3499.0,447
2026-09-07,MAA_BOM,7,Yatra,5000.0,150
2026-09-07,MAA_BOM,15,Akasa Direct,7197.0,8
2026-09-07,MAA_BOM,15,EaseMyTrip,3499.0,447
2026-09-07,MAA_BOM,15,Yatra,5000.0,150
2026-09-07,MAA_BOM,30,Akasa Direct,7197.0,14
2026-09-07,MAA_BOM,30,EaseMyTrip,3499.0,447
2026-09-07,MAA_BOM,30,Yatra,5000.0,150
2026-09-07,MAA_BOM,45,Akasa Direct,7488.0,14
2026-09-07,MAA_BOM,45,EaseMyTrip,3499.0,447
2026-09-07,MAA_BOM,45,Yatra,5000.0,150
2026-09-07,MAA_DEL,1,Akasa Direct,16279.0,8
2026-09-07,MAA_DEL,1,EaseMyTrip,3499.0,379
2026-09-07,MAA_DEL,1,SpiceJet Direct,20067.5,8
2026-09-07,MAA_DEL,1,Yatra,5000.0,150
2026-09-07,MAA_DEL,7,Akasa Direct,13595.0,8
2026-09-07,MAA_DEL,7,EaseMyTrip,3499.0,422
2026-09-07,MAA_DEL,7,Yatra,5000.0,150
2026-09-07,MAA_DEL,15,Akasa Direct,13207.5,8
2026-09-07,MAA_DEL,15,EaseMyTrip,3499.0,412
2026-09-07,MAA_DEL,15,Yatra,5000.0,150
2026-09-07,MAA_DEL,30,Akasa Direct,13148.0,14
2026-09-07,MAA_DEL,30,EaseMyTrip,3499.0,403
2026-09-07,MAA_DEL,30,Yatra,5000.0,150
2026-09-07,MAA_DEL,45,Akasa Direct,14105.0,14
2026-09-07,MAA_DEL,45,EaseMyTrip,3499.0,449
2026-09-07,MAA_DEL,45,Yatra,5000.0,150
2026-09-08,AMD_DEL,1,Akasa Direct,10002.0,28
2026-09-08,AMD_DEL,1,EaseMyTrip,3499.0,369
2026-09-08,AMD_DEL,1,Yatra,5400.0,204
2026-09-08,AMD_DEL,7,Akasa Direct,10002.0,42
2026-09-08,AMD_DEL,7,EaseMyTrip,3499.0,414
2026-09-08,AMD_DEL,7,Yatra,5400.0,216
2026-09-08,AMD_DEL,15,Akasa Direct,9671.0,28
2026-09-08,AMD_DEL,15,EaseMyTrip,3499.0,478
2026-09-08,AMD_DEL,15,Yatra,5400.0,192
2026-09-08,AMD_DEL,30,Akasa Direct,12190.0,28
2026-09-08,AMD_DEL,30,EaseMyTrip,3499.0,400
2026-09-08,AMD_DEL,30,Yatra,5400.0,294
2026-09-08,AMD_DEL,45,Akasa Direct,12677.0,46
2026-09-08,AMD_DEL,45,EaseMyTrip,3499.0,389
2026-09-08,AMD_DEL,45,Yatra,5400.0,300
2026-09-08,BLR_BOM,1,Akasa Direct,9672.0,44
2026-09-08,BLR_BOM,1,EaseMyTrip,3499.0,858
2026-09-08,BLR_BOM,1,Yatra,5400.0,300
2026-09-08,BLR_BOM,7,Akasa Direct,6225.0,46
2026-09-08,BLR_BOM,7,EaseMyTrip,3499.0,932
2026-09-08,BLR_BOM,7,Yatra,5400.0,300
2026-09-08,BLR_BOM,15,Akasa Direct,4594.0,28
2026-09-08,BLR_BOM,15,EaseMyTrip,3499.0,942
2026-09-08,BLR_BOM,15,Yatra,5295.0,300
2026-09-08,BLR_BOM,30,Akasa Direct,5562.5,28
2026-09-08,BLR_BOM,30,EaseMyTrip,3499.0,1061
2026-09-08,BLR_BOM,30,Yatra,5369.0,300
2026-09-08,BLR_BOM,45,Akasa Direct,6473.0,42
2026-09-08,BLR_BOM,45,EaseMyTrip,3499.0,1001
2026-09-08,BLR_BOM,45,SpiceJet Direct,7168.0,36
2026-09-08,BLR_BOM,45,Yatra,5267.5,300
2026-09-08,BLR_DEL,1,Akasa Direct,8364.0,44
2026-09-08,BLR_DEL,1,EaseMyTrip,3499.0,1018
2026-09-08,BLR_DEL,1,Yatra,5400.0,300
2026-09-08,BLR_DEL,7,Akasa Direct,8364.0,28
2026-09-08,BLR_DEL,7,EaseMyTrip,3499.0,1037
2026-09-08,BLR_DEL,7,Yatra,5400.0,300
2026-09-08,BLR_DEL,15,Akasa Direct,8364.0,28
2026-09-08,BLR_DEL,15,EaseMyTrip,3499.0,1051
2026-09-08,BLR_DEL,15,Yatra,5400.0,300
2026-09-08,BLR_DEL,30,Akasa Direct,9448.0,28
2026-09-08,BLR_DEL,30,EaseMyTrip,3499.0,1108
2026-09-08,BLR_DEL,30,Yatra,5400.0,300
2026-09-08,BLR_DEL,45,Akasa Direct,9800.0,42
2026-09-08,BLR_DEL,45,EaseMyTrip,3499.0,1240
2026-09-08,BLR_DEL,45,SpiceJet Direct,10830.0,60
2026-09-08,BLR_DEL,45,Yatra,5400.0,300
2026-09-08,BLR_HYD,1,Akasa Direct,17086.0,28
2026-09-08,BLR_HYD,1,EaseMyTrip,3499.0,673
2026-09-08,BLR_HYD,1,Yatra,5400.0,300
2026-09-08,BLR_HYD,7,Akasa Direct,16645.0,28
2026-09-08,BLR_HYD,7,EaseMyTrip,3499.0,770
2026-09-08,BLR_HYD,7,Yatra,5400.0,300
2026-09-08,BLR_HYD,15,Akasa Direct,16427.0,36
2026-09-08,BLR_HYD,15,EaseMyTrip,3499.0,751
2026-09-08,BLR_HYD,15,Yatra,4553.0,300
2026-09-08,BLR_HYD,30,Akasa Direct,17833.0,38
2026-09-08,BLR_HYD,30,EaseMyTrip,3499.0,769
2026-09-08,BLR_HYD,30,Yatra,4901.5,300
2026-09-08,BLR_HYD,45,Akasa Direct,19179.0,40
2026-09-08,BLR_HYD,45,EaseMyTrip,3499.0,741
2026-09-08,BLR_HYD,45,Yatra,5331.0,300
2026-09-08,BOM_BLR,1,Akasa Direct,6525.5,48
2026-09-08,BOM_BLR,1,EaseMyTrip,3499.0,985
2026-09-08,BOM_BLR,1,Yatra,5400.0,300
2026-09-08,BOM_BLR,7,Akasa Direct,6137.0,28
2026-09-08,BOM_BLR,7,EaseMyTrip,3499.0,965
2026-09-08,BOM_BLR,7,Yatra,5400.0,300
2026-09-08,BOM_BLR,15,Akasa Direct,5050.0,48
2026-09-08,BOM_BLR,15,EaseMyTrip,3499.0,965
2026-09-08,BOM_BLR,15,Yatra,5400.0,300
2026-09-08,BOM_BLR,30,Akasa Direct,5050.0,28
2026-09-08,BOM_BLR,30,EaseMyTrip,3499.0,1010
2026-09-08,BOM_BLR,30,Yatra,5222.0,300
2026-09-08,BOM_BLR,45,Akasa Direct,5249.0,28
2026-09-08,BOM_BLR,45,EaseMyTrip,3499.0,1081
2026-09-08,BOM_BLR,45,SpiceJet Direct,6516.0,36
2026-09-08,BOM_BLR,45,Yatra,5400.0,300
2026-09-08,BOM_DEL,1,Akasa Direct,6562.0,28
2026-09-08,BOM_DEL,1,EaseMyTrip,3499.0,1137
2026-09-08,BOM_DEL,1,SpiceJet Direct,6892.0,24
2026-09-08,BOM_DEL,1,Yatra,5400.0,300
2026-09-08,BOM_DEL,7,Akasa Direct,6562.0,50
2026-09-08,BOM_DEL,7,EaseMyTrip,3499.0,1111
2026-09-08,BOM_DEL,7,SpiceJet Direct,12177.0,24
2026-09-08,BOM_DEL,7,Yatra,5400.0,300
2026-09-08,BOM_DEL,15,Akasa Direct,6562.0,28
2026-09-08,BOM_DEL,15,EaseMyTrip,3499.0,1230
2026-09-08,BOM_DEL,15,SpiceJet Direct,21498.5,24
2026-09-08,BOM_DEL,15,Yatra,5400.0,300
2026-09-08,BOM_DEL,30,Akasa Direct,6562.0,28
2026-09-08,BOM_DEL,30,EaseMyTrip,3499.0,1202
2026-09-08,BOM_DEL,30,SpiceJet Direct,6838.0,36
2026-09-08,BOM_DEL,30,Yatra,5400.0,300
2026-09-08,BOM_DEL,45,Akasa Direct,6562.0,28
2026-09-08,BOM_DEL,45,EaseMyTrip,3499.0,1291
2026-09-08,BOM_DEL,45,SpiceJet Direct,6980.0,24
2026-09-08,BOM_DEL,45,Yatra,5400.0,300
2026-09-08,BOM_GOI,1,EaseMyTrip,3499.0,527
2026-09-08,BOM_GOI,1,Yatra,5550.0,300
2026-09-08,BOM_GOI,7,EaseMyTrip,3499.0,609
2026-09-08,BOM_GOI,7,Yatra,5400.0,300
2026-09-08,BOM_GOI,15,EaseMyTrip,3499.0,621
2026-09-08,BOM_GOI,15,Yatra,5400.0,204
2026-09-08,BOM_GOI,30,EaseMyTrip,3499.0,716
2026-09-08,BOM_GOI,30,Yatra,5400.0,300
2026-09-08,BOM_GOI,45,EaseMyTrip,3499.0,717
2026-09-08,BOM_GOI,45,Yatra,5400.0,300
2026-09-08,BOM_MAA,1,Akasa Direct,6293.5,8
2026-09-08,BOM_MAA,1,EaseMyTrip,3499.0,734
2026-09-08,BOM_MAA,1,Yatra,5400.0,300
2026-09-08,BOM_MAA,7,Akasa Direct,6034.0,16
2026-09-08,BOM_MAA,7,EaseMyTrip,3499.0,835
2026-09-08,BOM_MAA,7,Yatra,5400.0,300
2026-09-08,BOM_MAA,15,Akasa Direct,6034.0,16
2026-09-08,BOM_MAA,15,EaseMyTrip,3499.0,876
2026-09-08,BOM_MAA,15,Yatra,5400.0,300
2026-09-08,BOM_MAA,30,Akasa Direct,6553.0,32
2026-09-08,BOM_MAA,30,EaseMyTrip,3499.0,838
2026-09-08,BOM_MAA,30,Yatra,5400.0,300
2026-09-08,BOM_MAA,45,Akasa Direct,6553.0,28
2026-09-08,BOM_MAA,45,EaseMyTrip,3499.0,831
2026-09-08,BOM_MAA,45,Yatra,5700.0,300
2026-09-08,CCU_DEL,1,Akasa Direct,9075.0,28
2026-09-08,CCU_DEL,1,EaseMyTrip,3499.0,755
2026-09-08,CCU_DEL,1,Yatra,5400.0,300
2026-09-08,CCU_DEL,7,Akasa Direct,8440.0,36
2026-09-08,CCU_DEL,7,EaseMyTrip,3499.0,745
2026-09-08,CCU_DEL,7,Yatra,5400.0,300
2026-09-08,CCU_DEL,15,Akasa Direct,8142.0,22
2026-09-08,CCU_DEL,15,EaseMyTrip,3499.0,781
2026-09-08,CCU_DEL,15,SpiceJet Direct,23205.0,12
2026-09-08,CCU_DEL,15,Yatra,5400.0,300
2026-09-08,CCU_DEL,30,Akasa Direct,9075.0,14
2026-09-08,CCU_DEL,30,EaseMyTrip,3499.0,931
2026-09-08,CCU_DEL,30,SpiceJet Direct,8282.0,12
2026-09-08,CCU_DEL,30,Yatra,5400.0,300
2026-09-08,CCU_DEL,45,Akasa Direct,13178.0,28
2026-09-08,CCU_DEL,45,EaseMyTrip,3499.0,888
2026-09-08,CCU_DEL,45,SpiceJet Direct,11922.0,24
2026-09-08,CCU_DEL,45,Yatra,5400.0,300
2026-09-08,DEL_AMD,1,Akasa Direct,13117.0,46
2026-09-08,DEL_AMD,1,EaseMyTrip,3499.0,385
2026-09-08,DEL_AMD,1,Yatra,5400.0,246
2026-09-08,DEL_AMD,7,Akasa Direct,9658.5,28
2026-09-08,DEL_AMD,7,EaseMyTrip,3499.0,445
2026-09-08,DEL_AMD,7,Yatra,5400.0,300
2026-09-08,DEL_AMD,15,Akasa Direct,9528.5,28
2026-09-08,DEL_AMD,15,EaseMyTrip,3499.0,523
2026-09-08,DEL_AMD,15,Yatra,5400.0,300
2026-09-08,DEL_AMD,30,Akasa Direct,11300.0,28
2026-09-08,DEL_AMD,30,EaseMyTrip,3499.0,443
2026-09-08,DEL_AMD,30,Yatra,5400.0,300
2026-09-08,DEL_AMD,45,Akasa Direct,11534.0,46
2026-09-08,DEL_AMD,45,EaseMyTrip,3499.0,402
2026-09-08,DEL_AMD,45,Yatra,5400.0,300
2026-09-08,DEL_BLR,1,Akasa Direct,8829.0,50
2026-09-08,DEL_BLR,1,EaseMyTrip,3499.0,1105
2026-09-08,DEL_BLR,1,Yatra,5400.0,300
2026-09-08,DEL_BLR,7,Akasa Direct,8829.0,46
2026-09-08,DEL_BLR,7,EaseMyTrip,3499.0,1180
2026-09-08,DEL_BLR,7,Yatra,5400.0,300
2026-09-08,DEL_BLR,15,Akasa Direct,8829.0,48
2026-09-08,DEL_BLR,15,EaseMyTrip,3499.0,1150
2026-09-08,DEL_BLR,15,Yatra,5400.0,300
2026-09-08,DEL_BLR,30,Akasa Direct,8992.0,40
2026-09-08,DEL_BLR,30,EaseMyTrip,3499.0,1116
2026-09-08,DEL_BLR,30,Yatra,5400.0,300
2026-09-08,DEL_BLR,45,Akasa Direct,10617.0,42
2026-09-08,DEL_BLR,45,EaseMyTrip,3499.0,1244
2026-09-08,DEL_BLR,45,SpiceJet Direct,10654.0,44
2026-09-08,DEL_BLR,45,Yatra,5400.0,300
2026-09-08,DEL_BOM,1,Akasa Direct,6530.0,28
2026-09-08,DEL_BOM,1,EaseMyTrip,3499.0,1130
2026-09-08,DEL_BOM,1,SpiceJet Direct,7759.0,36
2026-09-08,DEL_BOM,1,Yatra,5400.0,300
2026-09-08,DEL_BOM,7,Akasa Direct,6530.0,50
2026-09-08,DEL_BOM,7,EaseMyTrip,3499.0,1126
2026-09-08,DEL_BOM,7,SpiceJet Direct,7158.0,12
2026-09-08,DEL_BOM,7,Yatra,5400.0,300
2026-09-08,DEL_BOM,15,Akasa Direct,6530.0,68
2026-09-08,DEL_BOM,15,EaseMyTrip,3499.0,1203
2026-09-08,DEL_BOM,15,SpiceJet Direct,18467.0,36
2026-09-08,DEL_BOM,15,Yatra,5400.0,300
2026-09-08,DEL_BOM,30,Akasa Direct,6530.0,68
2026-09-08,DEL_BOM,30,EaseMyTrip,3499.0,1243
2026-09-08,DEL_BOM,30,SpiceJet Direct,6867.0,24
2026-09-08,DEL_BOM,30,Yatra,5400.0,300
2026-09-08,DEL_BOM,45,Akasa Direct,6770.0,28
2026-09-08,DEL_BOM,45,EaseMyTrip,3499.0,1325
2026-09-08,DEL_BOM,45,SpiceJet Direct,6948.0,24
2026-09-08,DEL_BOM,45,Yatra,5400.0,300
2026-09-08,DEL_CCU,1,Akasa Direct,7881.0,38
2026-09-08,DEL_CCU,1,EaseMyTrip,3499.0,714
2026-09-08,DEL_CCU,1,Yatra,5400.0,300
2026-09-08,DEL_CCU,7,Akasa Direct,7881.0,28
2026-09-08,DEL_CCU,7,EaseMyTrip,3499.0,808
2026-09-08,DEL_CCU,7,Yatra,5400.0,300
2026-09-08,DEL_CCU,15,Akasa Direct,8193.0,38
2026-09-08,DEL_CCU,15,EaseMyTrip,3499.0,867
2026-09-08,DEL_CCU,15,SpiceJet Direct,22684.0,12
2026-09-08,DEL_CCU,15,Yatra,5400.0,300
2026-09-08,DEL_CCU,30,Akasa Direct,9767.0,28
2026-09-08,DEL_CCU,30,EaseMyTrip,3499.0,895
2026-09-08,DEL_CCU,30,SpiceJet Direct,10038.0,12
2026-09-08,DEL_CCU,30,Yatra,5400.0,300
2026-09-08,DEL_CCU,45,Akasa Direct,13664.0,28
2026-09-08,DEL_CCU,45,EaseMyTrip,3499.0,845
2026-09-08,DEL_CCU,45,SpiceJet Direct,10925.0,12
2026-09-08,DEL_CCU,45,Yatra,5400.0,300
2026-09-08,DEL_GOI,1,EaseMyTrip,3499.0,781
2026-09-08,DEL_GOI,1,Yatra,5400.0,270
2026-09-08,DEL_GOI,7,EaseMyTrip,3499.0,832
2026-09-08,DEL_GOI,7,Yatra,5400.0,300
2026-09-08,DEL_GOI,15,EaseMyTrip,3499.0,795
2026-09-08,DEL_GOI,15,Yatra,5400.0,300
2026-09-08,DEL_GOI,30,EaseMyTrip,3499.0,900
2026-09-08,DEL_GOI,30,Yatra,5400.0,300
2026-09-08,DEL_GOI,45,EaseMyTrip,3499.0,892
2026-09-08,DEL_GOI,45,Yatra,5400.0,240
2026-09-08,DEL_HYD,1,Akasa Direct,9255.0,34
2026-09-08,DEL_HYD,1,EaseMyTrip,3499.0,742
2026-09-08,DEL_HYD,1,Yatra,5400.0,300
2026-09-08,DEL_HYD,7,Akasa Direct,8439.0,40
2026-09-08,DEL_HYD,7,EaseMyTrip,3499.0,789
2026-09-08,DEL_HYD,7,Yatra,5400.0,300
2026-09-08,DEL_HYD,15,Akasa Direct,8439.0,28
2026-09-08,DEL_HYD,15,EaseMyTrip,3499.0,832
2026-09-08,DEL_HYD,15,Yatra,5400.0,300
2026-09-08,DEL_HYD,30,Akasa Direct,8594.0,28
2026-09-08,DEL_HYD,30,EaseMyTrip,3499.0,843
2026-09-08,DEL_HYD,30,Yatra,5400.0,300
2026-09-08,DEL_HYD,45,Akasa Direct,9255.0,40
2026-09-08,DEL_HYD,45,EaseMyTrip,3499.0,777
2026-09-08,DEL_HYD,45,Yatra,5400.0,300
2026-09-08,DEL_MAA,1,Akasa Direct,12611.0,16
2026-09-08,DEL_MAA,1,EaseMyTrip,3499.0,742
2026-09-08,DEL_MAA,1,Yatra,5400.0,300
2026-09-08,DEL_MAA,7,Akasa Direct,12750.0,16
2026-09-08,DEL_MAA,7,EaseMyTrip,3499.0,812
2026-09-08,DEL_MAA,7,Yatra,5400.0,300
2026-09-08,DEL_MAA,15,Akasa Direct,11953.0,8
2026-09-08,DEL_MAA,15,EaseMyTrip,3499.0,826
2026-09-08,DEL_MAA,15,Yatra,5400.0,300
2026-09-08,DEL_MAA,30,Akasa Direct,12750.0,14
2026-09-08,DEL_MAA,30,EaseMyTrip,3499.0,876
2026-09-08,DEL_MAA,30,Yatra,5400.0,300
2026-09-08,DEL_MAA,45,Akasa Direct,13400.0,18
2026-09-08,DEL_MAA,45,EaseMyTrip,3499.0,723
2026-09-08,DEL_MAA,45,Yatra,5400.0,300
2026-09-08,HYD_BLR,1,Akasa Direct,17005.0,28
2026-09-08,HYD_BLR,1,EaseMyTrip,3499.0,719
2026-09-08,HYD_BLR,1,Yatra,5400.0,300
2026-09-08,HYD_BLR,7,Akasa Direct,17476.0,34
2026-09-08,HYD_BLR,7,EaseMyTrip,3499.0,747
2026-09-08,HYD_BLR,7,Yatra,5400.0,300
2026-09-08,HYD_BLR,15,Akasa Direct,16842.0,28
2026-09-08,HYD_BLR,15,EaseMyTrip,3499.0,744
2026-09-08,HYD_BLR,15,Yatra,4550.0,300
2026-09-08,HYD_BLR,30,Akasa Direct,17476.0,34
2026-09-08,HYD_BLR,30,EaseMyTrip,3499.0,768
2026-09-08,HYD_BLR,30,Yatra,4550.0,300
2026-09-08,HYD_BLR,45,Akasa Direct,19151.0,28
2026-09-08,HYD_BLR,45,EaseMyTrip,3499.0,781
2026-09-08,HYD_BLR,45,Yatra,5400.0,300
2026-09-08,HYD_DEL,1,Akasa Direct,7961.0,28
2026-09-08,HYD_DEL,1,EaseMyTrip,3499.0,730
2026-09-08,HYD_DEL,1,Yatra,5400.0,300
2026-09-08,HYD_DEL,7,Akasa Direct,8546.0,34
2026-09-08,HYD_DEL,7,EaseMyTrip,3499.0,800
2026-09-08,HYD_DEL,7,Yatra,5400.0,300
2026-09-08,HYD_DEL,15,Akasa Direct,7422.0,34
2026-09-08,HYD_DEL,15,EaseMyTrip,3499.0,772
2026-09-08,HYD_DEL,15,Yatra,5400.0,300
2026-09-08,HYD_DEL,30,Akasa Direct,8248.0,28
2026-09-08,HYD_DEL,30,EaseMyTrip,3499.0,764
2026-09-08,HYD_DEL,30,Yatra,5400.0,300
2026-09-08,HYD_DEL,45,Akasa Direct,8248.0,34
2026-09-08,HYD_DEL,45,EaseMyTrip,3499.0,844
2026-09-08,HYD_DEL,45,Yatra,5400.0,300
2026-09-08,MAA_BOM,1,Akasa Direct,11082.0,24
2026-09-08,MAA_BOM,1,EaseMyTrip,3499.0,710
2026-09-08,MAA_BOM,1,Yatra,5400.0,300
2026-09-08,MAA_BOM,7,Akasa Direct,7342.5,8
2026-09-08,MAA_BOM,7,EaseMyTrip,3499.0,877
2026-09-08,MAA_BOM,7,Yatra,5400.0,300
2026-09-08,MAA_BOM,15,Akasa Direct,7197.0,16
2026-09-08,MAA_BOM,15,EaseMyTrip,3499.0,892
2026-09-08,MAA_BOM,15,Yatra,5400.0,300
2026-09-08,MAA_BOM,30,Akasa Direct,7197.0,32
2026-09-08,MAA_BOM,30,EaseMyTrip,3499.0,900
2026-09-08,MAA_BOM,30,Yatra,5400.0,300
2026-09-08,MAA_BOM,45,Akasa Direct,7488.0,28
2026-09-08,MAA_BOM,45,EaseMyTrip,3499.0,860
2026-09-08,MAA_BOM,45,Yatra,5400.0,300
2026-09-08,MAA_DEL,1,Akasa Direct,17668.5,16
2026-09-08,MAA_DEL,1,EaseMyTrip,3499.0,701
2026-09-08,MAA_DEL,1,Yatra,5400.0,300
2026-09-08,MAA_DEL,7,EaseMyTrip,3499.0,832
2026-09-08,MAA_DEL,7,Yatra,5400.0,300
2026-09-08,MAA_DEL,15,Akasa Direct,13148.0,8
2026-09-08,MAA_DEL,15,EaseMyTrip,3499.0,773
2026-09-08,MAA_DEL,15,Yatra,5400.0,300
2026-09-08,MAA_DEL,30,Akasa Direct,13148.0,14
2026-09-08,MAA_DEL,30,EaseMyTrip,3499.0,882
2026-09-08,MAA_DEL,30,Yatra,5400.0,300
2026-09-08,MAA_DEL,45,Akasa Direct,14231.0,14
2026-09-08,MAA_DEL,45,EaseMyTrip,3499.0,878
2026-09-08,MAA_DEL,45,Yatra,5400.0,300
2026-09-09,AMD_DEL,1,Akasa Direct,9963.0,14
2026-09-09,AMD_DEL,1,EaseMyTrip,3499.0,184
2026-09-09,AMD_DEL,1,Yatra,5400.0,150
2026-09-09,AMD_DEL,7,Akasa Direct,9963.0,14
2026-09-09,AMD_DEL,7,EaseMyTrip,3499.0,221
2026-09-09,AMD_DEL,7,Yatra,5400.0,150
2026-09-09,AMD_DEL,15,Akasa Direct,9632.0,26
2026-09-09,AMD_DEL,15,EaseMyTrip,3499.0,216
2026-09-09,AMD_DEL,15,Yatra,5400.0,90
2026-09-09,AMD_DEL,30,Akasa Direct,12151.0,14
2026-09-09,AMD_DEL,30,EaseMyTrip,3499.0,228
2026-09-09,AMD_DEL,30,Yatra,5802.0,150
2026-09-09,AMD_DEL,45,Akasa Direct,12495.0,14
2026-09-09,AMD_DEL,45,EaseMyTrip,3499.0,260
2026-09-09,AMD_DEL,45,Yatra,5400.0,150
2026-09-09,BLR_BOM,1,Akasa Direct,6732.0,14
2026-09-09,BLR_BOM,1,EaseMyTrip,3499.0,429
2026-09-09,BLR_BOM,1,Yatra,5400.0,150
2026-09-09,BLR_BOM,7,Akasa Direct,5761.0,14
2026-09-09,BLR_BOM,7,EaseMyTrip,3499.0,420
2026-09-09,BLR_BOM,7,Yatra,5400.0,150
2026-09-09,BLR_BOM,15,Akasa Direct,4594.0,14
2026-09-09,BLR_BOM,15,EaseMyTrip,3499.0,470
2026-09-09,BLR_BOM,15,Yatra,5295.0,150
2026-09-09,BLR_BOM,30,Akasa Direct,5138.0,14
2026-09-09,BLR_BOM,30,EaseMyTrip,3499.0,436
2026-09-09,BLR_BOM,30,Yatra,5400.0,150
2026-09-09,BLR_BOM,45,Akasa Direct,7002.0,14
2026-09-09,BLR_BOM,45,EaseMyTrip,3499.0,494
2026-09-09,BLR_BOM,45,SpiceJet Direct,7168.0,18
2026-09-09,BLR_BOM,45,Yatra,5138.0,150
2026-09-09,BLR_DEL,1,Akasa Direct,8364.0,14
2026-09-09,BLR_DEL,1,EaseMyTrip,3499.0,494
2026-09-09,BLR_DEL,1,Yatra,5400.0,150
2026-09-09,BLR_DEL,7,Akasa Direct,8364.0,14
2026-09-09,BLR_DEL,7,EaseMyTrip,3499.0,545
2026-09-09,BLR_DEL,7,Yatra,5400.0,150
2026-09-09,BLR_DEL,15,Akasa Direct,8364.0,14
2026-09-09,BLR_DEL,15,EaseMyTrip,3499.0,545
2026-09-09,BLR_DEL,15,Yatra,5400.0,150
2026-09-09,BLR_DEL,30,Akasa Direct,9587.0,28
2026-09-09,BLR_DEL,30,EaseMyTrip,3499.0,555
2026-09-09,BLR_DEL,30,Yatra,5400.0,150
2026-09-09,BLR_DEL,45,Akasa Direct,9800.0,14
2026-09-09,BLR_DEL,45,EaseMyTrip,3499.0,628
2026-09-09,BLR_DEL,45,SpiceJet Direct,12146.0,24
2026-09-09,BLR_DEL,45,Yatra,5400.0,150
2026-09-09,BLR_HYD,1,Akasa Direct,16843.0,14
2026-09-09,BLR_HYD,1,EaseMyTrip,3499.0,332
2026-09-09,BLR_HYD,1,Yatra,5400.0,150
2026-09-09,BLR_HYD,7,Akasa Direct,16218.0,14
2026-09-09,BLR_HYD,7,EaseMyTrip,3499.0,366
2026-09-09,BLR_HYD,7,Yatra,5400.0,150
2026-09-09,BLR_HYD,15,Akasa Direct,16525.0,14
2026-09-09,BLR_HYD,15,EaseMyTrip,3499.0,365
2026-09-09,BLR_HYD,15,Yatra,4553.0,150
2026-09-09,BLR_HYD,30,Akasa Direct,17803.0,14
2026-09-09,BLR_HYD,30,EaseMyTrip,3499.0,368
2026-09-09,BLR_HYD,30,Yatra,5400.0,150
2026-09-09,BLR_HYD,45,Akasa Direct,19136.0,14
2026-09-09,BLR_HYD,45,EaseMyTrip,3499.0,368
2026-09-09,BLR_HYD,45,Yatra,5078.0,150
2026-09-09,BOM_BLR,1,Akasa Direct,5456.0,14
2026-09-09,BOM_BLR,1,EaseMyTrip,3499.0,410
2026-09-09,BOM_BLR,1,Yatra,5400.0,150
2026-09-09,BOM_BLR,7,Akasa Direct,5249.0,14
2026-09-09,BOM_BLR,7,EaseMyTrip,3499.0,455
2026-09-09,BOM_BLR,7,Yatra,5400.0,150
2026-09-09,BOM_BLR,15,Akasa Direct,5050.0,14
2026-09-09,BOM_BLR,15,EaseMyTrip,3499.0,448
2026-09-09,BOM_BLR,15,Yatra,5400.0,150
2026-09-09,BOM_BLR,30,Akasa Direct,5050.0,30
2026-09-09,BOM_BLR,30,EaseMyTrip,3499.0,486
2026-09-09,BOM_BLR,30,Yatra,5261.0,150
2026-09-09,BOM_BLR,45,Akasa Direct,5673.0,30
2026-09-09,BOM_BLR,45,EaseMyTrip,3499.0,496
2026-09-09,BOM_BLR,45,SpiceJet Direct,6516.0,18
2026-09-09,BOM_BLR,45,Yatra,5400.0,150
2026-09-09,BOM_DEL,1,Akasa Direct,6523.0,14
2026-09-09,BOM_DEL,1,EaseMyTrip,3499.0,548
2026-09-09,BOM_DEL,1,SpiceJet Direct,7338.0,24
2026-09-09,BOM_DEL,1,Yatra,5400.0,150
2026-09-09,BOM_DEL,7,Akasa Direct,6523.0,14
2026-09-09,BOM_DEL,7,EaseMyTrip,3499.0,571
2026-09-09,BOM_DEL,7,SpiceJet Direct,12770.5,12
2026-09-09,BOM_DEL,7,Yatra,6562.0,50
2026-09-09,BOM_DEL,15,Akasa Direct,6523.0,14
2026-09-09,BOM_DEL,15,EaseMyTrip,3499.0,584
2026-09-09,BOM_DEL,15,SpiceJet Direct,9237.0,18
2026-09-09,BOM_DEL,15,Yatra,5400.0,150
2026-09-09,BOM_DEL,30,Akasa Direct,6523.0,14
2026-09-09,BOM_DEL,30,EaseMyTrip,3499.0,631
2026-09-09,BOM_DEL,30,SpiceJet Direct,6980.0,12
2026-09-09,BOM_DEL,30,Yatra,5400.0,150
2026-09-09,BOM_DEL,45,Akasa Direct,6641.0,14
2026-09-09,BOM_DEL,45,EaseMyTrip,3499.0,631
2026-09-09,BOM_DEL,45,SpiceJet Direct,6980.0,12
2026-09-09,BOM_DEL,45,Yatra,5400.0,150
2026-09-09,BOM_GOI,1,EaseMyTrip,3499.0,252
2026-09-09,BOM_GOI,1,Yatra,5400.0,150
2026-09-09,BOM_GOI,7,EaseMyTrip,3499.0,321
2026-09-09,BOM_GOI,7,Yatra,5400.0,150
2026-09-09,BOM_GOI,15,EaseMyTrip,3499.0,309
2026-09-09,BOM_GOI,15,Yatra,5400.0,150
2026-09-09,BOM_GOI,30,EaseMyTrip,3499.0,352
2026-09-09,BOM_GOI,30,Yatra,5400.0,150
2026-09-09,BOM_GOI,45,EaseMyTrip,3499.0,353
2026-09-09,BOM_GOI,45,Yatra,5400.0,150
2026-09-09,BOM_MAA,1,Akasa Direct,6887.5,8
2026-09-09,BOM_MAA,1,EaseMyTrip,3499.0,375
2026-09-09,BOM_MAA,1,Yatra,5400.0,150
2026-09-09,BOM_MAA,7,Akasa Direct,6604.0,12
2026-09-09,BOM_MAA,7,EaseMyTrip,3499.0,450
2026-09-09,BOM_MAA,7,Yatra,5400.0,150
2026-09-09,BOM_MAA,15,Akasa Direct,6008.0,8
2026-09-09,BOM_MAA,15,EaseMyTrip,3499.0,439
2026-09-09,BOM_MAA,15,Yatra,5400.0,150
2026-09-09,BOM_MAA,30,Akasa Direct,6575.0,18
2026-09-09,BOM_MAA,30,EaseMyTrip,3499.0,452
2026-09-09,BOM_MAA,30,Yatra,5400.0,150
2026-09-09,BOM_MAA,45,Akasa Direct,6575.0,18
2026-09-09,BOM_MAA,45,EaseMyTrip,3499.0,390
2026-09-09,BOM_MAA,45,Yatra,5400.0,150
2026-09-09,CCU_DEL,1,Akasa Direct,8181.0,14
2026-09-09,CCU_DEL,1,EaseMyTrip,3499.0,382
2026-09-09,CCU_DEL,1,Yatra,5400.0,150
2026-09-09,CCU_DEL,7,Akasa Direct,8181.0,14
2026-09-09,CCU_DEL,7,EaseMyTrip,3499.0,419
2026-09-09,CCU_DEL,7,Yatra,5400.0,150
2026-09-09,CCU_DEL,15,Akasa Direct,8181.0,14
2026-09-09,CCU_DEL,15,EaseMyTrip,3499.0,417
2026-09-09,CCU_DEL,15,Yatra,5400.0,150
2026-09-09,CCU_DEL,30,Akasa Direct,9237.0,14
2026-09-09,CCU_DEL,30,EaseMyTrip,3499.0,456
2026-09-09,CCU_DEL,30,SpiceJet Direct,8001.0,6
2026-09-09,CCU_DEL,30,Yatra,5400.0,150
2026-09-09,CCU_DEL,45,Akasa Direct,13203.0,22
2026-09-09,CCU_DEL,45,EaseMyTrip,3499.0,450
2026-09-09,CCU_DEL,45,SpiceJet Direct,13626.0,30
2026-09-09,CCU_DEL,45,Yatra,5400.0,150
2026-09-09,DEL_AMD,1,Akasa Direct,16870.5,32
2026-09-09,DEL_AMD,1,EaseMyTrip,3499.0,196
2026-09-09,DEL_AMD,1,Yatra,5400.0,132
2026-09-09,DEL_AMD,7,Akasa Direct,10257.5,32
2026-09-09,DEL_AMD,7,EaseMyTrip,3499.0,261
2026-09-09,DEL_AMD,7,Yatra,5400.0,150
2026-09-09,DEL_AMD,15,Akasa Direct,9634.0,30
2026-09-09,DEL_AMD,15,EaseMyTrip,3499.0,252
2026-09-09,DEL_AMD,15,Yatra,5400.0,150
2026-09-09,DEL_AMD,30,Akasa Direct,11352.0,14
2026-09-09,DEL_AMD,30,EaseMyTrip,3499.0,173
2026-09-09,DEL_AMD,30,Yatra,5400.0,150
2026-09-09,DEL_AMD,45,Akasa Direct,11747.0,14
2026-09-09,DEL_AMD,45,EaseMyTrip,3499.0,257
2026-09-09,DEL_AMD,45,Yatra,5400.0,150
2026-09-09,DEL_BLR,1,Akasa Direct,8829.0,14
2026-09-09,DEL_BLR,1,EaseMyTrip,3499.0,535
2026-09-09,DEL_BLR,1,Yatra,5400.0,150
2026-09-09,DEL_BLR,7,Akasa Direct,8829.0,14
2026-09-09,DEL_BLR,7,EaseMyTrip,3499.0,582
2026-09-09,DEL_BLR,7,Yatra,5400.0,150
2026-09-09,DEL_BLR,15,Akasa Direct,8829.0,14
2026-09-09,DEL_BLR,15,EaseMyTrip,3499.0,581
2026-09-09,DEL_BLR,15,Yatra,5400.0,150
2026-09-09,DEL_BLR,30,Akasa Direct,8992.0,14
2026-09-09,DEL_BLR,30,EaseMyTrip,3499.0,579
2026-09-09,DEL_BLR,30,Yatra,5400.0,150
2026-09-09,DEL_BLR,45,Akasa Direct,12326.0,26
2026-09-09,DEL_BLR,45,EaseMyTrip,3499.0,632
2026-09-09,DEL_BLR,45,SpiceJet Direct,11761.5,20
2026-09-09,DEL_BLR,45,Yatra,5400.0,150
2026-09-09,DEL_BOM,1,Akasa Direct,6530.0,14
2026-09-09,DEL_BOM,1,EaseMyTrip,3499.0,533
2026-09-09,DEL_BOM,1,SpiceJet Direct,19773.0,6
2026-09-09,DEL_BOM,1,Yatra,5400.0,150
2026-09-09,DEL_BOM,7,Akasa Direct,6530.0,14
2026-09-09,DEL_BOM,7,EaseMyTrip,3499.0,552
2026-09-09,DEL_BOM,7,SpiceJet Direct,9533.5,12
2026-09-09,DEL_BOM,7,Yatra,5400.0,150
2026-09-09,DEL_BOM,15,Akasa Direct,6530.0,14
2026-09-09,DEL_BOM,15,EaseMyTrip,3499.0,588
2026-09-09,DEL_BOM,15,SpiceJet Direct,21483.0,12
2026-09-09,DEL_BOM,15,Yatra,5400.0,150
2026-09-09,DEL_BOM,30,Akasa Direct,6530.0,14
2026-09-09,DEL_BOM,30,EaseMyTrip,3499.0,620
2026-09-09,DEL_BOM,30,SpiceJet Direct,6948.0,12
2026-09-09,DEL_BOM,30,Yatra,5400.0,150
2026-09-09,DEL_BOM,45,Akasa Direct,6851.0,34
2026-09-09,DEL_BOM,45,EaseMyTrip,3499.0,624
2026-09-09,DEL_BOM,45,SpiceJet Direct,6948.0,12
2026-09-09,DEL_BOM,45,Yatra,5400.0,150
2026-09-09,DEL_CCU,1,Akasa Direct,8056.0,24
2026-09-09,DEL_CCU,1,EaseMyTrip,3499.0,353
2026-09-09,DEL_CCU,1,Yatra,5400.0,150
2026-09-09,DEL_CCU,7,Akasa Direct,8056.0,22
2026-09-09,DEL_CCU,7,EaseMyTrip,3499.0,422
2026-09-09,DEL_CCU,7,Yatra,5400.0,150
2026-09-09,DEL_CCU,15,Akasa Direct,8056.0,22
2026-09-09,DEL_CCU,15,EaseMyTrip,3499.0,412
2026-09-09,DEL_CCU,15,Yatra,5400.0,150
2026-09-09,DEL_CCU,30,Akasa Direct,11073.0,22
2026-09-09,DEL_CCU,30,EaseMyTrip,3499.0,427
2026-09-09,DEL_CCU,30,SpiceJet Direct,12479.0,6
2026-09-09,DEL_CCU,30,Yatra,5400.0,150
2026-09-09,DEL_CCU,45,Akasa Direct,12644.0,14
2026-09-09,DEL_CCU,45,EaseMyTrip,3499.0,481
2026-09-09,DEL_CCU,45,Yatra,5400.0,150
2026-09-09,DEL_GOI,1,EaseMyTrip,3499.0,392
2026-09-09,DEL_GOI,1,Yatra,6000.0,150
2026-09-09,DEL_GOI,7,EaseMyTrip,3499.0,427
2026-09-09,DEL_GOI,7,Yatra,5400.0,150
2026-09-09,DEL_GOI,15,EaseMyTrip,3499.0,447
2026-09-09,DEL_GOI,15,Yatra,5400.0,150
2026-09-09,DEL_GOI,30,EaseMyTrip,3499.0,462
2026-09-09,DEL_GOI,30,Yatra,5400.0,150
2026-09-09,DEL_GOI,45,EaseMyTrip,3499.0,464
2026-09-09,DEL_GOI,45,Yatra,9687.0,50
2026-09-09,DEL_HYD,1,Akasa Direct,8538.0,14
2026-09-09,DEL_HYD,1,EaseMyTrip,3499.0,367
2026-09-09,DEL_HYD,1,Yatra,5400.0,150
2026-09-09,DEL_HYD,7,Akasa Direct,8090.0,14
2026-09-09,DEL_HYD,7,EaseMyTrip,3499.0,424
2026-09-09,DEL_HYD,7,Yatra,5400.0,150
2026-09-09,DEL_HYD,15,Akasa Direct,8237.0,14
2026-09-09,DEL_HYD,15,EaseMyTrip,3499.0,406
2026-09-09,DEL_HYD,15,Yatra,5400.0,150
2026-09-09,DEL_HYD,30,Akasa Direct,8538.0,14
2026-09-09,DEL_HYD,30,EaseMyTrip,3499.0,421
2026-09-09,DEL_HYD,30,Yatra,5400.0,150
2026-09-09,DEL_HYD,45,Akasa Direct,9516.0,14
2026-09-09,DEL_HYD,45,EaseMyTrip,3499.0,447
2026-09-09,DEL_HYD,45,Yatra,5400.0,150
2026-09-09,DEL_MAA,1,Akasa Direct,12806.5,8
2026-09-09,DEL_MAA,1,EaseMyTrip,3499.0,388
2026-09-09,DEL_MAA,1,Yatra,5400.0,150
2026-09-09,DEL_MAA,7,Akasa Direct,12468.0,8
2026-09-09,DEL_MAA,7,EaseMyTrip,3499.0,396
2026-09-09,DEL_MAA,7,Yatra,5400.0,150
2026-09-09,DEL_MAA,15,Akasa Direct,11927.0,10
2026-09-09,DEL_MAA,15,EaseMyTrip,3499.0,436
2026-09-09,DEL_MAA,15,Yatra,5400.0,150
2026-09-09,DEL_MAA,30,Akasa Direct,10406.0,18
2026-09-09,DEL_MAA,30,EaseMyTrip,3499.0,433
2026-09-09,DEL_MAA,30,Yatra,5400.0,150
2026-09-09,DEL_MAA,45,Akasa Direct,10789.0,14
2026-09-09,DEL_MAA,45,EaseMyTrip,3499.0,437
2026-09-09,DEL_MAA,45,Yatra,5400.0,150
2026-09-09,HYD_BLR,1,Akasa Direct,17252.0,20
2026-09-09,HYD_BLR,1,EaseMyTrip,3499.0,356
2026-09-09,HYD_BLR,1,Yatra,5400.0,150
2026-09-09,HYD_BLR,7,Akasa Direct,17570.0,14
2026-09-09,HYD_BLR,7,EaseMyTrip,3499.0,373
2026-09-09,HYD_BLR,7,Yatra,5400.0,150
2026-09-09,HYD_BLR,15,Akasa Direct,16795.0,14
2026-09-09,HYD_BLR,15,EaseMyTrip,3499.0,381
2026-09-09,HYD_BLR,15,Yatra,4682.0,150
2026-09-09,HYD_BLR,30,Akasa Direct,17096.0,14
2026-09-09,HYD_BLR,30,EaseMyTrip,3499.0,391
2026-09-09,HYD_BLR,30,Yatra,5400.0,150
2026-09-09,HYD_BLR,45,Akasa Direct,18783.0,14
2026-09-09,HYD_BLR,45,EaseMyTrip,3499.0,389
2026-09-09,HYD_BLR,45,Yatra,5400.0,150
2026-09-09,HYD_DEL,1,Akasa Direct,8209.0,14
2026-09-09,HYD_DEL,1,EaseMyTrip,3499.0,307
2026-09-09,HYD_DEL,1,Yatra,5400.0,150
2026-09-09,HYD_DEL,7,Akasa Direct,8499.0,14
2026-09-09,HYD_DEL,7,EaseMyTrip,3499.0,337
2026-09-09,HYD_DEL,7,Yatra,5400.0,150
2026-09-09,HYD_DEL,15,Akasa Direct,8352.0,14
2026-09-09,HYD_DEL,15,EaseMyTrip,3499.0,412
2026-09-09,HYD_DEL,15,Yatra,5400.0,150
2026-09-09,HYD_DEL,30,Akasa Direct,9274.0,20
2026-09-09,HYD_DEL,30,EaseMyTrip,3499.0,419
2026-09-09,HYD_DEL,30,Yatra,7647.0,50
2026-09-09,HYD_DEL,45,Akasa Direct,8800.0,14
2026-09-09,HYD_DEL,45,EaseMyTrip,3499.0,444
2026-09-09,HYD_DEL,45,Yatra,5400.0,150
2026-09-09,MAA_BOM,1,Akasa Direct,7901.5,8
2026-09-09,MAA_BOM,1,EaseMyTrip,3499.0,405
2026-09-09,MAA_BOM,1,Yatra,5400.0,150
2026-09-09,MAA_BOM,7,Akasa Direct,7015.5,8
2026-09-09,MAA_BOM,7,EaseMyTrip,3499.0,446
2026-09-09,MAA_BOM,7,Yatra,5400.0,150
2026-09-09,MAA_BOM,15,EaseMyTrip,3499.0,442
2026-09-09,MAA_BOM,15,Yatra,5400.0,150
2026-09-09,MAA_BOM,30,Akasa Direct,7061.0,18
2026-09-09,MAA_BOM,30,EaseMyTrip,3499.0,452
2026-09-09,MAA_BOM,30,Yatra,5700.0,150
2026-09-09,MAA_BOM,45,Akasa Direct,7436.0,14
2026-09-09,MAA_BOM,45,EaseMyTrip,3499.0,451
2026-09-09,MAA_BOM,45,Yatra,5400.0,150
2026-09-09,MAA_DEL,1,Akasa Direct,13813.5,8
2026-09-09,MAA_DEL,1,EaseMyTrip,3499.0,371
2026-09-09,MAA_DEL,1,Yatra,5400.0,150
2026-09-09,MAA_DEL,7,Akasa Direct,13808.5,8
2026-09-09,MAA_DEL,7,EaseMyTrip,3499.0,425
2026-09-09,MAA_DEL,7,Yatra,5400.0,150
2026-09-09,MAA_DEL,15,Akasa Direct,11592.0,8
2026-09-09,MAA_DEL,15,EaseMyTrip,3499.0,412
2026-09-09,MAA_DEL,15,Yatra,5400.0,150
2026-09-09,MAA_DEL,30,Akasa Direct,11187.0,14
2026-09-09,MAA_DEL,30,EaseMyTrip,3499.0,379
2026-09-09,MAA_DEL,30,Yatra,5400.0,150
2026-09-09,MAA_DEL,45,Akasa Direct,12864.0,14
2026-09-09,MAA_DEL,45,EaseMyTrip,3499.0,445
2026-09-09,MAA_DEL,45,Yatra,5400.0,150
2026-09-10,AMD_DEL,1,Akasa Direct,10515.0,7
2026-09-10,AMD_DEL,1,Cleartrip,9041.0,21
2026-09-10,AMD_DEL,1,EaseMyTrip,3499.0,66
2026-09-10,AMD_DEL,1,Yatra,5985.0,50
2026-09-10,AMD_DEL,7,Akasa Direct,10137.0,13
2026-09-10,AMD_DEL,7,Cleartrip,7538.0,21
2026-09-10,AMD_DEL,7,EaseMyTrip,3499.0,97
2026-09-10,AMD_DEL,7,Yatra,5795.0,30
2026-09-10,AMD_DEL,15,Akasa Direct,9632.0,7
2026-09-10,AMD_DEL,15,Cleartrip,6680.0,21
2026-09-10,AMD_DEL,15,EaseMyTrip,3499.0,106
2026-09-10,AMD_DEL,15,Yatra,5795.0,50
2026-09-10,AMD_DEL,30,Akasa Direct,12151.0,7
2026-09-10,AMD_DEL,30,Cleartrip,6456.0,21
2026-09-10,AMD_DEL,30,EaseMyTrip,3499.0,113
2026-09-10,AMD_DEL,30,Yatra,5500.0,50
2026-09-10,AMD_DEL,45,Akasa Direct,12495.0,7
2026-09-10,AMD_DEL,45,Cleartrip,7046.0,21
2026-09-10,AMD_DEL,45,EaseMyTrip,3499.0,133
2026-09-10,AMD_DEL,45,Yatra,5651.0,46
2026-09-10,BLR_BOM,1,Akasa Direct,6473.0,7
2026-09-10,BLR_BOM,1,Cleartrip,13666.0,21
2026-09-10,BLR_BOM,1,EaseMyTrip,3499.0,150
2026-09-10,BLR_BOM,1,Yatra,7338.0,50
2026-09-10,BLR_BOM,7,Akasa Direct,6473.0,16
2026-09-10,BLR_BOM,7,Cleartrip,7133.0,21
2026-09-10,BLR_BOM,7,EaseMyTrip,3499.0,235
2026-09-10,BLR_BOM,7,Yatra,5973.5,50
2026-09-10,BLR_BOM,15,Akasa Direct,4428.0,13
2026-09-10,BLR_BOM,15,Cleartrip,6473.0,21
2026-09-10,BLR_BOM,15,EaseMyTrip,3499.0,225
2026-09-10,BLR_BOM,15,Yatra,5500.0,50
2026-09-10,BLR_BOM,30,Akasa Direct,5138.0,7
2026-09-10,BLR_BOM,30,Cleartrip,6495.0,21
2026-09-10,BLR_BOM,30,EaseMyTrip,3499.0,238
2026-09-10,BLR_BOM,30,Yatra,5500.0,50
2026-09-10,BLR_BOM,45,Akasa Direct,7002.0,7
2026-09-10,BLR_BOM,45,Cleartrip,6982.0,21
2026-09-10,BLR_BOM,45,EaseMyTrip,3499.0,268
2026-09-10,BLR_BOM,45,SpiceJet Direct,7168.0,9
2026-09-10,BLR_BOM,45,Yatra,5601.0,50
2026-09-10,BLR_DEL,1,Akasa Direct,8364.0,7
2026-09-10,BLR_DEL,1,Cleartrip,13706.0,21
2026-09-10,BLR_DEL,1,EaseMyTrip,3499.0,169
2026-09-10,BLR_DEL,1,Yatra,7253.0,50
2026-09-10,BLR_DEL,7,Akasa Direct,8364.0,7
2026-09-10,BLR_DEL,7,Cleartrip,8685.0,21
2026-09-10,BLR_DEL,7,EaseMyTrip,3499.0,276
2026-09-10,BLR_DEL,7,Yatra,6900.5,50
2026-09-10,BLR_DEL,15,Akasa Direct,8364.0,7
2026-09-10,BLR_DEL,15,Cleartrip,9448.0,21
2026-09-10,BLR_DEL,15,EaseMyTrip,3499.0,259
2026-09-10,BLR_DEL,15,Yatra,6903.0,50
2026-09-10,BLR_DEL,30,Akasa Direct,9979.0,7
2026-09-10,BLR_DEL,30,Cleartrip,10039.0,21
2026-09-10,BLR_DEL,30,EaseMyTrip,3499.0,278
2026-09-10,BLR_DEL,30,Yatra,6917.0,50
2026-09-10,BLR_DEL,45,Akasa Direct,9448.0,7
2026-09-10,BLR_DEL,45,Cleartrip,9605.0,21
2026-09-10,BLR_DEL,45,EaseMyTrip,3499.0,336
2026-09-10,BLR_DEL,45,Yatra,7465.5,50
2026-09-10,BLR_HYD,1,Akasa Direct,17347.0,7
2026-09-10,BLR_HYD,1,Cleartrip,12396.0,21
2026-09-10,BLR_HYD,1,EaseMyTrip,3499.0,123
2026-09-10,BLR_HYD,1,Yatra,6633.5,50
2026-09-10,BLR_HYD,7,Akasa Direct,16525.0,7
2026-09-10,BLR_HYD,7,Cleartrip,5463.0,21
2026-09-10,BLR_HYD,7,EaseMyTrip,3499.0,188
2026-09-10,BLR_HYD,7,Yatra,5500.0,50
2026-09-10,BLR_HYD,15,Akasa Direct,17473.0,7
2026-09-10,BLR_HYD,15,Cleartrip,7224.5,14
2026-09-10,BLR_HYD,15,EaseMyTrip,3499.0,184
2026-09-10,BLR_HYD,15,Yatra,5500.0,50
2026-09-10,BLR_HYD,30,Akasa Direct,17453.0,7
2026-09-10,BLR_HYD,30,Cleartrip,6663.0,16
2026-09-10,BLR_HYD,30,EaseMyTrip,3499.0,183
2026-09-10,BLR_HYD,30,Yatra,5481.5,50
2026-09-10,BLR_HYD,45,Akasa Direct,18966.0,7
2026-09-10,BLR_HYD,45,Cleartrip,4718.0,17
2026-09-10,BLR_HYD,45,EaseMyTrip,3499.0,187
2026-09-10,BLR_HYD,45,Yatra,5481.5,50
2026-09-10,BOM_BLR,1,Akasa Direct,13984.0,13
2026-09-10,BOM_BLR,1,Cleartrip,15704.0,21
2026-09-10,BOM_BLR,1,EaseMyTrip,3499.0,140
2026-09-10,BOM_BLR,1,Yatra,8084.5,50
2026-09-10,BOM_BLR,7,Akasa Direct,6644.0,14
2026-09-10,BOM_BLR,7,Cleartrip,7062.0,21
2026-09-10,BOM_BLR,7,EaseMyTrip,3499.0,225
2026-09-10,BOM_BLR,7,Yatra,5500.0,50
2026-09-10,BOM_BLR,15,Akasa Direct,5050.0,7
2026-09-10,BOM_BLR,15,Cleartrip,6137.0,21
2026-09-10,BOM_BLR,15,EaseMyTrip,3499.0,226
2026-09-10,BOM_BLR,15,Yatra,5500.0,50
2026-09-10,BOM_BLR,30,Akasa Direct,5249.0,7
2026-09-10,BOM_BLR,30,Cleartrip,5050.0,21
2026-09-10,BOM_BLR,30,EaseMyTrip,3499.0,242
2026-09-10,BOM_BLR,30,Yatra,5500.0,50
2026-09-10,BOM_BLR,45,Akasa Direct,6385.0,13
2026-09-10,BOM_BLR,45,Cleartrip,7243.0,21
2026-09-10,BOM_BLR,45,EaseMyTrip,3499.0,261
2026-09-10,BOM_BLR,45,Yatra,5579.5,50
2026-09-10,BOM_DEL,1,Akasa Direct,6523.0,7
2026-09-10,BOM_DEL,1,Cleartrip,8689.0,21
2026-09-10,BOM_DEL,1,EaseMyTrip,3499.0,191
2026-09-10,BOM_DEL,1,Yatra,6057.0,50
2026-09-10,BOM_DEL,7,Akasa Direct,6523.0,7
2026-09-10,BOM_DEL,7,Cleartrip,6562.0,21
2026-09-10,BOM_DEL,7,EaseMyTrip,3499.0,294
2026-09-10,BOM_DEL,7,SpiceJet Direct,7784.0,9
2026-09-10,BOM_DEL,7,Yatra,5652.0,50
2026-09-10,BOM_DEL,15,Akasa Direct,6523.0,7
2026-09-10,BOM_DEL,15,Cleartrip,6562.0,21
2026-09-10,BOM_DEL,15,EaseMyTrip,3499.0,298
2026-09-10,BOM_DEL,15,SpiceJet Direct,22746.0,3
2026-09-10,BOM_DEL,15,Yatra,5661.5,50
2026-09-10,BOM_DEL,30,Akasa Direct,6523.0,7
2026-09-10,BOM_DEL,30,Cleartrip,6561.0,21
2026-09-10,BOM_DEL,30,EaseMyTrip,3499.0,284
2026-09-10,BOM_DEL,30,SpiceJet Direct,6980.0,6
2026-09-10,BOM_DEL,30,Yatra,5661.5,50
2026-09-10,BOM_DEL,45,Akasa Direct,6641.0,7
2026-09-10,BOM_DEL,45,Cleartrip,7051.0,21
2026-09-10,BOM_DEL,45,EaseMyTrip,3499.0,323
2026-09-10,BOM_DEL,45,SpiceJet Direct,6980.0,12
2026-09-10,BOM_DEL,45,Yatra,5661.5,50
2026-09-10,BOM_GOI,1,Cleartrip,18785.0,21
2026-09-10,BOM_GOI,1,EaseMyTrip,3499.0,77
2026-09-10,BOM_GOI,1,Yatra,7475.5,50
2026-09-10,BOM_GOI,7,Cleartrip,7977.0,18
2026-09-10,BOM_GOI,7,EaseMyTrip,3499.0,121
2026-09-10,BOM_GOI,7,Yatra,5609.5,50
2026-09-10,BOM_GOI,15,Cleartrip,9194.0,19
2026-09-10,BOM_GOI,15,EaseMyTrip,3499.0,156
2026-09-10,BOM_GOI,15,Yatra,5500.0,50
2026-09-10,BOM_GOI,30,Cleartrip,4488.0,21
2026-09-10,BOM_GOI,30,EaseMyTrip,3499.0,176
2026-09-10,BOM_GOI,30,Yatra,5500.0,50
2026-09-10,BOM_GOI,45,Cleartrip,4646.0,21
2026-09-10,BOM_GOI,45,EaseMyTrip,3499.0,181
2026-09-10,BOM_GOI,45,SpiceJet Direct,7004.0,3
2026-09-10,BOM_GOI,45,Yatra,5500.0,50
2026-09-10,BOM_MAA,1,Akasa Direct,6880.5,4
2026-09-10,BOM_MAA,1,Cleartrip,14306.0,21
2026-09-10,BOM_MAA,1,EaseMyTrip,3499.0,132
2026-09-10,BOM_MAA,1,Yatra,7334.5,50
2026-09-10,BOM_MAA,7,Akasa Direct,5847.0,4
2026-09-10,BOM_MAA,7,Cleartrip,7535.0,21
2026-09-10,BOM_MAA,7,EaseMyTrip,3499.0,203
2026-09-10,BOM_MAA,7,Yatra,6075.5,50
2026-09-10,BOM_MAA,15,Akasa Direct,6008.0,5
2026-09-10,BOM_MAA,15,Cleartrip,6651.0,21
2026-09-10,BOM_MAA,15,EaseMyTrip,3499.0,228
2026-09-10,BOM_MAA,15,Yatra,5754.0,50
2026-09-10,BOM_MAA,30,Akasa Direct,6575.0,9
2026-09-10,BOM_MAA,30,Cleartrip,6651.0,21
2026-09-10,BOM_MAA,30,EaseMyTrip,3499.0,232
2026-09-10,BOM_MAA,30,Yatra,5754.0,50
2026-09-10,BOM_MAA,45,Akasa Direct,6575.0,7
2026-09-10,BOM_MAA,45,Cleartrip,8171.0,21
2026-09-10,BOM_MAA,45,EaseMyTrip,3499.0,181
2026-09-10,BOM_MAA,45,Yatra,6000.0,50
2026-09-10,CCU_DEL,1,Akasa Direct,8181.0,7
2026-09-10,CCU_DEL,1,Cleartrip,9471.0,21
2026-09-10,CCU_DEL,1,EaseMyTrip,3499.0,136
2026-09-10,CCU_DEL,1,Yatra,6813.0,50
2026-09-10,CCU_DEL,7,Akasa Direct,8181.0,7
2026-09-10,CCU_DEL,7,Cleartrip,9128.0,21
2026-09-10,CCU_DEL,7,EaseMyTrip,3499.0,210
2026-09-10,CCU_DEL,7,Yatra,6638.0,50
2026-09-10,CCU_DEL,15,Akasa Direct,8181.0,7
2026-09-10,CCU_DEL,15,Cleartrip,8849.0,21
2026-09-10,CCU_DEL,15,EaseMyTrip,3499.0,212
2026-09-10,CCU_DEL,15,Yatra,6566.0,50
2026-09-10,CCU_DEL,30,Akasa Direct,8921.0,7
2026-09-10,CCU_DEL,30,Cleartrip,9112.0,21
2026-09-10,CCU_DEL,30,EaseMyTrip,3499.0,222
2026-09-10,CCU_DEL,30,SpiceJet Direct,14593.0,9
2026-09-10,CCU_DEL,30,Yatra,6315.5,50
2026-09-10,CCU_DEL,45,Akasa Direct,9567.0,7
2026-09-10,CCU_DEL,45,Cleartrip,11097.0,21
2026-09-10,CCU_DEL,45,EaseMyTrip,3499.0,239
2026-09-10,CCU_DEL,45,SpiceJet Direct,13622.0,3
2026-09-10,CCU_DEL,45,Yatra,7272.5,50
2026-09-10,DEL_AMD,1,Akasa Direct,11524.0,7
2026-09-10,DEL_AMD,1,Cleartrip,13146.0,21
2026-09-10,DEL_AMD,1,EaseMyTrip,3499.0,78
2026-09-10,DEL_AMD,1,Yatra,5863.5,46
2026-09-10,DEL_AMD,7,Akasa Direct,9590.0,7
2026-09-10,DEL_AMD,7,Cleartrip,6581.0,21
2026-09-10,DEL_AMD,7,EaseMyTrip,3499.0,123
2026-09-10,DEL_AMD,7,Yatra,5545.0,50
2026-09-10,DEL_AMD,15,Akasa Direct,9590.0,7
2026-09-10,DEL_AMD,15,Cleartrip,6111.0,18
2026-09-10,DEL_AMD,15,EaseMyTrip,3499.0,122
2026-09-10,DEL_AMD,15,Yatra,5545.0,50
2026-09-10,DEL_AMD,30,Akasa Direct,11352.0,7
2026-09-10,DEL_AMD,30,Cleartrip,5956.0,19
2026-09-10,DEL_AMD,30,EaseMyTrip,3499.0,119
2026-09-10,DEL_AMD,30,Yatra,5500.0,50
2026-09-10,DEL_AMD,45,Akasa Direct,11747.0,7
2026-09-10,DEL_AMD,45,Cleartrip,8073.0,17
2026-09-10,DEL_AMD,45,EaseMyTrip,3499.0,138
2026-09-10,DEL_AMD,45,Yatra,5682.5,50
2026-09-10,DEL_BLR,1,Akasa Direct,8829.0,7
2026-09-10,DEL_BLR,1,Cleartrip,9300.0,21
2026-09-10,DEL_BLR,1,EaseMyTrip,3499.0,201
2026-09-10,DEL_BLR,1,Yatra,6995.5,50
2026-09-10,DEL_BLR,7,Akasa Direct,8829.0,7
2026-09-10,DEL_BLR,7,Cleartrip,8829.0,21
2026-09-10,DEL_BLR,7,EaseMyTrip,3499.0,286
2026-09-10,DEL_BLR,7,Yatra,8584.0,47
2026-09-10,DEL_BLR,15,Akasa Direct,8829.0,7
2026-09-10,DEL_BLR,15,Cleartrip,9028.0,21
2026-09-10,DEL_BLR,15,EaseMyTrip,3499.0,287
2026-09-10,DEL_BLR,15,Yatra,7042.0,50
2026-09-10,DEL_BLR,30,Akasa Direct,8992.0,7
2026-09-10,DEL_BLR,30,Cleartrip,9286.0,21
2026-09-10,DEL_BLR,30,EaseMyTrip,3499.0,288
2026-09-10,DEL_BLR,30,Yatra,6972.0,50
2026-09-10,DEL_BLR,45,Akasa Direct,10042.0,7
2026-09-10,DEL_BLR,45,Cleartrip,10077.0,21
2026-09-10,DEL_BLR,45,EaseMyTrip,3499.0,349
2026-09-10,DEL_BLR,45,Yatra,7297.5,50
2026-09-10,DEL_BOM,1,Akasa Direct,6530.0,7
2026-09-10,DEL_BOM,1,Cleartrip,6688.0,21
2026-09-10,DEL_BOM,1,EaseMyTrip,3499.0,188
2026-09-10,DEL_BOM,1,Yatra,5797.5,50
2026-09-10,DEL_BOM,7,Akasa Direct,6530.0,17
2026-09-10,DEL_BOM,7,Cleartrip,6530.0,21
2026-09-10,DEL_BOM,7,EaseMyTrip,3499.0,279
2026-09-10,DEL_BOM,7,SpiceJet Direct,15028.5,6
2026-09-10,DEL_BOM,7,Yatra,5881.0,50
2026-09-10,DEL_BOM,15,Akasa Direct,6530.0,7
2026-09-10,DEL_BOM,15,Cleartrip,6530.0,21
2026-09-10,DEL_BOM,15,EaseMyTrip,3499.0,298
2026-09-10,DEL_BOM,15,SpiceJet Direct,21483.0,6
2026-09-10,DEL_BOM,15,Yatra,5930.0,50
2026-09-10,DEL_BOM,30,Akasa Direct,6530.0,7
2026-09-10,DEL_BOM,30,Cleartrip,6530.0,21
2026-09-10,DEL_BOM,30,EaseMyTrip,3499.0,295
2026-09-10,DEL_BOM,30,SpiceJet Direct,6948.0,6
2026-09-10,DEL_BOM,30,Yatra,5740.5,50
2026-09-10,DEL_BOM,45,Akasa Direct,6851.0,7
2026-09-10,DEL_BOM,45,Cleartrip,7019.0,21
2026-09-10,DEL_BOM,45,EaseMyTrip,3499.0,339
2026-09-10,DEL_BOM,45,SpiceJet Direct,6948.0,12
2026-09-10,DEL_BOM,45,Yatra,5667.0,50
2026-09-10,DEL_CCU,1,Akasa Direct,7909.0,7
2026-09-10,DEL_CCU,1,Cleartrip,8958.0,21
2026-09-10,DEL_CCU,1,EaseMyTrip,3499.0,143
2026-09-10,DEL_CCU,1,Yatra,6505.5,50
2026-09-10,DEL_CCU,7,Akasa Direct,7909.0,7
2026-09-10,DEL_CCU,7,Cleartrip,7691.0,21
2026-09-10,DEL_CCU,7,EaseMyTrip,3499.0,205
2026-09-10,DEL_CCU,7,Yatra,6438.0,50
2026-09-10,DEL_CCU,15,Akasa Direct,8056.0,7
2026-09-10,DEL_CCU,15,Cleartrip,7691.0,21
2026-09-10,DEL_CCU,15,EaseMyTrip,3499.0,214
2026-09-10,DEL_CCU,15,Yatra,6438.0,50
2026-09-10,DEL_CCU,30,Akasa Direct,10866.0,7
2026-09-10,DEL_CCU,30,Cleartrip,8783.0,21
2026-09-10,DEL_CCU,30,EaseMyTrip,3499.0,225
2026-09-10,DEL_CCU,30,SpiceJet Direct,14334.0,9
2026-09-10,DEL_CCU,30,Yatra,6505.5,50
2026-09-10,DEL_CCU,45,Akasa Direct,16171.0,11
2026-09-10,DEL_CCU,45,Cleartrip,14520.0,21
2026-09-10,DEL_CCU,45,EaseMyTrip,3499.0,227
2026-09-10,DEL_CCU,45,SpiceJet Direct,13366.0,3
2026-09-10,DEL_CCU,45,Yatra,8109.5,50
2026-09-10,DEL_GOI,1,Cleartrip,18383.0,21
2026-09-10,DEL_GOI,1,EaseMyTrip,3499.0,140
2026-09-10,DEL_GOI,1,Yatra,9043.5,50
2026-09-10,DEL_GOI,7,Cleartrip,9687.0,21
2026-09-10,DEL_GOI,7,EaseMyTrip,3499.0,222
2026-09-10,DEL_GOI,7,Yatra,6739.5,50
2026-09-10,DEL_GOI,15,Cleartrip,10108.0,21
2026-09-10,DEL_GOI,15,EaseMyTrip,3499.0,226
2026-09-10,DEL_GOI,15,Yatra,7448.5,50
2026-09-10,DEL_GOI,30,Cleartrip,8368.0,21
2026-09-10,DEL_GOI,30,EaseMyTrip,3499.0,223
2026-09-10,DEL_GOI,30,Yatra,6303.0,50
2026-09-10,DEL_GOI,45,Cleartrip,8578.0,21
2026-09-10,DEL_GOI,45,EaseMyTrip,3499.0,251
2026-09-10,DEL_GOI,45,SpiceJet Direct,13885.0,6
2026-09-10,DEL_GOI,45,Yatra,6303.0,50
2026-09-10,DEL_HYD,1,Akasa Direct,8385.0,7
2026-09-10,DEL_HYD,1,Cleartrip,8930.0,21
2026-09-10,DEL_HYD,1,EaseMyTrip,3499.0,148
2026-09-10,DEL_HYD,1,Yatra,6712.5,50
2026-09-10,DEL_HYD,7,Akasa Direct,8385.0,7
2026-09-10,DEL_HYD,7,Cleartrip,8199.0,21
2026-09-10,DEL_HYD,7,EaseMyTrip,3499.0,210
2026-09-10,DEL_HYD,7,Yatra,6712.5,50
2026-09-10,DEL_HYD,15,Akasa Direct,8090.0,7
2026-09-10,DEL_HYD,15,Cleartrip,8184.0,21
2026-09-10,DEL_HYD,15,EaseMyTrip,3499.0,178
2026-09-10,DEL_HYD,15,Yatra,6712.5,50
2026-09-10,DEL_HYD,30,Akasa Direct,8538.0,7
2026-09-10,DEL_HYD,30,Cleartrip,8067.0,21
2026-09-10,DEL_HYD,30,EaseMyTrip,3499.0,216
2026-09-10,DEL_HYD,30,Yatra,6723.5,50
2026-09-10,DEL_HYD,45,Akasa Direct,9690.0,10
2026-09-10,DEL_HYD,45,Cleartrip,8694.0,21
2026-09-10,DEL_HYD,45,EaseMyTrip,3499.0,234
2026-09-10,DEL_HYD,45,Yatra,6597.5,50
2026-09-10,DEL_MAA,1,Akasa Direct,12332.0,4
2026-09-10,DEL_MAA,1,Cleartrip,13829.0,16
2026-09-10,DEL_MAA,1,EaseMyTrip,3499.0,141
2026-09-10,DEL_MAA,1,Yatra,7542.5,50
2026-09-10,DEL_MAA,7,Akasa Direct,12609.5,4
2026-09-10,DEL_MAA,7,Cleartrip,10477.0,17
2026-09-10,DEL_MAA,7,EaseMyTrip,3499.0,220
2026-09-10,DEL_MAA,7,Yatra,6937.5,50
2026-09-10,DEL_MAA,15,Akasa Direct,11927.0,5
2026-09-10,DEL_MAA,15,Cleartrip,11676.0,16
2026-09-10,DEL_MAA,15,EaseMyTrip,3499.0,216
2026-09-10,DEL_MAA,15,Yatra,6937.5,50
2026-09-10,DEL_MAA,30,Akasa Direct,10406.0,7
2026-09-10,DEL_MAA,30,Cleartrip,9920.0,21
2026-09-10,DEL_MAA,30,EaseMyTrip,3499.0,226
2026-09-10,DEL_MAA,30,Yatra,9999.0,26
2026-09-10,DEL_MAA,45,Akasa Direct,10789.0,7
2026-09-10,DEL_MAA,45,Cleartrip,9920.0,21
2026-09-10,DEL_MAA,45,EaseMyTrip,3499.0,231
2026-09-10,DEL_MAA,45,Yatra,7192.0,50
2026-09-10,HYD_BLR,1,Akasa Direct,17252.0,7
2026-09-10,HYD_BLR,1,Cleartrip,14851.0,21
2026-09-10,HYD_BLR,1,EaseMyTrip,3499.0,108
2026-09-10,HYD_BLR,1,Yatra,14507.0,25
2026-09-10,HYD_BLR,7,Akasa Direct,17735.0,7
2026-09-10,HYD_BLR,7,Cleartrip,5437.0,21
2026-09-10,HYD_BLR,7,EaseMyTrip,3499.0,190
2026-09-10,HYD_BLR,7,Yatra,5500.0,50
2026-09-10,HYD_BLR,15,Akasa Direct,16958.0,7
2026-09-10,HYD_BLR,15,Cleartrip,8440.5,14
2026-09-10,HYD_BLR,15,EaseMyTrip,3499.0,188
2026-09-10,HYD_BLR,15,Yatra,5500.0,50
2026-09-10,HYD_BLR,30,Akasa Direct,17571.0,7
2026-09-10,HYD_BLR,30,Cleartrip,6344.5,16
2026-09-10,HYD_BLR,30,EaseMyTrip,3499.0,192
2026-09-10,HYD_BLR,30,Yatra,5500.0,50
2026-09-10,HYD_BLR,45,Akasa Direct,18783.0,7
2026-09-10,HYD_BLR,45,Cleartrip,7155.0,17
2026-09-10,HYD_BLR,45,EaseMyTrip,3499.0,184
2026-09-10,HYD_BLR,45,Yatra,5500.0,50
2026-09-10,HYD_DEL,1,Akasa Direct,8647.0,7
2026-09-10,HYD_DEL,1,Cleartrip,8464.0,21
2026-09-10,HYD_DEL,1,EaseMyTrip,3499.0,135
2026-09-10,HYD_DEL,1,Yatra,6594.0,50
2026-09-10,HYD_DEL,7,Akasa Direct,8499.0,7
2026-09-10,HYD_DEL,7,Cleartrip,7778.0,21
2026-09-10,HYD_DEL,7,EaseMyTrip,3499.0,207
2026-09-10,HYD_DEL,7,Yatra,6534.0,50
2026-09-10,HYD_DEL,15,Akasa Direct,7930.0,7
2026-09-10,HYD_DEL,15,Cleartrip,7778.0,21
2026-09-10,HYD_DEL,15,EaseMyTrip,3499.0,213
2026-09-10,HYD_DEL,15,Yatra,6534.0,50
2026-09-10,HYD_DEL,30,Akasa Direct,9112.0,7
2026-09-10,HYD_DEL,30,Cleartrip,9037.0,21
2026-09-10,HYD_DEL,30,EaseMyTrip,3499.0,213
2026-09-10,HYD_DEL,30,Yatra,7184.0,50
2026-09-10,HYD_DEL,45,Akasa Direct,8800.0,7
2026-09-10,HYD_DEL,45,Cleartrip,7778.0,21
2026-09-10,HYD_DEL,45,EaseMyTrip,3499.0,237
2026-09-10,HYD_DEL,45,Yatra,6534.0,50
2026-09-10,MAA_BOM,1,Akasa Direct,8191.5,4
2026-09-10,MAA_BOM,1,Cleartrip,15374.0,17
2026-09-10,MAA_BOM,1,EaseMyTrip,3499.0,129
2026-09-10,MAA_BOM,1,Yatra,7448.5,50
2026-09-10,MAA_BOM,7,Akasa Direct,7061.0,4
2026-09-10,MAA_BOM,7,Cleartrip,9400.0,17
2026-09-10,MAA_BOM,7,EaseMyTrip,3499.0,223
2026-09-10,MAA_BOM,7,Yatra,6445.0,50
2026-09-10,MAA_BOM,15,Akasa Direct,7061.0,5
2026-09-10,MAA_BOM,15,Cleartrip,7984.0,18
2026-09-10,MAA_BOM,15,EaseMyTrip,3499.0,224
2026-09-10,MAA_BOM,15,Yatra,6280.5,50
2026-09-10,MAA_BOM,30,Akasa Direct,7061.0,7
2026-09-10,MAA_BOM,30,Cleartrip,7540.0,21
2026-09-10,MAA_BOM,30,EaseMyTrip,3499.0,227
2026-09-10,MAA_BOM,30,Yatra,6201.5,50
2026-09-10,MAA_BOM,45,Akasa Direct,7566.0,7
2026-09-10,MAA_BOM,45,Cleartrip,8010.0,21
2026-09-10,MAA_BOM,45,EaseMyTrip,3499.0,159
2026-09-10,MAA_BOM,45,Yatra,6445.0,50
2026-09-10,MAA_DEL,1,Akasa Direct,14103.5,4
2026-09-10,MAA_DEL,1,Cleartrip,13356.0,21
2026-09-10,MAA_DEL,1,EaseMyTrip,3499.0,122
2026-09-10,MAA_DEL,1,Yatra,8050.0,50
2026-09-10,MAA_DEL,7,Cleartrip,10535.0,21
2026-09-10,MAA_DEL,7,EaseMyTrip,3499.0,201
2026-09-10,MAA_DEL,7,Yatra,7322.0,50
2026-09-10,MAA_DEL,15,Akasa Direct,11187.0,7
2026-09-10,MAA_DEL,15,Cleartrip,10614.0,21
2026-09-10,MAA_DEL,15,EaseMyTrip,3499.0,214
2026-09-10,MAA_DEL,15,Yatra,8017.5,50
2026-09-10,MAA_DEL,30,Akasa Direct,11187.0,7
2026-09-10,MAA_DEL,30,Cleartrip,9988.0,21
2026-09-10,MAA_DEL,30,EaseMyTrip,3499.0,203
2026-09-10,MAA_DEL,30,Yatra,7550.5,50
2026-09-10,MAA_DEL,45,Akasa Direct,12864.0,7
2026-09-10,MAA_DEL,45,Cleartrip,9778.0,21
2026-09-10,MAA_DEL,45,EaseMyTrip,3499.0,192
2026-09-10,MAA_DEL,45,Yatra,7663.0,50
2026-09-11,AMD_DEL,1,Akasa Direct,10324.0,7
2026-09-11,AMD_DEL,1,Cleartrip,9041.0,21
2026-09-11,AMD_DEL,1,EaseMyTrip,3499.0,68
2026-09-11,AMD_DEL,1,Yatra,6090.0,32
2026-09-11,AMD_DEL,7,Akasa Direct,9795.0,7
2026-09-11,AMD_DEL,7,Cleartrip,6890.0,21
2026-09-11,AMD_DEL,7,EaseMyTrip,3499.0,114
2026-09-11,AMD_DEL,7,Yatra,5795.0,50
2026-09-11,AMD_DEL,15,Akasa Direct,9795.0,7
2026-09-11,AMD_DEL,15,Cleartrip,6836.0,21
2026-09-11,AMD_DEL,15,EaseMyTrip,3499.0,114
2026-09-11,AMD_DEL,15,Yatra,5795.0,32
2026-09-11,AMD_DEL,30,Akasa Direct,11151.0,7
2026-09-11,AMD_DEL,30,Cleartrip,6698.0,21
2026-09-11,AMD_DEL,30,EaseMyTrip,3499.0,112
2026-09-11,AMD_DEL,30,Yatra,5795.0,46
2026-09-11,AMD_DEL,45,Akasa Direct,12495.0,7
2026-09-11,AMD_DEL,45,Cleartrip,6890.0,21
2026-09-11,AMD_DEL,45,EaseMyTrip,3499.0,130
2026-09-11,AMD_DEL,45,SpiceJet Direct,6785.0,3
2026-09-11,AMD_DEL,45,Yatra,5651.0,44
2026-09-11,BLR_BOM,1,Akasa Direct,6732.0,7
2026-09-11,BLR_BOM,1,Cleartrip,7803.0,21
2026-09-11,BLR_BOM,1,EaseMyTrip,3499.0,200
2026-09-11,BLR_BOM,1,Yatra,6385.0,50
2026-09-11,BLR_BOM,7,Akasa Direct,4594.0,7
2026-09-11,BLR_BOM,7,Cleartrip,6982.0,21
2026-09-11,BLR_BOM,7,EaseMyTrip,3499.0,210
2026-09-11,BLR_BOM,7,Yatra,5567.0,50
2026-09-11,BLR_BOM,15,Akasa Direct,4428.0,7
2026-09-11,BLR_BOM,15,Cleartrip,5634.0,21
2026-09-11,BLR_BOM,15,EaseMyTrip,3499.0,238
2026-09-11,BLR_BOM,15,Yatra,5500.0,50
2026-09-11,BLR_BOM,30,Akasa Direct,5138.0,7
2026-09-11,BLR_BOM,30,Cleartrip,5337.0,21
2026-09-11,BLR_BOM,30,EaseMyTrip,3499.0,231
2026-09-11,BLR_BOM,30,Yatra,5500.0,50
2026-09-11,BLR_BOM,45,Akasa Direct,6732.0,7
2026-09-11,BLR_BOM,45,Cleartrip,6982.0,21
2026-09-11,BLR_BOM,45,EaseMyTrip,3499.0,229
2026-09-11,BLR_BOM,45,SpiceJet Direct,7168.0,9
2026-09-11,BLR_BOM,45,Yatra,5500.0,50
2026-09-11,BLR_DEL,1,Akasa Direct,8364.0,7
2026-09-11,BLR_DEL,1,Cleartrip,10039.0,21
2026-09-11,BLR_DEL,1,EaseMyTrip,3499.0,217
2026-09-11,BLR_DEL,1,Yatra,7160.0,50
2026-09-11,BLR_DEL,7,Akasa Direct,8364.0,7
2026-09-11,BLR_DEL,7,Cleartrip,9306.0,21
2026-09-11,BLR_DEL,7,EaseMyTrip,3499.0,282
2026-09-11,BLR_DEL,7,Yatra,7154.5,50
2026-09-11,BLR_DEL,15,Akasa Direct,8364.0,7
2026-09-11,BLR_DEL,15,Cleartrip,9777.0,21
2026-09-11,BLR_DEL,15,EaseMyTrip,3499.0,271
2026-09-11,BLR_DEL,15,Yatra,6984.0,50
2026-09-11,BLR_DEL,30,Cleartrip,9605.0,21
2026-09-11,BLR_DEL,30,EaseMyTrip,3499.0,264
2026-09-11,BLR_DEL,30,Yatra,7084.5,50
2026-09-11,BLR_DEL,45,Cleartrip,9605.0,21
2026-09-11,BLR_DEL,45,EaseMyTrip,3499.0,347
2026-09-11,BLR_DEL,45,Yatra,7084.5,50
2026-09-11,BLR_HYD,1,Cleartrip,7935.0,21
2026-09-11,BLR_HYD,1,EaseMyTrip,3499.0,160
2026-09-11,BLR_HYD,1,Yatra,6215.0,50
2026-09-11,BLR_HYD,7,Akasa Direct,16218.0,7
2026-09-11,BLR_HYD,7,Cleartrip,6543.0,21
2026-09-11,BLR_HYD,7,EaseMyTrip,3499.0,180
2026-09-11,BLR_HYD,7,Yatra,5500.0,50
2026-09-11,BLR_HYD,15,Akasa Direct,16683.0,7
2026-09-11,BLR_HYD,15,Cleartrip,5463.0,21
2026-09-11,BLR_HYD,15,EaseMyTrip,3499.0,186
2026-09-11,BLR_HYD,15,Yatra,5481.5,50
2026-09-11,BLR_HYD,30,Akasa Direct,17984.0,7
2026-09-11,BLR_HYD,30,Cleartrip,5793.0,21
2026-09-11,BLR_HYD,30,EaseMyTrip,3499.0,178
2026-09-11,BLR_HYD,30,Yatra,5481.5,50
2026-09-11,BLR_HYD,45,Akasa Direct,19145.0,7
2026-09-11,BLR_HYD,45,Cleartrip,4592.0,17
2026-09-11,BLR_HYD,45,EaseMyTrip,3499.0,187
2026-09-11,BLR_HYD,45,Yatra,5481.5,50
2026-09-11,BOM_BLR,1,Akasa Direct,6137.0,7
2026-09-11,BOM_BLR,1,Cleartrip,7916.0,21
2026-09-11,BOM_BLR,1,EaseMyTrip,3499.0,185
2026-09-11,BOM_BLR,1,Yatra,6437.0,50
2026-09-11,BOM_BLR,7,Akasa Direct,5456.0,7
2026-09-11,BOM_BLR,7,Cleartrip,6914.0,21
2026-09-11,BOM_BLR,7,EaseMyTrip,3499.0,237
2026-09-11,BOM_BLR,7,Yatra,5500.0,50
2026-09-11,BOM_BLR,15,Akasa Direct,5050.0,7
2026-09-11,BOM_BLR,15,Cleartrip,7062.0,21
2026-09-11,BOM_BLR,15,EaseMyTrip,3499.0,217
2026-09-11,BOM_BLR,15,Yatra,5500.0,50
2026-09-11,BOM_BLR,30,Akasa Direct,5050.0,7
2026-09-11,BOM_BLR,30,Cleartrip,7377.0,21
2026-09-11,BOM_BLR,30,EaseMyTrip,3499.0,235
2026-09-11,BOM_BLR,30,Yatra,5500.0,50
2026-09-11,BOM_BLR,45,Akasa Direct,5456.0,7
2026-09-11,BOM_BLR,45,Cleartrip,6972.0,21
2026-09-11,BOM_BLR,45,EaseMyTrip,3499.0,256
2026-09-11,BOM_BLR,45,SpiceJet Direct,6939.0,9
2026-09-11,BOM_BLR,45,Yatra,5500.0,50
2026-09-11,BOM_DEL,1,Akasa Direct,6523.0,7
2026-09-11,BOM_DEL,1,Cleartrip,6786.0,21
2026-09-11,BOM_DEL,1,EaseMyTrip,3499.0,244
2026-09-11,BOM_DEL,1,Yatra,6031.0,50
2026-09-11,BOM_DEL,7,Cleartrip,6562.0,21
2026-09-11,BOM_DEL,7,EaseMyTrip,3499.0,293
2026-09-11,BOM_DEL,7,SpiceJet Direct,22746.0,3
2026-09-11,BOM_DEL,7,Yatra,5873.5,50
2026-09-11,BOM_DEL,15,Cleartrip,6562.0,21
2026-09-11,BOM_DEL,15,EaseMyTrip,3499.0,275
2026-09-11,BOM_DEL,15,Yatra,5753.5,50
2026-09-11,BOM_DEL,30,Cleartrip,6561.0,21
2026-09-11,BOM_DEL,30,EaseMyTrip,3499.0,297
2026-09-11,BOM_DEL,30,SpiceJet Direct,6980.0,6
2026-09-11,BOM_DEL,30,Yatra,5996.0,50
2026-09-11,BOM_DEL,45,Akasa Direct,6641.0,7
2026-09-11,BOM_DEL,45,Cleartrip,7051.0,21
2026-09-11,BOM_DEL,45,EaseMyTrip,3499.0,329
2026-09-11,BOM_DEL,45,SpiceJet Direct,6980.0,12
2026-09-11,BOM_DEL,45,Yatra,5996.5,50
2026-09-11,BOM_GOI,1,Cleartrip,14865.0,21
2026-09-11,BOM_GOI,1,EaseMyTrip,3499.0,116
2026-09-11,BOM_GOI,1,Yatra,7475.5,50
2026-09-11,BOM_GOI,7,Cleartrip,7477.0,21
2026-09-11,BOM_GOI,7,EaseMyTrip,3499.0,154
2026-09-11,BOM_GOI,7,Yatra,5609.5,50
2026-09-11,BOM_GOI,15,Cleartrip,8197.0,21
2026-09-11,BOM_GOI,15,EaseMyTrip,3499.0,163
2026-09-11,BOM_GOI,15,Yatra,5500.0,50
2026-09-11,BOM_GOI,30,Cleartrip,4301.5,20
2026-09-11,BOM_GOI,30,EaseMyTrip,3499.0,172
2026-09-11,BOM_GOI,30,Yatra,5500.0,50
2026-09-11,BOM_GOI,45,Cleartrip,4909.0,21
2026-09-11,BOM_GOI,45,EaseMyTrip,3499.0,164
2026-09-11,BOM_GOI,45,SpiceJet Direct,7004.0,3
2026-09-11,BOM_GOI,45,Yatra,5500.0,50
2026-09-11,BOM_MAA,1,Akasa Direct,6413.0,4
2026-09-11,BOM_MAA,1,Cleartrip,10420.0,21
2026-09-11,BOM_MAA,1,EaseMyTrip,3499.0,162
2026-09-11,BOM_MAA,1,Yatra,7002.0,50
2026-09-11,BOM_MAA,7,Akasa Direct,5897.5,4
2026-09-11,BOM_MAA,7,Cleartrip,6651.0,21
2026-09-11,BOM_MAA,7,EaseMyTrip,3499.0,192
2026-09-11,BOM_MAA,7,Yatra,5500.0,50
2026-09-11,BOM_MAA,15,Akasa Direct,6008.0,5
2026-09-11,BOM_MAA,15,Cleartrip,6651.0,21
2026-09-11,BOM_MAA,15,EaseMyTrip,3499.0,215
2026-09-11,BOM_MAA,15,Yatra,5880.0,50
2026-09-11,BOM_MAA,30,Akasa Direct,6575.0,7
2026-09-11,BOM_MAA,30,Cleartrip,6651.0,21
2026-09-11,BOM_MAA,30,EaseMyTrip,3499.0,212
2026-09-11,BOM_MAA,30,Yatra,5864.5,50
2026-09-11,BOM_MAA,45,Akasa Direct,6575.0,7
2026-09-11,BOM_MAA,45,Cleartrip,6937.0,21
2026-09-11,BOM_MAA,45,EaseMyTrip,3499.0,187
2026-09-11,BOM_MAA,45,Yatra,6000.0,50
2026-09-11,CCU_DEL,1,Akasa Direct,8921.0,11
2026-09-11,CCU_DEL,1,Cleartrip,8849.0,21
2026-09-11,CCU_DEL,1,EaseMyTrip,3499.0,164
2026-09-11,CCU_DEL,1,SpiceJet Direct,23205.0,3
2026-09-11,CCU_DEL,1,Yatra,7047.5,50
2026-09-11,CCU_DEL,7,Akasa Direct,8181.0,7
2026-09-11,CCU_DEL,7,Cleartrip,8342.0,21
2026-09-11,CCU_DEL,7,EaseMyTrip,3499.0,210
2026-09-11,CCU_DEL,7,Yatra,6662.5,50
2026-09-11,CCU_DEL,15,Akasa Direct,8181.0,7
2026-09-11,CCU_DEL,15,Cleartrip,8849.0,21
2026-09-11,CCU_DEL,15,EaseMyTrip,3499.0,199
2026-09-11,CCU_DEL,15,SpiceJet Direct,21793.0,3
2026-09-11,CCU_DEL,15,Yatra,6662.5,50
2026-09-11,CCU_DEL,30,Akasa Direct,10829.0,7
2026-09-11,CCU_DEL,30,Cleartrip,9237.0,21
2026-09-11,CCU_DEL,30,EaseMyTrip,3499.0,233
2026-09-11,CCU_DEL,30,SpiceJet Direct,14593.0,9
2026-09-11,CCU_DEL,30,Yatra,6211.5,50
2026-09-11,CCU_DEL,45,Cleartrip,9858.0,21
2026-09-11,CCU_DEL,45,EaseMyTrip,3499.0,232
2026-09-11,CCU_DEL,45,SpiceJet Direct,12734.0,3
2026-09-11,CCU_DEL,45,Yatra,6723.5,50
2026-09-11,DEL_AMD,1,Akasa Direct,11524.0,7
2026-09-11,DEL_AMD,1,Cleartrip,7211.0,21
2026-09-11,DEL_AMD,1,EaseMyTrip,3499.0,98
2026-09-11,DEL_AMD,1,Yatra,5858.0,48
2026-09-11,DEL_AMD,7,Akasa Direct,9723.0,7
2026-09-11,DEL_AMD,7,Cleartrip,6695.0,21
2026-09-11,DEL_AMD,7,EaseMyTrip,3499.0,110
2026-09-11,DEL_AMD,7,Yatra,5545.0,50
2026-09-11,DEL_AMD,15,Akasa Direct,9863.0,7
2026-09-11,DEL_AMD,15,Cleartrip,6581.0,21
2026-09-11,DEL_AMD,15,EaseMyTrip,3499.0,132
2026-09-11,DEL_AMD,15,Yatra,5545.0,50
2026-09-11,DEL_AMD,30,Akasa Direct,10332.0,7
2026-09-11,DEL_AMD,30,Cleartrip,6791.0,21
2026-09-11,DEL_AMD,30,EaseMyTrip,3499.0,103
2026-09-11,DEL_AMD,30,Yatra,5545.0,46
2026-09-11,DEL_AMD,45,Akasa Direct,11502.0,7
2026-09-11,DEL_AMD,45,Cleartrip,7736.0,18
2026-09-11,DEL_AMD,45,EaseMyTrip,3499.0,140
2026-09-11,DEL_AMD,45,SpiceJet Direct,6988.0,3
2026-09-11,DEL_AMD,45,Yatra,5682.5,50
2026-09-11,DEL_BLR,1,Akasa Direct,8829.0,7
2026-09-11,DEL_BLR,1,Cleartrip,9286.0,21
2026-09-11,DEL_BLR,1,EaseMyTrip,3499.0,245
2026-09-11,DEL_BLR,1,Yatra,7164.5,50
2026-09-11,DEL_BLR,7,Akasa Direct,8829.0,7
2026-09-11,DEL_BLR,7,Cleartrip,8829.0,21
2026-09-11,DEL_BLR,7,EaseMyTrip,3499.0,290
2026-09-11,DEL_BLR,7,Yatra,7164.5,50
2026-09-11,DEL_BLR,15,Akasa Direct,8829.0,7
2026-09-11,DEL_BLR,15,Cleartrip,9286.0,21
2026-09-11,DEL_BLR,15,EaseMyTrip,3499.0,284
2026-09-11,DEL_BLR,15,Yatra,7146.0,50
2026-09-11,DEL_BLR,30,Akasa Direct,8829.0,7
2026-09-11,DEL_BLR,30,Cleartrip,9685.0,21
2026-09-11,DEL_BLR,30,EaseMyTrip,3499.0,291
2026-09-11,DEL_BLR,30,Yatra,7164.5,50
2026-09-11,DEL_BLR,45,Akasa Direct,9328.0,7
2026-09-11,DEL_BLR,45,Cleartrip,10077.0,21
2026-09-11,DEL_BLR,45,EaseMyTrip,3499.0,358
2026-09-11,DEL_BLR,45,SpiceJet Direct,11621.0,11
2026-09-11,DEL_BLR,45,Yatra,7458.5,50
2026-09-11,DEL_BOM,1,Cleartrip,6530.0,21
2026-09-11,DEL_BOM,1,EaseMyTrip,3499.0,241
2026-09-11,DEL_BOM,1,SpiceJet Direct,19773.0,3
2026-09-11,DEL_BOM,1,Yatra,5984.5,50
2026-09-11,DEL_BOM,7,Cleartrip,6530.0,21
2026-09-11,DEL_BOM,7,EaseMyTrip,3499.0,296
2026-09-11,DEL_BOM,7,SpiceJet Direct,22721.0,3
2026-09-11,DEL_BOM,7,Yatra,5881.0,50
2026-09-11,DEL_BOM,15,Cleartrip,6530.0,21
2026-09-11,DEL_BOM,15,EaseMyTrip,3499.0,289
2026-09-11,DEL_BOM,15,SpiceJet Direct,8310.0,3
2026-09-11,DEL_BOM,15,Yatra,5930.0,50
2026-09-11,DEL_BOM,30,Akasa Direct,6530.0,7
2026-09-11,DEL_BOM,30,Cleartrip,6530.0,21
2026-09-11,DEL_BOM,30,EaseMyTrip,3499.0,294
2026-09-11,DEL_BOM,30,SpiceJet Direct,6948.0,6
2026-09-11,DEL_BOM,30,Yatra,5980.5,50
2026-09-11,DEL_BOM,45,Cleartrip,7019.0,21
2026-09-11,DEL_BOM,45,EaseMyTrip,3499.0,339
2026-09-11,DEL_BOM,45,SpiceJet Direct,6948.0,12
2026-09-11,DEL_BOM,45,Yatra,5992.0,50
2026-09-11,DEL_CCU,1,Akasa Direct,7909.0,7
2026-09-11,DEL_CCU,1,Cleartrip,7691.0,21
2026-09-11,DEL_CCU,1,EaseMyTrip,3499.0,172
2026-09-11,DEL_CCU,1,SpiceJet Direct,11749.0,3
2026-09-11,DEL_CCU,1,Yatra,6438.0,50
2026-09-11,DEL_CCU,7,Akasa Direct,7909.0,7
2026-09-11,DEL_CCU,7,Cleartrip,7586.0,21
2026-09-11,DEL_CCU,7,EaseMyTrip,3499.0,206
2026-09-11,DEL_CCU,7,Yatra,6438.0,50
2026-09-11,DEL_CCU,15,Akasa Direct,8056.0,7
2026-09-11,DEL_CCU,15,Cleartrip,7717.0,21
2026-09-11,DEL_CCU,15,EaseMyTrip,3499.0,183
2026-09-11,DEL_CCU,15,SpiceJet Direct,22684.0,3
2026-09-11,DEL_CCU,15,Yatra,6438.0,50
2026-09-11,DEL_CCU,30,Akasa Direct,14405.0,7
2026-09-11,DEL_CCU,30,Cleartrip,7984.0,21
2026-09-11,DEL_CCU,30,EaseMyTrip,3499.0,219
2026-09-11,DEL_CCU,30,SpiceJet Direct,14334.0,9
2026-09-11,DEL_CCU,30,Yatra,6438.0,50
2026-09-11,DEL_CCU,45,Akasa Direct,9526.0,7
2026-09-11,DEL_CCU,45,Cleartrip,11911.0,21
2026-09-11,DEL_CCU,45,EaseMyTrip,3499.0,243
2026-09-11,DEL_CCU,45,SpiceJet Direct,14334.0,3
2026-09-11,DEL_CCU,45,Yatra,7719.0,50
2026-09-11,DEL_GOI,1,Cleartrip,11938.0,21
2026-09-11,DEL_GOI,1,EaseMyTrip,3499.0,182
2026-09-11,DEL_GOI,1,Yatra,7872.0,50
2026-09-11,DEL_GOI,7,Cleartrip,9687.0,21
2026-09-11,DEL_GOI,7,EaseMyTrip,3499.0,225
2026-09-11,DEL_GOI,7,Yatra,7196.5,50
2026-09-11,DEL_GOI,15,Cleartrip,9733.0,21
2026-09-11,DEL_GOI,15,EaseMyTrip,3499.0,216
2026-09-11,DEL_GOI,15,Yatra,7336.0,50
2026-09-11,DEL_GOI,30,Cleartrip,7824.0,21
2026-09-11,DEL_GOI,30,EaseMyTrip,3499.0,233
2026-09-11,DEL_GOI,30,Yatra,6303.0,50
2026-09-11,DEL_GOI,45,Cleartrip,8411.0,21
2026-09-11,DEL_GOI,45,EaseMyTrip,3499.0,232
2026-09-11,DEL_GOI,45,SpiceJet Direct,13704.0,6
2026-09-11,DEL_GOI,45,Yatra,6303.0,50
2026-09-11,DEL_HYD,1,Akasa Direct,8385.0,7
2026-09-11,DEL_HYD,1,Cleartrip,8277.0,21
2026-09-11,DEL_HYD,1,EaseMyTrip,3499.0,172
2026-09-11,DEL_HYD,1,Yatra,6783.5,50
2026-09-11,DEL_HYD,7,Akasa Direct,8237.5,10
2026-09-11,DEL_HYD,7,Cleartrip,8184.0,21
2026-09-11,DEL_HYD,7,EaseMyTrip,3499.0,206
2026-09-11,DEL_HYD,7,Yatra,6712.5,50
2026-09-11,DEL_HYD,15,Akasa Direct,8090.0,7
2026-09-11,DEL_HYD,15,Cleartrip,8199.0,21
2026-09-11,DEL_HYD,15,EaseMyTrip,3499.0,212
2026-09-11,DEL_HYD,15,Yatra,6744.5,50
2026-09-11,DEL_HYD,30,Akasa Direct,8850.0,7
2026-09-11,DEL_HYD,30,Cleartrip,8277.0,21
2026-09-11,DEL_HYD,30,EaseMyTrip,3499.0,217
2026-09-11,DEL_HYD,30,Yatra,6678.5,50
2026-09-11,DEL_HYD,45,Akasa Direct,9516.0,7
2026-09-11,DEL_HYD,45,Cleartrip,8067.0,21
2026-09-11,DEL_HYD,45,EaseMyTrip,3499.0,225
2026-09-11,DEL_HYD,45,Yatra,6678.5,50
2026-09-11,DEL_MAA,1,Akasa Direct,12210.5,4
2026-09-11,DEL_MAA,1,Cleartrip,9999.0,21
2026-09-11,DEL_MAA,1,EaseMyTrip,3499.0,168
2026-09-11,DEL_MAA,1,Yatra,7605.0,50
2026-09-11,DEL_MAA,7,Akasa Direct,11927.0,4
2026-09-11,DEL_MAA,7,Cleartrip,10477.0,16
2026-09-11,DEL_MAA,7,EaseMyTrip,3499.0,211
2026-09-11,DEL_MAA,7,Yatra,7269.5,50
2026-09-11,DEL_MAA,15,Akasa Direct,11927.0,6
2026-09-11,DEL_MAA,15,Cleartrip,10694.0,21
2026-09-11,DEL_MAA,15,EaseMyTrip,3499.0,215
2026-09-11,DEL_MAA,15,Yatra,7923.0,50
2026-09-11,DEL_MAA,30,Akasa Direct,10406.0,7
2026-09-11,DEL_MAA,30,Cleartrip,10074.0,21
2026-09-11,DEL_MAA,30,EaseMyTrip,3499.0,213
2026-09-11,DEL_MAA,30,Yatra,7644.5,50
2026-09-11,DEL_MAA,45,Akasa Direct,10789.0,7
2026-09-11,DEL_MAA,45,Cleartrip,10477.0,17
2026-09-11,DEL_MAA,45,EaseMyTrip,3499.0,184
2026-09-11,DEL_MAA,45,Yatra,7487.0,50
2026-09-11,HYD_BLR,1,Akasa Direct,17252.0,7
2026-09-11,HYD_BLR,1,Cleartrip,7532.0,21
2026-09-11,HYD_BLR,1,EaseMyTrip,3499.0,155
2026-09-11,HYD_BLR,1,Yatra,6003.0,50
2026-09-11,HYD_BLR,7,Akasa Direct,17570.0,7
2026-09-11,HYD_BLR,7,Cleartrip,5437.0,21
2026-09-11,HYD_BLR,7,EaseMyTrip,3499.0,194
2026-09-11,HYD_BLR,7,Yatra,5500.0,50
2026-09-11,HYD_BLR,15,Akasa Direct,16943.0,7
2026-09-11,HYD_BLR,15,Cleartrip,4535.0,21
2026-09-11,HYD_BLR,15,EaseMyTrip,3499.0,191
2026-09-11,HYD_BLR,15,Yatra,5468.5,50
2026-09-11,HYD_BLR,30,Akasa Direct,16977.0,7
2026-09-11,HYD_BLR,30,Cleartrip,5437.0,21
2026-09-11,HYD_BLR,30,EaseMyTrip,3499.0,188
2026-09-11,HYD_BLR,30,Yatra,5468.5,50
2026-09-11,HYD_BLR,45,Akasa Direct,18465.0,9
2026-09-11,HYD_BLR,45,Cleartrip,5220.0,17
2026-09-11,HYD_BLR,45,EaseMyTrip,3499.0,184
2026-09-11,HYD_BLR,45,Yatra,5468.5,50
2026-09-11,HYD_DEL,1,Akasa Direct,8800.0,10
2026-09-11,HYD_DEL,1,Cleartrip,8420.0,21
2026-09-11,HYD_DEL,1,EaseMyTrip,3499.0,171
2026-09-11,HYD_DEL,1,Yatra,6920.5,50
2026-09-11,HYD_DEL,7,Akasa Direct,8647.0,7
2026-09-11,HYD_DEL,7,Cleartrip,8341.0,21
2026-09-11,HYD_DEL,7,EaseMyTrip,3499.0,215
2026-09-11,HYD_DEL,7,Yatra,6845.0,50
2026-09-11,HYD_DEL,15,Akasa Direct,7663.0,7
2026-09-11,HYD_DEL,15,Cleartrip,8341.0,21
2026-09-11,HYD_DEL,15,EaseMyTrip,3499.0,209
2026-09-11,HYD_DEL,15,Yatra,6815.5,50
2026-09-11,HYD_DEL,30,Akasa Direct,9112.0,7
2026-09-11,HYD_DEL,30,Cleartrip,7750.0,21
2026-09-11,HYD_DEL,30,EaseMyTrip,3499.0,219
2026-09-11,HYD_DEL,30,Yatra,6468.5,50
2026-09-11,HYD_DEL,45,Akasa Direct,8800.0,7
2026-09-11,HYD_DEL,45,Cleartrip,7647.0,21
2026-09-11,HYD_DEL,45,EaseMyTrip,3499.0,248
2026-09-11,HYD_DEL,45,SpiceJet Direct,12378.0,2
2026-09-11,HYD_DEL,45,Yatra,6534.0,50
2026-09-11,MAA_BOM,1,Akasa Direct,7833.0,4
2026-09-11,MAA_BOM,1,Cleartrip,11164.0,18
2026-09-11,MAA_BOM,1,EaseMyTrip,3499.0,166
2026-09-11,MAA_BOM,1,Yatra,7619.0,50
2026-09-11,MAA_BOM,7,Akasa Direct,6828.0,4
2026-09-11,MAA_BOM,7,Cleartrip,8430.0,21
2026-09-11,MAA_BOM,7,EaseMyTrip,3499.0,225
2026-09-11,MAA_BOM,7,Yatra,6280.5,50
2026-09-11,MAA_BOM,15,Akasa Direct,7061.0,5
2026-09-11,MAA_BOM,15,Cleartrip,7540.0,18
2026-09-11,MAA_BOM,15,EaseMyTrip,3499.0,220
2026-09-11,MAA_BOM,15,Yatra,6201.5,50
2026-09-11,MAA_BOM,30,Akasa Direct,6707.0,7
2026-09-11,MAA_BOM,30,Cleartrip,7540.0,19
2026-09-11,MAA_BOM,30,EaseMyTrip,3499.0,214
2026-09-11,MAA_BOM,30,Yatra,6201.5,50
2026-09-11,MAA_BOM,45,Akasa Direct,7833.0,7
2026-09-11,MAA_BOM,45,Cleartrip,7540.0,21
2026-09-11,MAA_BOM,45,EaseMyTrip,3499.0,206
2026-09-11,MAA_BOM,45,Yatra,6282.5,50
2026-09-11,MAA_DEL,1,Akasa Direct,13840.0,4
2026-09-11,MAA_DEL,1,Cleartrip,11623.0,21
2026-09-11,MAA_DEL,1,EaseMyTrip,3499.0,161
2026-09-11,MAA_DEL,1,Yatra,7792.0,50
2026-09-11,MAA_DEL,7,Akasa Direct,12450.5,4
2026-09-11,MAA_DEL,7,Cleartrip,9988.0,21
2026-09-11,MAA_DEL,7,EaseMyTrip,3499.0,211
2026-09-11,MAA_DEL,7,Yatra,7678.5,50
2026-09-11,MAA_DEL,15,Akasa Direct,11187.0,5
2026-09-11,MAA_DEL,15,Cleartrip,9988.0,21
2026-09-11,MAA_DEL,15,EaseMyTrip,3499.0,210
2026-09-11,MAA_DEL,15,Yatra,7550.5,50
2026-09-11,MAA_DEL,30,Akasa Direct,11187.0,7
2026-09-11,MAA_DEL,30,Cleartrip,9988.0,21
2026-09-11,MAA_DEL,30,EaseMyTrip,3499.0,200
2026-09-11,MAA_DEL,30,Yatra,7534.0,50
2026-09-11,MAA_DEL,45,Akasa Direct,13323.0,7
2026-09-11,MAA_DEL,45,Cleartrip,9778.0,21
2026-09-11,MAA_DEL,45,EaseMyTrip,3499.0,190
2026-09-11,MAA_DEL,45,Yatra,7534.0,50
2026-09-12,AMD_DEL,1,Akasa Direct,10324.0,7
2026-09-12,AMD_DEL,1,Cleartrip,6680.0,21
2026-09-12,AMD_DEL,1,EaseMyTrip,3499.0,88
2026-09-12,AMD_DEL,1,Yatra,5500.0,75
2026-09-12,AMD_DEL,7,Akasa Direct,9795.0,7
2026-09-12,AMD_DEL,7,Cleartrip,6731.0,21
2026-09-12,AMD_DEL,7,EaseMyTrip,3499.0,116
2026-09-12,AMD_DEL,7,Yatra,5500.0,75
2026-09-12,AMD_DEL,15,Akasa Direct,9795.0,7
2026-09-12,AMD_DEL,15,Cleartrip,6470.0,21
2026-09-12,AMD_DEL,15,EaseMyTrip,3499.0,98
2026-09-12,AMD_DEL,15,Yatra,5500.0,75
2026-09-12,AMD_DEL,30,Akasa Direct,11151.0,7
2026-09-12,AMD_DEL,30,Cleartrip,6550.0,21
2026-09-12,AMD_DEL,30,EaseMyTrip,3499.0,121
2026-09-12,AMD_DEL,30,Yatra,5500.0,75
2026-09-12,AMD_DEL,45,Akasa Direct,12893.0,7
2026-09-12,AMD_DEL,45,Cleartrip,6890.0,21
2026-09-12,AMD_DEL,45,EaseMyTrip,3499.0,92
2026-09-12,AMD_DEL,45,SpiceJet Direct,6785.0,3
2026-09-12,AMD_DEL,45,Yatra,5500.0,75
2026-09-12,BLR_BOM,1,Akasa Direct,6732.0,7
2026-09-12,BLR_BOM,1,Cleartrip,6982.0,21
2026-09-12,BLR_BOM,1,EaseMyTrip,3499.0,191
2026-09-12,BLR_BOM,1,Yatra,5500.0,75
2026-09-12,BLR_BOM,7,Akasa Direct,4594.0,7
2026-09-12,BLR_BOM,7,Cleartrip,6732.0,21
2026-09-12,BLR_BOM,7,EaseMyTrip,3499.0,238
2026-09-12,BLR_BOM,7,Yatra,5500.0,75
2026-09-12,BLR_BOM,15,Akasa Direct,4428.0,7
2026-09-12,BLR_BOM,15,Cleartrip,6982.0,21
2026-09-12,BLR_BOM,15,EaseMyTrip,3499.0,221
2026-09-12,BLR_BOM,15,Yatra,5500.0,75
2026-09-12,BLR_BOM,30,Akasa Direct,5138.0,7
2026-09-12,BLR_BOM,30,Cleartrip,4689.0,21
2026-09-12,BLR_BOM,30,EaseMyTrip,3499.0,238
2026-09-12,BLR_BOM,30,Yatra,5109.0,75
2026-09-12,BLR_BOM,45,Cleartrip,6911.0,21
2026-09-12,BLR_BOM,45,EaseMyTrip,3499.0,241
2026-09-12,BLR_BOM,45,SpiceJet Direct,7168.0,9
2026-09-12,BLR_BOM,45,Yatra,5500.0,75
2026-09-12,BLR_DEL,1,Akasa Direct,8364.0,7
2026-09-12,BLR_DEL,1,Cleartrip,8505.0,21
2026-09-12,BLR_DEL,1,EaseMyTrip,3499.0,214
2026-09-12,BLR_DEL,1,Yatra,5500.0,75
2026-09-12,BLR_DEL,7,Akasa Direct,8364.0,7
2026-09-12,BLR_DEL,7,Cleartrip,8820.0,21
2026-09-12,BLR_DEL,7,EaseMyTrip,3499.0,272
2026-09-12,BLR_DEL,7,Yatra,5500.0,75
2026-09-12,BLR_DEL,15,Akasa Direct,8364.0,7
2026-09-12,BLR_DEL,15,Cleartrip,8820.0,21
2026-09-12,BLR_DEL,15,EaseMyTrip,3499.0,276
2026-09-12,BLR_DEL,15,Yatra,5500.0,75
2026-09-12,BLR_DEL,30,Akasa Direct,10162.0,7
2026-09-12,BLR_DEL,30,Cleartrip,9605.0,21
2026-09-12,BLR_DEL,30,EaseMyTrip,3499.0,289
2026-09-12,BLR_DEL,30,Yatra,5500.0,75
2026-09-12,BLR_DEL,45,Akasa Direct,9448.0,13
2026-09-12,BLR_DEL,45,Cleartrip,9605.0,21
2026-09-12,BLR_DEL,45,EaseMyTrip,3499.0,341
2026-09-12,BLR_DEL,45,Yatra,5500.0,75
2026-09-12,BLR_HYD,1,Akasa Direct,17347.0,7
2026-09-12,BLR_HYD,1,Cleartrip,5463.0,21
2026-09-12,BLR_HYD,1,EaseMyTrip,3499.0,149
2026-09-12,BLR_HYD,1,Yatra,5463.0,75
2026-09-12,BLR_HYD,7,Akasa Direct,16369.0,7
2026-09-12,BLR_HYD,7,Cleartrip,5463.0,21
2026-09-12,BLR_HYD,7,EaseMyTrip,3499.0,170
2026-09-12,BLR_HYD,7,Yatra,5463.0,75
2026-09-12,BLR_HYD,15,Akasa Direct,17035.0,7
2026-09-12,BLR_HYD,15,Cleartrip,5463.0,21
2026-09-12,BLR_HYD,15,EaseMyTrip,3499.0,176
2026-09-12,BLR_HYD,15,Yatra,5463.0,75
2026-09-12,BLR_HYD,30,Akasa Direct,18354.0,7
2026-09-12,BLR_HYD,30,Cleartrip,5463.0,21
2026-09-12,BLR_HYD,30,EaseMyTrip,3499.0,187
2026-09-12,BLR_HYD,30,Yatra,5463.0,75
2026-09-12,BLR_HYD,45,Akasa Direct,18783.0,7
2026-09-12,BLR_HYD,45,Cleartrip,4898.0,18
2026-09-12,BLR_HYD,45,EaseMyTrip,3499.0,203
2026-09-12,BLR_HYD,45,Yatra,5463.0,75
2026-09-12,BOM_BLR,1,Akasa Direct,5456.0,7
2026-09-12,BOM_BLR,1,Cleartrip,7062.0,21
2026-09-12,BOM_BLR,1,EaseMyTrip,3499.0,190
2026-09-12,BOM_BLR,1,Yatra,5500.0,75
2026-09-12,BOM_BLR,7,Akasa Direct,5050.0,7
2026-09-12,BOM_BLR,7,Cleartrip,7062.0,21
2026-09-12,BOM_BLR,7,EaseMyTrip,3499.0,225
2026-09-12,BOM_BLR,7,Yatra,5500.0,75
2026-09-12,BOM_BLR,15,Akasa Direct,5249.0,13
2026-09-12,BOM_BLR,15,Cleartrip,7062.0,21
2026-09-12,BOM_BLR,15,EaseMyTrip,3499.0,225
2026-09-12,BOM_BLR,15,Yatra,5500.0,75
2026-09-12,BOM_BLR,30,Akasa Direct,5050.0,7
2026-09-12,BOM_BLR,30,Cleartrip,5050.0,21
2026-09-12,BOM_BLR,30,EaseMyTrip,3499.0,231
2026-09-12,BOM_BLR,30,Yatra,5220.0,75
2026-09-12,BOM_BLR,45,Akasa Direct,5673.0,7
2026-09-12,BOM_BLR,45,Cleartrip,5673.0,21
2026-09-12,BOM_BLR,45,EaseMyTrip,3499.0,262
2026-09-12,BOM_BLR,45,Yatra,5500.0,75
2026-09-12,BOM_DEL,1,Akasa Direct,6523.0,7
2026-09-12,BOM_DEL,1,Cleartrip,6523.0,21
2026-09-12,BOM_DEL,1,EaseMyTrip,3499.0,240
2026-09-12,BOM_DEL,1,Yatra,5500.0,75
2026-09-12,BOM_DEL,7,Akasa Direct,6523.0,7
2026-09-12,BOM_DEL,7,Cleartrip,6562.0,21
2026-09-12,BOM_DEL,7,EaseMyTrip,3499.0,284
2026-09-12,BOM_DEL,7,SpiceJet Direct,22746.0,6
2026-09-12,BOM_DEL,7,Yatra,5500.0,75
2026-09-12,BOM_DEL,15,Akasa Direct,6523.0,7
2026-09-12,BOM_DEL,15,Cleartrip,6562.0,21
2026-09-12,BOM_DEL,15,EaseMyTrip,3499.0,283
2026-09-12,BOM_DEL,15,SpiceJet Direct,22746.0,3
2026-09-12,BOM_DEL,15,Yatra,5500.0,75
2026-09-12,BOM_DEL,30,Akasa Direct,6523.0,7
2026-09-12,BOM_DEL,30,Cleartrip,6561.0,21
2026-09-12,BOM_DEL,30,EaseMyTrip,3499.0,289
2026-09-12,BOM_DEL,30,SpiceJet Direct,6980.0,6
2026-09-12,BOM_DEL,30,Yatra,5500.0,75
2026-09-12,BOM_DEL,45,Akasa Direct,6885.5,14
2026-09-12,BOM_DEL,45,Cleartrip,6762.0,21
2026-09-12,BOM_DEL,45,EaseMyTrip,3499.0,299
2026-09-12,BOM_DEL,45,Yatra,5500.0,75
2026-09-12,BOM_GOI,1,Cleartrip,7477.0,21
2026-09-12,BOM_GOI,1,EaseMyTrip,3499.0,114
2026-09-12,BOM_GOI,1,Yatra,5500.0,75
2026-09-12,BOM_GOI,7,Cleartrip,5509.0,21
2026-09-12,BOM_GOI,7,EaseMyTrip,3499.0,161
2026-09-12,BOM_GOI,7,Yatra,5500.0,75
2026-09-12,BOM_GOI,15,Cleartrip,5119.0,21
2026-09-12,BOM_GOI,15,EaseMyTrip,3499.0,159
2026-09-12,BOM_GOI,15,Yatra,5217.0,75
2026-09-12,BOM_GOI,30,Cleartrip,4125.0,21
2026-09-12,BOM_GOI,30,EaseMyTrip,3499.0,170
2026-09-12,BOM_GOI,30,Yatra,5000.0,75
2026-09-12,BOM_GOI,45,Cleartrip,4445.0,21
2026-09-12,BOM_GOI,45,EaseMyTrip,3499.0,187
2026-09-12,BOM_GOI,45,SpiceJet Direct,7004.0,3
2026-09-12,BOM_GOI,45,Yatra,5000.0,75
2026-09-12,BOM_MAA,1,Akasa Direct,6575.0,6
2026-09-12,BOM_MAA,1,Cleartrip,7064.0,21
2026-09-12,BOM_MAA,1,EaseMyTrip,3499.0,179
2026-09-12,BOM_MAA,1,Yatra,5500.0,75
2026-09-12,BOM_MAA,7,Akasa Direct,6008.0,4
2026-09-12,BOM_MAA,7,Cleartrip,6651.0,21
2026-09-12,BOM_MAA,7,EaseMyTrip,3499.0,195
2026-09-12,BOM_MAA,7,Yatra,5500.0,75
2026-09-12,BOM_MAA,15,Akasa Direct,6008.0,6
2026-09-12,BOM_MAA,15,Cleartrip,7510.0,21
2026-09-12,BOM_MAA,15,EaseMyTrip,3499.0,232
2026-09-12,BOM_MAA,15,Yatra,5500.0,75
2026-09-12,BOM_MAA,30,Akasa Direct,6575.0,7
2026-09-12,BOM_MAA,30,Cleartrip,6651.0,21
2026-09-12,BOM_MAA,30,EaseMyTrip,3499.0,207
2026-09-12,BOM_MAA,30,Yatra,5500.0,75
2026-09-12,BOM_MAA,45,Cleartrip,6651.0,21
2026-09-12,BOM_MAA,45,EaseMyTrip,3499.0,215
2026-09-12,BOM_MAA,45,Yatra,5500.0,75
2026-09-12,CCU_DEL,1,Akasa Direct,8468.0,7
2026-09-12,CCU_DEL,1,Cleartrip,8525.0,21
2026-09-12,CCU_DEL,1,EaseMyTrip,3499.0,154
2026-09-12,CCU_DEL,1,Yatra,5500.0,75
2026-09-12,CCU_DEL,7,Akasa Direct,8921.0,11
2026-09-12,CCU_DEL,7,Cleartrip,9427.0,21
2026-09-12,CCU_DEL,7,EaseMyTrip,3499.0,202
2026-09-12,CCU_DEL,7,SpiceJet Direct,23205.0,3
2026-09-12,CCU_DEL,7,Yatra,5500.0,75
2026-09-12,CCU_DEL,15,Cleartrip,7842.0,21
2026-09-12,CCU_DEL,15,EaseMyTrip,3499.0,211
2026-09-12,CCU_DEL,15,SpiceJet Direct,23205.0,3
2026-09-12,CCU_DEL,15,Yatra,5500.0,75
2026-09-12,CCU_DEL,30,Akasa Direct,11425.0,7
2026-09-12,CCU_DEL,30,Cleartrip,8342.0,21
2026-09-12,CCU_DEL,30,EaseMyTrip,3499.0,228
2026-09-12,CCU_DEL,30,SpiceJet Direct,14593.0,3
2026-09-12,CCU_DEL,30,Yatra,5500.0,75
2026-09-12,CCU_DEL,45,Akasa Direct,9076.0,7
2026-09-12,CCU_DEL,45,Cleartrip,8385.0,21
2026-09-12,CCU_DEL,45,EaseMyTrip,3499.0,243
2026-09-12,CCU_DEL,45,SpiceJet Direct,10508.0,3
2026-09-12,CCU_DEL,45,Yatra,5500.0,75
2026-09-12,DEL_AMD,1,Akasa Direct,11182.0,7
2026-09-12,DEL_AMD,1,Cleartrip,8314.0,21
2026-09-12,DEL_AMD,1,EaseMyTrip,3499.0,93
2026-09-12,DEL_AMD,1,Yatra,5500.0,66
2026-09-12,DEL_AMD,7,Akasa Direct,9723.0,7
2026-09-12,DEL_AMD,7,Cleartrip,6266.0,21
2026-09-12,DEL_AMD,7,EaseMyTrip,3499.0,134
2026-09-12,DEL_AMD,7,Yatra,5500.0,72
2026-09-12,DEL_AMD,15,Akasa Direct,9638.0,7
2026-09-12,DEL_AMD,15,Cleartrip,6266.0,17
2026-09-12,DEL_AMD,15,EaseMyTrip,3499.0,115
2026-09-12,DEL_AMD,15,Yatra,5500.0,66
2026-09-12,DEL_AMD,30,Akasa Direct,10012.0,7
2026-09-12,DEL_AMD,30,Cleartrip,5851.0,18
2026-09-12,DEL_AMD,30,EaseMyTrip,3499.0,86
2026-09-12,DEL_AMD,30,Yatra,5500.0,75
2026-09-12,DEL_AMD,45,Akasa Direct,12013.0,7
2026-09-12,DEL_AMD,45,Cleartrip,7266.0,18
2026-09-12,DEL_AMD,45,EaseMyTrip,3499.0,50
2026-09-12,DEL_AMD,45,SpiceJet Direct,6988.0,3
2026-09-12,DEL_AMD,45,Yatra,5500.0,75
2026-09-12,DEL_BLR,1,Akasa Direct,8829.0,7
2026-09-12,DEL_BLR,1,Cleartrip,9142.0,21
2026-09-12,DEL_BLR,1,EaseMyTrip,3499.0,253
2026-09-12,DEL_BLR,1,Yatra,5500.0,75
2026-09-12,DEL_BLR,7,Akasa Direct,8829.0,7
2026-09-12,DEL_BLR,7,Cleartrip,9142.0,21
2026-09-12,DEL_BLR,7,EaseMyTrip,3499.0,285
2026-09-12,DEL_BLR,7,Yatra,5500.0,75
2026-09-12,DEL_BLR,15,Akasa Direct,8829.0,7
2026-09-12,DEL_BLR,15,Cleartrip,9794.0,21
2026-09-12,DEL_BLR,15,EaseMyTrip,3499.0,293
2026-09-12,DEL_BLR,15,Yatra,5500.0,75
2026-09-12,DEL_BLR,30,Akasa Direct,8829.0,7
2026-09-12,DEL_BLR,30,Cleartrip,9584.0,21
2026-09-12,DEL_BLR,30,EaseMyTrip,3499.0,296
2026-09-12,DEL_BLR,30,Yatra,5500.0,75
2026-09-12,DEL_BLR,45,Akasa Direct,9501.0,7
2026-09-12,DEL_BLR,45,Cleartrip,9867.0,21
2026-09-12,DEL_BLR,45,EaseMyTrip,3499.0,361
2026-09-12,DEL_BLR,45,SpiceJet Direct,11098.0,11
2026-09-12,DEL_BLR,45,Yatra,5500.0,75
2026-09-12,DEL_BOM,1,Akasa Direct,6530.0,7
2026-09-12,DEL_BOM,1,Cleartrip,6530.0,21
2026-09-12,DEL_BOM,1,EaseMyTrip,3499.0,235
2026-09-12,DEL_BOM,1,Yatra,5500.0,75
2026-09-12,DEL_BOM,7,Akasa Direct,6530.0,7
2026-09-12,DEL_BOM,7,Cleartrip,6530.0,21
2026-09-12,DEL_BOM,7,EaseMyTrip,3499.0,260
2026-09-12,DEL_BOM,7,SpiceJet Direct,13500.0,6
2026-09-12,DEL_BOM,7,Yatra,5500.0,75
2026-09-12,DEL_BOM,15,Akasa Direct,6530.0,7
2026-09-12,DEL_BOM,15,Cleartrip,6530.0,21
2026-09-12,DEL_BOM,15,EaseMyTrip,3499.0,282
2026-09-12,DEL_BOM,15,Yatra,5500.0,75
2026-09-12,DEL_BOM,30,Akasa Direct,6530.0,7
2026-09-12,DEL_BOM,30,Cleartrip,6530.0,21
2026-09-12,DEL_BOM,30,EaseMyTrip,3499.0,296
2026-09-12,DEL_BOM,30,Yatra,5500.0,75
2026-09-12,DEL_BOM,45,Akasa Direct,6609.0,7
2026-09-12,DEL_BOM,45,Cleartrip,6547.0,21
2026-09-12,DEL_BOM,45,EaseMyTrip,3499.0,303
2026-09-12,DEL_BOM,45,Yatra,5500.0,75
2026-09-12,DEL_CCU,1,Akasa Direct,8056.0,7
2026-09-12,DEL_CCU,1,Cleartrip,7927.0,21
2026-09-12,DEL_CCU,1,EaseMyTrip,3499.0,161
2026-09-12,DEL_CCU,1,Yatra,5500.0,75
2026-09-12,DEL_CCU,7,Akasa Direct,7909.0,7
2026-09-12,DEL_CCU,7,Cleartrip,7586.0,21
2026-09-12,DEL_CCU,7,EaseMyTrip,3499.0,181
2026-09-12,DEL_CCU,7,Yatra,5500.0,75
2026-09-12,DEL_CCU,15,Akasa Direct,8056.0,7
2026-09-12,DEL_CCU,15,Cleartrip,7691.0,21
2026-09-12,DEL_CCU,15,EaseMyTrip,3499.0,212
2026-09-12,DEL_CCU,15,SpiceJet Direct,10038.0,3
2026-09-12,DEL_CCU,15,Yatra,5500.0,75
2026-09-12,DEL_CCU,30,Akasa Direct,11720.0,7
2026-09-12,DEL_CCU,30,Cleartrip,8862.0,21
2026-09-12,DEL_CCU,30,EaseMyTrip,3499.0,222
2026-09-12,DEL_CCU,30,Yatra,5500.0,75
2026-09-12,DEL_CCU,45,Akasa Direct,9526.0,7
2026-09-12,DEL_CCU,45,Cleartrip,9203.0,21
2026-09-12,DEL_CCU,45,EaseMyTrip,3499.0,220
2026-09-12,DEL_CCU,45,Yatra,5500.0,75
2026-09-12,DEL_GOI,1,Cleartrip,8621.0,21
2026-09-12,DEL_GOI,1,EaseMyTrip,3499.0,187
2026-09-12,DEL_GOI,1,Yatra,5500.0,75
2026-09-12,DEL_GOI,7,Cleartrip,9168.0,21
2026-09-12,DEL_GOI,7,EaseMyTrip,3499.0,217
2026-09-12,DEL_GOI,7,Yatra,5500.0,75
2026-09-12,DEL_GOI,15,Cleartrip,8859.0,21
2026-09-12,DEL_GOI,15,EaseMyTrip,3499.0,223
2026-09-12,DEL_GOI,15,Yatra,5500.0,75
2026-09-12,DEL_GOI,30,Cleartrip,7478.0,21
2026-09-12,DEL_GOI,30,EaseMyTrip,3499.0,222
2026-09-12,DEL_GOI,30,Yatra,5500.0,75
2026-09-12,DEL_GOI,45,Cleartrip,7490.0,21
2026-09-12,DEL_GOI,45,EaseMyTrip,3499.0,255
2026-09-12,DEL_GOI,45,SpiceJet Direct,13704.0,6
2026-09-12,DEL_GOI,45,Yatra,5500.0,75
2026-09-12,DEL_HYD,1,Akasa Direct,8385.0,7
2026-09-12,DEL_HYD,1,Cleartrip,8199.0,21
2026-09-12,DEL_HYD,1,EaseMyTrip,3499.0,170
2026-09-12,DEL_HYD,1,Yatra,5500.0,75
2026-09-12,DEL_HYD,7,Akasa Direct,8237.0,7
2026-09-12,DEL_HYD,7,Cleartrip,8825.0,21
2026-09-12,DEL_HYD,7,EaseMyTrip,3499.0,208
2026-09-12,DEL_HYD,7,Yatra,5500.0,75
2026-09-12,DEL_HYD,15,Cleartrip,8825.0,21
2026-09-12,DEL_HYD,15,EaseMyTrip,3499.0,203
2026-09-12,DEL_HYD,15,Yatra,5500.0,75
2026-09-12,DEL_HYD,30,Akasa Direct,8850.0,7
2026-09-12,DEL_HYD,30,Cleartrip,8067.0,21
2026-09-12,DEL_HYD,30,EaseMyTrip,3499.0,205
2026-09-12,DEL_HYD,30,Yatra,5500.0,75
2026-09-12,DEL_HYD,45,Akasa Direct,9177.0,7
2026-09-12,DEL_HYD,45,Cleartrip,8067.0,21
2026-09-12,DEL_HYD,45,EaseMyTrip,3499.0,209
2026-09-12,DEL_HYD,45,SpiceJet Direct,12190.0,2
2026-09-12,DEL_HYD,45,Yatra,5500.0,75
2026-09-12,DEL_MAA,1,Cleartrip,9999.0,21
2026-09-12,DEL_MAA,1,EaseMyTrip,3499.0,170
2026-09-12,DEL_MAA,1,Yatra,5500.0,75
2026-09-12,DEL_MAA,7,Cleartrip,9920.0,21
2026-09-12,DEL_MAA,7,EaseMyTrip,3499.0,219
2026-09-12,DEL_MAA,7,Yatra,5500.0,75
2026-09-12,DEL_MAA,15,Akasa Direct,11927.0,6
2026-09-12,DEL_MAA,15,Cleartrip,11467.0,15
2026-09-12,DEL_MAA,15,EaseMyTrip,3499.0,209
2026-09-12,DEL_MAA,15,Yatra,5500.0,75
2026-09-12,DEL_MAA,30,Akasa Direct,10406.0,7
2026-09-12,DEL_MAA,30,Cleartrip,9920.0,21
2026-09-12,DEL_MAA,30,EaseMyTrip,3499.0,219
2026-09-12,DEL_MAA,30,Yatra,5500.0,75
2026-09-12,DEL_MAA,45,Akasa Direct,10406.0,7
2026-09-12,DEL_MAA,45,Cleartrip,10233.5,18
2026-09-12,DEL_MAA,45,EaseMyTrip,3499.0,235
2026-09-12,DEL_MAA,45,Yatra,5500.0,75
2026-09-12,HYD_BLR,1,Akasa Direct,17578.0,7
2026-09-12,HYD_BLR,1,Cleartrip,6055.0,13
2026-09-12,HYD_BLR,1,EaseMyTrip,3499.0,155
2026-09-12,HYD_BLR,1,Yatra,5437.0,75
2026-09-12,HYD_BLR,7,Akasa Direct,17570.0,7
2026-09-12,HYD_BLR,7,Cleartrip,5836.0,14
2026-09-12,HYD_BLR,7,EaseMyTrip,3499.0,197
2026-09-12,HYD_BLR,7,Yatra,5437.0,75
2026-09-12,HYD_BLR,15,Akasa Direct,16648.0,7
2026-09-12,HYD_BLR,15,Cleartrip,7661.0,13
2026-09-12,HYD_BLR,15,EaseMyTrip,3499.0,191
2026-09-12,HYD_BLR,15,Yatra,5437.0,75
2026-09-12,HYD_BLR,30,Akasa Direct,17252.0,7
2026-09-12,HYD_BLR,30,Cleartrip,5040.0,14
2026-09-12,HYD_BLR,30,EaseMyTrip,3499.0,197
2026-09-12,HYD_BLR,30,Yatra,5220.0,75
2026-09-12,HYD_BLR,45,Akasa Direct,18100.0,9
2026-09-12,HYD_BLR,45,Cleartrip,5617.0,18
2026-09-12,HYD_BLR,45,EaseMyTrip,3499.0,189
2026-09-12,HYD_BLR,45,Yatra,5437.0,75
2026-09-12,HYD_DEL,1,Akasa Direct,8800.0,7
2026-09-12,HYD_DEL,1,Cleartrip,7988.0,21
2026-09-12,HYD_DEL,1,EaseMyTrip,3499.0,166
2026-09-12,HYD_DEL,1,Yatra,5500.0,75
2026-09-12,HYD_DEL,7,Akasa Direct,8067.0,7
2026-09-12,HYD_DEL,7,Cleartrip,8341.0,21
2026-09-12,HYD_DEL,7,EaseMyTrip,3499.0,210
2026-09-12,HYD_DEL,7,Yatra,5500.0,75
2026-09-12,HYD_DEL,15,Akasa Direct,7930.0,7
2026-09-12,HYD_DEL,15,Cleartrip,7778.0,21
2026-09-12,HYD_DEL,15,EaseMyTrip,3499.0,211
2026-09-12,HYD_DEL,15,Yatra,5500.0,75
2026-09-12,HYD_DEL,30,Akasa Direct,8499.0,7
2026-09-12,HYD_DEL,30,Cleartrip,7778.0,21
2026-09-12,HYD_DEL,30,EaseMyTrip,3499.0,221
2026-09-12,HYD_DEL,30,Yatra,5500.0,75
2026-09-12,HYD_DEL,45,Akasa Direct,8954.0,7
2026-09-12,HYD_DEL,45,Cleartrip,7647.0,21
2026-09-12,HYD_DEL,45,EaseMyTrip,3499.0,242
2026-09-12,HYD_DEL,45,SpiceJet Direct,12731.0,2
2026-09-12,HYD_DEL,45,Yatra,5500.0,75
2026-09-12,MAA_BOM,1,Akasa Direct,7833.0,4
2026-09-12,MAA_BOM,1,Cleartrip,8407.0,18
2026-09-12,MAA_BOM,1,EaseMyTrip,3499.0,172
2026-09-12,MAA_BOM,1,Yatra,5500.0,75
2026-09-12,MAA_BOM,7,Cleartrip,8407.0,21
2026-09-12,MAA_BOM,7,EaseMyTrip,3499.0,218
2026-09-12,MAA_BOM,7,Yatra,5500.0,75
2026-09-12,MAA_BOM,15,Akasa Direct,7061.0,6
2026-09-12,MAA_BOM,15,Cleartrip,8796.0,18
2026-09-12,MAA_BOM,15,EaseMyTrip,3499.0,231
2026-09-12,MAA_BOM,15,Yatra,5500.0,75
2026-09-12,MAA_BOM,30,Akasa Direct,7061.0,7
2026-09-12,MAA_BOM,30,Cleartrip,7020.0,21
2026-09-12,MAA_BOM,30,EaseMyTrip,3499.0,227
2026-09-12,MAA_BOM,30,Yatra,5500.0,75
2026-09-12,MAA_BOM,45,Akasa Direct,7698.0,7
2026-09-12,MAA_BOM,45,Cleartrip,7540.0,17
2026-09-12,MAA_BOM,45,EaseMyTrip,3499.0,172
2026-09-12,MAA_BOM,45,Yatra,5500.0,75
2026-09-12,MAA_DEL,1,Cleartrip,10600.0,21
2026-09-12,MAA_DEL,1,EaseMyTrip,3499.0,161
2026-09-12,MAA_DEL,1,Yatra,5500.0,75
2026-09-12,MAA_DEL,7,Cleartrip,9988.0,21
2026-09-12,MAA_DEL,7,EaseMyTrip,3499.0,205
2026-09-12,MAA_DEL,7,Yatra,5500.0,75
2026-09-12,MAA_DEL,15,Akasa Direct,11187.0,6
2026-09-12,MAA_DEL,15,Cleartrip,12086.0,21
2026-09-12,MAA_DEL,15,EaseMyTrip,3499.0,198
2026-09-12,MAA_DEL,15,Yatra,5500.0,75
2026-09-12,MAA_DEL,30,Akasa Direct,11187.0,7
2026-09-12,MAA_DEL,30,Cleartrip,9857.0,21
2026-09-12,MAA_DEL,30,EaseMyTrip,3499.0,225
2026-09-12,MAA_DEL,30,Yatra,5500.0,75
2026-09-12,MAA_DEL,45,Cleartrip,9778.0,21
2026-09-12,MAA_DEL,45,EaseMyTrip,3499.0,224
2026-09-12,MAA_DEL,45,Yatra,5500.0,75
2026-09-13,AMD_DEL,1,Air India Direct,6324.0,1
2026-09-13,AMD_DEL,1,Akasa Direct,10515.0,7
2026-09-13,AMD_DEL,1,Cleartrip,6351.0,21
2026-09-13,AMD_DEL,1,EaseMyTrip,3499.0,94
2026-09-13,AMD_DEL,1,Yatra,5500.0,51
2026-09-13,AMD_DEL,7,Air India Direct,6435.0,1
2026-09-13,AMD_DEL,7,Akasa Direct,9795.0,7
2026-09-13,AMD_DEL,7,Cleartrip,6680.0,21
2026-09-13,AMD_DEL,7,EaseMyTrip,3499.0,106
2026-09-13,AMD_DEL,7,Yatra,5500.0,75
2026-09-13,AMD_DEL,15,Air India Direct,6435.0,1
2026-09-13,AMD_DEL,15,Akasa Direct,9963.0,14
2026-09-13,AMD_DEL,15,Cleartrip,6351.0,21
2026-09-13,AMD_DEL,15,EaseMyTrip,3499.0,108
2026-09-13,AMD_DEL,15,Yatra,5500.0,54
2026-09-13,AMD_DEL,30,Air India Direct,6435.0,1
2026-09-13,AMD_DEL,30,Akasa Direct,11151.0,7
2026-09-13,AMD_DEL,30,Cleartrip,6290.0,21
2026-09-13,AMD_DEL,30,EaseMyTrip,3499.0,125
2026-09-13,AMD_DEL,30,Yatra,5500.0,72
2026-09-13,AMD_DEL,45,Air India Direct,6972.0,1
2026-09-13,AMD_DEL,45,Akasa Direct,12916.0,7
2026-09-13,AMD_DEL,45,Cleartrip,6888.0,21
2026-09-13,AMD_DEL,45,EaseMyTrip,3499.0,117
2026-09-13,AMD_DEL,45,SpiceJet Direct,6785.0,3
2026-09-13,AMD_DEL,45,Yatra,5500.0,60
2026-09-13,BLR_BOM,1,Air India Direct,5662.0,1
2026-09-13,BLR_BOM,1,Akasa Direct,6732.0,13
2026-09-13,BLR_BOM,1,Cleartrip,6872.0,21
2026-09-13,BLR_BOM,1,EaseMyTrip,3499.0,169
2026-09-13,BLR_BOM,1,Yatra,5500.0,75
2026-09-13,BLR_BOM,7,Air India Direct,6923.0,1
2026-09-13,BLR_BOM,7,Akasa Direct,4428.0,7
2026-09-13,BLR_BOM,7,Cleartrip,7242.0,21
2026-09-13,BLR_BOM,7,EaseMyTrip,3499.0,221
2026-09-13,BLR_BOM,7,Yatra,5500.0,75
2026-09-13,BLR_BOM,15,Air India Direct,4560.0,1
2026-09-13,BLR_BOM,15,Akasa Direct,4428.0,7
2026-09-13,BLR_BOM,15,Cleartrip,5316.0,21
2026-09-13,BLR_BOM,15,EaseMyTrip,3499.0,226
2026-09-13,BLR_BOM,15,Yatra,5500.0,75
2026-09-13,BLR_BOM,30,Air India Direct,4614.0,1
2026-09-13,BLR_BOM,30,Akasa Direct,5138.0,7
2026-09-13,BLR_BOM,30,Cleartrip,4530.0,21
2026-09-13,BLR_BOM,30,EaseMyTrip,3499.0,236
2026-09-13,BLR_BOM,30,Yatra,5000.0,75
2026-09-13,BLR_BOM,45,Air India Direct,7641.0,1
2026-09-13,BLR_BOM,45,Akasa Direct,7583.0,7
2026-09-13,BLR_BOM,45,Cleartrip,6748.0,21
2026-09-13,BLR_BOM,45,EaseMyTrip,3499.0,263
2026-09-13,BLR_BOM,45,SpiceJet Direct,7168.0,9
2026-09-13,BLR_BOM,45,Yatra,5500.0,75
2026-09-13,BLR_DEL,1,Air India Direct,8656.0,1
2026-09-13,BLR_DEL,1,Akasa Direct,8364.0,7
2026-09-13,BLR_DEL,1,Cleartrip,8364.0,21
2026-09-13,BLR_DEL,1,EaseMyTrip,3499.0,228
2026-09-13,BLR_DEL,1,Yatra,5500.0,75
2026-09-13,BLR_DEL,7,Air India Direct,8656.0,1
2026-09-13,BLR_DEL,7,Cleartrip,8820.0,21
2026-09-13,BLR_DEL,7,EaseMyTrip,3499.0,278
2026-09-13,BLR_DEL,7,Yatra,5500.0,75
2026-09-13,BLR_DEL,15,Air India Direct,8656.0,1
2026-09-13,BLR_DEL,15,Akasa Direct,8364.0,7
2026-09-13,BLR_DEL,15,Cleartrip,8364.0,21
2026-09-13,BLR_DEL,15,EaseMyTrip,3499.0,279
2026-09-13,BLR_DEL,15,Yatra,5500.0,75
2026-09-13,BLR_DEL,30,Air India Direct,9896.0,1
2026-09-13,BLR_DEL,30,Akasa Direct,10737.0,7
2026-09-13,BLR_DEL,30,Cleartrip,8380.0,21
2026-09-13,BLR_DEL,30,EaseMyTrip,3499.0,295
2026-09-13,BLR_DEL,30,Yatra,5500.0,75
2026-09-13,BLR_DEL,45,Air India Direct,10544.0,1
2026-09-13,BLR_DEL,45,Akasa Direct,9800.0,7
2026-09-13,BLR_DEL,45,Cleartrip,9605.0,21
2026-09-13,BLR_DEL,45,EaseMyTrip,3499.0,350
2026-09-13,BLR_DEL,45,SpiceJet Direct,12952.0,15
2026-09-13,BLR_DEL,45,Yatra,5500.0,75
2026-09-13,BLR_HYD,1,Air India Direct,7977.0,1
2026-09-13,BLR_HYD,1,Cleartrip,6543.0,21
2026-09-13,BLR_HYD,1,EaseMyTrip,3499.0,148
2026-09-13,BLR_HYD,1,Yatra,5500.0,75
2026-09-13,BLR_HYD,7,Air India Direct,4986.0,1
2026-09-13,BLR_HYD,7,Cleartrip,5594.0,21
2026-09-13,BLR_HYD,7,EaseMyTrip,3499.0,172
2026-09-13,BLR_HYD,7,Yatra,5500.0,75
2026-09-13,BLR_HYD,15,Air India Direct,4787.0,1
2026-09-13,BLR_HYD,15,Akasa Direct,16357.0,7
2026-09-13,BLR_HYD,15,Cleartrip,5463.0,21
2026-09-13,BLR_HYD,15,EaseMyTrip,3499.0,182
2026-09-13,BLR_HYD,15,Yatra,5463.0,75
2026-09-13,BLR_HYD,30,Air India Direct,7276.0,1
2026-09-13,BLR_HYD,30,Akasa Direct,19143.0,7
2026-09-13,BLR_HYD,30,Cleartrip,4548.0,21
2026-09-13,BLR_HYD,30,EaseMyTrip,3499.0,187
2026-09-13,BLR_HYD,30,Yatra,5000.0,75
2026-09-13,BLR_HYD,45,Air India Direct,5237.0,1
2026-09-13,BLR_HYD,45,Akasa Direct,18783.0,10
2026-09-13,BLR_HYD,45,Cleartrip,5078.0,17
2026-09-13,BLR_HYD,45,EaseMyTrip,3499.0,197
2026-09-13,BLR_HYD,45,Yatra,5463.0,75
2026-09-13,BOM_BLR,1,Air India Direct,5345.0,1
2026-09-13,BOM_BLR,1,Akasa Direct,5899.0,7
2026-09-13,BOM_BLR,1,Cleartrip,6914.0,21
2026-09-13,BOM_BLR,1,EaseMyTrip,3499.0,202
2026-09-13,BOM_BLR,1,Yatra,5500.0,75
2026-09-13,BOM_BLR,7,Air India Direct,7238.0,1
2026-09-13,BOM_BLR,7,Akasa Direct,5050.0,7
2026-09-13,BOM_BLR,7,Cleartrip,7584.0,21
2026-09-13,BOM_BLR,7,EaseMyTrip,3499.0,207
2026-09-13,BOM_BLR,7,Yatra,5500.0,75
2026-09-13,BOM_BLR,15,Air India Direct,5345.0,1
2026-09-13,BOM_BLR,15,Akasa Direct,5050.0,7
2026-09-13,BOM_BLR,15,Cleartrip,6306.0,21
2026-09-13,BOM_BLR,15,EaseMyTrip,3499.0,228
2026-09-13,BOM_BLR,15,Yatra,5500.0,75
2026-09-13,BOM_BLR,30,Air India Direct,5394.0,1
2026-09-13,BOM_BLR,30,Akasa Direct,5050.0,7
2026-09-13,BOM_BLR,30,Cleartrip,5050.0,21
2026-09-13,BOM_BLR,30,EaseMyTrip,3499.0,242
2026-09-13,BOM_BLR,30,Yatra,5050.0,75
2026-09-13,BOM_BLR,45,Air India Direct,7819.0,1
2026-09-13,BOM_BLR,45,Cleartrip,6973.0,21
2026-09-13,BOM_BLR,45,EaseMyTrip,3499.0,261
2026-09-13,BOM_BLR,45,SpiceJet Direct,6141.0,9
2026-09-13,BOM_BLR,45,Yatra,5500.0,75
2026-09-13,BOM_DEL,1,Air India Direct,6741.0,1
2026-09-13,BOM_DEL,1,Akasa Direct,6523.0,7
2026-09-13,BOM_DEL,1,Cleartrip,6523.0,21
2026-09-13,BOM_DEL,1,EaseMyTrip,3499.0,236
2026-09-13,BOM_DEL,1,SpiceJet Direct,14666.0,6
2026-09-13,BOM_DEL,1,Yatra,5500.0,75
2026-09-13,BOM_DEL,7,Air India Direct,6741.0,1
2026-09-13,BOM_DEL,7,Akasa Direct,6523.0,7
2026-09-13,BOM_DEL,7,Cleartrip,6562.0,21
2026-09-13,BOM_DEL,7,EaseMyTrip,3499.0,288
2026-09-13,BOM_DEL,7,SpiceJet Direct,15978.5,6
2026-09-13,BOM_DEL,7,Yatra,5500.0,75
2026-09-13,BOM_DEL,15,Air India Direct,13097.0,1
2026-09-13,BOM_DEL,15,Akasa Direct,6523.0,7
2026-09-13,BOM_DEL,15,Cleartrip,6561.0,21
2026-09-13,BOM_DEL,15,EaseMyTrip,3499.0,290
2026-09-13,BOM_DEL,15,Yatra,5500.0,75
2026-09-13,BOM_DEL,30,Air India Direct,6741.0,1
2026-09-13,BOM_DEL,30,Akasa Direct,6523.0,18
2026-09-13,BOM_DEL,30,Cleartrip,6190.0,21
2026-09-13,BOM_DEL,30,EaseMyTrip,3499.0,295
2026-09-13,BOM_DEL,30,SpiceJet Direct,6980.0,9
2026-09-13,BOM_DEL,30,Yatra,5500.0,75
2026-09-13,BOM_DEL,45,Air India Direct,7343.0,1
2026-09-13,BOM_DEL,45,Akasa Direct,7265.0,7
2026-09-13,BOM_DEL,45,Cleartrip,6655.0,21
2026-09-13,BOM_DEL,45,EaseMyTrip,3499.0,265
2026-09-13,BOM_DEL,45,SpiceJet Direct,6980.0,12
2026-09-13,BOM_DEL,45,Yatra,5500.0,75
2026-09-13,BOM_GOI,1,Air India Direct,4618.0,1
2026-09-13,BOM_GOI,1,Cleartrip,4854.0,17
2026-09-13,BOM_GOI,1,EaseMyTrip,3499.0,108
2026-09-13,BOM_GOI,1,Yatra,5500.0,75
2026-09-13,BOM_GOI,7,Air India Direct,4644.0,1
2026-09-13,BOM_GOI,7,Cleartrip,5280.0,21
2026-09-13,BOM_GOI,7,EaseMyTrip,3499.0,156
2026-09-13,BOM_GOI,7,Yatra,5000.0,75
2026-09-13,BOM_GOI,15,Air India Direct,4413.0,1
2026-09-13,BOM_GOI,15,Cleartrip,5330.5,18
2026-09-13,BOM_GOI,15,EaseMyTrip,3499.0,152
2026-09-13,BOM_GOI,15,Yatra,5500.0,75
2026-09-13,BOM_GOI,30,Air India Direct,4618.0,1
2026-09-13,BOM_GOI,30,Cleartrip,4069.0,21
2026-09-13,BOM_GOI,30,EaseMyTrip,3499.0,179
2026-09-13,BOM_GOI,30,Yatra,5000.0,75
2026-09-13,BOM_GOI,45,Air India Direct,4618.0,1
2026-09-13,BOM_GOI,45,Cleartrip,4669.0,21
2026-09-13,BOM_GOI,45,EaseMyTrip,3499.0,179
2026-09-13,BOM_GOI,45,SpiceJet Direct,7004.0,3
2026-09-13,BOM_GOI,45,Yatra,5467.0,75
2026-09-13,BOM_MAA,1,Air India Direct,6943.0,1
2026-09-13,BOM_MAA,1,Akasa Direct,6291.5,4
2026-09-13,BOM_MAA,1,Cleartrip,6651.0,21
2026-09-13,BOM_MAA,1,EaseMyTrip,3499.0,166
2026-09-13,BOM_MAA,1,Yatra,5500.0,75
2026-09-13,BOM_MAA,7,Air India Direct,6943.0,1
2026-09-13,BOM_MAA,7,Akasa Direct,6291.5,4
2026-09-13,BOM_MAA,7,Cleartrip,8171.0,21
2026-09-13,BOM_MAA,7,EaseMyTrip,3499.0,224
2026-09-13,BOM_MAA,7,Yatra,5500.0,75
2026-09-13,BOM_MAA,15,Air India Direct,6943.0,1
2026-09-13,BOM_MAA,15,Cleartrip,6964.0,21
2026-09-13,BOM_MAA,15,EaseMyTrip,3499.0,221
2026-09-13,BOM_MAA,15,Yatra,5500.0,75
2026-09-13,BOM_MAA,30,Air India Direct,6943.0,1
2026-09-13,BOM_MAA,30,Akasa Direct,6575.0,7
2026-09-13,BOM_MAA,30,Cleartrip,6548.0,21
2026-09-13,BOM_MAA,30,EaseMyTrip,3499.0,232
2026-09-13,BOM_MAA,30,Yatra,5500.0,75
2026-09-13,BOM_MAA,45,Air India Direct,6943.0,1
2026-09-13,BOM_MAA,45,Akasa Direct,6575.0,7
2026-09-13,BOM_MAA,45,Cleartrip,6651.0,21
2026-09-13,BOM_MAA,45,EaseMyTrip,3499.0,213
2026-09-13,BOM_MAA,45,Yatra,5500.0,75
2026-09-13,CCU_DEL,1,Air India Direct,9107.0,1
2026-09-13,CCU_DEL,1,Cleartrip,7802.0,21
2026-09-13,CCU_DEL,1,EaseMyTrip,3499.0,166
2026-09-13,CCU_DEL,1,Yatra,5500.0,75
2026-09-13,CCU_DEL,7,Air India Direct,9107.0,1
2026-09-13,CCU_DEL,7,Akasa Direct,8181.0,7
2026-09-13,CCU_DEL,7,Cleartrip,9427.0,21
2026-09-13,CCU_DEL,7,EaseMyTrip,3499.0,215
2026-09-13,CCU_DEL,7,SpiceJet Direct,23205.0,3
2026-09-13,CCU_DEL,7,Yatra,5500.0,75
2026-09-13,CCU_DEL,15,Air India Direct,9107.0,1
2026-09-13,CCU_DEL,15,Cleartrip,8849.0,20
2026-09-13,CCU_DEL,15,EaseMyTrip,3499.0,211
2026-09-13,CCU_DEL,15,Yatra,5500.0,75
2026-09-13,CCU_DEL,30,Air India Direct,9141.0,1
2026-09-13,CCU_DEL,30,Akasa Direct,11632.0,7
2026-09-13,CCU_DEL,30,Cleartrip,7791.0,21
2026-09-13,CCU_DEL,30,EaseMyTrip,3499.0,182
2026-09-13,CCU_DEL,30,SpiceJet Direct,14593.0,3
2026-09-13,CCU_DEL,30,Yatra,5500.0,75
2026-09-13,CCU_DEL,45,Air India Direct,10033.0,1
2026-09-13,CCU_DEL,45,Akasa Direct,8766.0,11
2026-09-13,CCU_DEL,45,Cleartrip,10147.0,21
2026-09-13,CCU_DEL,45,EaseMyTrip,3499.0,239
2026-09-13,CCU_DEL,45,SpiceJet Direct,10508.0,3
2026-09-13,CCU_DEL,45,Yatra,5500.0,75
2026-09-13,DEL_AMD,1,Air India Direct,6134.0,1
2026-09-13,DEL_AMD,1,Akasa Direct,10633.0,7
2026-09-13,DEL_AMD,1,Cleartrip,7266.0,19
2026-09-13,DEL_AMD,1,EaseMyTrip,3499.0,86
2026-09-13,DEL_AMD,1,Yatra,5500.0,75
2026-09-13,DEL_AMD,7,Air India Direct,5935.0,1
2026-09-13,DEL_AMD,7,Akasa Direct,9723.0,7
2026-09-13,DEL_AMD,7,Cleartrip,6750.0,21
2026-09-13,DEL_AMD,7,EaseMyTrip,3499.0,119
2026-09-13,DEL_AMD,7,Yatra,5500.0,75
2026-09-13,DEL_AMD,15,Air India Direct,5935.0,1
2026-09-13,DEL_AMD,15,Akasa Direct,9463.0,7
2026-09-13,DEL_AMD,15,Cleartrip,6006.0,19
2026-09-13,DEL_AMD,15,EaseMyTrip,3499.0,123
2026-09-13,DEL_AMD,15,Yatra,5500.0,75
2026-09-13,DEL_AMD,30,Air India Direct,5935.0,1
2026-09-13,DEL_AMD,30,Akasa Direct,10509.0,7
2026-09-13,DEL_AMD,30,Cleartrip,5820.5,18
2026-09-13,DEL_AMD,30,EaseMyTrip,3499.0,130
2026-09-13,DEL_AMD,30,Yatra,5500.0,75
2026-09-13,DEL_AMD,45,Air India Direct,5935.0,1
2026-09-13,DEL_AMD,45,Akasa Direct,12139.0,7
2026-09-13,DEL_AMD,45,Cleartrip,6426.0,21
2026-09-13,DEL_AMD,45,EaseMyTrip,3499.0,135
2026-09-13,DEL_AMD,45,SpiceJet Direct,6988.0,3
2026-09-13,DEL_AMD,45,Yatra,5500.0,75
2026-09-13,DEL_BLR,1,Air India Direct,9731.0,1
2026-09-13,DEL_BLR,1,Akasa Direct,8829.0,7
2026-09-13,DEL_BLR,1,Cleartrip,10077.0,21
2026-09-13,DEL_BLR,1,EaseMyTrip,3499.0,249
2026-09-13,DEL_BLR,1,Yatra,5500.0,75
2026-09-13,DEL_BLR,7,Air India Direct,10063.0,1
2026-09-13,DEL_BLR,7,Akasa Direct,8829.0,7
2026-09-13,DEL_BLR,7,Cleartrip,10077.0,21
2026-09-13,DEL_BLR,7,EaseMyTrip,3499.0,296
2026-09-13,DEL_BLR,7,Yatra,5500.0,75
2026-09-13,DEL_BLR,15,Air India Direct,9121.0,1
2026-09-13,DEL_BLR,15,Akasa Direct,8829.0,7
2026-09-13,DEL_BLR,15,Cleartrip,8829.0,21
2026-09-13,DEL_BLR,15,EaseMyTrip,3499.0,289
2026-09-13,DEL_BLR,15,Yatra,5500.0,75
2026-09-13,DEL_BLR,30,Air India Direct,10340.0,1
2026-09-13,DEL_BLR,30,Akasa Direct,9501.0,7
2026-09-13,DEL_BLR,30,Cleartrip,9239.0,21
2026-09-13,DEL_BLR,30,EaseMyTrip,3499.0,296
2026-09-13,DEL_BLR,30,Yatra,5500.0,75
2026-09-13,DEL_BLR,45,Air India Direct,10641.0,1
2026-09-13,DEL_BLR,45,Akasa Direct,9158.0,7
2026-09-13,DEL_BLR,45,Cleartrip,9867.0,21
2026-09-13,DEL_BLR,45,EaseMyTrip,3499.0,366
2026-09-13,DEL_BLR,45,Yatra,5500.0,75
2026-09-13,DEL_BOM,1,Air India Direct,6709.0,1
2026-09-13,DEL_BOM,1,Akasa Direct,6530.0,7
2026-09-13,DEL_BOM,1,Cleartrip,6530.0,21
2026-09-13,DEL_BOM,1,EaseMyTrip,3499.0,247
2026-09-13,DEL_BOM,1,SpiceJet Direct,22721.0,3
2026-09-13,DEL_BOM,1,Yatra,5500.0,75
2026-09-13,DEL_BOM,7,Air India Direct,12962.0,1
2026-09-13,DEL_BOM,7,Akasa Direct,6530.0,7
2026-09-13,DEL_BOM,7,Cleartrip,6530.0,21
2026-09-13,DEL_BOM,7,EaseMyTrip,3499.0,280
2026-09-13,DEL_BOM,7,SpiceJet Direct,22721.0,3
2026-09-13,DEL_BOM,7,Yatra,5500.0,75
2026-09-13,DEL_BOM,15,Air India Direct,6822.0,1
2026-09-13,DEL_BOM,15,Akasa Direct,6530.0,7
2026-09-13,DEL_BOM,15,Cleartrip,6530.0,21
2026-09-13,DEL_BOM,15,EaseMyTrip,3499.0,282
2026-09-13,DEL_BOM,15,SpiceJet Direct,22721.0,6
2026-09-13,DEL_BOM,15,Yatra,5500.0,75
2026-09-13,DEL_BOM,30,Air India Direct,6709.0,1
2026-09-13,DEL_BOM,30,Akasa Direct,6530.0,7
2026-09-13,DEL_BOM,30,Cleartrip,6090.0,21
2026-09-13,DEL_BOM,30,EaseMyTrip,3499.0,298
2026-09-13,DEL_BOM,30,SpiceJet Direct,6948.0,6
2026-09-13,DEL_BOM,30,Yatra,5500.0,75
2026-09-13,DEL_BOM,45,Air India Direct,7311.0,1
2026-09-13,DEL_BOM,45,Akasa Direct,6530.0,7
2026-09-13,DEL_BOM,45,Cleartrip,6598.0,21
2026-09-13,DEL_BOM,45,EaseMyTrip,3499.0,315
2026-09-13,DEL_BOM,45,SpiceJet Direct,6948.0,12
2026-09-13,DEL_BOM,45,Yatra,5500.0,75
2026-09-13,DEL_CCU,1,Air India Direct,9121.0,1
2026-09-13,DEL_CCU,1,Akasa Direct,8056.0,7
2026-09-13,DEL_CCU,1,Cleartrip,7691.0,21
2026-09-13,DEL_CCU,1,EaseMyTrip,3499.0,163
2026-09-13,DEL_CCU,1,Yatra,5500.0,75
2026-09-13,DEL_CCU,7,Air India Direct,9214.0,1
2026-09-13,DEL_CCU,7,Akasa Direct,8056.0,12
2026-09-13,DEL_CCU,7,Cleartrip,7927.0,21
2026-09-13,DEL_CCU,7,EaseMyTrip,3499.0,213
2026-09-13,DEL_CCU,7,SpiceJet Direct,11643.0,3
2026-09-13,DEL_CCU,7,Yatra,5500.0,75
2026-09-13,DEL_CCU,15,Air India Direct,9214.0,1
2026-09-13,DEL_CCU,15,Akasa Direct,8678.0,7
2026-09-13,DEL_CCU,15,Cleartrip,7691.0,21
2026-09-13,DEL_CCU,15,EaseMyTrip,3499.0,208
2026-09-13,DEL_CCU,15,Yatra,5500.0,75
2026-09-13,DEL_CCU,30,Air India Direct,10318.0,1
2026-09-13,DEL_CCU,30,Akasa Direct,12405.0,7
2026-09-13,DEL_CCU,30,Cleartrip,9520.0,21
2026-09-13,DEL_CCU,30,EaseMyTrip,3499.0,226
2026-09-13,DEL_CCU,30,SpiceJet Direct,14334.0,3
2026-09-13,DEL_CCU,30,Yatra,5500.0,75
2026-09-13,DEL_CCU,45,Air India Direct,10271.0,1
2026-09-13,DEL_CCU,45,Akasa Direct,9891.0,7
2026-09-13,DEL_CCU,45,Cleartrip,8812.0,21
2026-09-13,DEL_CCU,45,EaseMyTrip,3499.0,204
2026-09-13,DEL_CCU,45,SpiceJet Direct,9627.0,3
2026-09-13,DEL_CCU,45,Yatra,5500.0,75
2026-09-13,DEL_GOI,1,Air India Direct,7396.0,1
2026-09-13,DEL_GOI,1,Cleartrip,8791.0,21
2026-09-13,DEL_GOI,1,EaseMyTrip,3499.0,156
2026-09-13,DEL_GOI,1,Yatra,5500.0,75
2026-09-13,DEL_GOI,7,Air India Direct,8644.0,1
2026-09-13,DEL_GOI,7,Cleartrip,9400.0,21
2026-09-13,DEL_GOI,7,EaseMyTrip,3499.0,206
2026-09-13,DEL_GOI,7,Yatra,5500.0,75
2026-09-13,DEL_GOI,15,Air India Direct,7929.0,1
2026-09-13,DEL_GOI,15,Cleartrip,8467.0,21
2026-09-13,DEL_GOI,15,EaseMyTrip,3499.0,213
2026-09-13,DEL_GOI,15,Yatra,5500.0,75
2026-09-13,DEL_GOI,30,Air India Direct,7300.0,1
2026-09-13,DEL_GOI,30,Cleartrip,6359.0,21
2026-09-13,DEL_GOI,30,EaseMyTrip,3499.0,225
2026-09-13,DEL_GOI,30,Yatra,5500.0,75
2026-09-13,DEL_GOI,45,Air India Direct,7300.0,1
2026-09-13,DEL_GOI,45,Cleartrip,8745.0,21
2026-09-13,DEL_GOI,45,EaseMyTrip,3499.0,200
2026-09-13,DEL_GOI,45,SpiceJet Direct,13704.0,6
2026-09-13,DEL_GOI,45,Yatra,5500.0,75
2026-09-13,DEL_HYD,1,Air India Direct,9109.0,1
2026-09-13,DEL_HYD,1,Akasa Direct,8692.0,7
2026-09-13,DEL_HYD,1,Cleartrip,8825.0,21
2026-09-13,DEL_HYD,1,EaseMyTrip,3499.0,159
2026-09-13,DEL_HYD,1,Yatra,5500.0,75
2026-09-13,DEL_HYD,7,Air India Direct,9697.0,1
2026-09-13,DEL_HYD,7,Akasa Direct,8090.0,7
2026-09-13,DEL_HYD,7,Cleartrip,9514.0,21
2026-09-13,DEL_HYD,7,EaseMyTrip,3499.0,198
2026-09-13,DEL_HYD,7,Yatra,5500.0,75
2026-09-13,DEL_HYD,15,Air India Direct,9222.0,1
2026-09-13,DEL_HYD,15,Akasa Direct,8090.0,7
2026-09-13,DEL_HYD,15,Cleartrip,8067.0,21
2026-09-13,DEL_HYD,15,EaseMyTrip,3499.0,208
2026-09-13,DEL_HYD,15,Yatra,5500.0,75
2026-09-13,DEL_HYD,30,Air India Direct,9222.0,1
2026-09-13,DEL_HYD,30,Akasa Direct,8692.0,7
2026-09-13,DEL_HYD,30,Cleartrip,8067.0,21
2026-09-13,DEL_HYD,30,EaseMyTrip,3499.0,210
2026-09-13,DEL_HYD,30,Yatra,5500.0,75
2026-09-13,DEL_HYD,45,Air India Direct,9697.0,1
2026-09-13,DEL_HYD,45,Akasa Direct,9177.0,7
2026-09-13,DEL_HYD,45,Cleartrip,8067.0,21
2026-09-13,DEL_HYD,45,EaseMyTrip,3499.0,236
2026-09-13,DEL_HYD,45,SpiceJet Direct,11839.0,2
2026-09-13,DEL_HYD,45,Yatra,5500.0,75
2026-09-13,DEL_MAA,1,Air India Direct,9701.0,1
2026-09-13,DEL_MAA,1,Cleartrip,10217.0,17
2026-09-13,DEL_MAA,1,EaseMyTrip,3499.0,164
2026-09-13,DEL_MAA,1,Yatra,5500.0,75
2026-09-13,DEL_MAA,7,Air India Direct,10725.0,1
2026-09-13,DEL_MAA,7,Cleartrip,13812.0,15
2026-09-13,DEL_MAA,7,EaseMyTrip,3499.0,210
2026-09-13,DEL_MAA,7,Yatra,5500.0,75
2026-09-13,DEL_MAA,15,Air India Direct,9701.0,1
2026-09-13,DEL_MAA,15,Cleartrip,10002.0,17
2026-09-13,DEL_MAA,15,EaseMyTrip,3499.0,207
2026-09-13,DEL_MAA,15,Yatra,5500.0,75
2026-09-13,DEL_MAA,30,Air India Direct,9701.0,1
2026-09-13,DEL_MAA,30,Cleartrip,9060.0,21
2026-09-13,DEL_MAA,30,EaseMyTrip,3499.0,198
2026-09-13,DEL_MAA,30,Yatra,5500.0,75
2026-09-13,DEL_MAA,45,Air India Direct,9701.0,1
2026-09-13,DEL_MAA,45,Akasa Direct,10789.0,7
2026-09-13,DEL_MAA,45,Cleartrip,9884.0,21
2026-09-13,DEL_MAA,45,EaseMyTrip,3499.0,246
2026-09-13,DEL_MAA,45,Yatra,5500.0,75
2026-09-13,HYD_BLR,1,Air India Direct,7148.0,1
2026-09-13,HYD_BLR,1,Akasa Direct,19373.0,7
2026-09-13,HYD_BLR,1,Cleartrip,8308.0,13
2026-09-13,HYD_BLR,1,EaseMyTrip,3499.0,160
2026-09-13,HYD_BLR,1,Yatra,5437.0,75
2026-09-13,HYD_BLR,7,Air India Direct,6448.0,1
2026-09-13,HYD_BLR,7,Akasa Direct,16795.0,7
2026-09-13,HYD_BLR,7,Cleartrip,5762.0,21
2026-09-13,HYD_BLR,7,EaseMyTrip,3499.0,180
2026-09-13,HYD_BLR,7,Yatra,5500.0,75
2026-09-13,HYD_BLR,15,Air India Direct,5128.0,1
2026-09-13,HYD_BLR,15,Akasa Direct,16795.0,7
2026-09-13,HYD_BLR,15,Cleartrip,4697.5,14
2026-09-13,HYD_BLR,15,EaseMyTrip,3499.0,192
2026-09-13,HYD_BLR,15,Yatra,5437.0,75
2026-09-13,HYD_BLR,30,Air India Direct,4929.0,1
2026-09-13,HYD_BLR,30,Akasa Direct,17578.0,7
2026-09-13,HYD_BLR,30,Cleartrip,4550.0,21
2026-09-13,HYD_BLR,30,EaseMyTrip,3499.0,196
2026-09-13,HYD_BLR,30,Yatra,5000.0,75
2026-09-13,HYD_BLR,45,Air India Direct,5156.0,1
2026-09-13,HYD_BLR,45,Akasa Direct,18948.0,7
2026-09-13,HYD_BLR,45,Cleartrip,4860.0,17
2026-09-13,HYD_BLR,45,EaseMyTrip,3499.0,193
2026-09-13,HYD_BLR,45,Yatra,5220.0,75
2026-09-13,HYD_DEL,1,Air India Direct,8572.0,1
2026-09-13,HYD_DEL,1,Akasa Direct,9112.0,7
2026-09-13,HYD_DEL,1,Cleartrip,7988.0,21
2026-09-13,HYD_DEL,1,EaseMyTrip,3499.0,162
2026-09-13,HYD_DEL,1,Yatra,5500.0,75
2026-09-13,HYD_DEL,7,Air India Direct,8572.0,1
2026-09-13,HYD_DEL,7,Akasa Direct,8352.0,7
2026-09-13,HYD_DEL,7,Cleartrip,8341.0,21
2026-09-13,HYD_DEL,7,EaseMyTrip,3499.0,207
2026-09-13,HYD_DEL,7,Yatra,5500.0,75
2026-09-13,HYD_DEL,15,Air India Direct,8572.0,1
2026-09-13,HYD_DEL,15,Akasa Direct,8352.0,7
2026-09-13,HYD_DEL,15,Cleartrip,7647.0,21
2026-09-13,HYD_DEL,15,EaseMyTrip,3499.0,218
2026-09-13,HYD_DEL,15,Yatra,5500.0,75
2026-09-13,HYD_DEL,30,Air India Direct,8687.0,1
2026-09-13,HYD_DEL,30,Akasa Direct,8647.0,7
2026-09-13,HYD_DEL,30,Cleartrip,7268.0,21
2026-09-13,HYD_DEL,30,EaseMyTrip,3499.0,201
2026-09-13,HYD_DEL,30,Yatra,5500.0,75
2026-09-13,HYD_DEL,45,Air India Direct,8687.0,1
2026-09-13,HYD_DEL,45,Akasa Direct,9274.0,7
2026-09-13,HYD_DEL,45,Cleartrip,7647.0,21
2026-09-13,HYD_DEL,45,EaseMyTrip,3499.0,242
2026-09-13,HYD_DEL,45,SpiceJet Direct,13154.0,2
2026-09-13,HYD_DEL,45,Yatra,5500.0,75
2026-09-13,MAA_BOM,1,Air India Direct,7779.0,1
2026-09-13,MAA_BOM,1,Akasa Direct,7634.5,4
2026-09-13,MAA_BOM,1,Cleartrip,7540.0,21
2026-09-13,MAA_BOM,1,EaseMyTrip,3499.0,172
2026-09-13,MAA_BOM,1,Yatra,5500.0,75
2026-09-13,MAA_BOM,7,Air India Direct,8252.0,1
2026-09-13,MAA_BOM,7,Akasa Direct,7248.5,4
2026-09-13,MAA_BOM,7,Cleartrip,9080.0,21
2026-09-13,MAA_BOM,7,EaseMyTrip,3499.0,227
2026-09-13,MAA_BOM,7,Yatra,5500.0,75
2026-09-13,MAA_BOM,15,Air India Direct,7832.0,1
2026-09-13,MAA_BOM,15,Akasa Direct,7061.0,6
2026-09-13,MAA_BOM,15,Cleartrip,7540.0,21
2026-09-13,MAA_BOM,15,EaseMyTrip,3499.0,219
2026-09-13,MAA_BOM,15,Yatra,5500.0,75
2026-09-13,MAA_BOM,30,Air India Direct,7828.0,1
2026-09-13,MAA_BOM,30,Akasa Direct,7061.0,9
2026-09-13,MAA_BOM,30,Cleartrip,7540.0,18
2026-09-13,MAA_BOM,30,EaseMyTrip,3499.0,230
2026-09-13,MAA_BOM,30,Yatra,5500.0,75
2026-09-13,MAA_BOM,45,Air India Direct,7832.0,1
2026-09-13,MAA_BOM,45,Akasa Direct,7833.0,9
2026-09-13,MAA_BOM,45,Cleartrip,7540.0,21
2026-09-13,MAA_BOM,45,EaseMyTrip,3499.0,213
2026-09-13,MAA_BOM,45,Yatra,5500.0,75
2026-09-13,MAA_DEL,1,Air India Direct,9630.0,1
2026-09-13,MAA_DEL,1,Cleartrip,9778.0,21
2026-09-13,MAA_DEL,1,EaseMyTrip,3499.0,159
2026-09-13,MAA_DEL,1,Yatra,5500.0,75
2026-09-13,MAA_DEL,7,Air India Direct,9630.0,1
2026-09-13,MAA_DEL,7,Akasa Direct,11805.0,4
2026-09-13,MAA_DEL,7,Cleartrip,9778.0,21
2026-09-13,MAA_DEL,7,EaseMyTrip,3499.0,206
2026-09-13,MAA_DEL,7,Yatra,5500.0,75
2026-09-13,MAA_DEL,15,Air India Direct,9630.0,1
2026-09-13,MAA_DEL,15,Cleartrip,10146.0,21
2026-09-13,MAA_DEL,15,EaseMyTrip,3499.0,212
2026-09-13,MAA_DEL,15,Yatra,5500.0,75
2026-09-13,MAA_DEL,30,Air India Direct,9630.0,1
2026-09-13,MAA_DEL,30,Akasa Direct,11187.0,10
2026-09-13,MAA_DEL,30,Cleartrip,8930.0,21
2026-09-13,MAA_DEL,30,EaseMyTrip,3499.0,224
2026-09-13,MAA_DEL,30,Yatra,5500.0,75
2026-09-13,MAA_DEL,45,Air India Direct,9630.0,1
2026-09-13,MAA_DEL,45,Akasa Direct,13798.0,9
2026-09-13,MAA_DEL,45,Cleartrip,9778.0,21
2026-09-13,MAA_DEL,45,EaseMyTrip,3499.0,223
2026-09-13,MAA_DEL,45,Yatra,5500.0,75
2026-09-14,AMD_DEL,1,Air India Direct,6435.0,1
2026-09-14,AMD_DEL,1,Cleartrip,7048.0,21
2026-09-14,AMD_DEL,1,EaseMyTrip,3499.0,122
2026-09-14,AMD_DEL,1,Yatra,5500.0,75
2026-09-14,AMD_DEL,7,Air India Direct,6324.0,1
2026-09-14,AMD_DEL,7,Akasa Direct,9963.0,13
2026-09-14,AMD_DEL,7,Cleartrip,6351.0,21
2026-09-14,AMD_DEL,7,EaseMyTrip,3499.0,116
2026-09-14,AMD_DEL,7,Yatra,5500.0,51
2026-09-14,AMD_DEL,15,Air India Direct,6435.0,1
2026-09-14,AMD_DEL,15,Akasa Direct,9795.0,7
2026-09-14,AMD_DEL,15,Cleartrip,6351.0,21
2026-09-14,AMD_DEL,15,EaseMyTrip,3499.0,94
2026-09-14,AMD_DEL,15,Yatra,5500.0,33
2026-09-14,AMD_DEL,30,Air India Direct,6435.0,1
2026-09-14,AMD_DEL,30,Akasa Direct,11511.0,16
2026-09-14,AMD_DEL,30,Cleartrip,6351.0,21
2026-09-14,AMD_DEL,30,EaseMyTrip,3499.0,118
2026-09-14,AMD_DEL,30,Yatra,5500.0,75
2026-09-14,AMD_DEL,45,Air India Direct,6972.0,1
2026-09-14,AMD_DEL,45,Akasa Direct,12758.0,7
2026-09-14,AMD_DEL,45,Cleartrip,6680.0,21
2026-09-14,AMD_DEL,45,EaseMyTrip,3499.0,134
2026-09-14,AMD_DEL,45,SpiceJet Direct,6785.0,3
2026-09-14,AMD_DEL,45,Yatra,5500.0,75
2026-09-14,BLR_BOM,1,Air India Direct,6526.0,1
2026-09-14,BLR_BOM,1,Akasa Direct,6732.0,16
2026-09-14,BLR_BOM,1,Cleartrip,6982.0,21
2026-09-14,BLR_BOM,1,EaseMyTrip,3499.0,205
2026-09-14,BLR_BOM,1,Yatra,5500.0,75
2026-09-14,BLR_BOM,7,Air India Direct,5034.0,1
2026-09-14,BLR_BOM,7,Akasa Direct,4428.0,7
2026-09-14,BLR_BOM,7,Cleartrip,6159.0,21
2026-09-14,BLR_BOM,7,EaseMyTrip,3499.0,201
2026-09-14,BLR_BOM,7,Yatra,5500.0,75
2026-09-14,BLR_BOM,15,Air India Direct,4560.0,1
2026-09-14,BLR_BOM,15,Akasa Direct,5544.0,7
2026-09-14,BLR_BOM,15,Cleartrip,5634.0,21
2026-09-14,BLR_BOM,15,EaseMyTrip,3499.0,208
2026-09-14,BLR_BOM,15,Yatra,5500.0,75
2026-09-14,BLR_BOM,30,Air India Direct,4614.0,1
2026-09-14,BLR_BOM,30,Akasa Direct,5138.0,7
2026-09-14,BLR_BOM,30,Cleartrip,5109.0,21
2026-09-14,BLR_BOM,30,EaseMyTrip,3499.0,239
2026-09-14,BLR_BOM,30,Yatra,5295.0,75
2026-09-14,BLR_BOM,45,Air India Direct,8933.0,1
2026-09-14,BLR_BOM,45,Akasa Direct,8218.0,7
2026-09-14,BLR_BOM,45,Cleartrip,7298.0,21
2026-09-14,BLR_BOM,45,EaseMyTrip,3499.0,257
2026-09-14,BLR_BOM,45,SpiceJet Direct,7168.0,9
2026-09-14,BLR_BOM,45,Yatra,5500.0,75
2026-09-14,BLR_DEL,1,Air India Direct,8656.0,1
2026-09-14,BLR_DEL,1,Akasa Direct,8791.0,7
2026-09-14,BLR_DEL,1,Cleartrip,8677.0,21
2026-09-14,BLR_DEL,1,EaseMyTrip,3499.0,249
2026-09-14,BLR_DEL,1,Yatra,5500.0,75
2026-09-14,BLR_DEL,7,Air India Direct,8656.0,1
2026-09-14,BLR_DEL,7,Akasa Direct,8364.0,7
2026-09-14,BLR_DEL,7,Cleartrip,8364.0,21
2026-09-14,BLR_DEL,7,EaseMyTrip,3499.0,288
2026-09-14,BLR_DEL,7,Yatra,5500.0,75
2026-09-14,BLR_DEL,15,Air India Direct,8656.0,1
2026-09-14,BLR_DEL,15,Akasa Direct,8364.0,7
2026-09-14,BLR_DEL,15,Cleartrip,8364.0,21
2026-09-14,BLR_DEL,15,EaseMyTrip,3499.0,272
2026-09-14,BLR_DEL,15,Yatra,5500.0,75
2026-09-14,BLR_DEL,30,Air India Direct,9896.0,1
2026-09-14,BLR_DEL,30,Akasa Direct,10737.0,7
2026-09-14,BLR_DEL,30,Cleartrip,8380.0,21
2026-09-14,BLR_DEL,30,EaseMyTrip,3499.0,290
2026-09-14,BLR_DEL,30,Yatra,5500.0,75
2026-09-14,BLR_DEL,45,Air India Direct,10544.0,1
2026-09-14,BLR_DEL,45,Akasa Direct,10541.0,13
2026-09-14,BLR_DEL,45,Cleartrip,9907.0,21
2026-09-14,BLR_DEL,45,EaseMyTrip,3499.0,336
2026-09-14,BLR_DEL,45,SpiceJet Direct,12952.0,15
2026-09-14,BLR_DEL,45,Yatra,5500.0,75
2026-09-14,BLR_HYD,1,Air India Direct,7977.0,1
2026-09-14,BLR_HYD,1,Akasa Direct,17609.0,7
2026-09-14,BLR_HYD,1,Cleartrip,12353.0,15
2026-09-14,BLR_HYD,1,EaseMyTrip,3499.0,192
2026-09-14,BLR_HYD,1,Yatra,5500.0,75
2026-09-14,BLR_HYD,7,Air India Direct,5777.0,1
2026-09-14,BLR_HYD,7,Akasa Direct,16218.0,12
2026-09-14,BLR_HYD,7,Cleartrip,5463.0,21
2026-09-14,BLR_HYD,7,EaseMyTrip,3499.0,186
2026-09-14,BLR_HYD,7,Yatra,5463.0,75
2026-09-14,BLR_HYD,15,Air India Direct,4787.0,1
2026-09-14,BLR_HYD,15,Akasa Direct,17108.0,7
2026-09-14,BLR_HYD,15,Cleartrip,5276.0,14
2026-09-14,BLR_HYD,15,EaseMyTrip,3499.0,190
2026-09-14,BLR_HYD,15,Yatra,5463.0,75
2026-09-14,BLR_HYD,30,Air India Direct,6364.0,1
2026-09-14,BLR_HYD,30,Akasa Direct,19316.0,7
2026-09-14,BLR_HYD,30,Cleartrip,8885.0,15
2026-09-14,BLR_HYD,30,EaseMyTrip,3499.0,194
2026-09-14,BLR_HYD,30,Yatra,5000.0,75
2026-09-14,BLR_HYD,45,Air India Direct,5006.0,1
2026-09-14,BLR_HYD,45,Akasa Direct,19258.5,10
2026-09-14,BLR_HYD,45,Cleartrip,5463.0,21
2026-09-14,BLR_HYD,45,EaseMyTrip,3499.0,203
2026-09-14,BLR_HYD,45,Yatra,5463.0,75
2026-09-14,BOM_BLR,1,Air India Direct,7018.0,1
2026-09-14,BOM_BLR,1,Cleartrip,7062.0,21
2026-09-14,BOM_BLR,1,EaseMyTrip,3499.0,224
2026-09-14,BOM_BLR,1,Yatra,5500.0,75
2026-09-14,BOM_BLR,7,Air India Direct,7406.0,1
2026-09-14,BOM_BLR,7,Akasa Direct,5050.0,7
2026-09-14,BOM_BLR,7,Cleartrip,7374.0,21
2026-09-14,BOM_BLR,7,EaseMyTrip,3499.0,221
2026-09-14,BOM_BLR,7,Yatra,5500.0,75
2026-09-14,BOM_BLR,15,Air India Direct,5345.0,1
2026-09-14,BOM_BLR,15,Cleartrip,6473.0,21
2026-09-14,BOM_BLR,15,EaseMyTrip,3499.0,224
2026-09-14,BOM_BLR,15,Yatra,5500.0,75
2026-09-14,BOM_BLR,30,Air India Direct,5394.0,1
2026-09-14,BOM_BLR,30,Akasa Direct,5050.0,7
2026-09-14,BOM_BLR,30,Cleartrip,5249.0,21
2026-09-14,BOM_BLR,30,EaseMyTrip,3499.0,235
2026-09-14,BOM_BLR,30,Yatra,5220.0,75
2026-09-14,BOM_BLR,45,Air India Direct,8687.0,1
2026-09-14,BOM_BLR,45,Akasa Direct,5899.0,7
2026-09-14,BOM_BLR,45,Cleartrip,6973.0,21
2026-09-14,BOM_BLR,45,EaseMyTrip,3499.0,245
2026-09-14,BOM_BLR,45,SpiceJet Direct,5828.0,9
2026-09-14,BOM_BLR,45,Yatra,5500.0,75
2026-09-14,BOM_DEL,1,Air India Direct,6741.0,1
2026-09-14,BOM_DEL,1,Akasa Direct,6523.0,7
2026-09-14,BOM_DEL,1,Cleartrip,6523.0,21
2026-09-14,BOM_DEL,1,EaseMyTrip,3499.0,273
2026-09-14,BOM_DEL,1,SpiceJet Direct,7320.5,6
2026-09-14,BOM_DEL,1,Yatra,5500.0,75
2026-09-14,BOM_DEL,7,Air India Direct,6741.0,1
2026-09-14,BOM_DEL,7,Akasa Direct,6523.0,7
2026-09-14,BOM_DEL,7,Cleartrip,6562.0,21
2026-09-14,BOM_DEL,7,EaseMyTrip,3499.0,282
2026-09-14,BOM_DEL,7,SpiceJet Direct,22536.0,6
2026-09-14,BOM_DEL,7,Yatra,5500.0,75
2026-09-14,BOM_DEL,15,Air India Direct,6741.0,1
2026-09-14,BOM_DEL,15,Akasa Direct,6523.0,18
2026-09-14,BOM_DEL,15,Cleartrip,6561.0,21
2026-09-14,BOM_DEL,15,EaseMyTrip,3499.0,265
2026-09-14,BOM_DEL,15,SpiceJet Direct,16132.0,9
2026-09-14,BOM_DEL,15,Yatra,5500.0,75
2026-09-14,BOM_DEL,30,Air India Direct,6741.0,1
2026-09-14,BOM_DEL,30,Cleartrip,6503.0,21
2026-09-14,BOM_DEL,30,EaseMyTrip,3499.0,282
2026-09-14,BOM_DEL,30,Yatra,5500.0,75
2026-09-14,BOM_DEL,45,Air India Direct,7445.0,1
2026-09-14,BOM_DEL,45,Akasa Direct,7398.0,7
2026-09-14,BOM_DEL,45,Cleartrip,6876.0,21
2026-09-14,BOM_DEL,45,EaseMyTrip,3499.0,298
2026-09-14,BOM_DEL,45,SpiceJet Direct,7342.0,12
2026-09-14,BOM_DEL,45,Yatra,5500.0,75
2026-09-14,BOM_GOI,1,Air India Direct,5469.0,1
2026-09-14,BOM_GOI,1,Cleartrip,6822.0,21
2026-09-14,BOM_GOI,1,EaseMyTrip,3499.0,95
2026-09-14,BOM_GOI,1,Yatra,5500.0,75
2026-09-14,BOM_GOI,7,Air India Direct,4413.0,1
2026-09-14,BOM_GOI,7,Cleartrip,4909.0,21
2026-09-14,BOM_GOI,7,EaseMyTrip,3499.0,151
2026-09-14,BOM_GOI,7,Yatra,5500.0,75
2026-09-14,BOM_GOI,15,Air India Direct,4778.0,1
2026-09-14,BOM_GOI,15,Cleartrip,5644.0,21
2026-09-14,BOM_GOI,15,EaseMyTrip,3499.0,148
2026-09-14,BOM_GOI,15,Yatra,5500.0,75
2026-09-14,BOM_GOI,30,Air India Direct,4413.0,1
2026-09-14,BOM_GOI,30,Cleartrip,4445.0,21
2026-09-14,BOM_GOI,30,EaseMyTrip,3499.0,143
2026-09-14,BOM_GOI,30,Yatra,5000.0,75
2026-09-14,BOM_GOI,45,Air India Direct,6097.0,1
2026-09-14,BOM_GOI,45,Cleartrip,5247.0,21
2026-09-14,BOM_GOI,45,EaseMyTrip,3499.0,179
2026-09-14,BOM_GOI,45,SpiceJet Direct,7004.0,3
2026-09-14,BOM_GOI,45,Yatra,5500.0,75
2026-09-14,BOM_MAA,1,Air India Direct,6943.0,1
2026-09-14,BOM_MAA,1,Akasa Direct,6756.5,4
2026-09-14,BOM_MAA,1,Cleartrip,7378.0,21
2026-09-14,BOM_MAA,1,EaseMyTrip,3499.0,198
2026-09-14,BOM_MAA,1,Yatra,5500.0,75
2026-09-14,BOM_MAA,7,Air India Direct,6943.0,1
2026-09-14,BOM_MAA,7,Akasa Direct,6008.0,4
2026-09-14,BOM_MAA,7,Cleartrip,8171.0,21
2026-09-14,BOM_MAA,7,EaseMyTrip,3499.0,189
2026-09-14,BOM_MAA,7,Yatra,5500.0,75
2026-09-14,BOM_MAA,15,Air India Direct,6943.0,1
2026-09-14,BOM_MAA,15,Akasa Direct,6008.0,6
2026-09-14,BOM_MAA,15,Cleartrip,6651.0,21
2026-09-14,BOM_MAA,15,EaseMyTrip,3499.0,216
2026-09-14,BOM_MAA,15,Yatra,5500.0,75
2026-09-14,BOM_MAA,30,Air India Direct,6943.0,1
2026-09-14,BOM_MAA,30,Akasa Direct,6575.0,7
2026-09-14,BOM_MAA,30,Cleartrip,6548.0,21
2026-09-14,BOM_MAA,30,EaseMyTrip,3499.0,231
2026-09-14,BOM_MAA,30,Yatra,5500.0,75
2026-09-14,BOM_MAA,45,Air India Direct,6943.0,1
2026-09-14,BOM_MAA,45,Akasa Direct,6575.0,7
2026-09-14,BOM_MAA,45,Cleartrip,6651.0,21
2026-09-14,BOM_MAA,45,EaseMyTrip,3499.0,211
2026-09-14,BOM_MAA,45,Yatra,5500.0,75
2026-09-14,CCU_DEL,1,Air India Direct,9107.0,1
2026-09-14,CCU_DEL,1,Akasa Direct,8181.0,7
2026-09-14,CCU_DEL,1,Cleartrip,7802.0,21
2026-09-14,CCU_DEL,1,EaseMyTrip,3499.0,172
2026-09-14,CCU_DEL,1,Yatra,5500.0,75
2026-09-14,CCU_DEL,7,Air India Direct,9107.0,1
2026-09-14,CCU_DEL,7,Akasa Direct,8042.0,7
2026-09-14,CCU_DEL,7,Cleartrip,7802.0,21
2026-09-14,CCU_DEL,7,EaseMyTrip,3499.0,214
2026-09-14,CCU_DEL,7,Yatra,5500.0,75
2026-09-14,CCU_DEL,15,Air India Direct,9107.0,1
2026-09-14,CCU_DEL,15,Akasa Direct,8468.0,7
2026-09-14,CCU_DEL,15,Cleartrip,7461.0,21
2026-09-14,CCU_DEL,15,EaseMyTrip,3499.0,172
2026-09-14,CCU_DEL,15,Yatra,5500.0,75
2026-09-14,CCU_DEL,30,Air India Direct,13010.0,1
2026-09-14,CCU_DEL,30,Akasa Direct,12279.0,7
2026-09-14,CCU_DEL,30,Cleartrip,12730.0,21
2026-09-14,CCU_DEL,30,EaseMyTrip,3499.0,198
2026-09-14,CCU_DEL,30,SpiceJet Direct,15656.0,9
2026-09-14,CCU_DEL,30,Yatra,5500.0,75
2026-09-14,CCU_DEL,45,Air India Direct,9141.0,1
2026-09-14,CCU_DEL,45,Akasa Direct,9400.0,7
2026-09-14,CCU_DEL,45,Cleartrip,7382.0,21
2026-09-14,CCU_DEL,45,EaseMyTrip,3499.0,209
2026-09-14,CCU_DEL,45,SpiceJet Direct,8830.0,3
2026-09-14,CCU_DEL,45,Yatra,5500.0,75
2026-09-14,DEL_AMD,1,Air India Direct,6770.0,1
2026-09-14,DEL_AMD,1,Akasa Direct,10012.0,7
2026-09-14,DEL_AMD,1,Cleartrip,8657.0,21
2026-09-14,DEL_AMD,1,EaseMyTrip,3499.0,113
2026-09-14,DEL_AMD,1,Yatra,5500.0,72
2026-09-14,DEL_AMD,7,Air India Direct,5935.0,1
2026-09-14,DEL_AMD,7,Akasa Direct,9723.0,7
2026-09-14,DEL_AMD,7,Cleartrip,5851.0,19
2026-09-14,DEL_AMD,7,EaseMyTrip,3499.0,122
2026-09-14,DEL_AMD,7,Yatra,5500.0,48
2026-09-14,DEL_AMD,15,Air India Direct,5935.0,1
2026-09-14,DEL_AMD,15,Akasa Direct,9863.0,7
2026-09-14,DEL_AMD,15,Cleartrip,6006.0,21
2026-09-14,DEL_AMD,15,EaseMyTrip,3499.0,71
2026-09-14,DEL_AMD,15,Yatra,5500.0,75
2026-09-14,DEL_AMD,30,Air India Direct,5935.0,1
2026-09-14,DEL_AMD,30,Akasa Direct,11334.0,7
2026-09-14,DEL_AMD,30,Cleartrip,6094.0,13
2026-09-14,DEL_AMD,30,EaseMyTrip,3499.0,120
2026-09-14,DEL_AMD,30,Yatra,5500.0,66
2026-09-14,DEL_AMD,45,Air India Direct,6134.0,1
2026-09-14,DEL_AMD,45,Akasa Direct,12420.0,7
2026-09-14,DEL_AMD,45,Cleartrip,6686.0,19
2026-09-14,DEL_AMD,45,EaseMyTrip,3499.0,140
2026-09-14,DEL_AMD,45,SpiceJet Direct,6988.0,3
2026-09-14,DEL_AMD,45,Yatra,5500.0,75
2026-09-14,DEL_BLR,1,Air India Direct,12322.0,1
2026-09-14,DEL_BLR,1,Akasa Direct,8829.0,7
2026-09-14,DEL_BLR,1,Cleartrip,10077.0,21
2026-09-14,DEL_BLR,1,EaseMyTrip,3499.0,259
2026-09-14,DEL_BLR,1,Yatra,5500.0,75
2026-09-14,DEL_BLR,7,Air India Direct,9121.0,1
2026-09-14,DEL_BLR,7,Cleartrip,9142.0,21
2026-09-14,DEL_BLR,7,EaseMyTrip,3499.0,272
2026-09-14,DEL_BLR,7,Yatra,5500.0,75
2026-09-14,DEL_BLR,15,Air India Direct,9121.0,1
2026-09-14,DEL_BLR,15,Akasa Direct,8829.0,7
2026-09-14,DEL_BLR,15,Cleartrip,8991.0,21
2026-09-14,DEL_BLR,15,EaseMyTrip,3499.0,275
2026-09-14,DEL_BLR,15,Yatra,5500.0,75
2026-09-14,DEL_BLR,30,Air India Direct,10340.0,1
2026-09-14,DEL_BLR,30,Akasa Direct,9680.0,7
2026-09-14,DEL_BLR,30,Cleartrip,8491.0,21
2026-09-14,DEL_BLR,30,EaseMyTrip,3499.0,307
2026-09-14,DEL_BLR,30,Yatra,5500.0,75
2026-09-14,DEL_BLR,45,Air India Direct,10641.0,1
2026-09-14,DEL_BLR,45,Akasa Direct,9501.0,7
2026-09-14,DEL_BLR,45,Cleartrip,9726.0,21
2026-09-14,DEL_BLR,45,EaseMyTrip,3499.0,357
2026-09-14,DEL_BLR,45,Yatra,5500.0,75
2026-09-14,DEL_BOM,1,Air India Direct,6709.0,1
2026-09-14,DEL_BOM,1,Akasa Direct,6530.0,18
2026-09-14,DEL_BOM,1,Cleartrip,6530.0,21
2026-09-14,DEL_BOM,1,EaseMyTrip,3499.0,294
2026-09-14,DEL_BOM,1,SpiceJet Direct,9269.0,3
2026-09-14,DEL_BOM,1,Yatra,5500.0,75
2026-09-14,DEL_BOM,7,Air India Direct,13074.0,1
2026-09-14,DEL_BOM,7,Akasa Direct,6530.0,7
2026-09-14,DEL_BOM,7,Cleartrip,6530.0,21
2026-09-14,DEL_BOM,7,EaseMyTrip,3499.0,254
2026-09-14,DEL_BOM,7,SpiceJet Direct,13875.0,6
2026-09-14,DEL_BOM,7,Yatra,5500.0,75
2026-09-14,DEL_BOM,15,Air India Direct,6709.0,1
2026-09-14,DEL_BOM,15,Akasa Direct,6530.0,18
2026-09-14,DEL_BOM,15,Cleartrip,6530.0,21
2026-09-14,DEL_BOM,15,EaseMyTrip,3499.0,277
2026-09-14,DEL_BOM,15,SpiceJet Direct,22721.0,6
2026-09-14,DEL_BOM,15,Yatra,5500.0,75
2026-09-14,DEL_BOM,30,Air India Direct,6709.0,1
2026-09-14,DEL_BOM,30,Akasa Direct,6530.0,7
2026-09-14,DEL_BOM,30,Cleartrip,6300.0,21
2026-09-14,DEL_BOM,30,EaseMyTrip,3499.0,306
2026-09-14,DEL_BOM,30,SpiceJet Direct,6948.0,9
2026-09-14,DEL_BOM,30,Yatra,5500.0,75
2026-09-14,DEL_BOM,45,Air India Direct,7311.0,1
2026-09-14,DEL_BOM,45,Akasa Direct,7103.0,7
2026-09-14,DEL_BOM,45,Cleartrip,6598.0,21
2026-09-14,DEL_BOM,45,EaseMyTrip,3499.0,310
2026-09-14,DEL_BOM,45,SpiceJet Direct,6948.0,12
2026-09-14,DEL_BOM,45,Yatra,5500.0,75
2026-09-14,DEL_CCU,1,Air India Direct,9121.0,1
2026-09-14,DEL_CCU,1,Akasa Direct,7909.0,7
2026-09-14,DEL_CCU,1,Cleartrip,7909.0,21
2026-09-14,DEL_CCU,1,EaseMyTrip,3499.0,199
2026-09-14,DEL_CCU,1,Yatra,5500.0,75
2026-09-14,DEL_CCU,7,Air India Direct,9121.0,1
2026-09-14,DEL_CCU,7,Akasa Direct,7909.0,7
2026-09-14,DEL_CCU,7,Cleartrip,7691.0,21
2026-09-14,DEL_CCU,7,EaseMyTrip,3499.0,211
2026-09-14,DEL_CCU,7,Yatra,5500.0,75
2026-09-14,DEL_CCU,15,Air India Direct,9121.0,1
2026-09-14,DEL_CCU,15,Akasa Direct,8678.0,12
2026-09-14,DEL_CCU,15,Cleartrip,7691.0,21
2026-09-14,DEL_CCU,15,EaseMyTrip,3499.0,164
2026-09-14,DEL_CCU,15,Yatra,5500.0,75
2026-09-14,DEL_CCU,30,Air India Direct,13552.0,1
2026-09-14,DEL_CCU,30,Akasa Direct,12405.0,7
2026-09-14,DEL_CCU,30,Cleartrip,11111.0,21
2026-09-14,DEL_CCU,30,EaseMyTrip,3499.0,196
2026-09-14,DEL_CCU,30,SpiceJet Direct,15392.0,9
2026-09-14,DEL_CCU,30,Yatra,5500.0,75
2026-09-14,DEL_CCU,45,Air India Direct,9477.0,1
2026-09-14,DEL_CCU,45,Akasa Direct,12644.0,11
2026-09-14,DEL_CCU,45,Cleartrip,7586.0,21
2026-09-14,DEL_CCU,45,EaseMyTrip,3499.0,201
2026-09-14,DEL_CCU,45,SpiceJet Direct,12479.0,3
2026-09-14,DEL_CCU,45,Yatra,5500.0,75
2026-09-14,DEL_GOI,1,Air India Direct,7233.0,1
2026-09-14,DEL_GOI,1,Cleartrip,7987.0,21
2026-09-14,DEL_GOI,1,EaseMyTrip,3499.0,218
2026-09-14,DEL_GOI,1,Yatra,5500.0,75
2026-09-14,DEL_GOI,7,Air India Direct,7856.0,1
2026-09-14,DEL_GOI,7,Cleartrip,8621.0,21
2026-09-14,DEL_GOI,7,EaseMyTrip,3499.0,215
2026-09-14,DEL_GOI,7,Yatra,5500.0,75
2026-09-14,DEL_GOI,15,Air India Direct,8866.0,1
2026-09-14,DEL_GOI,15,Cleartrip,9103.0,21
2026-09-14,DEL_GOI,15,EaseMyTrip,3499.0,228
2026-09-14,DEL_GOI,15,Yatra,5500.0,75
2026-09-14,DEL_GOI,30,Air India Direct,7300.0,1
2026-09-14,DEL_GOI,30,Cleartrip,6359.0,21
2026-09-14,DEL_GOI,30,EaseMyTrip,3499.0,198
2026-09-14,DEL_GOI,30,Yatra,5500.0,75
2026-09-14,DEL_GOI,45,Air India Direct,7813.0,1
2026-09-14,DEL_GOI,45,Cleartrip,8387.0,21
2026-09-14,DEL_GOI,45,EaseMyTrip,3499.0,216
2026-09-14,DEL_GOI,45,SpiceJet Direct,13704.0,6
2026-09-14,DEL_GOI,45,Yatra,5500.0,75
2026-09-14,DEL_HYD,1,Air India Direct,9109.0,1
2026-09-14,DEL_HYD,1,Akasa Direct,8692.0,10
2026-09-14,DEL_HYD,1,Cleartrip,8199.0,21
2026-09-14,DEL_HYD,1,EaseMyTrip,3499.0,137
2026-09-14,DEL_HYD,1,Yatra,5500.0,75
2026-09-14,DEL_HYD,7,Air India Direct,9222.0,1
2026-09-14,DEL_HYD,7,Akasa Direct,8385.0,7
2026-09-14,DEL_HYD,7,Cleartrip,8067.0,21
2026-09-14,DEL_HYD,7,EaseMyTrip,3499.0,153
2026-09-14,DEL_HYD,7,Yatra,5500.0,75
2026-09-14,DEL_HYD,15,Air India Direct,9222.0,1
2026-09-14,DEL_HYD,15,Akasa Direct,8237.5,10
2026-09-14,DEL_HYD,15,Cleartrip,8067.0,21
2026-09-14,DEL_HYD,15,EaseMyTrip,3499.0,171
2026-09-14,DEL_HYD,15,Yatra,5500.0,75
2026-09-14,DEL_HYD,30,Air India Direct,9222.0,1
2026-09-14,DEL_HYD,30,Akasa Direct,9698.0,10
2026-09-14,DEL_HYD,30,Cleartrip,8067.0,21
2026-09-14,DEL_HYD,30,EaseMyTrip,3499.0,209
2026-09-14,DEL_HYD,30,Yatra,5500.0,75
2026-09-14,DEL_HYD,45,Air India Direct,9697.0,1
2026-09-14,DEL_HYD,45,Akasa Direct,9516.0,10
2026-09-14,DEL_HYD,45,Cleartrip,8067.0,21
2026-09-14,DEL_HYD,45,EaseMyTrip,3499.0,238
2026-09-14,DEL_HYD,45,SpiceJet Direct,11839.0,2
2026-09-14,DEL_HYD,45,Yatra,5500.0,75
2026-09-14,DEL_MAA,1,Air India Direct,9701.0,1
2026-09-14,DEL_MAA,1,Akasa Direct,14400.0,6
2026-09-14,DEL_MAA,1,Cleartrip,10002.0,21
2026-09-14,DEL_MAA,1,EaseMyTrip,3499.0,206
2026-09-14,DEL_MAA,1,Yatra,5500.0,75
2026-09-14,DEL_MAA,7,Air India Direct,9701.0,1
2026-09-14,DEL_MAA,7,Cleartrip,9920.0,21
2026-09-14,DEL_MAA,7,EaseMyTrip,3499.0,204
2026-09-14,DEL_MAA,7,Yatra,5500.0,75
2026-09-14,DEL_MAA,15,Air India Direct,9701.0,1
2026-09-14,DEL_MAA,15,Akasa Direct,12126.0,7
2026-09-14,DEL_MAA,15,Cleartrip,9920.0,21
2026-09-14,DEL_MAA,15,EaseMyTrip,3499.0,219
2026-09-14,DEL_MAA,15,Yatra,5500.0,75
2026-09-14,DEL_MAA,30,Air India Direct,18931.0,1
2026-09-14,DEL_MAA,30,Akasa Direct,10789.0,7
2026-09-14,DEL_MAA,30,Cleartrip,9060.0,21
2026-09-14,DEL_MAA,30,EaseMyTrip,3499.0,224
2026-09-14,DEL_MAA,30,Yatra,5500.0,75
2026-09-14,DEL_MAA,45,Air India Direct,9701.0,1
2026-09-14,DEL_MAA,45,Akasa Direct,10789.0,7
2026-09-14,DEL_MAA,45,Cleartrip,10002.0,18
2026-09-14,DEL_MAA,45,EaseMyTrip,3499.0,239
2026-09-14,DEL_MAA,45,Yatra,5500.0,75
2026-09-14,HYD_BLR,1,Air India Direct,11021.0,1
2026-09-14,HYD_BLR,1,Akasa Direct,17735.0,7
2026-09-14,HYD_BLR,1,Cleartrip,13888.0,15
2026-09-14,HYD_BLR,1,EaseMyTrip,3499.0,196
2026-09-14,HYD_BLR,1,Yatra,5500.0,75
2026-09-14,HYD_BLR,7,Air India Direct,4929.0,1
2026-09-14,HYD_BLR,7,Akasa Direct,16943.0,7
2026-09-14,HYD_BLR,7,Cleartrip,5437.0,21
2026-09-14,HYD_BLR,7,EaseMyTrip,3499.0,192
2026-09-14,HYD_BLR,7,Yatra,5437.0,75
2026-09-14,HYD_BLR,15,Air India Direct,5128.0,1
2026-09-14,HYD_BLR,15,Cleartrip,5437.0,21
2026-09-14,HYD_BLR,15,EaseMyTrip,3499.0,192
2026-09-14,HYD_BLR,15,Yatra,5437.0,75
2026-09-14,HYD_BLR,30,Air India Direct,4929.0,1
2026-09-14,HYD_BLR,30,Akasa Direct,17644.0,7
2026-09-14,HYD_BLR,30,Cleartrip,5220.0,15
2026-09-14,HYD_BLR,30,EaseMyTrip,3499.0,191
2026-09-14,HYD_BLR,30,Yatra,5000.0,75
2026-09-14,HYD_BLR,45,Air India Direct,4929.0,1
2026-09-14,HYD_BLR,45,Akasa Direct,18600.0,9
2026-09-14,HYD_BLR,45,Cleartrip,5220.0,21
2026-09-14,HYD_BLR,45,EaseMyTrip,3499.0,192
2026-09-14,HYD_BLR,45,Yatra,5437.0,75
2026-09-14,HYD_DEL,1,Air India Direct,8572.0,1
2026-09-14,HYD_DEL,1,Akasa Direct,9275.5,10
2026-09-14,HYD_DEL,1,Cleartrip,8341.0,21
2026-09-14,HYD_DEL,1,EaseMyTrip,3499.0,178
2026-09-14,HYD_DEL,1,Yatra,5500.0,75
2026-09-14,HYD_DEL,7,Air India Direct,8572.0,1
2026-09-14,HYD_DEL,7,Akasa Direct,8499.0,7
2026-09-14,HYD_DEL,7,Cleartrip,7988.0,21
2026-09-14,HYD_DEL,7,EaseMyTrip,3499.0,219
2026-09-14,HYD_DEL,7,Yatra,5500.0,75
2026-09-14,HYD_DEL,15,Air India Direct,8572.0,1
2026-09-14,HYD_DEL,15,Akasa Direct,8067.0,7
2026-09-14,HYD_DEL,15,Cleartrip,7778.0,21
2026-09-14,HYD_DEL,15,EaseMyTrip,3499.0,205
2026-09-14,HYD_DEL,15,Yatra,5500.0,75
2026-09-14,HYD_DEL,30,Air India Direct,8687.0,1
2026-09-14,HYD_DEL,30,Akasa Direct,8800.5,10
2026-09-14,HYD_DEL,30,Cleartrip,7347.0,21
2026-09-14,HYD_DEL,30,EaseMyTrip,3499.0,217
2026-09-14,HYD_DEL,30,Yatra,5500.0,75
2026-09-14,HYD_DEL,45,Air India Direct,9160.0,1
2026-09-14,HYD_DEL,45,Akasa Direct,9439.0,7
2026-09-14,HYD_DEL,45,Cleartrip,7647.0,21
2026-09-14,HYD_DEL,45,EaseMyTrip,3499.0,236
2026-09-14,HYD_DEL,45,SpiceJet Direct,14164.0,2
2026-09-14,HYD_DEL,45,Yatra,5500.0,75
2026-09-14,MAA_BOM,1,Air India Direct,7832.0,1
2026-09-14,MAA_BOM,1,Akasa Direct,7833.0,4
2026-09-14,MAA_BOM,1,Cleartrip,8887.0,17
2026-09-14,MAA_BOM,1,EaseMyTrip,3499.0,220
2026-09-14,MAA_BOM,1,Yatra,5500.0,75
2026-09-14,MAA_BOM,7,Air India Direct,7832.0,1
2026-09-14,MAA_BOM,7,Akasa Direct,7436.0,6
2026-09-14,MAA_BOM,7,Cleartrip,7853.0,18
2026-09-14,MAA_BOM,7,EaseMyTrip,3499.0,216
2026-09-14,MAA_BOM,7,Yatra,5500.0,75
2026-09-14,MAA_BOM,15,Air India Direct,7779.0,1
2026-09-14,MAA_BOM,15,Akasa Direct,7061.0,6
2026-09-14,MAA_BOM,15,Cleartrip,7540.0,21
2026-09-14,MAA_BOM,15,EaseMyTrip,3499.0,224
2026-09-14,MAA_BOM,15,Yatra,5500.0,75
2026-09-14,MAA_BOM,30,Air India Direct,7828.0,1
2026-09-14,MAA_BOM,30,Akasa Direct,7061.0,9
2026-09-14,MAA_BOM,30,Cleartrip,7020.0,21
2026-09-14,MAA_BOM,30,EaseMyTrip,3499.0,227
2026-09-14,MAA_BOM,30,Yatra,5500.0,75
2026-09-14,MAA_BOM,45,Air India Direct,7832.0,1
2026-09-14,MAA_BOM,45,Akasa Direct,7833.0,9
2026-09-14,MAA_BOM,45,Cleartrip,7833.0,17
2026-09-14,MAA_BOM,45,EaseMyTrip,3499.0,215
2026-09-14,MAA_BOM,45,Yatra,5500.0,75
2026-09-14,MAA_DEL,1,Air India Direct,11123.0,1
2026-09-14,MAA_DEL,1,Akasa Direct,13798.0,4
2026-09-14,MAA_DEL,1,Cleartrip,11366.0,21
2026-09-14,MAA_DEL,1,EaseMyTrip,3499.0,211
2026-09-14,MAA_DEL,1,Yatra,5500.0,75
2026-09-14,MAA_DEL,7,Air India Direct,9630.0,1
2026-09-14,MAA_DEL,7,Akasa Direct,12423.0,6
2026-09-14,MAA_DEL,7,Cleartrip,10150.0,21
2026-09-14,MAA_DEL,7,EaseMyTrip,3499.0,208
2026-09-14,MAA_DEL,7,Yatra,5500.0,75
2026-09-14,MAA_DEL,15,Air India Direct,9630.0,1
2026-09-14,MAA_DEL,15,Akasa Direct,11187.0,6
2026-09-14,MAA_DEL,15,Cleartrip,10144.0,21
2026-09-14,MAA_DEL,15,EaseMyTrip,3499.0,171
2026-09-14,MAA_DEL,15,Yatra,5500.0,75
2026-09-14,MAA_DEL,30,Air India Direct,9630.0,1
2026-09-14,MAA_DEL,30,Akasa Direct,12025.5,10
2026-09-14,MAA_DEL,30,Cleartrip,8930.0,21
2026-09-14,MAA_DEL,30,EaseMyTrip,3499.0,224
2026-09-14,MAA_DEL,30,Yatra,5500.0,75
2026-09-14,MAA_DEL,45,Air India Direct,9630.0,1
2026-09-14,MAA_DEL,45,Akasa Direct,13798.0,7
2026-09-14,MAA_DEL,45,Cleartrip,9778.0,21
2026-09-14,MAA_DEL,45,EaseMyTrip,3499.0,198
2026-09-14,MAA_DEL,45,Yatra,5500.0,75
2026-09-15,AMD_DEL,1,Air India Direct,6324.0,1
2026-09-15,AMD_DEL,1,Cleartrip,9654.0,21
2026-09-15,AMD_DEL,1,EaseMyTrip,3499.0,74
2026-09-15,AMD_DEL,1,Yatra,5500.0,51
2026-09-15,AMD_DEL,7,Air India Direct,6435.0,1
2026-09-15,AMD_DEL,7,Akasa Direct,9795.0,7
2026-09-15,AMD_DEL,7,Cleartrip,6351.0,21
2026-09-15,AMD_DEL,7,EaseMyTrip,3499.0,120
2026-09-15,AMD_DEL,7,Yatra,5500.0,48
2026-09-15,AMD_DEL,15,Air India Direct,6324.0,1
2026-09-15,AMD_DEL,15,Akasa Direct,10324.0,6
2026-09-15,AMD_DEL,15,Cleartrip,6440.0,21
2026-09-15,AMD_DEL,15,EaseMyTrip,3499.0,114
2026-09-15,AMD_DEL,15,Yatra,5500.0,45
2026-09-15,AMD_DEL,30,Air India Direct,6435.0,1
2026-09-15,AMD_DEL,30,Akasa Direct,11269.0,7
2026-09-15,AMD_DEL,30,Cleartrip,6290.0,21
2026-09-15,AMD_DEL,30,EaseMyTrip,3499.0,85
2026-09-15,AMD_DEL,30,Yatra,5500.0,75
2026-09-15,AMD_DEL,45,Air India Direct,6144.0,1
2026-09-15,AMD_DEL,45,Akasa Direct,13161.0,7
2026-09-15,AMD_DEL,45,Cleartrip,6290.0,21
2026-09-15,AMD_DEL,45,EaseMyTrip,3499.0,132
2026-09-15,AMD_DEL,45,SpiceJet Direct,6785.0,3
2026-09-15,AMD_DEL,45,Yatra,5500.0,66
2026-09-15,BLR_BOM,1,Air India Direct,6928.0,1
2026-09-15,BLR_BOM,1,Akasa Direct,7002.0,15
2026-09-15,BLR_BOM,1,Cleartrip,7612.0,21
2026-09-15,BLR_BOM,1,EaseMyTrip,3499.0,197
2026-09-15,BLR_BOM,1,Yatra,5500.0,75
2026-09-15,BLR_BOM,7,Air India Direct,4560.0,1
2026-09-15,BLR_BOM,7,Akasa Direct,4428.0,7
2026-09-15,BLR_BOM,7,Cleartrip,4689.0,21
2026-09-15,BLR_BOM,7,EaseMyTrip,3499.0,228
2026-09-15,BLR_BOM,7,Yatra,5238.0,75
2026-09-15,BLR_BOM,15,Air India Direct,4663.0,1
2026-09-15,BLR_BOM,15,Akasa Direct,6225.0,7
2026-09-15,BLR_BOM,15,Cleartrip,5268.0,21
2026-09-15,BLR_BOM,15,EaseMyTrip,3499.0,220
2026-09-15,BLR_BOM,15,Yatra,5500.0,75
2026-09-15,BLR_BOM,30,Air India Direct,5034.0,1
2026-09-15,BLR_BOM,30,Cleartrip,5295.0,21
2026-09-15,BLR_BOM,30,EaseMyTrip,3499.0,245
2026-09-15,BLR_BOM,30,Yatra,5369.0,75
2026-09-15,BLR_BOM,45,Air India Direct,8933.0,1
2026-09-15,BLR_BOM,45,Cleartrip,8452.0,21
2026-09-15,BLR_BOM,45,EaseMyTrip,3499.0,245
2026-09-15,BLR_BOM,45,SpiceJet Direct,7503.0,9
2026-09-15,BLR_BOM,45,Yatra,5500.0,75
2026-09-15,BLR_DEL,1,Air India Direct,8656.0,1
2026-09-15,BLR_DEL,1,Akasa Direct,8505.0,7
2026-09-15,BLR_DEL,1,Cleartrip,9306.0,21
2026-09-15,BLR_DEL,1,EaseMyTrip,3499.0,230
2026-09-15,BLR_DEL,1,Yatra,5500.0,75
2026-09-15,BLR_DEL,7,Air India Direct,8656.0,1
2026-09-15,BLR_DEL,7,Akasa Direct,8364.0,15
2026-09-15,BLR_DEL,7,Cleartrip,8249.0,21
2026-09-15,BLR_DEL,7,EaseMyTrip,3499.0,270
2026-09-15,BLR_DEL,7,Yatra,5500.0,75
2026-09-15,BLR_DEL,15,Air India Direct,8656.0,1
2026-09-15,BLR_DEL,15,Akasa Direct,9278.0,47
2026-09-15,BLR_DEL,15,Cleartrip,8791.0,21
2026-09-15,BLR_DEL,15,EaseMyTrip,3499.0,260
2026-09-15,BLR_DEL,15,Yatra,5500.0,75
2026-09-15,BLR_DEL,30,Air India Direct,11023.0,1
2026-09-15,BLR_DEL,30,Akasa Direct,12446.0,13
2026-09-15,BLR_DEL,30,Cleartrip,8380.0,21
2026-09-15,BLR_DEL,30,EaseMyTrip,3499.0,289
2026-09-15,BLR_DEL,30,Yatra,5500.0,75
2026-09-15,BLR_DEL,45,Air India Direct,12032.0,1
2026-09-15,BLR_DEL,45,Akasa Direct,11345.0,13
2026-09-15,BLR_DEL,45,Cleartrip,9908.0,21
2026-09-15,BLR_DEL,45,EaseMyTrip,3499.0,343
2026-09-15,BLR_DEL,45,Yatra,5500.0,75
2026-09-15,BLR_HYD,1,Air India Direct,7276.0,1
2026-09-15,BLR_HYD,1,Akasa Direct,17609.0,7
2026-09-15,BLR_HYD,1,Cleartrip,5463.0,21
2026-09-15,BLR_HYD,1,EaseMyTrip,3499.0,156
2026-09-15,BLR_HYD,1,Yatra,5463.0,75
2026-09-15,BLR_HYD,7,Air India Direct,5471.0,1
2026-09-15,BLR_HYD,7,Cleartrip,5913.0,14
2026-09-15,BLR_HYD,7,EaseMyTrip,3499.0,188
2026-09-15,BLR_HYD,7,Yatra,5000.0,75
2026-09-15,BLR_HYD,15,Air India Direct,5471.0,1
2026-09-15,BLR_HYD,15,Cleartrip,5078.0,14
2026-09-15,BLR_HYD,15,EaseMyTrip,3499.0,195
2026-09-15,BLR_HYD,15,Yatra,5078.0,75
2026-09-15,BLR_HYD,30,Air India Direct,7276.0,1
2026-09-15,BLR_HYD,30,Cleartrip,10836.0,17
2026-09-15,BLR_HYD,30,EaseMyTrip,3499.0,194
2026-09-15,BLR_HYD,30,Yatra,5500.0,75
2026-09-15,BLR_HYD,45,Air India Direct,5528.0,1
2026-09-15,BLR_HYD,45,Akasa Direct,20539.0,7
2026-09-15,BLR_HYD,45,Cleartrip,7519.0,17
2026-09-15,BLR_HYD,45,EaseMyTrip,3499.0,197
2026-09-15,BLR_HYD,45,Yatra,5463.0,75
2026-09-15,BOM_BLR,1,Air India Direct,6590.0,1
2026-09-15,BOM_BLR,1,Cleartrip,6934.0,21
2026-09-15,BOM_BLR,1,EaseMyTrip,3499.0,205
2026-09-15,BOM_BLR,1,Yatra,5500.0,75
2026-09-15,BOM_BLR,7,Air India Direct,5958.0,1
2026-09-15,BOM_BLR,7,Akasa Direct,5050.0,7
2026-09-15,BOM_BLR,7,Cleartrip,5630.0,21
2026-09-15,BOM_BLR,7,EaseMyTrip,3499.0,196
2026-09-15,BOM_BLR,7,Yatra,5500.0,75
2026-09-15,BOM_BLR,15,Air India Direct,5345.0,1
2026-09-15,BOM_BLR,15,Akasa Direct,6385.0,7
2026-09-15,BOM_BLR,15,Cleartrip,5430.0,21
2026-09-15,BOM_BLR,15,EaseMyTrip,3499.0,227
2026-09-15,BOM_BLR,15,Yatra,5500.0,75
2026-09-15,BOM_BLR,30,Air India Direct,5394.0,1
2026-09-15,BOM_BLR,30,Akasa Direct,5050.0,7
2026-09-15,BOM_BLR,30,Cleartrip,5050.0,21
2026-09-15,BOM_BLR,30,EaseMyTrip,3499.0,244
2026-09-15,BOM_BLR,30,Yatra,5122.0,75
2026-09-15,BOM_BLR,45,Air India Direct,9167.0,1
2026-09-15,BOM_BLR,45,Akasa Direct,6385.0,7
2026-09-15,BOM_BLR,45,Cleartrip,6992.0,21
2026-09-15,BOM_BLR,45,EaseMyTrip,3499.0,256
2026-09-15,BOM_BLR,45,SpiceJet Direct,6992.0,9
2026-09-15,BOM_BLR,45,Yatra,5500.0,75
2026-09-15,BOM_DEL,1,Air India Direct,6741.0,1
2026-09-15,BOM_DEL,1,Akasa Direct,6523.0,7
2026-09-15,BOM_DEL,1,Cleartrip,6523.0,21
2026-09-15,BOM_DEL,1,EaseMyTrip,3499.0,252
2026-09-15,BOM_DEL,1,SpiceJet Direct,7849.5,6
2026-09-15,BOM_DEL,1,Yatra,5500.0,75
2026-09-15,BOM_DEL,7,Air India Direct,6741.0,1
2026-09-15,BOM_DEL,7,Akasa Direct,6523.0,7
2026-09-15,BOM_DEL,7,Cleartrip,6058.0,21
2026-09-15,BOM_DEL,7,EaseMyTrip,3499.0,271
2026-09-15,BOM_DEL,7,SpiceJet Direct,9566.0,9
2026-09-15,BOM_DEL,7,Yatra,5500.0,75
2026-09-15,BOM_DEL,15,Air India Direct,6741.0,1
2026-09-15,BOM_DEL,15,Akasa Direct,6523.0,7
2026-09-15,BOM_DEL,15,Cleartrip,6561.0,21
2026-09-15,BOM_DEL,15,EaseMyTrip,3499.0,281
2026-09-15,BOM_DEL,15,SpiceJet Direct,22746.0,3
2026-09-15,BOM_DEL,15,Yatra,5500.0,75
2026-09-15,BOM_DEL,30,Air India Direct,6741.0,1
2026-09-15,BOM_DEL,30,Akasa Direct,6523.0,7
2026-09-15,BOM_DEL,30,Cleartrip,6561.0,21
2026-09-15,BOM_DEL,30,EaseMyTrip,3499.0,290
2026-09-15,BOM_DEL,30,SpiceJet Direct,6980.0,9
2026-09-15,BOM_DEL,30,Yatra,5500.0,75
2026-09-15,BOM_DEL,45,Air India Direct,8003.0,1
2026-09-15,BOM_DEL,45,Akasa Direct,7533.0,7
2026-09-15,BOM_DEL,45,Cleartrip,7544.0,21
2026-09-15,BOM_DEL,45,EaseMyTrip,3499.0,299
2026-09-15,BOM_DEL,45,SpiceJet Direct,8057.0,12
2026-09-15,BOM_DEL,45,Yatra,5500.0,75
2026-09-15,BOM_GOI,1,Air India Direct,5914.0,1
2026-09-15,BOM_GOI,1,Cleartrip,7137.0,21
2026-09-15,BOM_GOI,1,EaseMyTrip,3499.0,131
2026-09-15,BOM_GOI,1,Yatra,5500.0,75
2026-09-15,BOM_GOI,7,Air India Direct,4413.0,1
2026-09-15,BOM_GOI,7,Cleartrip,4473.0,21
2026-09-15,BOM_GOI,7,EaseMyTrip,3499.0,146
2026-09-15,BOM_GOI,7,Yatra,5000.0,75
2026-09-15,BOM_GOI,15,Air India Direct,8217.0,1
2026-09-15,BOM_GOI,15,Cleartrip,10180.0,19
2026-09-15,BOM_GOI,15,EaseMyTrip,3499.0,156
2026-09-15,BOM_GOI,15,Yatra,5500.0,75
2026-09-15,BOM_GOI,30,Air India Direct,6097.0,1
2026-09-15,BOM_GOI,30,Cleartrip,5247.0,21
2026-09-15,BOM_GOI,30,EaseMyTrip,3499.0,149
2026-09-15,BOM_GOI,30,Yatra,5247.0,75
2026-09-15,BOM_GOI,45,Air India Direct,6580.0,1
2026-09-15,BOM_GOI,45,Cleartrip,5562.0,21
2026-09-15,BOM_GOI,45,EaseMyTrip,3499.0,181
2026-09-15,BOM_GOI,45,SpiceJet Direct,8368.0,3
2026-09-15,BOM_GOI,45,Yatra,5500.0,75
2026-09-15,BOM_MAA,1,Air India Direct,6943.0,1
2026-09-15,BOM_MAA,1,Akasa Direct,6822.5,4
2026-09-15,BOM_MAA,1,Cleartrip,7378.0,21
2026-09-15,BOM_MAA,1,EaseMyTrip,3499.0,187
2026-09-15,BOM_MAA,1,Yatra,5500.0,75
2026-09-15,BOM_MAA,7,Air India Direct,6943.0,1
2026-09-15,BOM_MAA,7,Akasa Direct,6008.0,4
2026-09-15,BOM_MAA,7,Cleartrip,6548.0,21
2026-09-15,BOM_MAA,7,EaseMyTrip,3499.0,208
2026-09-15,BOM_MAA,7,Yatra,5500.0,75
2026-09-15,BOM_MAA,15,Air India Direct,6917.0,1
2026-09-15,BOM_MAA,15,Cleartrip,6651.0,21
2026-09-15,BOM_MAA,15,EaseMyTrip,3499.0,215
2026-09-15,BOM_MAA,15,Yatra,5500.0,75
2026-09-15,BOM_MAA,30,Air India Direct,6943.0,1
2026-09-15,BOM_MAA,30,Akasa Direct,6575.0,7
2026-09-15,BOM_MAA,30,Cleartrip,6651.0,21
2026-09-15,BOM_MAA,30,EaseMyTrip,3499.0,193
2026-09-15,BOM_MAA,30,Yatra,5500.0,75
2026-09-15,BOM_MAA,45,Air India Direct,6943.0,1
2026-09-15,BOM_MAA,45,Akasa Direct,6575.0,9
2026-09-15,BOM_MAA,45,Cleartrip,6651.0,21
2026-09-15,BOM_MAA,45,EaseMyTrip,3499.0,183
2026-09-15,BOM_MAA,45,Yatra,5500.0,75
2026-09-15,CCU_DEL,1,Air India Direct,9107.0,1
2026-09-15,CCU_DEL,1,Akasa Direct,8468.0,7
2026-09-15,CCU_DEL,1,Cleartrip,7802.0,21
2026-09-15,CCU_DEL,1,EaseMyTrip,3499.0,173
2026-09-15,CCU_DEL,1,Yatra,5500.0,75
2026-09-15,CCU_DEL,7,Air India Direct,9107.0,1
2026-09-15,CCU_DEL,7,Akasa Direct,8181.0,11
2026-09-15,CCU_DEL,7,Cleartrip,8849.0,21
2026-09-15,CCU_DEL,7,EaseMyTrip,3499.0,194
2026-09-15,CCU_DEL,7,Yatra,5500.0,75
2026-09-15,CCU_DEL,15,Air India Direct,9107.0,1
2026-09-15,CCU_DEL,15,Akasa Direct,8468.0,7
2026-09-15,CCU_DEL,15,Cleartrip,8849.0,21
2026-09-15,CCU_DEL,15,EaseMyTrip,3499.0,210
2026-09-15,CCU_DEL,15,SpiceJet Direct,23205.0,3
2026-09-15,CCU_DEL,15,Yatra,5500.0,75
2026-09-15,CCU_DEL,30,Air India Direct,13010.0,1
2026-09-15,CCU_DEL,30,Akasa Direct,13444.0,7
2026-09-15,CCU_DEL,30,Cleartrip,10306.0,21
2026-09-15,CCU_DEL,30,EaseMyTrip,3499.0,250
2026-09-15,CCU_DEL,30,SpiceJet Direct,15656.0,9
2026-09-15,CCU_DEL,30,Yatra,5500.0,75
2026-09-15,CCU_DEL,45,Air India Direct,8920.0,1
2026-09-15,CCU_DEL,45,Akasa Direct,9076.0,11
2026-09-15,CCU_DEL,45,Cleartrip,9427.0,21
2026-09-15,CCU_DEL,45,EaseMyTrip,3499.0,201
2026-09-15,CCU_DEL,45,Yatra,5500.0,75
2026-09-15,DEL_AMD,1,Air India Direct,6350.0,1
2026-09-15,DEL_AMD,1,Akasa Direct,10332.0,7
2026-09-15,DEL_AMD,1,Cleartrip,7631.0,13
2026-09-15,DEL_AMD,1,EaseMyTrip,3499.0,99
2026-09-15,DEL_AMD,1,Yatra,5500.0,72
2026-09-15,DEL_AMD,7,Air India Direct,5935.0,1
2026-09-15,DEL_AMD,7,Cleartrip,5851.0,21
2026-09-15,DEL_AMD,7,EaseMyTrip,3499.0,123
2026-09-15,DEL_AMD,7,Yatra,5500.0,75
2026-09-15,DEL_AMD,15,Air India Direct,5935.0,1
2026-09-15,DEL_AMD,15,Cleartrip,5851.0,14
2026-09-15,DEL_AMD,15,EaseMyTrip,3499.0,128
2026-09-15,DEL_AMD,15,Yatra,5500.0,75
2026-09-15,DEL_AMD,30,Air India Direct,5935.0,1
2026-09-15,DEL_AMD,30,Akasa Direct,11182.0,7
2026-09-15,DEL_AMD,30,Cleartrip,5790.0,17
2026-09-15,DEL_AMD,30,EaseMyTrip,3499.0,118
2026-09-15,DEL_AMD,30,Yatra,5500.0,75
2026-09-15,DEL_AMD,45,Air India Direct,5644.0,1
2026-09-15,DEL_AMD,45,Akasa Direct,12420.0,7
2026-09-15,DEL_AMD,45,Cleartrip,5790.0,18
2026-09-15,DEL_AMD,45,EaseMyTrip,3499.0,142
2026-09-15,DEL_AMD,45,SpiceJet Direct,6988.0,3
2026-09-15,DEL_AMD,45,Yatra,5500.0,75
2026-09-15,DEL_BLR,1,Air India Direct,9423.0,1
2026-09-15,DEL_BLR,1,Akasa Direct,8829.0,7
2026-09-15,DEL_BLR,1,Cleartrip,9328.0,21
2026-09-15,DEL_BLR,1,EaseMyTrip,3499.0,248
2026-09-15,DEL_BLR,1,Yatra,5500.0,75
2026-09-15,DEL_BLR,7,Air India Direct,9121.0,1
2026-09-15,DEL_BLR,7,Akasa Direct,8829.0,15
2026-09-15,DEL_BLR,7,Cleartrip,8491.0,21
2026-09-15,DEL_BLR,7,EaseMyTrip,3499.0,283
2026-09-15,DEL_BLR,7,Yatra,5500.0,75
2026-09-15,DEL_BLR,15,Air India Direct,9121.0,1
2026-09-15,DEL_BLR,15,Akasa Direct,11872.0,15
2026-09-15,DEL_BLR,15,Cleartrip,8829.0,21
2026-09-15,DEL_BLR,15,EaseMyTrip,3499.0,264
2026-09-15,DEL_BLR,15,Yatra,5500.0,75
2026-09-15,DEL_BLR,30,Air India Direct,10340.0,1
2026-09-15,DEL_BLR,30,Akasa Direct,9680.0,13
2026-09-15,DEL_BLR,30,Cleartrip,8491.0,21
2026-09-15,DEL_BLR,30,EaseMyTrip,3499.0,297
2026-09-15,DEL_BLR,30,Yatra,5500.0,75
2026-09-15,DEL_BLR,45,Air India Direct,10641.0,1
2026-09-15,DEL_BLR,45,Akasa Direct,9859.0,7
2026-09-15,DEL_BLR,45,Cleartrip,9946.0,21
2026-09-15,DEL_BLR,45,EaseMyTrip,3499.0,370
2026-09-15,DEL_BLR,45,SpiceJet Direct,11098.0,11
2026-09-15,DEL_BLR,45,Yatra,5500.0,75
2026-09-15,DEL_BOM,1,Air India Direct,6709.0,1
2026-09-15,DEL_BOM,1,Akasa Direct,6530.0,7
2026-09-15,DEL_BOM,1,Cleartrip,6530.0,21
2026-09-15,DEL_BOM,1,EaseMyTrip,3499.0,248
2026-09-15,DEL_BOM,1,SpiceJet Direct,7158.0,3
2026-09-15,DEL_BOM,1,Yatra,5500.0,75
2026-09-15,DEL_BOM,7,Air India Direct,12962.0,1
2026-09-15,DEL_BOM,7,Akasa Direct,6530.0,7
2026-09-15,DEL_BOM,7,Cleartrip,6530.0,21
2026-09-15,DEL_BOM,7,EaseMyTrip,3499.0,266
2026-09-15,DEL_BOM,7,SpiceJet Direct,17461.5,6
2026-09-15,DEL_BOM,7,Yatra,5500.0,75
2026-09-15,DEL_BOM,15,Air India Direct,6709.0,1
2026-09-15,DEL_BOM,15,Akasa Direct,6530.0,14
2026-09-15,DEL_BOM,15,Cleartrip,6530.0,21
2026-09-15,DEL_BOM,15,EaseMyTrip,3499.0,284
2026-09-15,DEL_BOM,15,SpiceJet Direct,22301.0,9
2026-09-15,DEL_BOM,15,Yatra,5500.0,75
2026-09-15,DEL_BOM,30,Air India Direct,6709.0,1
2026-09-15,DEL_BOM,30,Akasa Direct,6530.0,7
2026-09-15,DEL_BOM,30,Cleartrip,6226.0,21
2026-09-15,DEL_BOM,30,EaseMyTrip,3499.0,295
2026-09-15,DEL_BOM,30,SpiceJet Direct,6948.0,6
2026-09-15,DEL_BOM,30,Yatra,5500.0,75
2026-09-15,DEL_BOM,45,Air India Direct,7311.0,1
2026-09-15,DEL_BOM,45,Akasa Direct,7103.0,14
2026-09-15,DEL_BOM,45,Cleartrip,6892.0,21
2026-09-15,DEL_BOM,45,EaseMyTrip,3499.0,327
2026-09-15,DEL_BOM,45,Yatra,5500.0,75
2026-09-15,DEL_CCU,1,Air India Direct,9121.0,1
2026-09-15,DEL_CCU,1,Akasa Direct,7909.0,7
2026-09-15,DEL_CCU,1,Cleartrip,7901.0,21
2026-09-15,DEL_CCU,1,EaseMyTrip,3499.0,167
2026-09-15,DEL_CCU,1,Yatra,5500.0,75
2026-09-15,DEL_CCU,7,Air India Direct,9121.0,1
2026-09-15,DEL_CCU,7,Akasa Direct,7909.0,7
2026-09-15,DEL_CCU,7,Cleartrip,7683.0,21
2026-09-15,DEL_CCU,7,EaseMyTrip,3499.0,196
2026-09-15,DEL_CCU,7,Yatra,5500.0,75
2026-09-15,DEL_CCU,15,Air India Direct,9121.0,1
2026-09-15,DEL_CCU,15,Akasa Direct,7909.0,7
2026-09-15,DEL_CCU,15,Cleartrip,7691.0,21
2026-09-15,DEL_CCU,15,EaseMyTrip,3499.0,202
2026-09-15,DEL_CCU,15,SpiceJet Direct,22684.0,3
2026-09-15,DEL_CCU,15,Yatra,5500.0,75
2026-09-15,DEL_CCU,30,Air India Direct,14513.0,1
2026-09-15,DEL_CCU,30,Akasa Direct,14405.0,11
2026-09-15,DEL_CCU,30,Cleartrip,13112.0,21
2026-09-15,DEL_CCU,30,EaseMyTrip,3499.0,235
2026-09-15,DEL_CCU,30,Yatra,5500.0,75
2026-09-15,DEL_CCU,45,Air India Direct,9477.0,1
2026-09-15,DEL_CCU,45,Akasa Direct,11720.0,11
2026-09-15,DEL_CCU,45,Cleartrip,7586.0,21
2026-09-15,DEL_CCU,45,EaseMyTrip,3499.0,197
2026-09-15,DEL_CCU,45,Yatra,5500.0,75
2026-09-15,DEL_GOI,1,Air India Direct,7813.0,1
2026-09-15,DEL_GOI,1,Cleartrip,8498.0,21
2026-09-15,DEL_GOI,1,EaseMyTrip,3499.0,185
2026-09-15,DEL_GOI,1,Yatra,5500.0,75
2026-09-15,DEL_GOI,7,Air India Direct,7541.0,1
2026-09-15,DEL_GOI,7,Cleartrip,7306.0,21
2026-09-15,DEL_GOI,7,EaseMyTrip,3499.0,189
2026-09-15,DEL_GOI,7,Yatra,5500.0,75
2026-09-15,DEL_GOI,15,Air India Direct,14431.0,1
2026-09-15,DEL_GOI,15,Cleartrip,13230.0,21
2026-09-15,DEL_GOI,15,EaseMyTrip,3499.0,189
2026-09-15,DEL_GOI,15,Yatra,5500.0,75
2026-09-15,DEL_GOI,30,Air India Direct,8026.0,1
2026-09-15,DEL_GOI,30,Cleartrip,7091.0,21
2026-09-15,DEL_GOI,30,EaseMyTrip,3499.0,210
2026-09-15,DEL_GOI,30,Yatra,5500.0,75
2026-09-15,DEL_GOI,45,Air India Direct,8341.0,1
2026-09-15,DEL_GOI,45,Cleartrip,9417.0,21
2026-09-15,DEL_GOI,45,EaseMyTrip,3499.0,205
2026-09-15,DEL_GOI,45,SpiceJet Direct,15249.0,6
2026-09-15,DEL_GOI,45,Yatra,5500.0,75
2026-09-15,DEL_HYD,1,Air India Direct,9109.0,1
2026-09-15,DEL_HYD,1,Cleartrip,8199.0,21
2026-09-15,DEL_HYD,1,EaseMyTrip,3499.0,166
2026-09-15,DEL_HYD,1,Yatra,5500.0,75
2026-09-15,DEL_HYD,7,Air India Direct,9222.0,1
2026-09-15,DEL_HYD,7,Akasa Direct,8237.0,7
2026-09-15,DEL_HYD,7,Cleartrip,8067.0,21
2026-09-15,DEL_HYD,7,EaseMyTrip,3499.0,205
2026-09-15,DEL_HYD,7,Yatra,5500.0,75
2026-09-15,DEL_HYD,15,Air India Direct,9109.0,1
2026-09-15,DEL_HYD,15,Akasa Direct,8385.0,7
2026-09-15,DEL_HYD,15,Cleartrip,8067.0,21
2026-09-15,DEL_HYD,15,EaseMyTrip,3499.0,206
2026-09-15,DEL_HYD,15,Yatra,5500.0,75
2026-09-15,DEL_HYD,30,Air India Direct,9222.0,1
2026-09-15,DEL_HYD,30,Akasa Direct,9345.0,7
2026-09-15,DEL_HYD,30,Cleartrip,8199.0,21
2026-09-15,DEL_HYD,30,EaseMyTrip,3499.0,201
2026-09-15,DEL_HYD,30,Yatra,5500.0,75
2026-09-15,DEL_HYD,45,Air India Direct,9697.0,1
2026-09-15,DEL_HYD,45,Akasa Direct,9516.0,7
2026-09-15,DEL_HYD,45,Cleartrip,8199.0,21
2026-09-15,DEL_HYD,45,EaseMyTrip,3499.0,244
2026-09-15,DEL_HYD,45,SpiceJet Direct,13713.0,2
2026-09-15,DEL_HYD,45,Yatra,5500.0,75
2026-09-15,DEL_MAA,1,Air India Direct,10023.0,1
2026-09-15,DEL_MAA,1,Akasa Direct,13265.5,4
2026-09-15,DEL_MAA,1,Cleartrip,10976.5,16
2026-09-15,DEL_MAA,1,EaseMyTrip,3499.0,146
2026-09-15,DEL_MAA,1,Yatra,5500.0,75
2026-09-15,DEL_MAA,7,Air India Direct,10023.0,1
2026-09-15,DEL_MAA,7,Akasa Direct,11927.0,6
2026-09-15,DEL_MAA,7,Cleartrip,10002.0,17
2026-09-15,DEL_MAA,7,EaseMyTrip,3499.0,181
2026-09-15,DEL_MAA,7,Yatra,5500.0,75
2026-09-15,DEL_MAA,15,Air India Direct,10023.0,1
2026-09-15,DEL_MAA,15,Akasa Direct,14034.0,6
2026-09-15,DEL_MAA,15,Cleartrip,10023.0,16
2026-09-15,DEL_MAA,15,EaseMyTrip,3499.0,208
2026-09-15,DEL_MAA,15,Yatra,5500.0,75
2026-09-15,DEL_MAA,30,Air India Direct,10023.0,1
2026-09-15,DEL_MAA,30,Akasa Direct,10789.0,7
2026-09-15,DEL_MAA,30,Cleartrip,9060.0,21
2026-09-15,DEL_MAA,30,EaseMyTrip,3499.0,184
2026-09-15,DEL_MAA,30,Yatra,5500.0,75
2026-09-15,DEL_MAA,45,Air India Direct,10023.0,1
2026-09-15,DEL_MAA,45,Akasa Direct,11599.0,9
2026-09-15,DEL_MAA,45,Cleartrip,9920.0,21
2026-09-15,DEL_MAA,45,EaseMyTrip,3499.0,236
2026-09-15,DEL_MAA,45,Yatra,5500.0,75
2026-09-15,HYD_BLR,1,Air India Direct,8249.0,1
2026-09-15,HYD_BLR,1,Akasa Direct,16943.0,7
2026-09-15,HYD_BLR,1,Cleartrip,6929.0,21
2026-09-15,HYD_BLR,1,EaseMyTrip,3499.0,158
2026-09-15,HYD_BLR,1,Yatra,5500.0,75
2026-09-15,HYD_BLR,7,Air India Direct,5128.0,1
2026-09-15,HYD_BLR,7,Akasa Direct,16943.0,10
2026-09-15,HYD_BLR,7,Cleartrip,4550.0,21
2026-09-15,HYD_BLR,7,EaseMyTrip,3499.0,191
2026-09-15,HYD_BLR,7,Yatra,5000.0,75
2026-09-15,HYD_BLR,15,Air India Direct,5366.0,1
2026-09-15,HYD_BLR,15,Akasa Direct,17735.0,7
2026-09-15,HYD_BLR,15,Cleartrip,7072.0,14
2026-09-15,HYD_BLR,15,EaseMyTrip,3499.0,189
2026-09-15,HYD_BLR,15,Yatra,5437.0,75
2026-09-15,HYD_BLR,30,Air India Direct,4929.0,1
2026-09-15,HYD_BLR,30,Akasa Direct,17733.0,7
2026-09-15,HYD_BLR,30,Cleartrip,4550.0,21
2026-09-15,HYD_BLR,30,EaseMyTrip,3499.0,194
2026-09-15,HYD_BLR,30,Yatra,5000.0,75
2026-09-15,HYD_BLR,45,Air India Direct,4929.0,1
2026-09-15,HYD_BLR,45,Akasa Direct,18948.0,9
2026-09-15,HYD_BLR,45,Cleartrip,4860.0,17
2026-09-15,HYD_BLR,45,EaseMyTrip,3499.0,188
2026-09-15,HYD_BLR,45,Yatra,5220.0,75
2026-09-15,HYD_DEL,1,Air India Direct,8572.0,1
2026-09-15,HYD_DEL,1,Akasa Direct,8499.0,7
2026-09-15,HYD_DEL,1,Cleartrip,7778.0,21
2026-09-15,HYD_DEL,1,EaseMyTrip,3499.0,152
2026-09-15,HYD_DEL,1,Yatra,5500.0,75
2026-09-15,HYD_DEL,7,Air India Direct,8572.0,1
2026-09-15,HYD_DEL,7,Akasa Direct,8209.0,7
2026-09-15,HYD_DEL,7,Cleartrip,7688.0,21
2026-09-15,HYD_DEL,7,EaseMyTrip,3499.0,190
2026-09-15,HYD_DEL,7,Yatra,5500.0,75
2026-09-15,HYD_DEL,15,Air India Direct,8572.0,1
2026-09-15,HYD_DEL,15,Akasa Direct,8647.0,9
2026-09-15,HYD_DEL,15,Cleartrip,8210.0,21
2026-09-15,HYD_DEL,15,EaseMyTrip,3499.0,193
2026-09-15,HYD_DEL,15,Yatra,5500.0,75
2026-09-15,HYD_DEL,30,Air India Direct,9302.0,1
2026-09-15,HYD_DEL,30,Akasa Direct,8352.0,7
2026-09-15,HYD_DEL,30,Cleartrip,7347.0,21
2026-09-15,HYD_DEL,30,EaseMyTrip,3499.0,180
2026-09-15,HYD_DEL,30,Yatra,5500.0,75
2026-09-15,HYD_DEL,45,Air India Direct,9667.0,1
2026-09-15,HYD_DEL,45,Akasa Direct,9439.0,7
2026-09-15,HYD_DEL,45,Cleartrip,7778.0,21
2026-09-15,HYD_DEL,45,EaseMyTrip,3499.0,235
2026-09-15,HYD_DEL,45,SpiceJet Direct,14756.0,2
2026-09-15,HYD_DEL,45,Yatra,5500.0,75
2026-09-15,MAA_BOM,1,Air India Direct,8702.0,1
2026-09-15,MAA_BOM,1,Akasa Direct,7634.5,4
2026-09-15,MAA_BOM,1,Cleartrip,8887.0,21
2026-09-15,MAA_BOM,1,EaseMyTrip,3499.0,176
2026-09-15,MAA_BOM,1,Yatra,5500.0,75
2026-09-15,MAA_BOM,7,Air India Direct,7779.0,1
2026-09-15,MAA_BOM,7,Akasa Direct,7248.5,4
2026-09-15,MAA_BOM,7,Cleartrip,7540.0,17
2026-09-15,MAA_BOM,7,EaseMyTrip,3499.0,214
2026-09-15,MAA_BOM,7,Yatra,5500.0,75
2026-09-15,MAA_BOM,15,Air India Direct,7832.0,1
2026-09-15,MAA_BOM,15,Akasa Direct,7634.5,4
2026-09-15,MAA_BOM,15,Cleartrip,7540.0,18
2026-09-15,MAA_BOM,15,EaseMyTrip,3499.0,219
2026-09-15,MAA_BOM,15,Yatra,5500.0,75
2026-09-15,MAA_BOM,30,Air India Direct,7832.0,1
2026-09-15,MAA_BOM,30,Akasa Direct,7061.0,9
2026-09-15,MAA_BOM,30,Cleartrip,7301.0,21
2026-09-15,MAA_BOM,30,EaseMyTrip,3499.0,227
2026-09-15,MAA_BOM,30,Yatra,5500.0,75
2026-09-15,MAA_BOM,45,Air India Direct,7832.0,1
2026-09-15,MAA_BOM,45,Akasa Direct,7566.0,7
2026-09-15,MAA_BOM,45,Cleartrip,7853.0,17
2026-09-15,MAA_BOM,45,EaseMyTrip,3499.0,205
2026-09-15,MAA_BOM,45,Yatra,5500.0,75
2026-09-15,MAA_DEL,1,Air India Direct,11131.0,1
2026-09-15,MAA_DEL,1,Akasa Direct,14456.0,4
2026-09-15,MAA_DEL,1,Cleartrip,10535.0,21
2026-09-15,MAA_DEL,1,EaseMyTrip,3499.0,164
2026-09-15,MAA_DEL,1,Yatra,5500.0,75
2026-09-15,MAA_DEL,7,Air India Direct,20194.0,1
2026-09-15,MAA_DEL,7,Akasa Direct,12873.0,4
2026-09-15,MAA_DEL,7,Cleartrip,9619.0,21
2026-09-15,MAA_DEL,7,EaseMyTrip,3499.0,202
2026-09-15,MAA_DEL,7,Yatra,5500.0,75
2026-09-15,MAA_DEL,15,Air India Direct,10171.0,1
2026-09-15,MAA_DEL,15,Cleartrip,10150.0,21
2026-09-15,MAA_DEL,15,EaseMyTrip,3499.0,212
2026-09-15,MAA_DEL,15,Yatra,5500.0,75
2026-09-15,MAA_DEL,30,Air India Direct,10171.0,1
2026-09-15,MAA_DEL,30,Akasa Direct,12864.0,7
2026-09-15,MAA_DEL,30,Cleartrip,8930.0,21
2026-09-15,MAA_DEL,30,EaseMyTrip,3499.0,211
2026-09-15,MAA_DEL,30,Yatra,5500.0,75
2026-09-15,MAA_DEL,45,Air India Direct,10171.0,1
2026-09-15,MAA_DEL,45,Akasa Direct,14292.0,7
2026-09-15,MAA_DEL,45,Cleartrip,9778.0,21
2026-09-15,MAA_DEL,45,EaseMyTrip,3499.0,198
2026-09-15,MAA_DEL,45,Yatra,5500.0,75
2026-09-16,AMD_DEL,1,Air India Direct,6524.0,1
2026-09-16,AMD_DEL,1,Akasa Direct,9963.0,7
2026-09-16,AMD_DEL,1,Cleartrip,18480.0,76
2026-09-16,AMD_DEL,1,EaseMyTrip,3499.0,71
2026-09-16,AMD_DEL,1,Ixigo,8648.0,16
2026-09-16,AMD_DEL,1,Yatra,5400.0,75
2026-09-16,AMD_DEL,7,Air India Direct,6275.0,1
2026-09-16,AMD_DEL,7,Akasa Direct,9632.0,7
2026-09-16,AMD_DEL,7,Cleartrip,10948.0,66
2026-09-16,AMD_DEL,7,EaseMyTrip,3499.0,48
2026-09-16,AMD_DEL,7,Ixigo,6351.0,15
2026-09-16,AMD_DEL,7,Yatra,5400.0,45
2026-09-16,AMD_DEL,15,Air India Direct,6435.0,1
2026-09-16,AMD_DEL,15,Akasa Direct,9913.0,7
2026-09-16,AMD_DEL,15,Cleartrip,12182.5,88
2026-09-16,AMD_DEL,15,EaseMyTrip,3499.0,102
2026-09-16,AMD_DEL,15,Ixigo,6351.0,17
2026-09-16,AMD_DEL,15,Yatra,5400.0,69
2026-09-16,AMD_DEL,30,Air India Direct,6435.0,1
2026-09-16,AMD_DEL,30,Akasa Direct,11637.0,7
2026-09-16,AMD_DEL,30,Cleartrip,14769.0,88
2026-09-16,AMD_DEL,30,EaseMyTrip,3499.0,55
2026-09-16,AMD_DEL,30,Ixigo,6320.5,18
2026-09-16,AMD_DEL,30,Yatra,5400.0,72
2026-09-16,AMD_DEL,45,Air India Direct,6435.0,1
2026-09-16,AMD_DEL,45,Akasa Direct,13316.0,7
2026-09-16,AMD_DEL,45,Cleartrip,14573.0,83
2026-09-16,AMD_DEL,45,EaseMyTrip,3499.0,75
2026-09-16,AMD_DEL,45,Ixigo,6365.0,21
2026-09-16,AMD_DEL,45,SpiceJet Direct,6785.0,3
2026-09-16,AMD_DEL,45,Yatra,5400.0,69
2026-09-16,BLR_BOM,1,Air India Direct,7125.0,1
2026-09-16,BLR_BOM,1,Akasa Direct,5544.0,7
2026-09-16,BLR_BOM,1,Cleartrip,7953.0,33
2026-09-16,BLR_BOM,1,EaseMyTrip,3499.0,175
2026-09-16,BLR_BOM,1,Ixigo,7612.0,35
2026-09-16,BLR_BOM,1,Yatra,5400.0,75
2026-09-16,BLR_BOM,7,Air India Direct,4560.0,1
2026-09-16,BLR_BOM,7,Akasa Direct,4428.0,7
2026-09-16,BLR_BOM,7,Cleartrip,6982.0,34
2026-09-16,BLR_BOM,7,EaseMyTrip,3499.0,208
2026-09-16,BLR_BOM,7,Ixigo,6982.0,37
2026-09-16,BLR_BOM,7,Yatra,5000.0,75
2026-09-16,BLR_BOM,15,Air India Direct,5605.0,1
2026-09-16,BLR_BOM,15,Akasa Direct,5544.0,7
2026-09-16,BLR_BOM,15,Cleartrip,6982.0,35
2026-09-16,BLR_BOM,15,EaseMyTrip,3499.0,260
2026-09-16,BLR_BOM,15,Ixigo,6982.0,39
2026-09-16,BLR_BOM,15,Yatra,5400.0,75
2026-09-16,BLR_BOM,30,Air India Direct,8004.0,1
2026-09-16,BLR_BOM,30,Akasa Direct,5761.0,7
2026-09-16,BLR_BOM,30,Cleartrip,8303.0,30
2026-09-16,BLR_BOM,30,EaseMyTrip,3499.0,240
2026-09-16,BLR_BOM,30,Ixigo,7976.0,36
2026-09-16,BLR_BOM,30,Yatra,5400.0,75
2026-09-16,BLR_BOM,45,Air India Direct,8933.0,1
2026-09-16,BLR_BOM,45,Akasa Direct,8218.0,7
2026-09-16,BLR_BOM,45,Cleartrip,9502.0,34
2026-09-16,BLR_BOM,45,EaseMyTrip,3499.0,244
2026-09-16,BLR_BOM,45,Ixigo,9323.0,40
2026-09-16,BLR_BOM,45,SpiceJet Direct,7904.0,9
2026-09-16,BLR_BOM,45,Yatra,5400.0,75
2026-09-16,BLR_DEL,1,Air India Direct,10117.0,1
2026-09-16,BLR_DEL,1,Cleartrip,14577.0,175
2026-09-16,BLR_DEL,1,EaseMyTrip,3499.0,211
2026-09-16,BLR_DEL,1,Ixigo,13405.0,11
2026-09-16,BLR_DEL,1,Yatra,5400.0,75
2026-09-16,BLR_DEL,7,Air India Direct,8656.0,1
2026-09-16,BLR_DEL,7,Akasa Direct,8364.0,7
2026-09-16,BLR_DEL,7,Cleartrip,12441.5,214
2026-09-16,BLR_DEL,7,EaseMyTrip,3499.0,259
2026-09-16,BLR_DEL,7,Ixigo,8677.0,37
2026-09-16,BLR_DEL,7,Yatra,5400.0,75
2026-09-16,BLR_DEL,15,Air India Direct,10117.0,1
2026-09-16,BLR_DEL,15,Akasa Direct,8364.0,7
2026-09-16,BLR_DEL,15,Cleartrip,14577.0,208
2026-09-16,BLR_DEL,15,EaseMyTrip,3499.0,269
2026-09-16,BLR_DEL,15,Ixigo,10973.0,43
2026-09-16,BLR_DEL,15,Yatra,5400.0,75
2026-09-16,BLR_DEL,30,Air India Direct,14698.0,1
2026-09-16,BLR_DEL,30,Akasa Direct,9448.0,7
2026-09-16,BLR_DEL,30,Cleartrip,15887.0,197
2026-09-16,BLR_DEL,30,EaseMyTrip,3499.0,267
2026-09-16,BLR_DEL,30,Ixigo,14388.0,45
2026-09-16,BLR_DEL,30,Yatra,5400.0,75
2026-09-16,BLR_DEL,45,Air India Direct,12032.0,1
2026-09-16,BLR_DEL,45,Akasa Direct,11556.0,7
2026-09-16,BLR_DEL,45,Cleartrip,16658.0,236
2026-09-16,BLR_DEL,45,EaseMyTrip,3499.0,324
2026-09-16,BLR_DEL,45,Ixigo,12480.0,41
2026-09-16,BLR_DEL,45,Yatra,5400.0,75
2026-09-16,BLR_HYD,1,Air India Direct,7324.0,1
2026-09-16,BLR_HYD,1,Akasa Direct,17176.0,7
2026-09-16,BLR_HYD,1,Cleartrip,11450.5,14
2026-09-16,BLR_HYD,1,EaseMyTrip,3499.0,114
2026-09-16,BLR_HYD,1,Ixigo,10836.0,14
2026-09-16,BLR_HYD,1,Yatra,5400.0,75
2026-09-16,BLR_HYD,7,Air India Direct,5765.0,1
2026-09-16,BLR_HYD,7,Akasa Direct,16369.0,7
2026-09-16,BLR_HYD,7,Cleartrip,6957.5,14
2026-09-16,BLR_HYD,7,EaseMyTrip,3499.0,185
2026-09-16,BLR_HYD,7,Ixigo,7519.0,13
2026-09-16,BLR_HYD,7,Yatra,5000.0,75
2026-09-16,BLR_HYD,15,Air India Direct,5881.0,1
2026-09-16,BLR_HYD,15,Akasa Direct,17270.0,7
2026-09-16,BLR_HYD,15,Cleartrip,6930.0,15
2026-09-16,BLR_HYD,15,EaseMyTrip,3499.0,191
2026-09-16,BLR_HYD,15,Ixigo,6930.0,15
2026-09-16,BLR_HYD,15,Yatra,5400.0,75
2026-09-16,BLR_HYD,30,Air India Direct,7219.0,1
2026-09-16,BLR_HYD,30,Akasa Direct,18444.0,7
2026-09-16,BLR_HYD,30,Cleartrip,12353.0,15
2026-09-16,BLR_HYD,30,EaseMyTrip,3499.0,177
2026-09-16,BLR_HYD,30,Ixigo,12353.0,15
2026-09-16,BLR_HYD,30,Yatra,5400.0,75
2026-09-16,BLR_HYD,45,Air India Direct,5881.0,1
2026-09-16,BLR_HYD,45,Akasa Direct,20539.0,7
2026-09-16,BLR_HYD,45,Cleartrip,7519.0,17
2026-09-16,BLR_HYD,45,EaseMyTrip,3499.0,181
2026-09-16,BLR_HYD,45,Ixigo,7519.0,17
2026-09-16,BLR_HYD,45,Yatra,5400.0,75
2026-09-16,BOM_BLR,1,Air India Direct,6124.0,1
2026-09-16,BOM_BLR,1,Cleartrip,7238.0,32
2026-09-16,BOM_BLR,1,EaseMyTrip,3499.0,171
2026-09-16,BOM_BLR,1,Ixigo,7238.0,34
2026-09-16,BOM_BLR,1,Yatra,5400.0,75
2026-09-16,BOM_BLR,7,Air India Direct,5238.0,1
2026-09-16,BOM_BLR,7,Akasa Direct,5050.0,7
2026-09-16,BOM_BLR,7,Cleartrip,7062.0,35
2026-09-16,BOM_BLR,7,EaseMyTrip,3499.0,208
2026-09-16,BOM_BLR,7,Ixigo,7062.0,37
2026-09-16,BOM_BLR,7,Yatra,5384.0,75
2026-09-16,BOM_BLR,15,Air India Direct,5345.0,1
2026-09-16,BOM_BLR,15,Akasa Direct,5050.0,7
2026-09-16,BOM_BLR,15,Cleartrip,7495.0,31
2026-09-16,BOM_BLR,15,EaseMyTrip,3499.0,216
2026-09-16,BOM_BLR,15,Ixigo,7495.0,31
2026-09-16,BOM_BLR,15,Yatra,5400.0,75
2026-09-16,BOM_BLR,30,Air India Direct,5394.0,1
2026-09-16,BOM_BLR,30,Akasa Direct,5050.0,7
2026-09-16,BOM_BLR,30,Cleartrip,7692.0,30
2026-09-16,BOM_BLR,30,EaseMyTrip,3499.0,220
2026-09-16,BOM_BLR,30,Ixigo,7692.0,37
2026-09-16,BOM_BLR,30,Yatra,5400.0,75
2026-09-16,BOM_BLR,45,Air India Direct,7718.0,1
2026-09-16,BOM_BLR,45,Akasa Direct,7798.0,13
2026-09-16,BOM_BLR,45,Cleartrip,8532.0,34
2026-09-16,BOM_BLR,45,EaseMyTrip,3499.0,260
2026-09-16,BOM_BLR,45,Ixigo,8532.0,39
2026-09-16,BOM_BLR,45,SpiceJet Direct,5828.0,9
2026-09-16,BOM_BLR,45,Yatra,5400.0,75
2026-09-16,BOM_DEL,1,Air India Direct,6741.0,1
2026-09-16,BOM_DEL,1,Cleartrip,6875.0,60
2026-09-16,BOM_DEL,1,EaseMyTrip,3499.0,226
2026-09-16,BOM_DEL,1,Ixigo,6875.0,65
2026-09-16,BOM_DEL,1,Yatra,5400.0,75
2026-09-16,BOM_DEL,7,Air India Direct,6741.0,1
2026-09-16,BOM_DEL,7,Cleartrip,6762.0,57
2026-09-16,BOM_DEL,7,EaseMyTrip,3499.0,268
2026-09-16,BOM_DEL,7,Ixigo,6740.5,64
2026-09-16,BOM_DEL,7,SpiceJet Direct,12104.5,6
2026-09-16,BOM_DEL,7,Yatra,5400.0,75
2026-09-16,BOM_DEL,15,Air India Direct,6854.0,1
2026-09-16,BOM_DEL,15,Akasa Direct,6523.0,17
2026-09-16,BOM_DEL,15,Cleartrip,7811.0,55
2026-09-16,BOM_DEL,15,EaseMyTrip,3499.0,283
2026-09-16,BOM_DEL,15,Ixigo,7816.5,62
2026-09-16,BOM_DEL,15,SpiceJet Direct,8369.0,9
2026-09-16,BOM_DEL,15,Yatra,5400.0,75
2026-09-16,BOM_DEL,30,Air India Direct,7343.0,1
2026-09-16,BOM_DEL,30,Akasa Direct,6761.0,7
2026-09-16,BOM_DEL,30,Cleartrip,7364.0,59
2026-09-16,BOM_DEL,30,EaseMyTrip,3499.0,274
2026-09-16,BOM_DEL,30,Ixigo,7501.0,65
2026-09-16,BOM_DEL,30,SpiceJet Direct,6980.0,6
2026-09-16,BOM_DEL,30,Yatra,5400.0,75
2026-09-16,BOM_DEL,45,Air India Direct,8003.0,1
2026-09-16,BOM_DEL,45,Akasa Direct,7954.0,7
2026-09-16,BOM_DEL,45,Cleartrip,7912.0,38
2026-09-16,BOM_DEL,45,EaseMyTrip,3499.0,294
2026-09-16,BOM_DEL,45,Ixigo,8024.0,64
2026-09-16,BOM_DEL,45,SpiceJet Direct,7342.0,15
2026-09-16,BOM_DEL,45,Yatra,5400.0,75
2026-09-16,BOM_GOI,1,Air India Direct,7727.0,1
2026-09-16,BOM_GOI,1,Cleartrip,7342.0,12
2026-09-16,BOM_GOI,1,EaseMyTrip,3499.0,70
2026-09-16,BOM_GOI,1,Ixigo,7410.0,17
2026-09-16,BOM_GOI,1,Yatra,5400.0,75
2026-09-16,BOM_GOI,7,Air India Direct,5043.0,1
2026-09-16,BOM_GOI,7,Cleartrip,5249.0,13
2026-09-16,BOM_GOI,7,EaseMyTrip,3499.0,153
2026-09-16,BOM_GOI,7,Ixigo,5373.5,18
2026-09-16,BOM_GOI,7,Yatra,5000.0,75
2026-09-16,BOM_GOI,15,Air India Direct,8492.0,1
2026-09-16,BOM_GOI,15,Cleartrip,8502.0,13
2026-09-16,BOM_GOI,15,EaseMyTrip,3499.0,140
2026-09-16,BOM_GOI,15,Ixigo,8810.0,20
2026-09-16,BOM_GOI,15,Yatra,5400.0,75
2026-09-16,BOM_GOI,30,Air India Direct,6097.0,1
2026-09-16,BOM_GOI,30,Cleartrip,6244.0,13
2026-09-16,BOM_GOI,30,EaseMyTrip,3499.0,133
2026-09-16,BOM_GOI,30,Ixigo,6253.0,21
2026-09-16,BOM_GOI,30,Yatra,5400.0,75
2026-09-16,BOM_GOI,45,Air India Direct,5469.0,1
2026-09-16,BOM_GOI,45,Cleartrip,5366.5,18
2026-09-16,BOM_GOI,45,EaseMyTrip,3499.0,155
2026-09-16,BOM_GOI,45,Ixigo,5453.0,23
2026-09-16,BOM_GOI,45,SpiceJet Direct,6665.0,3
2026-09-16,BOM_GOI,45,Yatra,5400.0,75
2026-09-16,BOM_MAA,1,Air India Direct,6943.0,1
2026-09-16,BOM_MAA,1,Cleartrip,10266.0,88
2026-09-16,BOM_MAA,1,EaseMyTrip,3499.0,127
2026-09-16,BOM_MAA,1,Ixigo,7510.0,15
2026-09-16,BOM_MAA,1,Yatra,5400.0,75
2026-09-16,BOM_MAA,7,Air India Direct,6799.0,1
2026-09-16,BOM_MAA,7,Akasa Direct,6008.0,4
2026-09-16,BOM_MAA,7,Cleartrip,8108.5,98
2026-09-16,BOM_MAA,7,EaseMyTrip,3499.0,186
2026-09-16,BOM_MAA,7,Ixigo,7014.0,18
2026-09-16,BOM_MAA,7,Yatra,5400.0,75
2026-09-16,BOM_MAA,15,Air India Direct,6943.0,1
2026-09-16,BOM_MAA,15,Akasa Direct,6008.0,9
2026-09-16,BOM_MAA,15,Cleartrip,8931.0,100
2026-09-16,BOM_MAA,15,EaseMyTrip,3499.0,207
2026-09-16,BOM_MAA,15,Ixigo,7064.0,19
2026-09-16,BOM_MAA,15,Yatra,5400.0,75
2026-09-16,BOM_MAA,30,Air India Direct,6943.0,1
2026-09-16,BOM_MAA,30,Akasa Direct,6575.0,9
2026-09-16,BOM_MAA,30,Cleartrip,10343.5,102
2026-09-16,BOM_MAA,30,EaseMyTrip,3499.0,183
2026-09-16,BOM_MAA,30,Ixigo,6651.0,19
2026-09-16,BOM_MAA,30,Yatra,5400.0,75
2026-09-16,BOM_MAA,45,Air India Direct,6943.0,1
2026-09-16,BOM_MAA,45,Akasa Direct,7070.0,7
2026-09-16,BOM_MAA,45,Cleartrip,8815.0,92
2026-09-16,BOM_MAA,45,EaseMyTrip,3499.0,213
2026-09-16,BOM_MAA,45,Ixigo,6964.0,15
2026-09-16,BOM_MAA,45,Yatra,5400.0,75
2026-09-16,CCU_DEL,1,Air India Direct,9107.0,1
2026-09-16,CCU_DEL,1,Akasa Direct,8468.0,7
2026-09-16,CCU_DEL,1,Cleartrip,8849.0,22
2026-09-16,CCU_DEL,1,EaseMyTrip,3499.0,130
2026-09-16,CCU_DEL,1,Ixigo,8849.0,22
2026-09-16,CCU_DEL,1,Yatra,5400.0,75
2026-09-16,CCU_DEL,7,Air India Direct,8815.0,1
2026-09-16,CCU_DEL,7,Akasa Direct,8181.0,7
2026-09-16,CCU_DEL,7,Cleartrip,8849.0,24
2026-09-16,CCU_DEL,7,EaseMyTrip,3499.0,207
2026-09-16,CCU_DEL,7,Ixigo,8849.0,24
2026-09-16,CCU_DEL,7,SpiceJet Direct,12577.0,3
2026-09-16,CCU_DEL,7,Yatra,5400.0,75
2026-09-16,CCU_DEL,15,Air India Direct,9107.0,1
2026-09-16,CCU_DEL,15,Akasa Direct,8324.0,7
2026-09-16,CCU_DEL,15,Cleartrip,8849.0,27
2026-09-16,CCU_DEL,15,EaseMyTrip,3499.0,193
2026-09-16,CCU_DEL,15,Ixigo,8849.0,27
2026-09-16,CCU_DEL,15,SpiceJet Direct,8634.0,3
2026-09-16,CCU_DEL,15,Yatra,5400.0,75
2026-09-16,CCU_DEL,30,Air India Direct,18238.0,1
2026-09-16,CCU_DEL,30,Akasa Direct,14964.0,7
2026-09-16,CCU_DEL,30,Cleartrip,22394.0,31
2026-09-16,CCU_DEL,30,EaseMyTrip,3499.0,201
2026-09-16,CCU_DEL,30,Ixigo,22394.0,31
2026-09-16,CCU_DEL,30,SpiceJet Direct,13622.0,9
2026-09-16,CCU_DEL,30,Yatra,5400.0,75
2026-09-16,CCU_DEL,45,Air India Direct,9274.0,1
2026-09-16,CCU_DEL,45,Akasa Direct,9400.0,7
2026-09-16,CCU_DEL,45,Cleartrip,9847.0,26
2026-09-16,CCU_DEL,45,EaseMyTrip,3499.0,229
2026-09-16,CCU_DEL,45,Ixigo,9847.0,26
2026-09-16,CCU_DEL,45,SpiceJet Direct,9271.0,5
2026-09-16,CCU_DEL,45,Yatra,5400.0,75
2026-09-16,DEL_AMD,1,Air India Direct,5935.0,1
2026-09-16,DEL_AMD,1,Cleartrip,13186.0,64
2026-09-16,DEL_AMD,1,EaseMyTrip,3499.0,99
2026-09-16,DEL_AMD,1,Ixigo,6766.0,18
2026-09-16,DEL_AMD,1,Yatra,5400.0,75
2026-09-16,DEL_AMD,7,Air India Direct,5763.0,1
2026-09-16,DEL_AMD,7,Akasa Direct,9590.0,7
2026-09-16,DEL_AMD,7,Cleartrip,5851.0,14
2026-09-16,DEL_AMD,7,EaseMyTrip,3499.0,122
2026-09-16,DEL_AMD,7,Ixigo,5851.0,14
2026-09-16,DEL_AMD,7,Yatra,5400.0,75
2026-09-16,DEL_AMD,15,Air India Direct,5935.0,1
2026-09-16,DEL_AMD,15,Akasa Direct,11187.0,7
2026-09-16,DEL_AMD,15,Cleartrip,5851.0,18
2026-09-16,DEL_AMD,15,EaseMyTrip,3499.0,106
2026-09-16,DEL_AMD,15,Ixigo,5851.0,18
2026-09-16,DEL_AMD,15,Yatra,5400.0,75
2026-09-16,DEL_AMD,30,Air India Direct,5935.0,1
2026-09-16,DEL_AMD,30,Akasa Direct,11182.0,7
2026-09-16,DEL_AMD,30,Cleartrip,5790.0,17
2026-09-16,DEL_AMD,30,EaseMyTrip,3499.0,106
2026-09-16,DEL_AMD,30,Ixigo,5790.0,17
2026-09-16,DEL_AMD,30,Yatra,5400.0,75
2026-09-16,DEL_AMD,45,Air India Direct,5935.0,1
2026-09-16,DEL_AMD,45,Akasa Direct,12713.0,7
2026-09-16,DEL_AMD,45,Cleartrip,5832.0,20
2026-09-16,DEL_AMD,45,EaseMyTrip,3499.0,104
2026-09-16,DEL_AMD,45,Ixigo,5832.0,20
2026-09-16,DEL_AMD,45,Yatra,5400.0,75
2026-09-16,DEL_BLR,1,Air India Direct,9121.0,1
2026-09-16,DEL_BLR,1,Akasa Direct,8829.0,7
2026-09-16,DEL_BLR,1,Cleartrip,13884.0,212
2026-09-16,DEL_BLR,1,EaseMyTrip,3499.0,224
2026-09-16,DEL_BLR,1,Ixigo,9142.0,39
2026-09-16,DEL_BLR,1,Yatra,5400.0,75
2026-09-16,DEL_BLR,7,Air India Direct,9121.0,1
2026-09-16,DEL_BLR,7,Akasa Direct,8829.0,7
2026-09-16,DEL_BLR,7,Cleartrip,11532.0,208
2026-09-16,DEL_BLR,7,EaseMyTrip,3499.0,289
2026-09-16,DEL_BLR,7,Ixigo,8829.0,39
2026-09-16,DEL_BLR,7,Yatra,5400.0,75
2026-09-16,DEL_BLR,15,Air India Direct,9121.0,1
2026-09-16,DEL_BLR,15,Akasa Direct,8829.0,7
2026-09-16,DEL_BLR,15,Cleartrip,13477.5,228
2026-09-16,DEL_BLR,15,EaseMyTrip,3499.0,285
2026-09-16,DEL_BLR,15,Ixigo,10285.0,42
2026-09-16,DEL_BLR,15,Yatra,5400.0,75
2026-09-16,DEL_BLR,30,Air India Direct,10340.0,1
2026-09-16,DEL_BLR,30,Akasa Direct,9501.0,7
2026-09-16,DEL_BLR,30,Cleartrip,14023.0,230
2026-09-16,DEL_BLR,30,EaseMyTrip,3499.0,297
2026-09-16,DEL_BLR,30,Ixigo,11139.0,44
2026-09-16,DEL_BLR,30,SpiceJet Direct,12528.0,4
2026-09-16,DEL_BLR,30,Yatra,5400.0,75
2026-09-16,DEL_BLR,45,Air India Direct,10340.0,1
2026-09-16,DEL_BLR,45,Akasa Direct,9859.0,7
2026-09-16,DEL_BLR,45,Cleartrip,14023.0,229
2026-09-16,DEL_BLR,45,EaseMyTrip,3499.0,347
2026-09-16,DEL_BLR,45,Ixigo,10349.0,41
2026-09-16,DEL_BLR,45,Yatra,5400.0,75
2026-09-16,DEL_BOM,1,Air India Direct,6709.0,1
2026-09-16,DEL_BOM,1,Akasa Direct,6530.0,7
2026-09-16,DEL_BOM,1,Cleartrip,6709.0,60
2026-09-16,DEL_BOM,1,EaseMyTrip,3499.0,216
2026-09-16,DEL_BOM,1,Ixigo,6739.0,65
2026-09-16,DEL_BOM,1,SpiceJet Direct,8722.0,6
2026-09-16,DEL_BOM,1,Yatra,5400.0,75
2026-09-16,DEL_BOM,7,Air India Direct,12962.0,1
2026-09-16,DEL_BOM,7,Cleartrip,6738.0,59
2026-09-16,DEL_BOM,7,EaseMyTrip,3499.0,284
2026-09-16,DEL_BOM,7,Ixigo,6730.0,65
2026-09-16,DEL_BOM,7,SpiceJet Direct,7759.0,9
2026-09-16,DEL_BOM,7,Yatra,5400.0,75
2026-09-16,DEL_BOM,15,Air India Direct,6709.0,1
2026-09-16,DEL_BOM,15,Akasa Direct,6530.0,17
2026-09-16,DEL_BOM,15,Cleartrip,6898.0,59
2026-09-16,DEL_BOM,15,EaseMyTrip,3499.0,302
2026-09-16,DEL_BOM,15,Ixigo,6898.0,66
2026-09-16,DEL_BOM,15,SpiceJet Direct,7158.0,6
2026-09-16,DEL_BOM,15,Yatra,5400.0,75
2026-09-16,DEL_BOM,30,Air India Direct,7311.0,1
2026-09-16,DEL_BOM,30,Cleartrip,7283.5,58
2026-09-16,DEL_BOM,30,EaseMyTrip,3499.0,269
2026-09-16,DEL_BOM,30,Ixigo,7276.5,64
2026-09-16,DEL_BOM,30,Yatra,5400.0,75
2026-09-16,DEL_BOM,45,Air India Direct,7311.0,1
2026-09-16,DEL_BOM,45,Akasa Direct,7103.0,7
2026-09-16,DEL_BOM,45,Cleartrip,7019.0,62
2026-09-16,DEL_BOM,45,EaseMyTrip,3499.0,286
2026-09-16,DEL_BOM,45,Ixigo,7019.0,65
2026-09-16,DEL_BOM,45,SpiceJet Direct,6948.0,15
2026-09-16,DEL_BOM,45,Yatra,5400.0,75
2026-09-16,DEL_CCU,1,Air India Direct,9121.0,1
2026-09-16,DEL_CCU,1,Akasa Direct,7909.0,7
2026-09-16,DEL_CCU,1,Cleartrip,9813.5,122
2026-09-16,DEL_CCU,1,EaseMyTrip,3499.0,149
2026-09-16,DEL_CCU,1,Ixigo,9163.5,22
2026-09-16,DEL_CCU,1,Yatra,5400.0,75
2026-09-16,DEL_CCU,7,Air India Direct,9121.0,1
2026-09-16,DEL_CCU,7,Akasa Direct,7909.0,7
2026-09-16,DEL_CCU,7,Cleartrip,13278.0,160
2026-09-16,DEL_CCU,7,EaseMyTrip,3499.0,209
2026-09-16,DEL_CCU,7,Ixigo,8922.0,24
2026-09-16,DEL_CCU,7,SpiceJet Direct,14464.0,3
2026-09-16,DEL_CCU,7,Yatra,5400.0,75
2026-09-16,DEL_CCU,15,Air India Direct,9121.0,1
2026-09-16,DEL_CCU,15,Akasa Direct,8362.0,7
2026-09-16,DEL_CCU,15,Cleartrip,9498.0,115
2026-09-16,DEL_CCU,15,EaseMyTrip,3499.0,214
2026-09-16,DEL_CCU,15,Ixigo,9185.0,28
2026-09-16,DEL_CCU,15,SpiceJet Direct,9576.0,3
2026-09-16,DEL_CCU,15,Yatra,5400.0,75
2026-09-16,DEL_CCU,30,Air India Direct,17556.0,1
2026-09-16,DEL_CCU,30,Akasa Direct,11073.0,7
2026-09-16,DEL_CCU,30,Cleartrip,22978.0,127
2026-09-16,DEL_CCU,30,EaseMyTrip,3499.0,201
2026-09-16,DEL_CCU,30,Ixigo,19212.0,31
2026-09-16,DEL_CCU,30,Yatra,5400.0,75
2026-09-16,DEL_CCU,45,Air India Direct,9477.0,1
2026-09-16,DEL_CCU,45,Akasa Direct,11720.0,7
2026-09-16,DEL_CCU,45,Cleartrip,14362.0,146
2026-09-16,DEL_CCU,45,EaseMyTrip,3499.0,199
2026-09-16,DEL_CCU,45,Ixigo,10080.0,25
2026-09-16,DEL_CCU,45,SpiceJet Direct,9065.0,3
2026-09-16,DEL_CCU,45,Yatra,5400.0,75
2026-09-16,DEL_GOI,1,Air India Direct,7855.0,1
2026-09-16,DEL_GOI,1,Cleartrip,13079.5,106
2026-09-16,DEL_GOI,1,EaseMyTrip,3499.0,180
2026-09-16,DEL_GOI,1,Ixigo,10257.0,12
2026-09-16,DEL_GOI,1,Yatra,5400.0,75
2026-09-16,DEL_GOI,7,Air India Direct,9799.0,1
2026-09-16,DEL_GOI,7,Cleartrip,12667.0,117
2026-09-16,DEL_GOI,7,EaseMyTrip,3499.0,219
2026-09-16,DEL_GOI,7,Yatra,5400.0,75
2026-09-16,DEL_GOI,15,Air India Direct,16010.0,1
2026-09-16,DEL_GOI,15,Cleartrip,14929.0,91
2026-09-16,DEL_GOI,15,EaseMyTrip,3499.0,227
2026-09-16,DEL_GOI,15,Yatra,5400.0,75
2026-09-16,DEL_GOI,30,Air India Direct,9671.0,1
2026-09-16,DEL_GOI,30,Cleartrip,18583.0,115
2026-09-16,DEL_GOI,30,EaseMyTrip,3499.0,219
2026-09-16,DEL_GOI,30,Ixigo,9877.0,15
2026-09-16,DEL_GOI,30,Yatra,5400.0,75
2026-09-16,DEL_GOI,45,Air India Direct,7300.0,1
2026-09-16,DEL_GOI,45,Cleartrip,14077.0,126
2026-09-16,DEL_GOI,45,EaseMyTrip,3499.0,191
2026-09-16,DEL_GOI,45,Ixigo,7420.0,11
2026-09-16,DEL_GOI,45,SpiceJet Direct,13365.0,8
2026-09-16,DEL_GOI,45,Yatra,5400.0,75
2026-09-16,DEL_HYD,1,Air India Direct,9109.0,1
2026-09-16,DEL_HYD,1,Cleartrip,14515.0,147
2026-09-16,DEL_HYD,1,EaseMyTrip,3499.0,122
2026-09-16,DEL_HYD,1,Ixigo,9340.0,26
2026-09-16,DEL_HYD,1,Yatra,5400.0,75
2026-09-16,DEL_HYD,7,Air India Direct,8857.0,1
2026-09-16,DEL_HYD,7,Akasa Direct,8237.0,7
2026-09-16,DEL_HYD,7,Cleartrip,13514.0,174
2026-09-16,DEL_HYD,7,EaseMyTrip,3499.0,154
2026-09-16,DEL_HYD,7,Ixigo,9243.0,26
2026-09-16,DEL_HYD,7,Yatra,5400.0,75
2026-09-16,DEL_HYD,15,Air India Direct,9222.0,1
2026-09-16,DEL_HYD,15,Cleartrip,14337.0,181
2026-09-16,DEL_HYD,15,EaseMyTrip,3499.0,181
2026-09-16,DEL_HYD,15,Ixigo,9914.0,28
2026-09-16,DEL_HYD,15,Yatra,5400.0,75
2026-09-16,DEL_HYD,30,Air India Direct,9222.0,1
2026-09-16,DEL_HYD,30,Akasa Direct,9345.0,7
2026-09-16,DEL_HYD,30,Cleartrip,16561.0,173
2026-09-16,DEL_HYD,30,EaseMyTrip,3499.0,208
2026-09-16,DEL_HYD,30,Ixigo,11337.0,27
2026-09-16,DEL_HYD,30,Yatra,5400.0,75
2026-09-16,DEL_HYD,45,Air India Direct,9697.0,1
2026-09-16,DEL_HYD,45,Akasa Direct,9516.0,7
2026-09-16,DEL_HYD,45,Cleartrip,15710.5,196
2026-09-16,DEL_HYD,45,EaseMyTrip,3499.0,240
2026-09-16,DEL_HYD,45,Ixigo,9914.0,26
2026-09-16,DEL_HYD,45,Yatra,5400.0,75
2026-09-16,DEL_MAA,1,Air India Direct,10298.0,1
2026-09-16,DEL_MAA,1,Akasa Direct,13335.0,4
2026-09-16,DEL_MAA,1,Cleartrip,10465.0,15
2026-09-16,DEL_MAA,1,EaseMyTrip,3499.0,170
2026-09-16,DEL_MAA,1,Ixigo,10465.0,16
2026-09-16,DEL_MAA,1,Yatra,5400.0,75
2026-09-16,DEL_MAA,7,Air India Direct,10298.0,1
2026-09-16,DEL_MAA,7,Cleartrip,10160.5,16
2026-09-16,DEL_MAA,7,EaseMyTrip,3499.0,204
2026-09-16,DEL_MAA,7,Ixigo,10002.0,15
2026-09-16,DEL_MAA,7,Yatra,5400.0,75
2026-09-16,DEL_MAA,15,Air India Direct,21030.0,1
2026-09-16,DEL_MAA,15,Akasa Direct,11927.0,7
2026-09-16,DEL_MAA,15,Cleartrip,10319.0,18
2026-09-16,DEL_MAA,15,EaseMyTrip,3499.0,200
2026-09-16,DEL_MAA,15,Ixigo,10319.0,18
2026-09-16,DEL_MAA,15,Yatra,5400.0,75
2026-09-16,DEL_MAA,30,Air India Direct,10298.0,1
2026-09-16,DEL_MAA,30,Akasa Direct,11599.0,7
2026-09-16,DEL_MAA,30,Cleartrip,10160.5,18
2026-09-16,DEL_MAA,30,EaseMyTrip,3499.0,224
2026-09-16,DEL_MAA,30,Ixigo,10160.5,18
2026-09-16,DEL_MAA,30,Yatra,5400.0,75
2026-09-16,DEL_MAA,45,Air India Direct,10298.0,1
2026-09-16,DEL_MAA,45,Akasa Direct,12466.0,7
2026-09-16,DEL_MAA,45,Cleartrip,10319.0,18
2026-09-16,DEL_MAA,45,EaseMyTrip,3499.0,209
2026-09-16,DEL_MAA,45,Ixigo,10319.0,18
2026-09-16,DEL_MAA,45,Yatra,5400.0,75
2026-09-16,HYD_BLR,1,Air India Direct,9421.0,1
2026-09-16,HYD_BLR,1,Akasa Direct,18074.0,7
2026-09-16,HYD_BLR,1,Cleartrip,12715.0,13
2026-09-16,HYD_BLR,1,EaseMyTrip,3499.0,147
2026-09-16,HYD_BLR,1,Ixigo,12715.0,14
2026-09-16,HYD_BLR,1,Yatra,5400.0,75
2026-09-16,HYD_BLR,7,Air India Direct,6010.0,1
2026-09-16,HYD_BLR,7,Akasa Direct,17320.0,7
2026-09-16,HYD_BLR,7,Cleartrip,7366.5,14
2026-09-16,HYD_BLR,7,EaseMyTrip,3499.0,184
2026-09-16,HYD_BLR,7,Ixigo,7366.5,14
2026-09-16,HYD_BLR,7,Yatra,5000.0,75
2026-09-16,HYD_BLR,15,Air India Direct,5103.0,1
2026-09-16,HYD_BLR,15,Akasa Direct,17096.0,7
2026-09-16,HYD_BLR,15,Cleartrip,9044.0,113
2026-09-16,HYD_BLR,15,EaseMyTrip,3499.0,192
2026-09-16,HYD_BLR,15,Ixigo,6736.0,15
2026-09-16,HYD_BLR,15,Yatra,5400.0,75
2026-09-16,HYD_BLR,30,Air India Direct,4929.0,1
2026-09-16,HYD_BLR,30,Akasa Direct,18280.0,7
2026-09-16,HYD_BLR,30,Cleartrip,5617.0,15
2026-09-16,HYD_BLR,30,EaseMyTrip,3499.0,191
2026-09-16,HYD_BLR,30,Ixigo,5617.0,15
2026-09-16,HYD_BLR,30,Yatra,5400.0,75
2026-09-16,HYD_BLR,45,Air India Direct,4929.0,1
2026-09-16,HYD_BLR,45,Cleartrip,4984.0,17
2026-09-16,HYD_BLR,45,EaseMyTrip,3499.0,194
2026-09-16,HYD_BLR,45,Ixigo,4984.0,17
2026-09-16,HYD_BLR,45,Yatra,5220.0,75
2026-09-16,HYD_DEL,1,Air India Direct,8572.0,1
2026-09-16,HYD_DEL,1,Akasa Direct,9439.0,7
2026-09-16,HYD_DEL,1,Cleartrip,13591.5,120
2026-09-16,HYD_DEL,1,EaseMyTrip,3499.0,119
2026-09-16,HYD_DEL,1,Ixigo,9119.0,26
2026-09-16,HYD_DEL,1,Yatra,5400.0,75
2026-09-16,HYD_DEL,7,Air India Direct,8402.0,1
2026-09-16,HYD_DEL,7,Akasa Direct,8352.0,7
2026-09-16,HYD_DEL,7,Cleartrip,13101.0,165
2026-09-16,HYD_DEL,7,EaseMyTrip,3499.0,188
2026-09-16,HYD_DEL,7,Ixigo,8708.0,26
2026-09-16,HYD_DEL,7,Yatra,5400.0,75
2026-09-16,HYD_DEL,15,Air India Direct,9098.0,1
2026-09-16,HYD_DEL,15,Cleartrip,15337.5,170
2026-09-16,HYD_DEL,15,EaseMyTrip,3499.0,162
2026-09-16,HYD_DEL,15,Ixigo,9916.0,28
2026-09-16,HYD_DEL,15,Yatra,5400.0,75
2026-09-16,HYD_DEL,30,Air India Direct,10787.0,1
2026-09-16,HYD_DEL,30,Akasa Direct,8209.0,7
2026-09-16,HYD_DEL,30,Cleartrip,16229.0,167
2026-09-16,HYD_DEL,30,EaseMyTrip,3499.0,187
2026-09-16,HYD_DEL,30,Ixigo,11793.5,28
2026-09-16,HYD_DEL,30,Yatra,5400.0,75
2026-09-16,HYD_DEL,45,Air India Direct,9667.0,1
2026-09-16,HYD_DEL,45,Akasa Direct,9778.0,7
2026-09-16,HYD_DEL,45,Cleartrip,16104.0,197
2026-09-16,HYD_DEL,45,EaseMyTrip,3499.0,194
2026-09-16,HYD_DEL,45,Ixigo,9916.0,26
2026-09-16,HYD_DEL,45,Yatra,5400.0,75
2026-09-16,MAA_BOM,1,Air India Direct,8702.0,1
2026-09-16,MAA_BOM,1,Akasa Direct,7567.0,4
2026-09-16,MAA_BOM,1,Cleartrip,9356.0,17
2026-09-16,MAA_BOM,1,EaseMyTrip,3499.0,142
2026-09-16,MAA_BOM,1,Ixigo,9121.5,16
2026-09-16,MAA_BOM,1,Yatra,5400.0,75
2026-09-16,MAA_BOM,7,Air India Direct,7779.0,1
2026-09-16,MAA_BOM,7,Akasa Direct,7248.5,4
2026-09-16,MAA_BOM,7,Cleartrip,7540.0,18
2026-09-16,MAA_BOM,7,EaseMyTrip,3499.0,224
2026-09-16,MAA_BOM,7,Ixigo,7540.0,15
2026-09-16,MAA_BOM,7,Yatra,5400.0,75
2026-09-16,MAA_BOM,15,Air India Direct,7832.0,1
2026-09-16,MAA_BOM,15,Akasa Direct,7061.0,7
2026-09-16,MAA_BOM,15,Cleartrip,7905.5,18
2026-09-16,MAA_BOM,15,EaseMyTrip,3499.0,202
2026-09-16,MAA_BOM,15,Ixigo,7905.5,18
2026-09-16,MAA_BOM,15,Yatra,5400.0,75
2026-09-16,MAA_BOM,30,Air India Direct,7832.0,1
2026-09-16,MAA_BOM,30,Akasa Direct,7061.0,7
2026-09-16,MAA_BOM,30,Cleartrip,7853.0,19
2026-09-16,MAA_BOM,30,EaseMyTrip,3499.0,198
2026-09-16,MAA_BOM,30,Ixigo,7853.0,19
2026-09-16,MAA_BOM,30,Yatra,5400.0,75
2026-09-16,MAA_BOM,45,Air India Direct,7832.0,1
2026-09-16,MAA_BOM,45,Akasa Direct,7833.0,9
2026-09-16,MAA_BOM,45,Cleartrip,7958.0,15
2026-09-16,MAA_BOM,45,EaseMyTrip,3499.0,179
2026-09-16,MAA_BOM,45,Ixigo,7853.0,15
2026-09-16,MAA_BOM,45,Yatra,5400.0,75
2026-09-16,MAA_DEL,1,Air India Direct,10636.0,1
2026-09-16,MAA_DEL,1,Cleartrip,16978.5,160
2026-09-16,MAA_DEL,1,EaseMyTrip,3499.0,148
2026-09-16,MAA_DEL,1,Ixigo,10615.0,15
2026-09-16,MAA_DEL,1,Yatra,5400.0,75
2026-09-16,MAA_DEL,7,Air India Direct,10421.0,1
2026-09-16,MAA_DEL,7,Akasa Direct,13501.5,4
2026-09-16,MAA_DEL,7,Cleartrip,12363.0,144
2026-09-16,MAA_DEL,7,EaseMyTrip,3499.0,179
2026-09-16,MAA_DEL,7,Ixigo,10442.0,14
2026-09-16,MAA_DEL,7,Yatra,5400.0,75
2026-09-16,MAA_DEL,15,Air India Direct,11131.0,1
2026-09-16,MAA_DEL,15,Akasa Direct,12255.0,10
2026-09-16,MAA_DEL,15,Cleartrip,15598.0,183
2026-09-16,MAA_DEL,15,EaseMyTrip,3499.0,207
2026-09-16,MAA_DEL,15,Ixigo,11623.0,17
2026-09-16,MAA_DEL,15,Yatra,5400.0,75
2026-09-16,MAA_DEL,30,Air India Direct,11131.0,1
2026-09-16,MAA_DEL,30,Akasa Direct,12423.0,7
2026-09-16,MAA_DEL,30,Cleartrip,18047.0,171
2026-09-16,MAA_DEL,30,EaseMyTrip,3499.0,185
2026-09-16,MAA_DEL,30,Ixigo,11152.0,18
2026-09-16,MAA_DEL,30,Yatra,5400.0,75
2026-09-16,MAA_DEL,45,Air India Direct,10421.0,1
2026-09-16,MAA_DEL,45,Akasa Direct,14802.0,7
2026-09-16,MAA_DEL,45,Cleartrip,15577.0,158
2026-09-16,MAA_DEL,45,EaseMyTrip,3499.0,197
2026-09-16,MAA_DEL,45,Ixigo,11105.0,18
2026-09-16,MAA_DEL,45,Yatra,5400.0,75
2026-09-17,AMD_DEL,1,Air India Direct,6435.0,1
2026-09-17,AMD_DEL,1,Akasa Direct,10137.0,7
2026-09-17,AMD_DEL,1,Cleartrip,18480.0,66
2026-09-17,AMD_DEL,1,EaseMyTrip,16432.0,43
2026-09-17,AMD_DEL,1,Yatra,5400.0,54
2026-09-17,AMD_DEL,7,Air India Direct,6435.0,1
2026-09-17,AMD_DEL,7,Akasa Direct,9795.0,7
2026-09-17,AMD_DEL,7,Cleartrip,10948.0,64
2026-09-17,AMD_DEL,7,EaseMyTrip,10948.0,63
2026-09-17,AMD_DEL,7,Yatra,6000.0,75
2026-09-17,AMD_DEL,15,Air India Direct,6190.0,1
2026-09-17,AMD_DEL,15,Akasa Direct,9963.0,7
2026-09-17,AMD_DEL,15,Cleartrip,11303.0,87
2026-09-17,AMD_DEL,15,EaseMyTrip,8638.0,71
2026-09-17,AMD_DEL,15,Yatra,5400.0,75
2026-09-17,AMD_DEL,30,Air India Direct,6435.0,1
2026-09-17,AMD_DEL,30,Cleartrip,13968.5,86
2026-09-17,AMD_DEL,30,EaseMyTrip,6351.0,32
2026-09-17,AMD_DEL,30,Yatra,5400.0,75
2026-09-17,AMD_DEL,45,Air India Direct,6540.0,1
2026-09-17,AMD_DEL,45,Akasa Direct,10355.0,6
2026-09-17,AMD_DEL,45,Cleartrip,14261.0,77
2026-09-17,AMD_DEL,45,EaseMyTrip,13026.0,57
2026-09-17,AMD_DEL,45,SpiceJet Direct,6785.0,3
2026-09-17,AMD_DEL,45,Yatra,5400.0,75
2026-09-17,BLR_BOM,1,Air India Direct,7326.0,1
2026-09-17,BLR_BOM,1,Akasa Direct,4950.0,7
2026-09-17,BLR_BOM,1,Cleartrip,10027.0,29
2026-09-17,BLR_BOM,1,EaseMyTrip,11997.0,103
2026-09-17,BLR_BOM,1,Yatra,5400.0,75
2026-09-17,BLR_BOM,7,Air India Direct,4980.0,1
2026-09-17,BLR_BOM,7,Akasa Direct,4428.0,7
2026-09-17,BLR_BOM,7,Cleartrip,6982.0,34
2026-09-17,BLR_BOM,7,EaseMyTrip,7340.0,113
2026-09-17,BLR_BOM,7,Yatra,5369.0,75
2026-09-17,BLR_BOM,15,Air India Direct,6952.0,1
2026-09-17,BLR_BOM,15,Akasa Direct,5337.0,13
2026-09-17,BLR_BOM,15,Cleartrip,7276.0,30
2026-09-17,BLR_BOM,15,EaseMyTrip,7649.0,118
2026-09-17,BLR_BOM,15,Yatra,5400.0,75
2026-09-17,BLR_BOM,30,Air India Direct,6776.0,1
2026-09-17,BLR_BOM,30,Akasa Direct,6732.0,15
2026-09-17,BLR_BOM,30,Cleartrip,13076.0,157
2026-09-17,BLR_BOM,30,EaseMyTrip,9475.5,138
2026-09-17,BLR_BOM,30,SpiceJet Direct,8846.0,3
2026-09-17,BLR_BOM,30,Yatra,5400.0,75
2026-09-17,BLR_BOM,45,Air India Direct,9038.0,2
2026-09-17,BLR_BOM,45,Akasa Direct,5987.0,7
2026-09-17,BLR_BOM,45,Cleartrip,8977.0,33
2026-09-17,BLR_BOM,45,EaseMyTrip,8954.0,125
2026-09-17,BLR_BOM,45,SpiceJet Direct,7503.0,9
2026-09-17,BLR_BOM,45,Yatra,5400.0,75
2026-09-17,BLR_DEL,1,Air India Direct,12669.0,1
2026-09-17,BLR_DEL,1,Akasa Direct,8364.0,7
2026-09-17,BLR_DEL,1,Cleartrip,17624.0,159
2026-09-17,BLR_DEL,1,EaseMyTrip,17005.0,105
2026-09-17,BLR_DEL,1,Yatra,5400.0,75
2026-09-17,BLR_DEL,7,Air India Direct,8656.0,1
2026-09-17,BLR_DEL,7,Akasa Direct,8364.0,15
2026-09-17,BLR_DEL,7,Cleartrip,13708.0,214
2026-09-17,BLR_DEL,7,EaseMyTrip,10167.0,146
2026-09-17,BLR_DEL,7,Yatra,5400.0,75
2026-09-17,BLR_DEL,15,Air India Direct,8649.0,1
2026-09-17,BLR_DEL,15,Akasa Direct,8364.0,7
2026-09-17,BLR_DEL,15,Cleartrip,13737.0,209
2026-09-17,BLR_DEL,15,EaseMyTrip,10975.0,145
2026-09-17,BLR_DEL,15,Yatra,5700.0,75
2026-09-17,BLR_DEL,30,Air India Direct,13149.0,1
2026-09-17,BLR_DEL,30,Akasa Direct,9448.0,7
2026-09-17,BLR_DEL,30,Cleartrip,15363.0,195
2026-09-17,BLR_DEL,30,EaseMyTrip,14527.0,141
2026-09-17,BLR_DEL,30,SpiceJet Direct,15578.0,2
2026-09-17,BLR_DEL,30,Yatra,5400.0,75
2026-09-17,BLR_DEL,45,Air India Direct,10606.0,1
2026-09-17,BLR_DEL,45,Akasa Direct,8364.0,6
2026-09-17,BLR_DEL,45,Cleartrip,15724.5,234
2026-09-17,BLR_DEL,45,EaseMyTrip,12725.5,162
2026-09-17,BLR_DEL,45,Yatra,5400.0,75
2026-09-17,BLR_HYD,1,Air India Direct,9002.0,1
2026-09-17,BLR_HYD,1,Akasa Direct,17435.0,7
2026-09-17,BLR_HYD,1,Cleartrip,16468.0,13
2026-09-17,BLR_HYD,1,EaseMyTrip,16468.0,95
2026-09-17,BLR_HYD,1,Yatra,5400.0,75
2026-09-17,BLR_HYD,7,Air India Direct,5868.0,1
2026-09-17,BLR_HYD,7,Akasa Direct,16348.0,7
2026-09-17,BLR_HYD,7,Cleartrip,8166.5,14
2026-09-17,BLR_HYD,7,EaseMyTrip,9637.5,100
2026-09-17,BLR_HYD,7,Yatra,5146.0,75
2026-09-17,BLR_HYD,15,Air India Direct,5231.0,1
2026-09-17,BLR_HYD,15,Akasa Direct,17270.0,7
2026-09-17,BLR_HYD,15,Cleartrip,6395.0,15
2026-09-17,BLR_HYD,15,EaseMyTrip,7727.0,88
2026-09-17,BLR_HYD,15,Yatra,5400.0,75
2026-09-17,BLR_HYD,30,Air India Direct,9002.0,1
2026-09-17,BLR_HYD,30,Cleartrip,12573.0,16
2026-09-17,BLR_HYD,30,EaseMyTrip,13349.5,102
2026-09-17,BLR_HYD,30,Yatra,5400.0,75
2026-09-17,BLR_HYD,45,Air India Direct,5531.0,1
2026-09-17,BLR_HYD,45,Akasa Direct,18040.5,6
2026-09-17,BLR_HYD,45,Cleartrip,7099.0,17
2026-09-17,BLR_HYD,45,EaseMyTrip,8920.5,102
2026-09-17,BLR_HYD,45,Yatra,5400.0,75
2026-09-17,BOM_BLR,1,Air India Direct,6870.0,1
2026-09-17,BOM_BLR,1,Akasa Direct,7495.0,14
2026-09-17,BOM_BLR,1,Cleartrip,7322.0,31
2026-09-17,BOM_BLR,1,EaseMyTrip,10537.0,110
2026-09-17,BOM_BLR,1,Yatra,5400.0,75
2026-09-17,BOM_BLR,7,Air India Direct,5238.0,1
2026-09-17,BOM_BLR,7,Akasa Direct,5361.5,14
2026-09-17,BOM_BLR,7,Cleartrip,7199.0,33
2026-09-17,BOM_BLR,7,EaseMyTrip,7568.0,107
2026-09-17,BOM_BLR,7,Yatra,5384.0,75
2026-09-17,BOM_BLR,15,Air India Direct,6127.0,1
2026-09-17,BOM_BLR,15,Akasa Direct,5050.0,7
2026-09-17,BOM_BLR,15,Cleartrip,7377.0,31
2026-09-17,BOM_BLR,15,EaseMyTrip,7715.0,111
2026-09-17,BOM_BLR,15,Yatra,5400.0,75
2026-09-17,BOM_BLR,30,Air India Direct,5394.0,1
2026-09-17,BOM_BLR,30,Akasa Direct,5050.0,7
2026-09-17,BOM_BLR,30,Cleartrip,7377.0,31
2026-09-17,BOM_BLR,30,EaseMyTrip,7584.0,119
2026-09-17,BOM_BLR,30,SpiceJet Direct,7412.0,3
2026-09-17,BOM_BLR,30,Yatra,5400.0,75
2026-09-17,BOM_BLR,45,Air India Direct,7718.0,1
2026-09-17,BOM_BLR,45,Akasa Direct,6914.0,7
2026-09-17,BOM_BLR,45,Cleartrip,9057.0,35
2026-09-17,BOM_BLR,45,EaseMyTrip,9188.0,137
2026-09-17,BOM_BLR,45,Yatra,5400.0,75
2026-09-17,BOM_DEL,1,Air India Direct,6741.0,1
2026-09-17,BOM_DEL,1,Akasa Direct,6523.0,7
2026-09-17,BOM_DEL,1,Cleartrip,7061.0,56
2026-09-17,BOM_DEL,1,EaseMyTrip,9072.0,101
2026-09-17,BOM_DEL,1,SpiceJet Direct,15749.0,5
2026-09-17,BOM_DEL,1,Yatra,5400.0,75
2026-09-17,BOM_DEL,7,Air India Direct,6741.0,1
2026-09-17,BOM_DEL,7,Akasa Direct,6523.0,7
2026-09-17,BOM_DEL,7,Cleartrip,6720.0,59
2026-09-17,BOM_DEL,7,EaseMyTrip,6746.0,102
2026-09-17,BOM_DEL,7,SpiceJet Direct,7530.0,9
2026-09-17,BOM_DEL,7,Yatra,5400.0,75
2026-09-17,BOM_DEL,15,Air India Direct,6741.0,1
2026-09-17,BOM_DEL,15,Akasa Direct,6523.0,7
2026-09-17,BOM_DEL,15,Cleartrip,6875.0,58
2026-09-17,BOM_DEL,15,EaseMyTrip,7399.5,154
2026-09-17,BOM_DEL,15,SpiceJet Direct,15029.0,6
2026-09-17,BOM_DEL,15,Yatra,5400.0,75
2026-09-17,BOM_DEL,30,Air India Direct,7343.0,1
2026-09-17,BOM_DEL,30,Akasa Direct,6761.0,7
2026-09-17,BOM_DEL,30,Cleartrip,7364.0,59
2026-09-17,BOM_DEL,30,EaseMyTrip,7733.0,113
2026-09-17,BOM_DEL,30,SpiceJet Direct,7161.0,6
2026-09-17,BOM_DEL,30,Yatra,5400.0,75
2026-09-17,BOM_DEL,45,Air India Direct,8142.0,1
2026-09-17,BOM_DEL,45,Akasa Direct,6523.0,7
2026-09-17,BOM_DEL,45,Cleartrip,8164.0,60
2026-09-17,BOM_DEL,45,EaseMyTrip,8370.0,143
2026-09-17,BOM_DEL,45,SpiceJet Direct,7350.5,12
2026-09-17,BOM_DEL,45,Yatra,5400.0,75
2026-09-17,BOM_GOI,1,Air India Direct,5644.0,1
2026-09-17,BOM_GOI,1,Cleartrip,7547.0,13
2026-09-17,BOM_GOI,1,EaseMyTrip,11977.0,50
2026-09-17,BOM_GOI,1,Yatra,5400.0,75
2026-09-17,BOM_GOI,7,Air India Direct,5914.0,1
2026-09-17,BOM_GOI,7,Cleartrip,7342.0,12
2026-09-17,BOM_GOI,7,EaseMyTrip,10813.0,55
2026-09-17,BOM_GOI,7,Yatra,5400.0,75
2026-09-17,BOM_GOI,15,Air India Direct,6097.0,1
2026-09-17,BOM_GOI,15,Cleartrip,7547.0,13
2026-09-17,BOM_GOI,15,EaseMyTrip,14987.0,88
2026-09-17,BOM_GOI,15,Yatra,5400.0,75
2026-09-17,BOM_GOI,30,Air India Direct,5634.0,1
2026-09-17,BOM_GOI,30,Cleartrip,5453.0,13
2026-09-17,BOM_GOI,30,EaseMyTrip,12145.5,98
2026-09-17,BOM_GOI,30,Yatra,5400.0,75
2026-09-17,BOM_GOI,45,Air India Direct,4906.0,1
2026-09-17,BOM_GOI,45,Cleartrip,4959.0,17
2026-09-17,BOM_GOI,45,EaseMyTrip,8029.5,92
2026-09-17,BOM_GOI,45,SpiceJet Direct,6665.0,3
2026-09-17,BOM_GOI,45,Yatra,5000.0,75
2026-09-17,BOM_MAA,1,Air India Direct,7357.0,1
2026-09-17,BOM_MAA,1,Akasa Direct,6759.0,6
2026-09-17,BOM_MAA,1,Cleartrip,10725.0,79
2026-09-17,BOM_MAA,1,EaseMyTrip,11529.5,120
2026-09-17,BOM_MAA,1,Yatra,5400.0,75
2026-09-17,BOM_MAA,7,Air India Direct,6799.0,1
2026-09-17,BOM_MAA,7,Akasa Direct,6008.0,4
2026-09-17,BOM_MAA,7,Cleartrip,8819.0,97
2026-09-17,BOM_MAA,7,EaseMyTrip,8028.0,97
2026-09-17,BOM_MAA,7,Yatra,5400.0,75
2026-09-17,BOM_MAA,15,Air India Direct,6939.0,1
2026-09-17,BOM_MAA,15,Akasa Direct,6008.0,9
2026-09-17,BOM_MAA,15,Cleartrip,8815.0,103
2026-09-17,BOM_MAA,15,EaseMyTrip,8882.5,96
2026-09-17,BOM_MAA,15,Yatra,5400.0,75
2026-09-17,BOM_MAA,30,Air India Direct,6943.0,1
2026-09-17,BOM_MAA,30,Cleartrip,9729.0,99
2026-09-17,BOM_MAA,30,EaseMyTrip,8317.0,102
2026-09-17,BOM_MAA,30,Yatra,5400.0,75
2026-09-17,BOM_MAA,45,Air India Direct,7100.0,1
2026-09-17,BOM_MAA,45,Cleartrip,9689.5,94
2026-09-17,BOM_MAA,45,EaseMyTrip,10986.0,115
2026-09-17,BOM_MAA,45,Yatra,5400.0,75
2026-09-17,CCU_DEL,1,Air India Direct,9107.0,1
2026-09-17,CCU_DEL,1,Akasa Direct,8468.0,11
2026-09-17,CCU_DEL,1,Cleartrip,9112.0,21
2026-09-17,CCU_DEL,1,EaseMyTrip,9589.0,97
2026-09-17,CCU_DEL,1,Yatra,5400.0,75
2026-09-17,CCU_DEL,7,Air India Direct,9107.0,1
2026-09-17,CCU_DEL,7,Akasa Direct,8181.0,7
2026-09-17,CCU_DEL,7,Cleartrip,8980.5,22
2026-09-17,CCU_DEL,7,EaseMyTrip,8849.0,97
2026-09-17,CCU_DEL,7,Yatra,5400.0,75
2026-09-17,CCU_DEL,15,Air India Direct,9107.0,1
2026-09-17,CCU_DEL,15,Akasa Direct,8324.0,7
2026-09-17,CCU_DEL,15,Cleartrip,8849.0,28
2026-09-17,CCU_DEL,15,EaseMyTrip,8849.0,103
2026-09-17,CCU_DEL,15,SpiceJet Direct,7981.0,3
2026-09-17,CCU_DEL,15,Yatra,5400.0,75
2026-09-17,CCU_DEL,30,Air India Direct,19217.0,1
2026-09-17,CCU_DEL,30,Akasa Direct,13444.0,7
2026-09-17,CCU_DEL,30,Cleartrip,22394.0,30
2026-09-17,CCU_DEL,30,EaseMyTrip,23735.5,98
2026-09-17,CCU_DEL,30,SpiceJet Direct,16400.0,9
2026-09-17,CCU_DEL,30,Yatra,5400.0,75
2026-09-17,CCU_DEL,45,Air India Direct,9716.0,1
2026-09-17,CCU_DEL,45,Akasa Direct,8468.0,9
2026-09-17,CCU_DEL,45,Cleartrip,10319.0,25
2026-09-17,CCU_DEL,45,EaseMyTrip,11057.0,110
2026-09-17,CCU_DEL,45,SpiceJet Direct,9722.0,5
2026-09-17,CCU_DEL,45,Yatra,5400.0,75
2026-09-17,DEL_AMD,1,Air India Direct,6350.0,1
2026-09-17,DEL_AMD,1,Akasa Direct,9723.0,7
2026-09-17,DEL_AMD,1,Cleartrip,9358.0,16
2026-09-17,DEL_AMD,1,EaseMyTrip,13706.5,74
2026-09-17,DEL_AMD,1,Yatra,5400.0,72
2026-09-17,DEL_AMD,7,Air India Direct,5935.0,1
2026-09-17,DEL_AMD,7,Akasa Direct,9723.0,7
2026-09-17,DEL_AMD,7,Cleartrip,5851.0,18
2026-09-17,DEL_AMD,7,EaseMyTrip,5851.0,27
2026-09-17,DEL_AMD,7,Yatra,5400.0,63
2026-09-17,DEL_AMD,15,Air India Direct,5689.0,1
2026-09-17,DEL_AMD,15,Akasa Direct,10591.0,7
2026-09-17,DEL_AMD,15,Cleartrip,5790.0,17
2026-09-17,DEL_AMD,15,EaseMyTrip,7806.0,31
2026-09-17,DEL_AMD,15,Yatra,5400.0,75
2026-09-17,DEL_AMD,30,Air India Direct,5935.0,1
2026-09-17,DEL_AMD,30,Akasa Direct,10738.0,7
2026-09-17,DEL_AMD,30,Cleartrip,5820.5,20
2026-09-17,DEL_AMD,30,EaseMyTrip,13291.0,80
2026-09-17,DEL_AMD,30,Yatra,5400.0,75
2026-09-17,DEL_AMD,45,Air India Direct,5984.0,1
2026-09-17,DEL_AMD,45,Akasa Direct,10173.0,7
2026-09-17,DEL_AMD,45,Cleartrip,14201.0,91
2026-09-17,DEL_AMD,45,EaseMyTrip,13553.0,67
2026-09-17,DEL_AMD,45,SpiceJet Direct,6988.0,3
2026-09-17,DEL_AMD,45,Yatra,5400.0,75
2026-09-17,DEL_BLR,1,Air India Direct,9121.0,1
2026-09-17,DEL_BLR,1,Akasa Direct,8829.0,7
2026-09-17,DEL_BLR,1,Cleartrip,14176.0,190
2026-09-17,DEL_BLR,1,EaseMyTrip,11414.0,145
2026-09-17,DEL_BLR,1,Yatra,5400.0,75
2026-09-17,DEL_BLR,7,Air India Direct,9121.0,1
2026-09-17,DEL_BLR,7,Akasa Direct,8829.0,7
2026-09-17,DEL_BLR,7,Cleartrip,12655.0,211
2026-09-17,DEL_BLR,7,EaseMyTrip,9288.0,147
2026-09-17,DEL_BLR,7,Yatra,5400.0,75
2026-09-17,DEL_BLR,15,Air India Direct,9121.0,1
2026-09-17,DEL_BLR,15,Akasa Direct,8829.0,7
2026-09-17,DEL_BLR,15,Cleartrip,11739.0,212
2026-09-17,DEL_BLR,15,EaseMyTrip,10256.0,147
2026-09-17,DEL_BLR,15,Yatra,5400.0,75
2026-09-17,DEL_BLR,30,Air India Direct,10340.0,1
2026-09-17,DEL_BLR,30,Akasa Direct,9859.0,7
2026-09-17,DEL_BLR,30,Cleartrip,13746.0,219
2026-09-17,DEL_BLR,30,EaseMyTrip,10796.0,147
2026-09-17,DEL_BLR,30,SpiceJet Direct,14374.5,4
2026-09-17,DEL_BLR,30,Yatra,5400.0,75
2026-09-17,DEL_BLR,45,Air India Direct,20946.0,1
2026-09-17,DEL_BLR,45,Akasa Direct,8829.0,7
2026-09-17,DEL_BLR,45,Cleartrip,14920.0,235
2026-09-17,DEL_BLR,45,EaseMyTrip,11516.0,171
2026-09-17,DEL_BLR,45,SpiceJet Direct,10654.0,11
2026-09-17,DEL_BLR,45,Yatra,5400.0,75
2026-09-17,DEL_BOM,1,Air India Direct,6709.0,1
2026-09-17,DEL_BOM,1,Akasa Direct,6530.0,7
2026-09-17,DEL_BOM,1,Cleartrip,6843.0,57
2026-09-17,DEL_BOM,1,EaseMyTrip,10387.5,146
2026-09-17,DEL_BOM,1,SpiceJet Direct,17542.5,6
2026-09-17,DEL_BOM,1,Yatra,5400.0,105
2026-09-17,DEL_BOM,7,Air India Direct,12962.0,1
2026-09-17,DEL_BOM,7,Akasa Direct,6530.0,17
2026-09-17,DEL_BOM,7,Cleartrip,6688.0,59
2026-09-17,DEL_BOM,7,EaseMyTrip,6546.0,104
2026-09-17,DEL_BOM,7,SpiceJet Direct,8200.5,6
2026-09-17,DEL_BOM,7,Yatra,5400.0,105
2026-09-17,DEL_BOM,15,Air India Direct,6822.0,1
2026-09-17,DEL_BOM,15,Cleartrip,6843.0,57
2026-09-17,DEL_BOM,15,EaseMyTrip,6828.0,114
2026-09-17,DEL_BOM,15,SpiceJet Direct,7295.0,6
2026-09-17,DEL_BOM,15,Yatra,5400.0,75
2026-09-17,DEL_BOM,30,Air India Direct,7311.0,1
2026-09-17,DEL_BOM,30,Akasa Direct,6730.0,16
2026-09-17,DEL_BOM,30,Cleartrip,7019.0,58
2026-09-17,DEL_BOM,30,EaseMyTrip,7120.0,106
2026-09-17,DEL_BOM,30,SpiceJet Direct,6948.0,6
2026-09-17,DEL_BOM,30,Yatra,5400.0,75
2026-09-17,DEL_BOM,45,Air India Direct,7468.0,1
2026-09-17,DEL_BOM,45,Akasa Direct,6530.0,6
2026-09-17,DEL_BOM,45,Cleartrip,7169.0,60
2026-09-17,DEL_BOM,45,EaseMyTrip,7330.0,125
2026-09-17,DEL_BOM,45,SpiceJet Direct,6948.0,12
2026-09-17,DEL_BOM,45,Yatra,5400.0,75
2026-09-17,DEL_CCU,1,Air India Direct,9121.0,2
2026-09-17,DEL_CCU,1,Akasa Direct,8056.0,12
2026-09-17,DEL_CCU,1,Cleartrip,9972.0,114
2026-09-17,DEL_CCU,1,EaseMyTrip,9548.5,82
2026-09-17,DEL_CCU,1,Yatra,5400.0,75
2026-09-17,DEL_CCU,7,Air India Direct,9121.0,2
2026-09-17,DEL_CCU,7,Akasa Direct,7909.0,7
2026-09-17,DEL_CCU,7,Cleartrip,11481.0,146
2026-09-17,DEL_CCU,7,EaseMyTrip,8922.0,88
2026-09-17,DEL_CCU,7,Yatra,5400.0,75
2026-09-17,DEL_CCU,15,Air India Direct,9477.0,2
2026-09-17,DEL_CCU,15,Akasa Direct,8517.0,7
2026-09-17,DEL_CCU,15,Cleartrip,10626.5,122
2026-09-17,DEL_CCU,15,EaseMyTrip,9540.5,90
2026-09-17,DEL_CCU,15,SpiceJet Direct,8396.0,3
2026-09-17,DEL_CCU,15,Yatra,5400.0,75
2026-09-17,DEL_CCU,30,Air India Direct,14561.0,2
2026-09-17,DEL_CCU,30,Akasa Direct,11073.0,7
2026-09-17,DEL_CCU,30,Cleartrip,22824.0,125
2026-09-17,DEL_CCU,30,EaseMyTrip,22669.0,126
2026-09-17,DEL_CCU,30,SpiceJet Direct,15392.0,13
2026-09-17,DEL_CCU,30,Yatra,5400.0,75
2026-09-17,DEL_CCU,45,Air India Direct,13552.0,1
2026-09-17,DEL_CCU,45,Akasa Direct,8362.0,11
2026-09-17,DEL_CCU,45,Cleartrip,14278.5,132
2026-09-17,DEL_CCU,45,EaseMyTrip,12931.5,98
2026-09-17,DEL_CCU,45,SpiceJet Direct,10925.0,3
2026-09-17,DEL_CCU,45,Yatra,5400.0,75
2026-09-17,DEL_GOI,1,Air India Direct,9839.0,1
2026-09-17,DEL_GOI,1,Cleartrip,14142.0,94
2026-09-17,DEL_GOI,1,EaseMyTrip,13426.0,83
2026-09-17,DEL_GOI,1,Yatra,5400.0,75
2026-09-17,DEL_GOI,7,Air India Direct,11321.0,1
2026-09-17,DEL_GOI,7,Cleartrip,15494.0,99
2026-09-17,DEL_GOI,7,EaseMyTrip,12873.0,104
2026-09-17,DEL_GOI,7,Yatra,5400.0,75
2026-09-17,DEL_GOI,15,Air India Direct,11584.0,1
2026-09-17,DEL_GOI,15,Cleartrip,13083.0,83
2026-09-17,DEL_GOI,15,EaseMyTrip,13083.0,99
2026-09-17,DEL_GOI,15,Yatra,5400.0,75
2026-09-17,DEL_GOI,30,Air India Direct,10340.0,1
2026-09-17,DEL_GOI,30,Cleartrip,13216.0,100
2026-09-17,DEL_GOI,30,EaseMyTrip,13776.0,114
2026-09-17,DEL_GOI,30,Yatra,5400.0,75
2026-09-17,DEL_GOI,45,Air India Direct,17652.0,1
2026-09-17,DEL_GOI,45,Cleartrip,12787.0,133
2026-09-17,DEL_GOI,45,EaseMyTrip,10916.0,125
2026-09-17,DEL_GOI,45,SpiceJet Direct,13365.0,6
2026-09-17,DEL_GOI,45,Yatra,5400.0,75
2026-09-17,DEL_HYD,1,Air India Direct,9109.0,2
2026-09-17,DEL_HYD,1,Akasa Direct,8385.0,7
2026-09-17,DEL_HYD,1,Cleartrip,15334.5,132
2026-09-17,DEL_HYD,1,EaseMyTrip,13150.5,92
2026-09-17,DEL_HYD,1,Yatra,5400.0,75
2026-09-17,DEL_HYD,7,Air India Direct,9222.0,2
2026-09-17,DEL_HYD,7,Akasa Direct,8385.0,10
2026-09-17,DEL_HYD,7,Cleartrip,13581.0,161
2026-09-17,DEL_HYD,7,EaseMyTrip,9243.0,95
2026-09-17,DEL_HYD,7,Yatra,5400.0,75
2026-09-17,DEL_HYD,15,Air India Direct,9215.0,2
2026-09-17,DEL_HYD,15,Akasa Direct,9012.0,7
2026-09-17,DEL_HYD,15,Cleartrip,13113.5,154
2026-09-17,DEL_HYD,15,EaseMyTrip,10140.0,106
2026-09-17,DEL_HYD,15,Yatra,5400.0,75
2026-09-17,DEL_HYD,30,Air India Direct,10250.0,2
2026-09-17,DEL_HYD,30,Akasa Direct,9870.5,10
2026-09-17,DEL_HYD,30,Cleartrip,15101.0,155
2026-09-17,DEL_HYD,30,EaseMyTrip,12161.5,96
2026-09-17,DEL_HYD,30,Yatra,5400.0,75
2026-09-17,DEL_HYD,45,Air India Direct,10364.0,2
2026-09-17,DEL_HYD,45,Akasa Direct,8538.0,10
2026-09-17,DEL_HYD,45,Cleartrip,16989.0,185
2026-09-17,DEL_HYD,45,EaseMyTrip,10655.0,104
2026-09-17,DEL_HYD,45,SpiceJet Direct,15123.0,2
2026-09-17,DEL_HYD,45,Yatra,5400.0,75
2026-09-17,DEL_MAA,1,Air India Direct,10044.0,1
2026-09-17,DEL_MAA,1,Akasa Direct,12680.0,4
2026-09-17,DEL_MAA,1,Cleartrip,10546.5,16
2026-09-17,DEL_MAA,1,EaseMyTrip,13740.0,120
2026-09-17,DEL_MAA,1,Yatra,5400.0,75
2026-09-17,DEL_MAA,7,Air India Direct,10294.0,1
2026-09-17,DEL_MAA,7,Akasa Direct,12494.0,7
2026-09-17,DEL_MAA,7,Cleartrip,10315.0,17
2026-09-17,DEL_MAA,7,EaseMyTrip,10826.0,103
2026-09-17,DEL_MAA,7,Yatra,5400.0,75
2026-09-17,DEL_MAA,15,Air India Direct,8988.0,1
2026-09-17,DEL_MAA,15,Akasa Direct,11927.0,9
2026-09-17,DEL_MAA,15,Cleartrip,10465.0,18
2026-09-17,DEL_MAA,15,EaseMyTrip,11060.0,109
2026-09-17,DEL_MAA,15,Yatra,5400.0,75
2026-09-17,DEL_MAA,30,Air India Direct,10294.0,1
2026-09-17,DEL_MAA,30,Akasa Direct,11599.0,9
2026-09-17,DEL_MAA,30,Cleartrip,10002.0,17
2026-09-17,DEL_MAA,30,EaseMyTrip,13407.0,113
2026-09-17,DEL_MAA,30,Yatra,5400.0,75
2026-09-17,DEL_MAA,45,Air India Direct,10452.0,1
2026-09-17,DEL_MAA,45,Akasa Direct,13003.0,6
2026-09-17,DEL_MAA,45,Cleartrip,10473.0,18
2026-09-17,DEL_MAA,45,EaseMyTrip,10944.5,110
2026-09-17,DEL_MAA,45,Yatra,5400.0,75
2026-09-17,HYD_BLR,1,Air India Direct,14215.0,1
2026-09-17,HYD_BLR,1,Akasa Direct,17410.0,7
2026-09-17,HYD_BLR,1,Cleartrip,13888.0,13
2026-09-17,HYD_BLR,1,EaseMyTrip,15858.0,103
2026-09-17,HYD_BLR,1,Yatra,5400.0,75
2026-09-17,HYD_BLR,7,Air India Direct,4929.0,1
2026-09-17,HYD_BLR,7,Akasa Direct,17735.0,7
2026-09-17,HYD_BLR,7,Cleartrip,9858.0,14
2026-09-17,HYD_BLR,7,EaseMyTrip,11228.0,103
2026-09-17,HYD_BLR,7,Yatra,5000.0,75
2026-09-17,HYD_BLR,15,Air India Direct,5403.0,1
2026-09-17,HYD_BLR,15,Akasa Direct,16795.0,7
2026-09-17,HYD_BLR,15,Cleartrip,5220.0,15
2026-09-17,HYD_BLR,15,EaseMyTrip,10261.0,102
2026-09-17,HYD_BLR,15,Yatra,5220.0,75
2026-09-17,HYD_BLR,30,Air India Direct,5103.0,1
2026-09-17,HYD_BLR,30,Akasa Direct,18765.0,7
2026-09-17,HYD_BLR,30,Cleartrip,5220.0,16
2026-09-17,HYD_BLR,30,EaseMyTrip,10087.5,108
2026-09-17,HYD_BLR,30,Yatra,5220.0,75
2026-09-17,HYD_BLR,45,Air India Direct,4929.0,1
2026-09-17,HYD_BLR,45,Akasa Direct,17410.0,7
2026-09-17,HYD_BLR,45,Cleartrip,5220.0,17
2026-09-17,HYD_BLR,45,EaseMyTrip,6717.5,102
2026-09-17,HYD_BLR,45,Yatra,5220.0,75
2026-09-17,HYD_DEL,1,Air India Direct,8687.0,2
2026-09-17,HYD_DEL,1,Akasa Direct,8352.0,7
2026-09-17,HYD_DEL,1,Cleartrip,14578.0,111
2026-09-17,HYD_DEL,1,EaseMyTrip,11984.5,78
2026-09-17,HYD_DEL,1,Yatra,5400.0,75
2026-09-17,HYD_DEL,7,Air India Direct,8572.0,2
2026-09-17,HYD_DEL,7,Akasa Direct,8352.0,7
2026-09-17,HYD_DEL,7,Cleartrip,14514.0,174
2026-09-17,HYD_DEL,7,EaseMyTrip,10991.0,93
2026-09-17,HYD_DEL,7,Yatra,5400.0,75
2026-09-17,HYD_DEL,15,Air India Direct,8528.0,2
2026-09-17,HYD_DEL,15,Akasa Direct,8576.0,10
2026-09-17,HYD_DEL,15,Cleartrip,13099.0,164
2026-09-17,HYD_DEL,15,EaseMyTrip,11817.5,118
2026-09-17,HYD_DEL,15,Yatra,5400.0,75
2026-09-17,HYD_DEL,30,Air India Direct,11578.0,2
2026-09-17,HYD_DEL,30,Akasa Direct,8352.0,10
2026-09-17,HYD_DEL,30,Cleartrip,15320.0,166
2026-09-17,HYD_DEL,30,EaseMyTrip,14908.5,116
2026-09-17,HYD_DEL,30,Yatra,5400.0,75
2026-09-17,HYD_DEL,45,Air India Direct,9825.0,2
2026-09-17,HYD_DEL,45,Akasa Direct,8352.0,9
2026-09-17,HYD_DEL,45,Cleartrip,14894.0,188
2026-09-17,HYD_DEL,45,EaseMyTrip,11425.0,126
2026-09-17,HYD_DEL,45,SpiceJet Direct,15199.0,2
2026-09-17,HYD_DEL,45,Yatra,5400.0,75
2026-09-17,MAA_BOM,1,Air India Direct,8252.0,1
2026-09-17,MAA_BOM,1,Akasa Direct,7703.0,4
2026-09-17,MAA_BOM,1,Cleartrip,8866.5,18
2026-09-17,MAA_BOM,1,EaseMyTrip,13929.0,108
2026-09-17,MAA_BOM,1,Yatra,5400.0,75
2026-09-17,MAA_BOM,7,Air India Direct,7779.0,1
2026-09-17,MAA_BOM,7,Akasa Direct,7061.0,4
2026-09-17,MAA_BOM,7,Cleartrip,7853.0,17
2026-09-17,MAA_BOM,7,EaseMyTrip,8123.0,93
2026-09-17,MAA_BOM,7,Yatra,5400.0,75
2026-09-17,MAA_BOM,15,Air India Direct,6345.0,1
2026-09-17,MAA_BOM,15,Cleartrip,9421.0,111
2026-09-17,MAA_BOM,15,EaseMyTrip,9211.0,102
2026-09-17,MAA_BOM,15,Yatra,5400.0,75
2026-09-17,MAA_BOM,30,Air India Direct,7832.0,1
2026-09-17,MAA_BOM,30,Akasa Direct,7061.0,7
2026-09-17,MAA_BOM,30,Cleartrip,7540.0,19
2026-09-17,MAA_BOM,30,EaseMyTrip,9211.0,106
2026-09-17,MAA_BOM,30,Yatra,5400.0,75
2026-09-17,MAA_BOM,45,Air India Direct,7989.0,1
2026-09-17,MAA_BOM,45,Cleartrip,7958.0,17
2026-09-17,MAA_BOM,45,EaseMyTrip,9738.0,103
2026-09-17,MAA_BOM,45,Yatra,5400.0,75
2026-09-17,MAA_DEL,1,Air India Direct,10442.0,1
2026-09-17,MAA_DEL,1,Akasa Direct,15579.0,4
2026-09-17,MAA_DEL,1,Cleartrip,18243.5,140
2026-09-17,MAA_DEL,1,EaseMyTrip,16347.0,89
2026-09-17,MAA_DEL,1,Yatra,5400.0,75
2026-09-17,MAA_DEL,7,Air India Direct,10442.0,1
2026-09-17,MAA_DEL,7,Cleartrip,12385.0,141
2026-09-17,MAA_DEL,7,EaseMyTrip,12363.0,115
2026-09-17,MAA_DEL,7,Yatra,5400.0,75
2026-09-17,MAA_DEL,15,Air India Direct,10558.0,1
2026-09-17,MAA_DEL,15,Akasa Direct,11187.0,7
2026-09-17,MAA_DEL,15,Cleartrip,12715.0,153
2026-09-17,MAA_DEL,15,EaseMyTrip,11623.0,107
2026-09-17,MAA_DEL,15,Yatra,5400.0,75
2026-09-17,MAA_DEL,30,Air India Direct,10442.0,1
2026-09-17,MAA_DEL,30,Akasa Direct,11997.0,9
2026-09-17,MAA_DEL,30,Cleartrip,16657.0,162
2026-09-17,MAA_DEL,30,EaseMyTrip,15234.0,112
2026-09-17,MAA_DEL,30,Yatra,5400.0,75
2026-09-17,MAA_DEL,45,Air India Direct,11810.0,1
2026-09-17,MAA_DEL,45,Akasa Direct,15579.0,4
2026-09-17,MAA_DEL,45,Cleartrip,14301.0,148
2026-09-17,MAA_DEL,45,EaseMyTrip,12094.0,103
2026-09-17,MAA_DEL,45,Yatra,5400.0,75
2026-09-18,AMD_DEL,1,Akasa Direct,10515.0,7
2026-09-18,AMD_DEL,1,Cleartrip,21402.0,83
2026-09-18,AMD_DEL,1,EaseMyTrip,14227.0,53
2026-09-18,AMD_DEL,1,Yatra,6000.0,75
2026-09-18,AMD_DEL,7,Akasa Direct,9795.0,7
2026-09-18,AMD_DEL,7,Cleartrip,11826.5,78
2026-09-18,AMD_DEL,7,EaseMyTrip,10501.0,62
2026-09-18,AMD_DEL,7,Yatra,6000.0,75
2026-09-18,AMD_DEL,15,Air India Direct,6198.0,1
2026-09-18,AMD_DEL,15,Akasa Direct,9963.0,7
2026-09-18,AMD_DEL,15,Cleartrip,10710.0,92
2026-09-18,AMD_DEL,15,EaseMyTrip,6351.0,28
2026-09-18,AMD_DEL,15,Yatra,5400.0,75
2026-09-18,AMD_DEL,30,Air India Direct,6435.0,1
2026-09-18,AMD_DEL,30,Akasa Direct,11893.0,7
2026-09-18,AMD_DEL,30,Cleartrip,13913.0,85
2026-09-18,AMD_DEL,30,EaseMyTrip,13913.0,68
2026-09-18,AMD_DEL,30,Yatra,5400.0,75
2026-09-18,AMD_DEL,45,Akasa Direct,11071.5,6
2026-09-18,AMD_DEL,45,Cleartrip,14154.5,82
2026-09-18,AMD_DEL,45,EaseMyTrip,7542.5,42
2026-09-18,AMD_DEL,45,SpiceJet Direct,6785.0,3
2026-09-18,AMD_DEL,45,Yatra,5400.0,75
2026-09-18,BLR_BOM,1,Air India Direct,11502.0,1
2026-09-18,BLR_BOM,1,Akasa Direct,4594.0,7
2026-09-18,BLR_BOM,1,Cleartrip,13642.0,139
2026-09-18,BLR_BOM,1,EaseMyTrip,12097.5,122
2026-09-18,BLR_BOM,1,Yatra,5400.0,75
2026-09-18,BLR_BOM,7,Air India Direct,5083.0,1
2026-09-18,BLR_BOM,7,Akasa Direct,4269.0,7
2026-09-18,BLR_BOM,7,Cleartrip,13208.0,180
2026-09-18,BLR_BOM,7,EaseMyTrip,9673.0,118
2026-09-18,BLR_BOM,7,Yatra,5400.0,75
2026-09-18,BLR_BOM,15,Air India Direct,4497.0,1
2026-09-18,BLR_BOM,15,Akasa Direct,4594.0,7
2026-09-18,BLR_BOM,15,Cleartrip,6982.0,29
2026-09-18,BLR_BOM,15,EaseMyTrip,6982.0,140
2026-09-18,BLR_BOM,15,Yatra,5295.0,75
2026-09-18,BLR_BOM,30,Air India Direct,5034.0,1
2026-09-18,BLR_BOM,30,Akasa Direct,5544.0,7
2026-09-18,BLR_BOM,30,Cleartrip,8191.0,119
2026-09-18,BLR_BOM,30,EaseMyTrip,8121.0,129
2026-09-18,BLR_BOM,30,Yatra,5400.0,75
2026-09-18,BLR_BOM,45,Air India Direct,8312.0,1
2026-09-18,BLR_BOM,45,Akasa Direct,4965.5,6
2026-09-18,BLR_BOM,45,Cleartrip,9261.0,156
2026-09-18,BLR_BOM,45,EaseMyTrip,8929.0,140
2026-09-18,BLR_BOM,45,Yatra,5400.0,75
2026-09-18,BLR_DEL,1,Air India Direct,10670.0,1
2026-09-18,BLR_DEL,1,Cleartrip,14577.0,168
2026-09-18,BLR_DEL,1,EaseMyTrip,12542.0,119
2026-09-18,BLR_DEL,1,Yatra,5400.0,75
2026-09-18,BLR_DEL,7,Air India Direct,9112.0,1
2026-09-18,BLR_DEL,7,Akasa Direct,8364.0,7
2026-09-18,BLR_DEL,7,Cleartrip,12977.0,194
2026-09-18,BLR_DEL,7,EaseMyTrip,11746.0,140
2026-09-18,BLR_DEL,7,Yatra,5400.0,75
2026-09-18,BLR_DEL,15,Air India Direct,8649.0,1
2026-09-18,BLR_DEL,15,Akasa Direct,8364.0,7
2026-09-18,BLR_DEL,15,Cleartrip,12788.0,210
2026-09-18,BLR_DEL,15,EaseMyTrip,8896.0,146
2026-09-18,BLR_DEL,15,Yatra,5400.0,75
2026-09-18,BLR_DEL,30,Air India Direct,10438.0,1
2026-09-18,BLR_DEL,30,Akasa Direct,9448.0,7
2026-09-18,BLR_DEL,30,Cleartrip,14173.0,219
2026-09-18,BLR_DEL,30,EaseMyTrip,11549.0,146
2026-09-18,BLR_DEL,30,SpiceJet Direct,11709.0,12
2026-09-18,BLR_DEL,30,Yatra,5400.0,75
2026-09-18,BLR_DEL,45,Air India Direct,10356.0,1
2026-09-18,BLR_DEL,45,Akasa Direct,8364.0,6
2026-09-18,BLR_DEL,45,Cleartrip,14955.0,234
2026-09-18,BLR_DEL,45,EaseMyTrip,10971.0,170
2026-09-18,BLR_DEL,45,Yatra,5400.0,75
2026-09-18,BLR_HYD,1,Akasa Direct,16218.0,7
2026-09-18,BLR_HYD,1,Cleartrip,9675.0,15
2026-09-18,BLR_HYD,1,EaseMyTrip,12609.0,99
2026-09-18,BLR_HYD,1,Yatra,5400.0,75
2026-09-18,BLR_HYD,7,Akasa Direct,16218.0,7
2026-09-18,BLR_HYD,7,Cleartrip,8166.5,100
2026-09-18,BLR_HYD,7,EaseMyTrip,10731.0,103
2026-09-18,BLR_HYD,7,Yatra,5400.0,75
2026-09-18,BLR_HYD,15,Akasa Direct,16843.0,7
2026-09-18,BLR_HYD,15,Cleartrip,6271.0,111
2026-09-18,BLR_HYD,15,EaseMyTrip,5673.0,86
2026-09-18,BLR_HYD,15,Yatra,5000.0,75
2026-09-18,BLR_HYD,30,Air India Direct,5960.0,1
2026-09-18,BLR_HYD,30,Akasa Direct,18444.0,7
2026-09-18,BLR_HYD,30,Cleartrip,10618.0,109
2026-09-18,BLR_HYD,30,EaseMyTrip,11367.0,105
2026-09-18,BLR_HYD,30,Yatra,5400.0,75
2026-09-18,BLR_HYD,45,Akasa Direct,17940.0,43
2026-09-18,BLR_HYD,45,Cleartrip,6543.0,105
2026-09-18,BLR_HYD,45,EaseMyTrip,8413.5,110
2026-09-18,BLR_HYD,45,Yatra,5400.0,75
2026-09-18,BOM_BLR,1,Air India Direct,6590.0,1
2026-09-18,BOM_BLR,1,Akasa Direct,6644.0,7
2026-09-18,BOM_BLR,1,Cleartrip,9010.5,134
2026-09-18,BOM_BLR,1,EaseMyTrip,8678.0,125
2026-09-18,BOM_BLR,1,Yatra,5400.0,75
2026-09-18,BOM_BLR,7,Air India Direct,5238.0,1
2026-09-18,BOM_BLR,7,Akasa Direct,5050.0,7
2026-09-18,BOM_BLR,7,Cleartrip,14340.5,198
2026-09-18,BOM_BLR,7,EaseMyTrip,8508.0,123
2026-09-18,BOM_BLR,7,Yatra,5400.0,75
2026-09-18,BOM_BLR,15,Air India Direct,5345.0,1
2026-09-18,BOM_BLR,15,Akasa Direct,5050.0,7
2026-09-18,BOM_BLR,15,Cleartrip,7726.5,138
2026-09-18,BOM_BLR,15,EaseMyTrip,7377.0,134
2026-09-18,BOM_BLR,15,Yatra,5253.0,75
2026-09-18,BOM_BLR,30,Air India Direct,5642.0,1
2026-09-18,BOM_BLR,30,Akasa Direct,5456.0,7
2026-09-18,BOM_BLR,30,Cleartrip,7377.0,31
2026-09-18,BOM_BLR,30,EaseMyTrip,9275.5,134
2026-09-18,BOM_BLR,30,Yatra,5400.0,75
2026-09-18,BOM_BLR,45,Air India Direct,7718.0,1
2026-09-18,BOM_BLR,45,Akasa Direct,6644.0,7
2026-09-18,BOM_BLR,45,Cleartrip,8532.0,35
2026-09-18,BOM_BLR,45,EaseMyTrip,8679.0,147
2026-09-18,BOM_BLR,45,Yatra,5400.0,75
2026-09-18,BOM_DEL,1,Air India Direct,6741.0,1
2026-09-18,BOM_DEL,1,Akasa Direct,6523.0,43
2026-09-18,BOM_DEL,1,Cleartrip,12626.0,174
2026-09-18,BOM_DEL,1,EaseMyTrip,7886.0,145
2026-09-18,BOM_DEL,1,SpiceJet Direct,6682.0,3
2026-09-18,BOM_DEL,1,Yatra,5400.0,75
2026-09-18,BOM_DEL,7,Air India Direct,6741.0,1
2026-09-18,BOM_DEL,7,Cleartrip,6875.0,59
2026-09-18,BOM_DEL,7,EaseMyTrip,9068.0,125
2026-09-18,BOM_DEL,7,SpiceJet Direct,12453.5,6
2026-09-18,BOM_DEL,7,Yatra,5400.0,75
2026-09-18,BOM_DEL,15,Air India Direct,6741.0,1
2026-09-18,BOM_DEL,15,Akasa Direct,6523.0,7
2026-09-18,BOM_DEL,15,Cleartrip,6562.0,59
2026-09-18,BOM_DEL,15,EaseMyTrip,6828.5,158
2026-09-18,BOM_DEL,15,SpiceJet Direct,6838.0,6
2026-09-18,BOM_DEL,15,Yatra,5400.0,75
2026-09-18,BOM_DEL,30,Air India Direct,7343.0,1
2026-09-18,BOM_DEL,30,Akasa Direct,7009.0,7
2026-09-18,BOM_DEL,30,Cleartrip,7364.0,58
2026-09-18,BOM_DEL,30,EaseMyTrip,7499.0,153
2026-09-18,BOM_DEL,30,Yatra,5400.0,75
2026-09-18,BOM_DEL,45,Air India Direct,8142.0,1
2026-09-18,BOM_DEL,45,Akasa Direct,6523.0,43
2026-09-18,BOM_DEL,45,Cleartrip,10162.0,199
2026-09-18,BOM_DEL,45,EaseMyTrip,8752.0,160
2026-09-18,BOM_DEL,45,Yatra,5400.0,75
2026-09-18,BOM_GOI,1,Air India Direct,4644.0,1
2026-09-18,BOM_GOI,1,Cleartrip,5117.5,14
2026-09-18,BOM_GOI,1,EaseMyTrip,10407.5,64
2026-09-18,BOM_GOI,1,Yatra,5400.0,75
2026-09-18,BOM_GOI,7,Air India Direct,7727.0,1
2026-09-18,BOM_GOI,7,Cleartrip,13792.5,42
2026-09-18,BOM_GOI,7,EaseMyTrip,13737.5,80
2026-09-18,BOM_GOI,7,Yatra,5400.0,75
2026-09-18,BOM_GOI,15,Air India Direct,4618.0,1
2026-09-18,BOM_GOI,15,Cleartrip,15144.0,70
2026-09-18,BOM_GOI,15,EaseMyTrip,6167.0,75
2026-09-18,BOM_GOI,15,Yatra,5000.0,75
2026-09-18,BOM_GOI,30,Air India Direct,4413.0,1
2026-09-18,BOM_GOI,30,Cleartrip,15895.5,66
2026-09-18,BOM_GOI,30,EaseMyTrip,8067.0,76
2026-09-18,BOM_GOI,30,Yatra,5000.0,75
2026-09-18,BOM_GOI,45,Air India Direct,4906.0,1
2026-09-18,BOM_GOI,45,Cleartrip,15587.5,100
2026-09-18,BOM_GOI,45,EaseMyTrip,8864.0,98
2026-09-18,BOM_GOI,45,SpiceJet Direct,6665.0,3
2026-09-18,BOM_GOI,45,Yatra,5000.0,75
2026-09-18,BOM_MAA,1,Air India Direct,6943.0,1
2026-09-18,BOM_MAA,1,Akasa Direct,6575.0,4
2026-09-18,BOM_MAA,1,Cleartrip,10040.0,96
2026-09-18,BOM_MAA,1,EaseMyTrip,8950.0,100
2026-09-18,BOM_MAA,1,Yatra,5400.0,75
2026-09-18,BOM_MAA,7,Air India Direct,7046.0,1
2026-09-18,BOM_MAA,7,Akasa Direct,6008.0,5
2026-09-18,BOM_MAA,7,Cleartrip,10040.0,98
2026-09-18,BOM_MAA,7,EaseMyTrip,9053.0,104
2026-09-18,BOM_MAA,7,Yatra,5400.0,75
2026-09-18,BOM_MAA,15,Air India Direct,6943.0,1
2026-09-18,BOM_MAA,15,Akasa Direct,6008.0,7
2026-09-18,BOM_MAA,15,Cleartrip,7639.0,96
2026-09-18,BOM_MAA,15,EaseMyTrip,7724.5,120
2026-09-18,BOM_MAA,15,Yatra,5400.0,75
2026-09-18,BOM_MAA,30,Air India Direct,6943.0,1
2026-09-18,BOM_MAA,30,Akasa Direct,6575.0,7
2026-09-18,BOM_MAA,30,Cleartrip,8381.0,99
2026-09-18,BOM_MAA,30,EaseMyTrip,8381.0,99
2026-09-18,BOM_MAA,30,Yatra,5400.0,75
2026-09-18,BOM_MAA,45,Air India Direct,7100.0,1
2026-09-18,BOM_MAA,45,Cleartrip,8946.0,91
2026-09-18,BOM_MAA,45,EaseMyTrip,8480.0,96
2026-09-18,BOM_MAA,45,Yatra,5400.0,75
2026-09-18,CCU_DEL,1,Air India Direct,9107.0,1
2026-09-18,CCU_DEL,1,Akasa Direct,9076.0,7
2026-09-18,CCU_DEL,1,Cleartrip,9427.0,23
2026-09-18,CCU_DEL,1,EaseMyTrip,9553.0,89
2026-09-18,CCU_DEL,1,Yatra,5400.0,75
2026-09-18,CCU_DEL,7,Air India Direct,9107.0,1
2026-09-18,CCU_DEL,7,Akasa Direct,8766.0,7
2026-09-18,CCU_DEL,7,Cleartrip,9162.0,22
2026-09-18,CCU_DEL,7,EaseMyTrip,9396.0,94
2026-09-18,CCU_DEL,7,Yatra,5400.0,75
2026-09-18,CCU_DEL,15,Air India Direct,9107.0,1
2026-09-18,CCU_DEL,15,Akasa Direct,8324.0,7
2026-09-18,CCU_DEL,15,Cleartrip,8849.0,27
2026-09-18,CCU_DEL,15,EaseMyTrip,8849.0,96
2026-09-18,CCU_DEL,15,SpiceJet Direct,9025.0,3
2026-09-18,CCU_DEL,15,Yatra,5400.0,75
2026-09-18,CCU_DEL,30,Air India Direct,12733.0,1
2026-09-18,CCU_DEL,30,Akasa Direct,12058.0,7
2026-09-18,CCU_DEL,30,Cleartrip,17673.0,31
2026-09-18,CCU_DEL,30,EaseMyTrip,18580.0,132
2026-09-18,CCU_DEL,30,SpiceJet Direct,11629.0,12
2026-09-18,CCU_DEL,30,Yatra,5400.0,75
2026-09-18,CCU_DEL,45,Air India Direct,10744.0,1
2026-09-18,CCU_DEL,45,Akasa Direct,8998.5,6
2026-09-18,CCU_DEL,45,Cleartrip,10319.0,26
2026-09-18,CCU_DEL,45,EaseMyTrip,10095.0,105
2026-09-18,CCU_DEL,45,Yatra,5400.0,75
2026-09-18,DEL_AMD,1,Akasa Direct,10048.0,7
2026-09-18,DEL_AMD,1,Cleartrip,12802.0,76
2026-09-18,DEL_AMD,1,EaseMyTrip,13071.0,67
2026-09-18,DEL_AMD,1,Yatra,5400.0,75
2026-09-18,DEL_AMD,7,Cleartrip,5851.0,18
2026-09-18,DEL_AMD,7,EaseMyTrip,12094.5,74
2026-09-18,DEL_AMD,7,Yatra,5400.0,75
2026-09-18,DEL_AMD,15,Akasa Direct,11300.0,7
2026-09-18,DEL_AMD,15,Cleartrip,5790.0,19
2026-09-18,DEL_AMD,15,EaseMyTrip,6824.5,44
2026-09-18,DEL_AMD,15,Yatra,5400.0,75
2026-09-18,DEL_AMD,30,Akasa Direct,11647.0,7
2026-09-18,DEL_AMD,30,Cleartrip,5820.5,16
2026-09-18,DEL_AMD,30,EaseMyTrip,6756.5,28
2026-09-18,DEL_AMD,30,Yatra,5400.0,75
2026-09-18,DEL_AMD,45,Cleartrip,6006.0,19
2026-09-18,DEL_AMD,45,EaseMyTrip,14357.0,78
2026-09-18,DEL_AMD,45,SpiceJet Direct,6988.0,3
2026-09-18,DEL_AMD,45,Yatra,5400.0,75
2026-09-18,DEL_BLR,1,Air India Direct,9121.0,1
2026-09-18,DEL_BLR,1,Akasa Direct,8829.0,7
2026-09-18,DEL_BLR,1,Cleartrip,14699.0,201
2026-09-18,DEL_BLR,1,EaseMyTrip,11414.0,138
2026-09-18,DEL_BLR,1,Yatra,5400.0,75
2026-09-18,DEL_BLR,7,Air India Direct,9121.0,1
2026-09-18,DEL_BLR,7,Akasa Direct,8829.0,7
2026-09-18,DEL_BLR,7,Cleartrip,12668.0,207
2026-09-18,DEL_BLR,7,EaseMyTrip,10156.0,143
2026-09-18,DEL_BLR,7,Yatra,5400.0,75
2026-09-18,DEL_BLR,15,Air India Direct,9118.0,1
2026-09-18,DEL_BLR,15,Akasa Direct,8829.0,7
2026-09-18,DEL_BLR,15,Cleartrip,13618.0,236
2026-09-18,DEL_BLR,15,EaseMyTrip,9636.0,143
2026-09-18,DEL_BLR,15,Yatra,5400.0,75
2026-09-18,DEL_BLR,30,Air India Direct,10235.0,1
2026-09-18,DEL_BLR,30,Akasa Direct,9680.0,7
2026-09-18,DEL_BLR,30,Cleartrip,14155.0,230
2026-09-18,DEL_BLR,30,EaseMyTrip,11260.0,154
2026-09-18,DEL_BLR,30,SpiceJet Direct,10208.0,8
2026-09-18,DEL_BLR,30,Yatra,5400.0,75
2026-09-18,DEL_BLR,45,Air India Direct,10385.0,1
2026-09-18,DEL_BLR,45,Akasa Direct,9501.0,43
2026-09-18,DEL_BLR,45,Cleartrip,13982.0,225
2026-09-18,DEL_BLR,45,EaseMyTrip,11216.0,175
2026-09-18,DEL_BLR,45,Yatra,5400.0,75
2026-09-18,DEL_BOM,1,Air India Direct,6709.0,1
2026-09-18,DEL_BOM,1,Akasa Direct,6530.0,7
2026-09-18,DEL_BOM,1,Cleartrip,6740.5,54
2026-09-18,DEL_BOM,1,EaseMyTrip,7096.0,103
2026-09-18,DEL_BOM,1,Yatra,5400.0,75
2026-09-18,DEL_BOM,7,Air India Direct,13051.0,1
2026-09-18,DEL_BOM,7,Cleartrip,6843.0,57
2026-09-18,DEL_BOM,7,EaseMyTrip,7252.0,109
2026-09-18,DEL_BOM,7,Yatra,5400.0,75
2026-09-18,DEL_BOM,15,Air India Direct,6709.0,1
2026-09-18,DEL_BOM,15,Cleartrip,7720.0,198
2026-09-18,DEL_BOM,15,EaseMyTrip,6562.0,123
2026-09-18,DEL_BOM,15,Yatra,5400.0,75
2026-09-18,DEL_BOM,30,Air India Direct,7311.0,1
2026-09-18,DEL_BOM,30,Cleartrip,8110.0,182
2026-09-18,DEL_BOM,30,EaseMyTrip,7586.0,162
2026-09-18,DEL_BOM,30,Yatra,5400.0,75
2026-09-18,DEL_BOM,45,Air India Direct,7468.0,1
2026-09-18,DEL_BOM,45,Akasa Direct,6530.0,43
2026-09-18,DEL_BOM,45,Cleartrip,8950.0,178
2026-09-18,DEL_BOM,45,EaseMyTrip,7677.0,163
2026-09-18,DEL_BOM,45,Yatra,5400.0,75
2026-09-18,DEL_CCU,1,Air India Direct,9121.0,1
2026-09-18,DEL_CCU,1,Cleartrip,13278.0,130
2026-09-18,DEL_CCU,1,EaseMyTrip,10522.0,90
2026-09-18,DEL_CCU,1,Yatra,5400.0,75
2026-09-18,DEL_CCU,7,Air India Direct,9121.0,1
2026-09-18,DEL_CCU,7,Akasa Direct,7909.0,7
2026-09-18,DEL_CCU,7,Cleartrip,11291.0,137
2026-09-18,DEL_CCU,7,EaseMyTrip,9316.0,94
2026-09-18,DEL_CCU,7,Yatra,5400.0,75
2026-09-18,DEL_CCU,15,Air India Direct,9121.0,1
2026-09-18,DEL_CCU,15,Akasa Direct,8678.0,7
2026-09-18,DEL_CCU,15,Cleartrip,9563.0,137
2026-09-18,DEL_CCU,15,EaseMyTrip,9478.0,111
2026-09-18,DEL_CCU,15,SpiceJet Direct,8753.0,3
2026-09-18,DEL_CCU,15,Yatra,5400.0,75
2026-09-18,DEL_CCU,30,Air India Direct,14561.0,1
2026-09-18,DEL_CCU,30,Akasa Direct,10270.0,7
2026-09-18,DEL_CCU,30,Cleartrip,17595.5,142
2026-09-18,DEL_CCU,30,EaseMyTrip,15711.5,110
2026-09-18,DEL_CCU,30,Yatra,5400.0,75
2026-09-18,DEL_CCU,45,Air India Direct,13044.0,1
2026-09-18,DEL_CCU,45,Akasa Direct,7909.0,6
2026-09-18,DEL_CCU,45,Cleartrip,13573.0,131
2026-09-18,DEL_CCU,45,EaseMyTrip,12650.0,100
2026-09-18,DEL_CCU,45,SpiceJet Direct,10925.0,3
2026-09-18,DEL_CCU,45,Yatra,5400.0,75
2026-09-18,DEL_GOI,1,Air India Direct,8380.0,1
2026-09-18,DEL_GOI,1,Cleartrip,12333.0,109
2026-09-18,DEL_GOI,1,EaseMyTrip,10463.0,106
2026-09-18,DEL_GOI,1,Yatra,5400.0,75
2026-09-18,DEL_GOI,7,Air India Direct,12160.0,1
2026-09-18,DEL_GOI,7,Cleartrip,16863.5,104
2026-09-18,DEL_GOI,7,EaseMyTrip,15500.5,94
2026-09-18,DEL_GOI,7,Yatra,5400.0,75
2026-09-18,DEL_GOI,15,Air India Direct,8115.0,1
2026-09-18,DEL_GOI,15,Cleartrip,10535.0,108
2026-09-18,DEL_GOI,15,EaseMyTrip,8427.0,81
2026-09-18,DEL_GOI,15,Yatra,5400.0,75
2026-09-18,DEL_GOI,30,Air India Direct,8393.0,1
2026-09-18,DEL_GOI,30,Cleartrip,12085.0,116
2026-09-18,DEL_GOI,30,EaseMyTrip,10038.0,92
2026-09-18,DEL_GOI,30,Yatra,5400.0,75
2026-09-18,DEL_GOI,45,Air India Direct,7771.0,1
2026-09-18,DEL_GOI,45,Cleartrip,13692.0,131
2026-09-18,DEL_GOI,45,EaseMyTrip,10113.0,93
2026-09-18,DEL_GOI,45,SpiceJet Direct,13365.0,6
2026-09-18,DEL_GOI,45,Yatra,5400.0,75
2026-09-18,DEL_HYD,1,Air India Direct,9109.0,1
2026-09-18,DEL_HYD,1,Akasa Direct,8090.0,7
2026-09-18,DEL_HYD,1,Cleartrip,16463.0,134
2026-09-18,DEL_HYD,1,EaseMyTrip,10892.0,82
2026-09-18,DEL_HYD,1,Yatra,5400.0,75
2026-09-18,DEL_HYD,7,Air India Direct,9109.0,1
2026-09-18,DEL_HYD,7,Akasa Direct,8385.0,7
2026-09-18,DEL_HYD,7,Cleartrip,12571.0,153
2026-09-18,DEL_HYD,7,EaseMyTrip,9243.0,85
2026-09-18,DEL_HYD,7,Yatra,5400.0,75
2026-09-18,DEL_HYD,15,Air India Direct,9460.0,1
2026-09-18,DEL_HYD,15,Akasa Direct,9012.0,7
2026-09-18,DEL_HYD,15,Cleartrip,13749.0,195
2026-09-18,DEL_HYD,15,EaseMyTrip,10233.0,119
2026-09-18,DEL_HYD,15,Yatra,5400.0,75
2026-09-18,DEL_HYD,30,Air India Direct,9855.0,1
2026-09-18,DEL_HYD,30,Akasa Direct,9177.0,7
2026-09-18,DEL_HYD,30,Cleartrip,16560.5,200
2026-09-18,DEL_HYD,30,EaseMyTrip,12227.0,97
2026-09-18,DEL_HYD,30,Yatra,5400.0,75
2026-09-18,DEL_HYD,45,Air India Direct,10364.0,1
2026-09-18,DEL_HYD,45,Akasa Direct,8461.5,6
2026-09-18,DEL_HYD,45,Cleartrip,16303.0,201
2026-09-18,DEL_HYD,45,EaseMyTrip,11122.0,131
2026-09-18,DEL_HYD,45,Yatra,5400.0,75
2026-09-18,DEL_MAA,1,Air India Direct,10044.0,1
2026-09-18,DEL_MAA,1,Akasa Direct,12593.5,4
2026-09-18,DEL_MAA,1,Cleartrip,14578.0,160
2026-09-18,DEL_MAA,1,EaseMyTrip,13356.0,101
2026-09-18,DEL_MAA,1,Yatra,5400.0,75
2026-09-18,DEL_MAA,7,Air India Direct,10294.0,1
2026-09-18,DEL_MAA,7,Akasa Direct,12862.0,5
2026-09-18,DEL_MAA,7,Cleartrip,13990.0,181
2026-09-18,DEL_MAA,7,EaseMyTrip,12154.0,99
2026-09-18,DEL_MAA,7,Yatra,5400.0,75
2026-09-18,DEL_MAA,15,Air India Direct,10294.0,1
2026-09-18,DEL_MAA,15,Akasa Direct,11927.0,7
2026-09-18,DEL_MAA,15,Cleartrip,13356.0,173
2026-09-18,DEL_MAA,15,EaseMyTrip,10550.0,111
2026-09-18,DEL_MAA,15,Yatra,5400.0,75
2026-09-18,DEL_MAA,30,Air India Direct,10294.0,1
2026-09-18,DEL_MAA,30,Akasa Direct,11599.0,7
2026-09-18,DEL_MAA,30,Cleartrip,14129.0,161
2026-09-18,DEL_MAA,30,EaseMyTrip,13055.0,113
2026-09-18,DEL_MAA,30,Yatra,5400.0,75
2026-09-18,DEL_MAA,45,Air India Direct,10452.0,1
2026-09-18,DEL_MAA,45,Akasa Direct,12533.5,4
2026-09-18,DEL_MAA,45,Cleartrip,10465.0,18
2026-09-18,DEL_MAA,45,EaseMyTrip,10717.0,112
2026-09-18,DEL_MAA,45,Yatra,5400.0,75
2026-09-18,HYD_BLR,1,Air India Direct,8055.0,1
2026-09-18,HYD_BLR,1,Akasa Direct,18345.0,7
2026-09-18,HYD_BLR,1,Cleartrip,11653.0,105
2026-09-18,HYD_BLR,1,EaseMyTrip,12642.0,101
2026-09-18,HYD_BLR,1,Yatra,5400.0,75
2026-09-18,HYD_BLR,7,Air India Direct,5613.0,1
2026-09-18,HYD_BLR,7,Akasa Direct,17903.0,7
2026-09-18,HYD_BLR,7,Cleartrip,11323.5,14
2026-09-18,HYD_BLR,7,EaseMyTrip,11228.0,105
2026-09-18,HYD_BLR,7,Yatra,5400.0,75
2026-09-18,HYD_BLR,15,Air India Direct,4929.0,1
2026-09-18,HYD_BLR,15,Akasa Direct,17096.0,7
2026-09-18,HYD_BLR,15,Cleartrip,5102.0,16
2026-09-18,HYD_BLR,15,EaseMyTrip,6181.0,105
2026-09-18,HYD_BLR,15,Yatra,5000.0,75
2026-09-18,HYD_BLR,30,Air India Direct,5103.0,1
2026-09-18,HYD_BLR,30,Cleartrip,5220.0,14
2026-09-18,HYD_BLR,30,EaseMyTrip,6929.0,103
2026-09-18,HYD_BLR,30,Yatra,5220.0,75
2026-09-18,HYD_BLR,45,Akasa Direct,18040.0,6
2026-09-18,HYD_BLR,45,Cleartrip,4734.0,17
2026-09-18,HYD_BLR,45,EaseMyTrip,6118.0,107
2026-09-18,HYD_BLR,45,Yatra,5056.0,75
2026-09-18,HYD_DEL,1,Air India Direct,8572.0,1
2026-09-18,HYD_DEL,1,Cleartrip,15921.5,140
2026-09-18,HYD_DEL,1,EaseMyTrip,10041.0,73
2026-09-18,HYD_DEL,1,Yatra,5400.0,75
2026-09-18,HYD_DEL,7,Air India Direct,8687.0,1
2026-09-18,HYD_DEL,7,Akasa Direct,8352.0,7
2026-09-18,HYD_DEL,7,Cleartrip,14619.0,159
2026-09-18,HYD_DEL,7,EaseMyTrip,11878.0,99
2026-09-18,HYD_DEL,7,Yatra,5400.0,75
2026-09-18,HYD_DEL,15,Air India Direct,8685.0,1
2026-09-18,HYD_DEL,15,Cleartrip,12469.0,170
2026-09-18,HYD_DEL,15,EaseMyTrip,9172.0,111
2026-09-18,HYD_DEL,15,Yatra,5400.0,75
2026-09-18,HYD_DEL,30,Air India Direct,8687.0,1
2026-09-18,HYD_DEL,30,Akasa Direct,8209.0,7
2026-09-18,HYD_DEL,30,Cleartrip,14035.0,172
2026-09-18,HYD_DEL,30,EaseMyTrip,10659.0,125
2026-09-18,HYD_DEL,30,Yatra,5400.0,75
2026-09-18,HYD_DEL,45,Air India Direct,19724.0,1
2026-09-18,HYD_DEL,45,Akasa Direct,8723.5,6
2026-09-18,HYD_DEL,45,Cleartrip,14169.0,173
2026-09-18,HYD_DEL,45,EaseMyTrip,9916.0,94
2026-09-18,HYD_DEL,45,Yatra,5400.0,75
2026-09-18,MAA_BOM,1,Air India Direct,8252.0,1
2026-09-18,MAA_BOM,1,Cleartrip,8887.0,17
2026-09-18,MAA_BOM,1,EaseMyTrip,10558.0,98
2026-09-18,MAA_BOM,1,Yatra,5400.0,75
2026-09-18,MAA_BOM,7,Akasa Direct,7061.0,5
2026-09-18,MAA_BOM,7,Cleartrip,8647.0,18
2026-09-18,MAA_BOM,7,EaseMyTrip,11977.0,123
2026-09-18,MAA_BOM,7,Yatra,5400.0,75
2026-09-18,MAA_BOM,15,Air India Direct,14375.0,1
2026-09-18,MAA_BOM,15,Akasa Direct,7061.0,7
2026-09-18,MAA_BOM,15,Cleartrip,7540.0,19
2026-09-18,MAA_BOM,15,EaseMyTrip,7645.0,99
2026-09-18,MAA_BOM,15,Yatra,5400.0,75
2026-09-18,MAA_BOM,30,Air India Direct,7832.0,1
2026-09-18,MAA_BOM,30,Akasa Direct,7566.0,7
2026-09-18,MAA_BOM,30,Cleartrip,7540.0,19
2026-09-18,MAA_BOM,30,EaseMyTrip,9737.0,113
2026-09-18,MAA_BOM,30,Yatra,5400.0,75
2026-09-18,MAA_BOM,45,Cleartrip,7540.0,17
2026-09-18,MAA_BOM,45,EaseMyTrip,9211.0,96
2026-09-18,MAA_BOM,45,Yatra,5400.0,75
2026-09-18,MAA_DEL,1,Air India Direct,10442.0,1
2026-09-18,MAA_DEL,1,Akasa Direct,15267.0,4
2026-09-18,MAA_DEL,1,Cleartrip,15258.0,146
2026-09-18,MAA_DEL,1,EaseMyTrip,13564.5,90
2026-09-18,MAA_DEL,1,Yatra,5400.0,75
2026-09-18,MAA_DEL,7,Air India Direct,10442.0,1
2026-09-18,MAA_DEL,7,Akasa Direct,14242.0,5
2026-09-18,MAA_DEL,7,Cleartrip,16351.0,167
2026-09-18,MAA_DEL,7,EaseMyTrip,13997.0,101
2026-09-18,MAA_DEL,7,Yatra,5400.0,75
2026-09-18,MAA_DEL,15,Air India Direct,10442.0,1
2026-09-18,MAA_DEL,15,Cleartrip,12363.0,152
2026-09-18,MAA_DEL,15,EaseMyTrip,10463.0,109
2026-09-18,MAA_DEL,15,Yatra,5400.0,75
2026-09-18,MAA_DEL,30,Air India Direct,10442.0,1
2026-09-18,MAA_DEL,30,Akasa Direct,12864.0,7
2026-09-18,MAA_DEL,30,Cleartrip,15233.0,174
2026-09-18,MAA_DEL,30,EaseMyTrip,13603.0,126
2026-09-18,MAA_DEL,30,Yatra,5400.0,75
2026-09-18,MAA_DEL,45,Cleartrip,14063.0,144
2026-09-18,MAA_DEL,45,EaseMyTrip,11575.0,111
2026-09-18,MAA_DEL,45,Yatra,5400.0,75
2026-09-20,AMD_DEL,1,Air India Direct,6324.0,1
2026-09-20,AMD_DEL,1,Akasa Direct,9963.0,7
2026-09-20,AMD_DEL,1,Cleartrip,14114.0,54
2026-09-20,AMD_DEL,1,EaseMyTrip,11803.0,42
2026-09-20,AMD_DEL,1,Yatra,6000.0,75
2026-09-20,AMD_DEL,7,Air India Direct,6435.0,1
2026-09-20,AMD_DEL,7,Akasa Direct,9795.0,7
2026-09-20,AMD_DEL,7,Cleartrip,12190.5,76
2026-09-20,AMD_DEL,7,EaseMyTrip,11833.0,65
2026-09-20,AMD_DEL,7,Yatra,5400.0,54
2026-09-20,AMD_DEL,15,Air India Direct,6435.0,1
2026-09-20,AMD_DEL,15,Akasa Direct,10137.0,7
2026-09-20,AMD_DEL,15,Cleartrip,11925.5,90
2026-09-20,AMD_DEL,15,EaseMyTrip,7100.0,43
2026-09-20,AMD_DEL,15,Yatra,5400.0,69
2026-09-20,AMD_DEL,30,Air India Direct,6435.0,1
2026-09-20,AMD_DEL,30,Akasa Direct,12916.0,7
2026-09-20,AMD_DEL,30,Cleartrip,14716.0,90
2026-09-20,AMD_DEL,30,EaseMyTrip,14716.0,75
2026-09-20,AMD_DEL,30,Yatra,5400.0,75
2026-09-20,AMD_DEL,45,Air India Direct,7340.0,1
2026-09-20,AMD_DEL,45,Akasa Direct,10143.5,6
2026-09-20,AMD_DEL,45,Cleartrip,17878.0,65
2026-09-20,AMD_DEL,45,EaseMyTrip,17878.0,64
2026-09-20,AMD_DEL,45,Yatra,5400.0,75
2026-09-20,BLR_BOM,1,Air India Direct,6151.0,1
2026-09-20,BLR_BOM,1,Akasa Direct,4269.0,7
2026-09-20,BLR_BOM,1,Cleartrip,7612.0,29
2026-09-20,BLR_BOM,1,EaseMyTrip,11903.0,116
2026-09-20,BLR_BOM,1,Yatra,5400.0,75
2026-09-20,BLR_BOM,7,Air India Direct,4980.0,1
2026-09-20,BLR_BOM,7,Cleartrip,7612.0,32
2026-09-20,BLR_BOM,7,EaseMyTrip,8782.0,115
2026-09-20,BLR_BOM,7,Yatra,5400.0,75
2026-09-20,BLR_BOM,15,Air India Direct,5034.0,1
2026-09-20,BLR_BOM,15,Akasa Direct,5544.0,7
2026-09-20,BLR_BOM,15,Cleartrip,7725.0,30
2026-09-20,BLR_BOM,15,EaseMyTrip,8912.5,138
2026-09-20,BLR_BOM,15,Yatra,5400.0,75
2026-09-20,BLR_BOM,30,Air India Direct,5034.0,1
2026-09-20,BLR_BOM,30,Cleartrip,6982.0,36
2026-09-20,BLR_BOM,30,EaseMyTrip,7689.0,135
2026-09-20,BLR_BOM,30,SpiceJet Direct,7168.0,9
2026-09-20,BLR_BOM,30,Yatra,5138.0,75
2026-09-20,BLR_BOM,45,Air India Direct,9038.0,1
2026-09-20,BLR_BOM,45,Akasa Direct,4594.0,9
2026-09-20,BLR_BOM,45,Cleartrip,8977.0,35
2026-09-20,BLR_BOM,45,EaseMyTrip,9566.5,144
2026-09-20,BLR_BOM,45,SpiceJet Direct,7503.0,9
2026-09-20,BLR_BOM,45,Yatra,5400.0,75
2026-09-20,BLR_DEL,1,Air India Direct,8656.0,1
2026-09-20,BLR_DEL,1,Akasa Direct,8364.0,7
2026-09-20,BLR_DEL,1,Cleartrip,14577.0,194
2026-09-20,BLR_DEL,1,EaseMyTrip,12411.0,143
2026-09-20,BLR_DEL,1,Yatra,5700.0,75
2026-09-20,BLR_DEL,7,Air India Direct,8656.0,1
2026-09-20,BLR_DEL,7,Akasa Direct,8364.0,7
2026-09-20,BLR_DEL,7,Cleartrip,13904.0,205
2026-09-20,BLR_DEL,7,EaseMyTrip,10249.0,133
2026-09-20,BLR_DEL,7,Yatra,5400.0,75
2026-09-20,BLR_DEL,15,Air India Direct,8656.0,1
2026-09-20,BLR_DEL,15,Akasa Direct,8364.0,14
2026-09-20,BLR_DEL,15,Cleartrip,13658.5,206
2026-09-20,BLR_DEL,15,EaseMyTrip,9290.0,154
2026-09-20,BLR_DEL,15,Yatra,5400.0,75
2026-09-20,BLR_DEL,30,Air India Direct,9896.0,1
2026-09-20,BLR_DEL,30,Akasa Direct,9448.0,7
2026-09-20,BLR_DEL,30,Cleartrip,12942.0,214
2026-09-20,BLR_DEL,30,EaseMyTrip,10755.0,163
2026-09-20,BLR_DEL,30,SpiceJet Direct,11709.0,12
2026-09-20,BLR_DEL,30,Yatra,5400.0,75
2026-09-20,BLR_DEL,45,Air India Direct,23231.0,1
2026-09-20,BLR_DEL,45,Akasa Direct,8364.0,7
2026-09-20,BLR_DEL,45,Cleartrip,18065.5,216
2026-09-20,BLR_DEL,45,EaseMyTrip,15398.0,167
2026-09-20,BLR_DEL,45,Yatra,5400.0,75
2026-09-20,BLR_HYD,1,Air India Direct,9279.0,1
2026-09-20,BLR_HYD,1,Akasa Direct,17927.0,12
2026-09-20,BLR_HYD,1,Cleartrip,11932.0,16
2026-09-20,BLR_HYD,1,EaseMyTrip,12950.0,108
2026-09-20,BLR_HYD,1,Yatra,5400.0,75
2026-09-20,BLR_HYD,7,Air India Direct,4787.0,1
2026-09-20,BLR_HYD,7,Akasa Direct,16357.0,7
2026-09-20,BLR_HYD,7,Cleartrip,7519.0,13
2026-09-20,BLR_HYD,7,EaseMyTrip,11725.0,99
2026-09-20,BLR_HYD,7,Yatra,5400.0,75
2026-09-20,BLR_HYD,15,Air India Direct,6281.0,1
2026-09-20,BLR_HYD,15,Akasa Direct,16526.0,7
2026-09-20,BLR_HYD,15,Cleartrip,6930.0,15
2026-09-20,BLR_HYD,15,EaseMyTrip,11050.0,104
2026-09-20,BLR_HYD,15,Yatra,5400.0,75
2026-09-20,BLR_HYD,30,Air India Direct,6281.0,1
2026-09-20,BLR_HYD,30,Akasa Direct,18785.0,7
2026-09-20,BLR_HYD,30,Cleartrip,6930.0,15
2026-09-20,BLR_HYD,30,EaseMyTrip,10997.0,107
2026-09-20,BLR_HYD,30,Yatra,5400.0,75
2026-09-20,BLR_HYD,45,Air India Direct,8182.0,1
2026-09-20,BLR_HYD,45,Akasa Direct,16450.5,6
2026-09-20,BLR_HYD,45,Cleartrip,8167.0,18
2026-09-20,BLR_HYD,45,EaseMyTrip,11204.0,117
2026-09-20,BLR_HYD,45,Yatra,5400.0,75
2026-09-20,BOM_BLR,1,Air India Direct,8515.0,1
2026-09-20,BOM_BLR,1,Akasa Direct,5249.0,7
2026-09-20,BOM_BLR,1,Cleartrip,11367.0,30
2026-09-20,BOM_BLR,1,EaseMyTrip,12634.0,127
2026-09-20,BOM_BLR,1,Yatra,5400.0,75
2026-09-20,BOM_BLR,7,Air India Direct,5238.0,1
2026-09-20,BOM_BLR,7,Akasa Direct,5673.0,7
2026-09-20,BOM_BLR,7,Cleartrip,7534.5,34
2026-09-20,BOM_BLR,7,EaseMyTrip,8792.0,123
2026-09-20,BOM_BLR,7,Yatra,5400.0,75
2026-09-20,BOM_BLR,15,Air India Direct,7018.0,1
2026-09-20,BOM_BLR,15,Akasa Direct,5050.0,7
2026-09-20,BOM_BLR,15,Cleartrip,7436.0,30
2026-09-20,BOM_BLR,15,EaseMyTrip,8050.0,130
2026-09-20,BOM_BLR,15,Yatra,5400.0,75
2026-09-20,BOM_BLR,30,Air India Direct,5394.0,1
2026-09-20,BOM_BLR,30,Akasa Direct,5249.0,7
2026-09-20,BOM_BLR,30,Cleartrip,7359.5,36
2026-09-20,BOM_BLR,30,EaseMyTrip,8062.0,143
2026-09-20,BOM_BLR,30,SpiceJet Direct,5828.0,9
2026-09-20,BOM_BLR,30,Yatra,5400.0,75
2026-09-20,BOM_BLR,45,Air India Direct,7315.0,1
2026-09-20,BOM_BLR,45,Cleartrip,8532.0,37
2026-09-20,BOM_BLR,45,EaseMyTrip,9188.0,147
2026-09-20,BOM_BLR,45,SpiceJet Direct,6516.0,9
2026-09-20,BOM_BLR,45,Yatra,5400.0,75
2026-09-20,BOM_DEL,1,Air India Direct,6741.0,1
2026-09-20,BOM_DEL,1,Akasa Direct,6523.0,7
2026-09-20,BOM_DEL,1,Cleartrip,6875.0,54
2026-09-20,BOM_DEL,1,EaseMyTrip,9306.5,154
2026-09-20,BOM_DEL,1,Yatra,5400.0,75
2026-09-20,BOM_DEL,7,Air India Direct,6741.0,1
2026-09-20,BOM_DEL,7,Akasa Direct,6523.0,17
2026-09-20,BOM_DEL,7,Cleartrip,6720.0,54
2026-09-20,BOM_DEL,7,EaseMyTrip,8073.0,157
2026-09-20,BOM_DEL,7,Yatra,5400.0,75
2026-09-20,BOM_DEL,15,Air India Direct,6741.0,1
2026-09-20,BOM_DEL,15,Akasa Direct,6523.0,7
2026-09-20,BOM_DEL,15,Cleartrip,6875.0,58
2026-09-20,BOM_DEL,15,EaseMyTrip,7206.0,159
2026-09-20,BOM_DEL,15,Yatra,5400.0,75
2026-09-20,BOM_DEL,30,Air India Direct,7343.0,1
2026-09-20,BOM_DEL,30,Akasa Direct,7009.0,7
2026-09-20,BOM_DEL,30,Cleartrip,7364.0,61
2026-09-20,BOM_DEL,30,EaseMyTrip,7501.0,140
2026-09-20,BOM_DEL,30,Yatra,5400.0,75
2026-09-20,BOM_DEL,45,Air India Direct,10399.0,1
2026-09-20,BOM_DEL,45,Akasa Direct,6523.0,7
2026-09-20,BOM_DEL,45,Cleartrip,10378.0,62
2026-09-20,BOM_DEL,45,EaseMyTrip,10747.0,133
2026-09-20,BOM_DEL,45,Yatra,5400.0,75
2026-09-20,BOM_GOI,1,Air India Direct,5045.0,1
2026-09-20,BOM_GOI,1,Cleartrip,7057.5,14
2026-09-20,BOM_GOI,1,EaseMyTrip,14558.0,77
2026-09-20,BOM_GOI,1,Yatra,5400.0,75
2026-09-20,BOM_GOI,7,Air India Direct,4413.0,1
2026-09-20,BOM_GOI,7,Cleartrip,4620.0,14
2026-09-20,BOM_GOI,7,EaseMyTrip,9207.0,85
2026-09-20,BOM_GOI,7,Yatra,5000.0,75
2026-09-20,BOM_GOI,15,Air India Direct,4413.0,1
2026-09-20,BOM_GOI,15,Cleartrip,4436.0,14
2026-09-20,BOM_GOI,15,EaseMyTrip,7125.5,86
2026-09-20,BOM_GOI,15,Yatra,5000.0,75
2026-09-20,BOM_GOI,30,Air India Direct,4618.0,1
2026-09-20,BOM_GOI,30,Cleartrip,4774.5,14
2026-09-20,BOM_GOI,30,EaseMyTrip,8111.0,95
2026-09-20,BOM_GOI,30,Yatra,5000.0,75
2026-09-20,BOM_GOI,45,Air India Direct,5426.0,1
2026-09-20,BOM_GOI,45,Cleartrip,5385.0,17
2026-09-20,BOM_GOI,45,EaseMyTrip,8159.5,94
2026-09-20,BOM_GOI,45,Yatra,5400.0,75
2026-09-20,BOM_MAA,1,Air India Direct,6943.0,1
2026-09-20,BOM_MAA,1,Akasa Direct,6759.0,4
2026-09-20,BOM_MAA,1,Cleartrip,13204.0,99
2026-09-20,BOM_MAA,1,EaseMyTrip,12530.0,107
2026-09-20,BOM_MAA,1,Yatra,5400.0,75
2026-09-20,BOM_MAA,7,Air India Direct,6943.0,1
2026-09-20,BOM_MAA,7,Akasa Direct,6008.0,6
2026-09-20,BOM_MAA,7,Cleartrip,9337.5,94
2026-09-20,BOM_MAA,7,EaseMyTrip,8751.0,108
2026-09-20,BOM_MAA,7,Yatra,5400.0,75
2026-09-20,BOM_MAA,15,Air India Direct,6943.0,1
2026-09-20,BOM_MAA,15,Akasa Direct,6008.0,7
2026-09-20,BOM_MAA,15,Cleartrip,10496.0,105
2026-09-20,BOM_MAA,15,EaseMyTrip,9611.0,96
2026-09-20,BOM_MAA,15,Yatra,5400.0,75
2026-09-20,BOM_MAA,30,Air India Direct,6943.0,1
2026-09-20,BOM_MAA,30,Akasa Direct,6695.0,9
2026-09-20,BOM_MAA,30,Cleartrip,10040.0,101
2026-09-20,BOM_MAA,30,EaseMyTrip,8482.0,102
2026-09-20,BOM_MAA,30,Yatra,5400.0,75
2026-09-20,BOM_MAA,45,Air India Direct,7265.0,1
2026-09-20,BOM_MAA,45,Cleartrip,10420.0,92
2026-09-20,BOM_MAA,45,EaseMyTrip,10988.0,117
2026-09-20,BOM_MAA,45,Yatra,5400.0,75
2026-09-20,CCU_DEL,1,Air India Direct,9107.0,1
2026-09-20,CCU_DEL,1,Akasa Direct,9076.0,7
2026-09-20,CCU_DEL,1,Cleartrip,9355.5,22
2026-09-20,CCU_DEL,1,EaseMyTrip,9676.0,87
2026-09-20,CCU_DEL,1,Yatra,5400.0,75
2026-09-20,CCU_DEL,7,Air India Direct,9107.0,1
2026-09-20,CCU_DEL,7,Akasa Direct,8468.0,7
2026-09-20,CCU_DEL,7,Cleartrip,9311.0,23
2026-09-20,CCU_DEL,7,EaseMyTrip,9847.0,105
2026-09-20,CCU_DEL,7,SpiceJet Direct,23205.0,3
2026-09-20,CCU_DEL,7,Yatra,5400.0,75
2026-09-20,CCU_DEL,15,Air India Direct,9107.0,1
2026-09-20,CCU_DEL,15,Akasa Direct,8468.0,11
2026-09-20,CCU_DEL,15,Cleartrip,8980.5,26
2026-09-20,CCU_DEL,15,EaseMyTrip,9162.0,119
2026-09-20,CCU_DEL,15,Yatra,5400.0,75
2026-09-20,CCU_DEL,30,Air India Direct,15917.0,1
2026-09-20,CCU_DEL,30,Akasa Direct,14964.0,11
2026-09-20,CCU_DEL,30,Cleartrip,19178.0,29
2026-09-20,CCU_DEL,30,EaseMyTrip,19244.0,123
2026-09-20,CCU_DEL,30,SpiceJet Direct,14343.5,6
2026-09-20,CCU_DEL,30,Yatra,5400.0,75
2026-09-20,CCU_DEL,45,Air India Direct,11036.0,1
2026-09-20,CCU_DEL,45,Akasa Direct,9076.0,7
2026-09-20,CCU_DEL,45,Cleartrip,10319.0,26
2026-09-20,CCU_DEL,45,EaseMyTrip,11057.0,118
2026-09-20,CCU_DEL,45,SpiceJet Direct,10226.0,5
2026-09-20,CCU_DEL,45,Yatra,5400.0,75
2026-09-20,DEL_AMD,1,Air India Direct,5935.0,1
2026-09-20,DEL_AMD,1,Akasa Direct,10169.0,7
2026-09-20,DEL_AMD,1,Cleartrip,6050.0,19
2026-09-20,DEL_AMD,1,EaseMyTrip,17260.0,61
2026-09-20,DEL_AMD,1,Yatra,5400.0,75
2026-09-20,DEL_AMD,7,Air India Direct,5935.0,1
2026-09-20,DEL_AMD,7,Akasa Direct,9863.0,7
2026-09-20,DEL_AMD,7,Cleartrip,6426.0,17
2026-09-20,DEL_AMD,7,EaseMyTrip,11614.0,61
2026-09-20,DEL_AMD,7,Yatra,5400.0,69
2026-09-20,DEL_AMD,15,Air India Direct,5935.0,1
2026-09-20,DEL_AMD,15,Akasa Direct,11334.0,7
2026-09-20,DEL_AMD,15,Cleartrip,6050.0,19
2026-09-20,DEL_AMD,15,EaseMyTrip,11623.5,58
2026-09-20,DEL_AMD,15,Yatra,5400.0,75
2026-09-20,DEL_AMD,30,Air India Direct,5935.0,1
2026-09-20,DEL_AMD,30,Akasa Direct,10738.0,7
2026-09-20,DEL_AMD,30,Cleartrip,5851.0,19
2026-09-20,DEL_AMD,30,EaseMyTrip,13291.0,73
2026-09-20,DEL_AMD,30,Yatra,5400.0,75
2026-09-20,DEL_AMD,45,Air India Direct,6347.0,1
2026-09-20,DEL_AMD,45,Akasa Direct,10169.0,7
2026-09-20,DEL_AMD,45,Cleartrip,7056.0,14
2026-09-20,DEL_AMD,45,EaseMyTrip,15456.0,83
2026-09-20,DEL_AMD,45,SpiceJet Direct,6988.0,3
2026-09-20,DEL_AMD,45,Yatra,5400.0,75
2026-09-20,DEL_BLR,1,Air India Direct,9578.0,1
2026-09-20,DEL_BLR,1,Akasa Direct,8829.0,7
2026-09-20,DEL_BLR,1,Cleartrip,14734.0,191
2026-09-20,DEL_BLR,1,EaseMyTrip,11414.0,141
2026-09-20,DEL_BLR,1,Yatra,5400.0,75
2026-09-20,DEL_BLR,7,Air India Direct,9121.0,1
2026-09-20,DEL_BLR,7,Akasa Direct,8829.0,7
2026-09-20,DEL_BLR,7,Cleartrip,14651.5,208
2026-09-20,DEL_BLR,7,EaseMyTrip,12033.5,148
2026-09-20,DEL_BLR,7,Yatra,5400.0,75
2026-09-20,DEL_BLR,15,Air India Direct,9578.0,1
2026-09-20,DEL_BLR,15,Akasa Direct,8829.0,7
2026-09-20,DEL_BLR,15,Cleartrip,13513.0,227
2026-09-20,DEL_BLR,15,EaseMyTrip,10587.0,152
2026-09-20,DEL_BLR,15,Yatra,5400.0,75
2026-09-20,DEL_BLR,30,Air India Direct,10235.0,1
2026-09-20,DEL_BLR,30,Akasa Direct,9859.0,7
2026-09-20,DEL_BLR,30,Cleartrip,14018.0,243
2026-09-20,DEL_BLR,30,EaseMyTrip,11061.0,157
2026-09-20,DEL_BLR,30,Yatra,5400.0,75
2026-09-20,DEL_BLR,45,Air India Direct,23149.0,1
2026-09-20,DEL_BLR,45,Akasa Direct,8829.0,7
2026-09-20,DEL_BLR,45,Cleartrip,15052.0,245
2026-09-20,DEL_BLR,45,EaseMyTrip,10819.0,173
2026-09-20,DEL_BLR,45,Yatra,5400.0,75
2026-09-20,DEL_BOM,1,Air India Direct,6709.0,1
2026-09-20,DEL_BOM,1,Akasa Direct,6530.0,7
2026-09-20,DEL_BOM,1,Cleartrip,6843.0,51
2026-09-20,DEL_BOM,1,EaseMyTrip,9971.0,119
2026-09-20,DEL_BOM,1,Yatra,5400.0,75
2026-09-20,DEL_BOM,7,Air India Direct,12962.0,1
2026-09-20,DEL_BOM,7,Akasa Direct,6530.0,7
2026-09-20,DEL_BOM,7,Cleartrip,6843.0,53
2026-09-20,DEL_BOM,7,EaseMyTrip,7922.0,143
2026-09-20,DEL_BOM,7,SpiceJet Direct,15391.5,6
2026-09-20,DEL_BOM,7,Yatra,5400.0,75
2026-09-20,DEL_BOM,15,Air India Direct,6822.0,1
2026-09-20,DEL_BOM,15,Akasa Direct,6530.0,7
2026-09-20,DEL_BOM,15,Cleartrip,7001.0,58
2026-09-20,DEL_BOM,15,EaseMyTrip,7650.0,162
2026-09-20,DEL_BOM,15,Yatra,5400.0,75
2026-09-20,DEL_BOM,30,Air India Direct,7311.0,1
2026-09-20,DEL_BOM,30,Akasa Direct,6530.0,7
2026-09-20,DEL_BOM,30,Cleartrip,7332.0,59
2026-09-20,DEL_BOM,30,EaseMyTrip,7168.0,117
2026-09-20,DEL_BOM,30,Yatra,5400.0,75
2026-09-20,DEL_BOM,45,Air India Direct,7413.0,1
2026-09-20,DEL_BOM,45,Akasa Direct,6530.0,11
2026-09-20,DEL_BOM,45,Cleartrip,7169.0,63
2026-09-20,DEL_BOM,45,EaseMyTrip,8172.0,125
2026-09-20,DEL_BOM,45,Yatra,5400.0,75
2026-09-20,DEL_CCU,1,Air India Direct,9121.0,1
2026-09-20,DEL_CCU,1,Akasa Direct,7909.0,7
2026-09-20,DEL_CCU,1,Cleartrip,12609.0,114
2026-09-20,DEL_CCU,1,EaseMyTrip,12025.5,94
2026-09-20,DEL_CCU,1,Yatra,5400.0,75
2026-09-20,DEL_CCU,7,Air India Direct,9121.0,1
2026-09-20,DEL_CCU,7,Cleartrip,13278.0,146
2026-09-20,DEL_CCU,7,EaseMyTrip,9352.5,84
2026-09-20,DEL_CCU,7,Yatra,5400.0,75
2026-09-20,DEL_CCU,15,Air India Direct,9214.0,1
2026-09-20,DEL_CCU,15,Akasa Direct,9008.0,7
2026-09-20,DEL_CCU,15,Cleartrip,9477.0,109
2026-09-20,DEL_CCU,15,EaseMyTrip,9306.0,94
2026-09-20,DEL_CCU,15,Yatra,5400.0,75
2026-09-20,DEL_CCU,30,Air India Direct,9477.0,1
2026-09-20,DEL_CCU,30,Akasa Direct,12644.0,7
2026-09-20,DEL_CCU,30,Cleartrip,18668.0,180
2026-09-20,DEL_CCU,30,EaseMyTrip,15523.0,125
2026-09-20,DEL_CCU,30,SpiceJet Direct,8555.0,6
2026-09-20,DEL_CCU,30,Yatra,5400.0,75
2026-09-20,DEL_CCU,45,Air India Direct,10744.0,1
2026-09-20,DEL_CCU,45,Akasa Direct,7909.0,7
2026-09-20,DEL_CCU,45,Cleartrip,16567.0,135
2026-09-20,DEL_CCU,45,EaseMyTrip,15018.5,102
2026-09-20,DEL_CCU,45,SpiceJet Direct,9627.0,3
2026-09-20,DEL_CCU,45,Yatra,5400.0,75
2026-09-20,DEL_GOI,1,Air India Direct,9015.0,1
2026-09-20,DEL_GOI,1,Cleartrip,12849.0,69
2026-09-20,DEL_GOI,1,EaseMyTrip,10147.0,85
2026-09-20,DEL_GOI,1,Yatra,5400.0,75
2026-09-20,DEL_GOI,7,Air India Direct,7330.0,1
2026-09-20,DEL_GOI,7,Cleartrip,10903.0,121
2026-09-20,DEL_GOI,7,EaseMyTrip,10147.0,111
2026-09-20,DEL_GOI,7,Yatra,5400.0,75
2026-09-20,DEL_GOI,15,Air India Direct,7613.0,1
2026-09-20,DEL_GOI,15,Cleartrip,11136.5,120
2026-09-20,DEL_GOI,15,EaseMyTrip,9313.0,91
2026-09-20,DEL_GOI,15,Yatra,5400.0,75
2026-09-20,DEL_GOI,30,Air India Direct,8393.0,1
2026-09-20,DEL_GOI,30,Cleartrip,11889.0,129
2026-09-20,DEL_GOI,30,EaseMyTrip,11022.0,124
2026-09-20,DEL_GOI,30,Yatra,5400.0,75
2026-09-20,DEL_GOI,45,Air India Direct,7771.0,1
2026-09-20,DEL_GOI,45,Cleartrip,14011.0,137
2026-09-20,DEL_GOI,45,EaseMyTrip,10615.0,104
2026-09-20,DEL_GOI,45,SpiceJet Direct,13365.0,6
2026-09-20,DEL_GOI,45,Yatra,5400.0,75
2026-09-20,DEL_HYD,1,Air India Direct,9074.0,1
2026-09-20,DEL_HYD,1,Akasa Direct,8385.0,7
2026-09-20,DEL_HYD,1,Cleartrip,16827.0,128
2026-09-20,DEL_HYD,1,EaseMyTrip,14397.0,105
2026-09-20,DEL_HYD,1,Yatra,5400.0,75
2026-09-20,DEL_HYD,7,Air India Direct,9109.0,1
2026-09-20,DEL_HYD,7,Akasa Direct,8090.0,7
2026-09-20,DEL_HYD,7,Cleartrip,14153.5,140
2026-09-20,DEL_HYD,7,EaseMyTrip,13660.5,116
2026-09-20,DEL_HYD,7,Yatra,5400.0,75
2026-09-20,DEL_HYD,15,Air India Direct,9648.0,1
2026-09-20,DEL_HYD,15,Akasa Direct,8090.0,7
2026-09-20,DEL_HYD,15,Cleartrip,14414.0,176
2026-09-20,DEL_HYD,15,EaseMyTrip,10934.0,104
2026-09-20,DEL_HYD,15,Yatra,5400.0,75
2026-09-20,DEL_HYD,30,Air India Direct,9222.0,1
2026-09-20,DEL_HYD,30,Akasa Direct,9690.0,7
2026-09-20,DEL_HYD,30,Cleartrip,15299.0,181
2026-09-20,DEL_HYD,30,EaseMyTrip,11024.0,101
2026-09-20,DEL_HYD,30,Yatra,5400.0,75
2026-09-20,DEL_HYD,45,Air India Direct,10364.0,1
2026-09-20,DEL_HYD,45,Akasa Direct,8385.0,7
2026-09-20,DEL_HYD,45,Cleartrip,16139.0,180
2026-09-20,DEL_HYD,45,EaseMyTrip,10419.0,106
2026-09-20,DEL_HYD,45,SpiceJet Direct,15055.0,2
2026-09-20,DEL_HYD,45,Yatra,5400.0,75
2026-09-20,DEL_MAA,1,Air India Direct,10294.0,1
2026-09-20,DEL_MAA,1,Cleartrip,11467.0,17
2026-09-20,DEL_MAA,1,EaseMyTrip,14578.0,114
2026-09-20,DEL_MAA,1,Yatra,5400.0,75
2026-09-20,DEL_MAA,7,Air India Direct,10294.0,1
2026-09-20,DEL_MAA,7,Akasa Direct,12213.5,6
2026-09-20,DEL_MAA,7,Cleartrip,11467.0,15
2026-09-20,DEL_MAA,7,EaseMyTrip,13553.0,120
2026-09-20,DEL_MAA,7,Yatra,5400.0,75
2026-09-20,DEL_MAA,15,Air India Direct,10294.0,1
2026-09-20,DEL_MAA,15,Akasa Direct,11927.0,9
2026-09-20,DEL_MAA,15,Cleartrip,10465.0,17
2026-09-20,DEL_MAA,15,EaseMyTrip,13506.0,130
2026-09-20,DEL_MAA,15,Yatra,5400.0,75
2026-09-20,DEL_MAA,30,Air India Direct,10294.0,1
2026-09-20,DEL_MAA,30,Akasa Direct,11599.0,7
2026-09-20,DEL_MAA,30,Cleartrip,13512.0,157
2026-09-20,DEL_MAA,30,EaseMyTrip,13512.0,128
2026-09-20,DEL_MAA,30,Yatra,5400.0,75
2026-09-20,DEL_MAA,45,Air India Direct,13629.0,1
2026-09-20,DEL_MAA,45,Akasa Direct,12678.0,4
2026-09-20,DEL_MAA,45,Cleartrip,13663.0,135
2026-09-20,DEL_MAA,45,EaseMyTrip,12805.0,127
2026-09-20,DEL_MAA,45,Yatra,5400.0,75
2026-09-20,HYD_BLR,1,Air India Direct,8055.0,1
2026-09-20,HYD_BLR,1,Akasa Direct,17903.0,7
2026-09-20,HYD_BLR,1,Cleartrip,9817.0,15
2026-09-20,HYD_BLR,1,EaseMyTrip,12086.5,102
2026-09-20,HYD_BLR,1,Yatra,5400.0,75
2026-09-20,HYD_BLR,7,Air India Direct,5613.0,1
2026-09-20,HYD_BLR,7,Akasa Direct,16795.0,7
2026-09-20,HYD_BLR,7,Cleartrip,9817.0,13
2026-09-20,HYD_BLR,7,EaseMyTrip,11482.0,98
2026-09-20,HYD_BLR,7,Yatra,5400.0,75
2026-09-20,HYD_BLR,15,Air India Direct,5103.0,1
2026-09-20,HYD_BLR,15,Akasa Direct,18250.0,7
2026-09-20,HYD_BLR,15,Cleartrip,5220.0,15
2026-09-20,HYD_BLR,15,EaseMyTrip,8033.0,106
2026-09-20,HYD_BLR,15,Yatra,5000.0,75
2026-09-20,HYD_BLR,30,Air India Direct,4929.0,1
2026-09-20,HYD_BLR,30,Akasa Direct,18436.0,7
2026-09-20,HYD_BLR,30,Cleartrip,6055.0,15
2026-09-20,HYD_BLR,30,EaseMyTrip,9027.0,107
2026-09-20,HYD_BLR,30,Yatra,5400.0,75
2026-09-20,HYD_BLR,45,Air India Direct,4929.0,1
2026-09-20,HYD_BLR,45,Akasa Direct,18076.5,6
2026-09-20,HYD_BLR,45,Cleartrip,4860.0,18
2026-09-20,HYD_BLR,45,EaseMyTrip,7391.0,113
2026-09-20,HYD_BLR,45,Yatra,5056.0,75
2026-09-20,HYD_DEL,1,Air India Direct,8554.0,1
2026-09-20,HYD_DEL,1,Akasa Direct,9274.0,7
2026-09-20,HYD_DEL,1,Cleartrip,15625.0,152
2026-09-20,HYD_DEL,1,EaseMyTrip,11032.5,96
2026-09-20,HYD_DEL,1,Yatra,5400.0,75
2026-09-20,HYD_DEL,7,Air India Direct,8572.0,1
2026-09-20,HYD_DEL,7,Akasa Direct,8499.0,7
2026-09-20,HYD_DEL,7,Cleartrip,15674.0,169
2026-09-20,HYD_DEL,7,EaseMyTrip,12225.0,109
2026-09-20,HYD_DEL,7,Yatra,5400.0,75
2026-09-20,HYD_DEL,15,Air India Direct,9098.0,1
2026-09-20,HYD_DEL,15,Akasa Direct,9112.0,7
2026-09-20,HYD_DEL,15,Cleartrip,12469.0,167
2026-09-20,HYD_DEL,15,EaseMyTrip,9660.5,102
2026-09-20,HYD_DEL,15,Yatra,5400.0,75
2026-09-20,HYD_DEL,30,Air India Direct,8687.0,1
2026-09-20,HYD_DEL,30,Akasa Direct,8352.0,7
2026-09-20,HYD_DEL,30,Cleartrip,14186.0,180
2026-09-20,HYD_DEL,30,EaseMyTrip,9369.5,106
2026-09-20,HYD_DEL,30,Yatra,5400.0,75
2026-09-20,HYD_DEL,45,Air India Direct,10944.0,1
2026-09-20,HYD_DEL,45,Cleartrip,18055.0,173
2026-09-20,HYD_DEL,45,EaseMyTrip,15467.0,127
2026-09-20,HYD_DEL,45,Yatra,5400.0,75
2026-09-20,MAA_BOM,1,Air India Direct,8252.0,1
2026-09-20,MAA_BOM,1,Akasa Direct,7833.0,6
2026-09-20,MAA_BOM,1,Cleartrip,9400.0,17
2026-09-20,MAA_BOM,1,EaseMyTrip,11494.0,97
2026-09-20,MAA_BOM,1,Yatra,5400.0,75
2026-09-20,MAA_BOM,7,Air India Direct,7779.0,1
2026-09-20,MAA_BOM,7,Akasa Direct,7061.0,6
2026-09-20,MAA_BOM,7,Cleartrip,8887.0,17
2026-09-20,MAA_BOM,7,EaseMyTrip,9738.0,103
2026-09-20,MAA_BOM,7,Yatra,5400.0,75
2026-09-20,MAA_BOM,15,Air India Direct,6573.0,1
2026-09-20,MAA_BOM,15,Akasa Direct,7061.0,7
2026-09-20,MAA_BOM,15,Cleartrip,7958.0,19
2026-09-20,MAA_BOM,15,EaseMyTrip,8474.0,103
2026-09-20,MAA_BOM,15,Yatra,5400.0,75
2026-09-20,MAA_BOM,30,Air India Direct,7832.0,1
2026-09-20,MAA_BOM,30,Akasa Direct,7566.0,9
2026-09-20,MAA_BOM,30,Cleartrip,7540.0,19
2026-09-20,MAA_BOM,30,EaseMyTrip,9088.0,105
2026-09-20,MAA_BOM,30,Yatra,5400.0,75
2026-09-20,MAA_BOM,45,Air India Direct,7989.0,1
2026-09-20,MAA_BOM,45,Cleartrip,7540.0,17
2026-09-20,MAA_BOM,45,EaseMyTrip,9211.0,95
2026-09-20,MAA_BOM,45,Yatra,5400.0,75
2026-09-20,MAA_DEL,1,Air India Direct,10442.0,1
2026-09-20,MAA_DEL,1,Cleartrip,12794.0,130
2026-09-20,MAA_DEL,1,EaseMyTrip,12563.0,98
2026-09-20,MAA_DEL,1,Yatra,5400.0,75
2026-09-20,MAA_DEL,7,Air India Direct,11674.0,1
2026-09-20,MAA_DEL,7,Cleartrip,13485.0,148
2026-09-20,MAA_DEL,7,EaseMyTrip,12563.0,99
2026-09-20,MAA_DEL,7,Yatra,5400.0,75
2026-09-20,MAA_DEL,15,Air India Direct,10442.0,1
2026-09-20,MAA_DEL,15,Cleartrip,12363.0,151
2026-09-20,MAA_DEL,15,EaseMyTrip,11187.0,107
2026-09-20,MAA_DEL,15,Yatra,5400.0,75
2026-09-20,MAA_DEL,30,Air India Direct,10442.0,1
2026-09-20,MAA_DEL,30,Cleartrip,13603.0,159
2026-09-20,MAA_DEL,30,EaseMyTrip,12217.0,103
2026-09-20,MAA_DEL,30,Yatra,5400.0,75
2026-09-20,MAA_DEL,45,Air India Direct,12620.0,1
2026-09-20,MAA_DEL,45,Cleartrip,18082.0,149
2026-09-20,MAA_DEL,45,EaseMyTrip,15656.0,95
2026-09-20,MAA_DEL,45,Yatra,5400.0,75
2026-09-21,AMD_DEL,1,Air India Direct,6324.0,1
2026-09-21,AMD_DEL,1,Akasa Direct,9963.0,7
2026-09-21,AMD_DEL,1,Cleartrip,16319.0,63
2026-09-21,AMD_DEL,1,EaseMyTrip,7205.0,24
2026-09-21,AMD_DEL,1,IndiGo Direct,5613.0,17
2026-09-21,AMD_DEL,1,Ixigo,6510.0,18
2026-09-21,AMD_DEL,1,MakeMyTrip,6351.0,21
2026-09-21,AMD_DEL,1,Yatra,5400.0,51
2026-09-21,AMD_DEL,7,Air India Direct,6435.0,1
2026-09-21,AMD_DEL,7,Akasa Direct,9795.0,7
2026-09-21,AMD_DEL,7,Cleartrip,10948.0,75
2026-09-21,AMD_DEL,7,EaseMyTrip,10008.5,46
2026-09-21,AMD_DEL,7,Ixigo,6351.0,18
2026-09-21,AMD_DEL,7,MakeMyTrip,6351.0,21
2026-09-21,AMD_DEL,7,Yatra,5400.0,75
2026-09-21,AMD_DEL,15,Air India Direct,6435.0,1
2026-09-21,AMD_DEL,15,Akasa Direct,10137.0,7
2026-09-21,AMD_DEL,15,Cleartrip,10766.0,90
2026-09-21,AMD_DEL,15,EaseMyTrip,10137.0,71
2026-09-21,AMD_DEL,15,Ixigo,6290.0,19
2026-09-21,AMD_DEL,15,MakeMyTrip,6290.0,23
2026-09-21,AMD_DEL,15,Yatra,5400.0,72
2026-09-21,AMD_DEL,30,Air India Direct,6435.0,1
2026-09-21,AMD_DEL,30,Akasa Direct,12761.0,7
2026-09-21,AMD_DEL,30,Cleartrip,13913.0,77
2026-09-21,AMD_DEL,30,EaseMyTrip,7609.0,33
2026-09-21,AMD_DEL,30,Ixigo,6510.0,16
2026-09-21,AMD_DEL,30,MakeMyTrip,6446.0,21
2026-09-21,AMD_DEL,30,Yatra,5400.0,69
2026-09-21,AMD_DEL,45,Air India Direct,7340.0,1
2026-09-21,AMD_DEL,45,Akasa Direct,9963.0,6
2026-09-21,AMD_DEL,45,Cleartrip,23130.0,77
2026-09-21,AMD_DEL,45,EaseMyTrip,23603.0,80
2026-09-21,AMD_DEL,45,Ixigo,10250.0,20
2026-09-21,AMD_DEL,45,MakeMyTrip,9356.0,23
2026-09-21,AMD_DEL,45,SpiceJet Direct,7496.0,3
2026-09-21,AMD_DEL,45,Yatra,5400.0,75
2026-09-21,BLR_BOM,1,Air India Direct,6526.0,1
2026-09-21,BLR_BOM,1,Akasa Direct,4950.0,7
2026-09-21,BLR_BOM,1,Cleartrip,6982.0,33
2026-09-21,BLR_BOM,1,EaseMyTrip,9397.0,105
2026-09-21,BLR_BOM,1,IndiGo Direct,6836.0,61
2026-09-21,BLR_BOM,1,Ixigo,6982.0,32
2026-09-21,BLR_BOM,1,MakeMyTrip,6982.0,39
2026-09-21,BLR_BOM,1,Yatra,5400.0,75
2026-09-21,BLR_BOM,7,Air India Direct,4863.0,1
2026-09-21,BLR_BOM,7,Akasa Direct,4950.0,7
2026-09-21,BLR_BOM,7,Cleartrip,6982.0,32
2026-09-21,BLR_BOM,7,EaseMyTrip,7689.0,117
2026-09-21,BLR_BOM,7,IndiGo Direct,7649.0,59
2026-09-21,BLR_BOM,7,Ixigo,6982.0,30
2026-09-21,BLR_BOM,7,MakeMyTrip,6872.0,39
2026-09-21,BLR_BOM,7,Yatra,5400.0,75
2026-09-21,BLR_BOM,15,Air India Direct,4614.0,1
2026-09-21,BLR_BOM,15,Akasa Direct,5544.0,7
2026-09-21,BLR_BOM,15,Cleartrip,6982.0,33
2026-09-21,BLR_BOM,15,EaseMyTrip,6982.0,125
2026-09-21,BLR_BOM,15,IndiGo Direct,5579.0,63
2026-09-21,BLR_BOM,15,Ixigo,6982.0,34
2026-09-21,BLR_BOM,15,MakeMyTrip,6982.0,39
2026-09-21,BLR_BOM,15,Yatra,5369.0,75
2026-09-21,BLR_BOM,30,Air India Direct,5034.0,1
2026-09-21,BLR_BOM,30,Akasa Direct,6732.0,7
2026-09-21,BLR_BOM,30,Cleartrip,6982.0,36
2026-09-21,BLR_BOM,30,EaseMyTrip,7803.0,143
2026-09-21,BLR_BOM,30,IndiGo Direct,7562.0,61
2026-09-21,BLR_BOM,30,Ixigo,6982.0,36
2026-09-21,BLR_BOM,30,MakeMyTrip,6982.0,43
2026-09-21,BLR_BOM,30,SpiceJet Direct,7168.0,9
2026-09-21,BLR_BOM,30,Yatra,5400.0,75
2026-09-21,BLR_BOM,45,Air India Direct,8110.0,1
2026-09-21,BLR_BOM,45,Akasa Direct,4950.0,7
2026-09-21,BLR_BOM,45,Cleartrip,9284.0,35
2026-09-21,BLR_BOM,45,EaseMyTrip,10767.0,148
2026-09-21,BLR_BOM,45,Ixigo,9284.0,38
2026-09-21,BLR_BOM,45,MakeMyTrip,8977.0,42
2026-09-21,BLR_BOM,45,SpiceJet Direct,7930.0,9
2026-09-21,BLR_BOM,45,Yatra,5400.0,75
2026-09-21,BLR_DEL,1,Air India Direct,8656.0,1
2026-09-21,BLR_DEL,1,Akasa Direct,8364.0,7
2026-09-21,BLR_DEL,1,Cleartrip,13731.5,194
2026-09-21,BLR_DEL,1,EaseMyTrip,9825.0,139
2026-09-21,BLR_DEL,1,IndiGo Direct,8459.0,66
2026-09-21,BLR_DEL,1,Ixigo,8677.0,36
2026-09-21,BLR_DEL,1,MakeMyTrip,8677.0,42
2026-09-21,BLR_DEL,1,Yatra,5400.0,75
2026-09-21,BLR_DEL,7,Air India Direct,8656.0,1
2026-09-21,BLR_DEL,7,Akasa Direct,8364.0,7
2026-09-21,BLR_DEL,7,Cleartrip,12942.0,212
2026-09-21,BLR_DEL,7,EaseMyTrip,10118.0,148
2026-09-21,BLR_DEL,7,IndiGo Direct,10039.0,66
2026-09-21,BLR_DEL,7,Ixigo,8364.0,38
2026-09-21,BLR_DEL,7,MakeMyTrip,8364.0,41
2026-09-21,BLR_DEL,7,Yatra,5400.0,75
2026-09-21,BLR_DEL,15,Air India Direct,8656.0,1
2026-09-21,BLR_DEL,15,Cleartrip,12347.5,212
2026-09-21,BLR_DEL,15,EaseMyTrip,8677.0,134
2026-09-21,BLR_DEL,15,IndiGo Direct,8380.0,68
2026-09-21,BLR_DEL,15,Ixigo,8677.0,40
2026-09-21,BLR_DEL,15,MakeMyTrip,8677.0,23
2026-09-21,BLR_DEL,15,Yatra,5400.0,75
2026-09-21,BLR_DEL,30,Air India Direct,9896.0,1
2026-09-21,BLR_DEL,30,Akasa Direct,9278.0,7
2026-09-21,BLR_DEL,30,Cleartrip,13669.0,222
2026-09-21,BLR_DEL,30,EaseMyTrip,10220.0,155
2026-09-21,BLR_DEL,30,IndiGo Direct,10039.0,68
2026-09-21,BLR_DEL,30,Ixigo,9605.0,45
2026-09-21,BLR_DEL,30,MakeMyTrip,9605.0,52
2026-09-21,BLR_DEL,30,SpiceJet Direct,12146.0,12
2026-09-21,BLR_DEL,30,Yatra,5400.0,75
2026-09-21,BLR_DEL,45,Air India Direct,14274.0,1
2026-09-21,BLR_DEL,45,Cleartrip,20259.0,215
2026-09-21,BLR_DEL,45,EaseMyTrip,18318.0,168
2026-09-21,BLR_DEL,45,Ixigo,15005.5,42
2026-09-21,BLR_DEL,45,MakeMyTrip,14527.0,51
2026-09-21,BLR_DEL,45,SpiceJet Direct,14353.0,9
2026-09-21,BLR_DEL,45,Yatra,5400.0,75
2026-09-21,BLR_HYD,1,Air India Direct,6789.0,1
2026-09-21,BLR_HYD,1,Akasa Direct,17008.0,11
2026-09-21,BLR_HYD,1,Cleartrip,12573.0,15
2026-09-21,BLR_HYD,1,EaseMyTrip,13779.0,101
2026-09-21,BLR_HYD,1,IndiGo Direct,10390.0,94
2026-09-21,BLR_HYD,1,Ixigo,11560.5,16
2026-09-21,BLR_HYD,1,MakeMyTrip,10548.0,19
2026-09-21,BLR_HYD,1,Yatra,5400.0,75
2026-09-21,BLR_HYD,7,Air India Direct,4787.0,1
2026-09-21,BLR_HYD,7,Akasa Direct,16357.0,7
2026-09-21,BLR_HYD,7,Cleartrip,8302.0,14
2026-09-21,BLR_HYD,7,EaseMyTrip,10997.0,108
2026-09-21,BLR_HYD,7,IndiGo Direct,6772.0,71
2026-09-21,BLR_HYD,7,Ixigo,7886.0,15
2026-09-21,BLR_HYD,7,MakeMyTrip,6930.0,18
2026-09-21,BLR_HYD,7,Yatra,5400.0,75
2026-09-21,BLR_HYD,15,Air India Direct,4787.0,1
2026-09-21,BLR_HYD,15,Akasa Direct,17019.0,12
2026-09-21,BLR_HYD,15,Cleartrip,5078.0,15
2026-09-21,BLR_HYD,15,EaseMyTrip,8167.0,109
2026-09-21,BLR_HYD,15,IndiGo Direct,5151.5,70
2026-09-21,BLR_HYD,15,Ixigo,5475.0,12
2026-09-21,BLR_HYD,15,MakeMyTrip,5078.0,27
2026-09-21,BLR_HYD,15,Yatra,5000.0,75
2026-09-21,BLR_HYD,30,Air India Direct,5960.0,1
2026-09-21,BLR_HYD,30,Cleartrip,5913.0,15
2026-09-21,BLR_HYD,30,EaseMyTrip,10435.0,105
2026-09-21,BLR_HYD,30,IndiGo Direct,6412.0,75
2026-09-21,BLR_HYD,30,Ixigo,5913.0,12
2026-09-21,BLR_HYD,30,MakeMyTrip,5753.5,28
2026-09-21,BLR_HYD,30,Yatra,5400.0,75
2026-09-21,BLR_HYD,45,Air India Direct,7381.0,1
2026-09-21,BLR_HYD,45,Akasa Direct,17248.5,6
2026-09-21,BLR_HYD,45,Cleartrip,8166.0,18
2026-09-21,BLR_HYD,45,EaseMyTrip,12950.0,117
2026-09-21,BLR_HYD,45,Ixigo,7886.0,17
2026-09-21,BLR_HYD,45,MakeMyTrip,7702.5,22
2026-09-21,BLR_HYD,45,Yatra,5400.0,75
2026-09-21,BOM_BLR,1,Air India Direct,7406.0,1
2026-09-21,BOM_BLR,1,Cleartrip,9196.0,33
2026-09-21,BOM_BLR,1,EaseMyTrip,9849.0,117
2026-09-21,BOM_BLR,1,IndiGo Direct,7683.0,61
2026-09-21,BOM_BLR,1,Ixigo,9096.0,31
2026-09-21,BOM_BLR,1,MakeMyTrip,7962.0,39
2026-09-21,BOM_BLR,1,Yatra,5400.0,75
2026-09-21,BOM_BLR,7,Air India Direct,5642.0,1
2026-09-21,BOM_BLR,7,Akasa Direct,5673.0,7
2026-09-21,BOM_BLR,7,Cleartrip,7062.0,31
2026-09-21,BOM_BLR,7,EaseMyTrip,7584.0,121
2026-09-21,BOM_BLR,7,IndiGo Direct,7374.0,47
2026-09-21,BOM_BLR,7,Ixigo,7062.0,31
2026-09-21,BOM_BLR,7,MakeMyTrip,7062.0,38
2026-09-21,BOM_BLR,7,Yatra,5400.0,75
2026-09-21,BOM_BLR,15,Air India Direct,5394.0,1
2026-09-21,BOM_BLR,15,Akasa Direct,5050.0,7
2026-09-21,BOM_BLR,15,Cleartrip,7062.0,33
2026-09-21,BOM_BLR,15,EaseMyTrip,7199.0,126
2026-09-21,BOM_BLR,15,IndiGo Direct,6255.0,59
2026-09-21,BOM_BLR,15,Ixigo,7062.0,27
2026-09-21,BOM_BLR,15,MakeMyTrip,7062.0,40
2026-09-21,BOM_BLR,15,Yatra,5253.0,75
2026-09-21,BOM_BLR,30,Air India Direct,5394.0,1
2026-09-21,BOM_BLR,30,Akasa Direct,5673.0,7
2026-09-21,BOM_BLR,30,Cleartrip,7377.0,37
2026-09-21,BOM_BLR,30,EaseMyTrip,8126.0,139
2026-09-21,BOM_BLR,30,IndiGo Direct,7584.0,57
2026-09-21,BOM_BLR,30,Ixigo,7377.0,36
2026-09-21,BOM_BLR,30,MakeMyTrip,7062.0,45
2026-09-21,BOM_BLR,30,SpiceJet Direct,6141.0,9
2026-09-21,BOM_BLR,30,Yatra,5400.0,75
2026-09-21,BOM_BLR,45,Air India Direct,9102.0,1
2026-09-21,BOM_BLR,45,Akasa Direct,5673.0,7
2026-09-21,BOM_BLR,45,Cleartrip,9057.0,35
2026-09-21,BOM_BLR,45,EaseMyTrip,10737.0,147
2026-09-21,BOM_BLR,45,Ixigo,9057.0,36
2026-09-21,BOM_BLR,45,MakeMyTrip,8578.0,42
2026-09-21,BOM_BLR,45,SpiceJet Direct,7412.0,9
2026-09-21,BOM_BLR,45,Yatra,5400.0,75
2026-09-21,BOM_DEL,1,Air India Direct,6741.0,1
2026-09-21,BOM_DEL,1,Akasa Direct,6523.0,7
2026-09-21,BOM_DEL,1,Cleartrip,6859.0,59
2026-09-21,BOM_DEL,1,EaseMyTrip,7884.5,118
2026-09-21,BOM_DEL,1,IndiGo Direct,6387.0,68
2026-09-21,BOM_DEL,1,Ixigo,6981.0,61
2026-09-21,BOM_DEL,1,MakeMyTrip,6576.0,69
2026-09-21,BOM_DEL,1,SpiceJet Direct,6892.0,9
2026-09-21,BOM_DEL,1,Yatra,5400.0,75
2026-09-21,BOM_DEL,7,Air India Direct,6741.0,1
2026-09-21,BOM_DEL,7,Akasa Direct,6523.0,7
2026-09-21,BOM_DEL,7,Cleartrip,6523.0,36
2026-09-21,BOM_DEL,7,EaseMyTrip,6996.0,123
2026-09-21,BOM_DEL,7,IndiGo Direct,6779.0,70
2026-09-21,BOM_DEL,7,Ixigo,6720.0,56
2026-09-21,BOM_DEL,7,MakeMyTrip,6720.0,67
2026-09-21,BOM_DEL,7,SpiceJet Direct,7704.0,6
2026-09-21,BOM_DEL,7,Yatra,5400.0,75
2026-09-21,BOM_DEL,15,Air India Direct,6741.0,1
2026-09-21,BOM_DEL,15,Akasa Direct,6523.0,7
2026-09-21,BOM_DEL,15,Cleartrip,6823.5,60
2026-09-21,BOM_DEL,15,EaseMyTrip,6930.0,159
2026-09-21,BOM_DEL,15,IndiGo Direct,6363.0,74
2026-09-21,BOM_DEL,15,Ixigo,6875.0,59
2026-09-21,BOM_DEL,15,MakeMyTrip,6562.0,71
2026-09-21,BOM_DEL,15,SpiceJet Direct,6838.0,9
2026-09-21,BOM_DEL,15,Yatra,5400.0,75
2026-09-21,BOM_DEL,30,Air India Direct,7343.0,1
2026-09-21,BOM_DEL,30,Akasa Direct,7009.0,7
2026-09-21,BOM_DEL,30,Cleartrip,7364.0,59
2026-09-21,BOM_DEL,30,EaseMyTrip,8073.0,163
2026-09-21,BOM_DEL,30,Ixigo,7364.0,59
2026-09-21,BOM_DEL,30,MakeMyTrip,6922.0,9
2026-09-21,BOM_DEL,30,SpiceJet Direct,7161.0,6
2026-09-21,BOM_DEL,30,Yatra,5400.0,75
2026-09-21,BOM_DEL,45,Air India Direct,14273.0,1
2026-09-21,BOM_DEL,45,Akasa Direct,6523.0,7
2026-09-21,BOM_DEL,45,Cleartrip,17032.0,61
2026-09-21,BOM_DEL,45,EaseMyTrip,16154.0,128
2026-09-21,BOM_DEL,45,Ixigo,17032.0,59
2026-09-21,BOM_DEL,45,MakeMyTrip,15836.0,73
2026-09-21,BOM_DEL,45,SpiceJet Direct,12508.0,12
2026-09-21,BOM_DEL,45,Yatra,5400.0,75
2026-09-21,BOM_GOI,1,Air India Direct,4413.0,1
2026-09-21,BOM_GOI,1,Cleartrip,5987.0,12
2026-09-21,BOM_GOI,1,EaseMyTrip,13636.5,74
2026-09-21,BOM_GOI,1,Ixigo,5959.0,13
2026-09-21,BOM_GOI,1,MakeMyTrip,5280.0,15
2026-09-21,BOM_GOI,1,Yatra,5400.0,75
2026-09-21,BOM_GOI,7,Air India Direct,4413.0,1
2026-09-21,BOM_GOI,7,Cleartrip,4224.0,14
2026-09-21,BOM_GOI,7,EaseMyTrip,10488.0,89
2026-09-21,BOM_GOI,7,IndiGo Direct,7477.0,21
2026-09-21,BOM_GOI,7,Ixigo,4224.0,13
2026-09-21,BOM_GOI,7,MakeMyTrip,4069.0,17
2026-09-21,BOM_GOI,7,Yatra,5381.0,75
2026-09-21,BOM_GOI,15,Air India Direct,4618.0,1
2026-09-21,BOM_GOI,15,Cleartrip,4326.5,14
2026-09-21,BOM_GOI,15,EaseMyTrip,5916.5,86
2026-09-21,BOM_GOI,15,IndiGo Direct,4822.0,28
2026-09-21,BOM_GOI,15,Ixigo,4865.5,14
2026-09-21,BOM_GOI,15,MakeMyTrip,4121.5,18
2026-09-21,BOM_GOI,15,Yatra,5000.0,75
2026-09-21,BOM_GOI,30,Air India Direct,4413.0,1
2026-09-21,BOM_GOI,30,Cleartrip,4552.0,14
2026-09-21,BOM_GOI,30,EaseMyTrip,8220.0,85
2026-09-21,BOM_GOI,30,IndiGo Direct,7477.0,31
2026-09-21,BOM_GOI,30,Ixigo,4616.0,13
2026-09-21,BOM_GOI,30,MakeMyTrip,4341.5,18
2026-09-21,BOM_GOI,30,Yatra,5000.0,75
2026-09-21,BOM_GOI,45,Air India Direct,5426.0,1
2026-09-21,BOM_GOI,45,Cleartrip,7566.5,52
2026-09-21,BOM_GOI,45,EaseMyTrip,12532.0,98
2026-09-21,BOM_GOI,45,Ixigo,6267.5,16
2026-09-21,BOM_GOI,45,MakeMyTrip,6087.0,19
2026-09-21,BOM_GOI,45,SpiceJet Direct,6665.0,3
2026-09-21,BOM_GOI,45,Yatra,5400.0,75
2026-09-21,BOM_MAA,1,Air India Direct,6943.0,1
2026-09-21,BOM_MAA,1,Cleartrip,9704.0,87
2026-09-21,BOM_MAA,1,EaseMyTrip,10725.0,114
2026-09-21,BOM_MAA,1,IndiGo Direct,7639.0,52
2026-09-21,BOM_MAA,1,Ixigo,7444.0,18
2026-09-21,BOM_MAA,1,MakeMyTrip,7014.0,20
2026-09-21,BOM_MAA,1,Yatra,5400.0,75
2026-09-21,BOM_MAA,7,Air India Direct,6943.0,1
2026-09-21,BOM_MAA,7,Cleartrip,8768.5,104
2026-09-21,BOM_MAA,7,EaseMyTrip,8381.0,103
2026-09-21,BOM_MAA,7,IndiGo Direct,8302.0,51
2026-09-21,BOM_MAA,7,Ixigo,6651.0,17
2026-09-21,BOM_MAA,7,MakeMyTrip,6651.0,21
2026-09-21,BOM_MAA,7,Yatra,5400.0,75
2026-09-21,BOM_MAA,15,Air India Direct,6943.0,1
2026-09-21,BOM_MAA,15,Cleartrip,7137.0,97
2026-09-21,BOM_MAA,15,EaseMyTrip,6902.0,104
2026-09-21,BOM_MAA,15,IndiGo Direct,6613.5,48
2026-09-21,BOM_MAA,15,Ixigo,6651.0,17
2026-09-21,BOM_MAA,15,MakeMyTrip,6651.0,22
2026-09-21,BOM_MAA,15,Yatra,5400.0,75
2026-09-21,BOM_MAA,30,Air India Direct,6943.0,1
2026-09-21,BOM_MAA,30,Akasa Direct,6575.0,7
2026-09-21,BOM_MAA,30,Cleartrip,10040.0,105
2026-09-21,BOM_MAA,30,EaseMyTrip,8381.0,107
2026-09-21,BOM_MAA,30,IndiGo Direct,8302.0,54
2026-09-21,BOM_MAA,30,Ixigo,6964.0,19
2026-09-21,BOM_MAA,30,MakeMyTrip,6651.0,23
2026-09-21,BOM_MAA,30,Yatra,5400.0,75
2026-09-21,BOM_MAA,45,Air India Direct,7692.0,1
2026-09-21,BOM_MAA,45,Cleartrip,12635.0,94
2026-09-21,BOM_MAA,45,EaseMyTrip,12627.0,95
2026-09-21,BOM_MAA,45,Ixigo,8523.0,16
2026-09-21,BOM_MAA,45,MakeMyTrip,7988.0,19
2026-09-21,BOM_MAA,45,Yatra,5400.0,75
2026-09-21,CCU_DEL,1,Air India Direct,9107.0,1
2026-09-21,CCU_DEL,1,Akasa Direct,8615.0,7
2026-09-21,CCU_DEL,1,Cleartrip,9112.0,22
2026-09-21,CCU_DEL,1,EaseMyTrip,9676.0,85
2026-09-21,CCU_DEL,1,IndiGo Direct,9037.0,54
2026-09-21,CCU_DEL,1,Ixigo,9112.0,22
2026-09-21,CCU_DEL,1,MakeMyTrip,8849.0,26
2026-09-21,CCU_DEL,1,Yatra,5400.0,75
2026-09-21,CCU_DEL,7,Air India Direct,9107.0,1
2026-09-21,CCU_DEL,7,Akasa Direct,8324.0,7
2026-09-21,CCU_DEL,7,Cleartrip,8849.0,22
2026-09-21,CCU_DEL,7,EaseMyTrip,9012.0,113
2026-09-21,CCU_DEL,7,IndiGo Direct,8450.5,50
2026-09-21,CCU_DEL,7,Ixigo,8849.0,22
2026-09-21,CCU_DEL,7,MakeMyTrip,8849.0,26
2026-09-21,CCU_DEL,7,Yatra,5400.0,75
2026-09-21,CCU_DEL,15,Air India Direct,9107.0,1
2026-09-21,CCU_DEL,15,Akasa Direct,8468.0,7
2026-09-21,CCU_DEL,15,Cleartrip,8849.0,26
2026-09-21,CCU_DEL,15,EaseMyTrip,8748.5,90
2026-09-21,CCU_DEL,15,IndiGo Direct,8183.0,53
2026-09-21,CCU_DEL,15,Ixigo,8849.0,25
2026-09-21,CCU_DEL,15,MakeMyTrip,8849.0,31
2026-09-21,CCU_DEL,15,SpiceJet Direct,7981.0,3
2026-09-21,CCU_DEL,15,Yatra,5400.0,75
2026-09-21,CCU_DEL,30,Air India Direct,11317.0,1
2026-09-21,CCU_DEL,30,Akasa Direct,13203.0,7
2026-09-21,CCU_DEL,30,Cleartrip,13522.0,31
2026-09-21,CCU_DEL,30,EaseMyTrip,17933.0,126
2026-09-21,CCU_DEL,30,IndiGo Direct,13321.5,56
2026-09-21,CCU_DEL,30,Ixigo,13522.0,29
2026-09-21,CCU_DEL,30,MakeMyTrip,13202.5,36
2026-09-21,CCU_DEL,30,SpiceJet Direct,14173.0,12
2026-09-21,CCU_DEL,30,Yatra,5400.0,75
2026-09-21,CCU_DEL,45,Air India Direct,11036.0,1
2026-09-21,CCU_DEL,45,Akasa Direct,8921.0,7
2026-09-21,CCU_DEL,45,Cleartrip,10319.0,26
2026-09-21,CCU_DEL,45,EaseMyTrip,12502.0,119
2026-09-21,CCU_DEL,45,Ixigo,10319.0,25
2026-09-21,CCU_DEL,45,MakeMyTrip,10319.0,29
2026-09-21,CCU_DEL,45,SpiceJet Direct,10226.0,5
2026-09-21,CCU_DEL,45,Yatra,5400.0,75
2026-09-21,DEL_AMD,1,Air India Direct,5935.0,1
2026-09-21,DEL_AMD,1,Akasa Direct,11084.0,7
2026-09-21,DEL_AMD,1,Cleartrip,6346.0,18
2026-09-21,DEL_AMD,1,EaseMyTrip,12543.0,39
2026-09-21,DEL_AMD,1,IndiGo Direct,8124.0,26
2026-09-21,DEL_AMD,1,Ixigo,6346.0,18
2026-09-21,DEL_AMD,1,MakeMyTrip,6136.0,22
2026-09-21,DEL_AMD,1,Yatra,5400.0,75
2026-09-21,DEL_AMD,7,Air India Direct,5935.0,1
2026-09-21,DEL_AMD,7,Akasa Direct,9907.0,7
2026-09-21,DEL_AMD,7,Cleartrip,6216.0,19
2026-09-21,DEL_AMD,7,EaseMyTrip,11327.5,68
2026-09-21,DEL_AMD,7,Ixigo,6216.0,19
2026-09-21,DEL_AMD,7,MakeMyTrip,6216.0,25
2026-09-21,DEL_AMD,7,Yatra,5400.0,72
2026-09-21,DEL_AMD,15,Air India Direct,5935.0,1
2026-09-21,DEL_AMD,15,Akasa Direct,11849.0,16
2026-09-21,DEL_AMD,15,Cleartrip,5851.0,19
2026-09-21,DEL_AMD,15,EaseMyTrip,6204.0,34
2026-09-21,DEL_AMD,15,IndiGo Direct,5079.0,23
2026-09-21,DEL_AMD,15,Ixigo,5851.0,19
2026-09-21,DEL_AMD,15,MakeMyTrip,5851.0,25
2026-09-21,DEL_AMD,15,Yatra,5400.0,75
2026-09-21,DEL_AMD,30,Air India Direct,5935.0,1
2026-09-21,DEL_AMD,30,Akasa Direct,11747.0,7
2026-09-21,DEL_AMD,30,Cleartrip,5851.0,15
2026-09-21,DEL_AMD,30,EaseMyTrip,11871.0,75
2026-09-21,DEL_AMD,30,Ixigo,5851.0,15
2026-09-21,DEL_AMD,30,MakeMyTrip,5820.5,18
2026-09-21,DEL_AMD,30,Yatra,5400.0,75
2026-09-21,DEL_AMD,45,Air India Direct,6040.0,1
2026-09-21,DEL_AMD,45,Akasa Direct,11191.0,7
2026-09-21,DEL_AMD,45,Cleartrip,5956.0,19
2026-09-21,DEL_AMD,45,EaseMyTrip,15307.0,86
2026-09-21,DEL_AMD,45,Ixigo,5956.0,19
2026-09-21,DEL_AMD,45,MakeMyTrip,5956.0,22
2026-09-21,DEL_AMD,45,SpiceJet Direct,7331.0,3
2026-09-21,DEL_AMD,45,Yatra,5400.0,75
2026-09-21,DEL_BLR,1,Air India Direct,9121.0,1
2026-09-21,DEL_BLR,1,Cleartrip,13712.0,177
2026-09-21,DEL_BLR,1,EaseMyTrip,10294.0,139
2026-09-21,DEL_BLR,1,IndiGo Direct,9613.0,66
2026-09-21,DEL_BLR,1,Ixigo,9766.0,36
2026-09-21,DEL_BLR,1,MakeMyTrip,9286.0,43
2026-09-21,DEL_BLR,1,Yatra,5400.0,75
2026-09-21,DEL_BLR,7,Air India Direct,9121.0,1
2026-09-21,DEL_BLR,7,Cleartrip,12668.0,223
2026-09-21,DEL_BLR,7,EaseMyTrip,10120.0,144
2026-09-21,DEL_BLR,7,IndiGo Direct,10077.0,65
2026-09-21,DEL_BLR,7,Ixigo,8829.0,38
2026-09-21,DEL_BLR,7,MakeMyTrip,8829.0,15
2026-09-21,DEL_BLR,7,Yatra,5400.0,75
2026-09-21,DEL_BLR,15,Air India Direct,9121.0,1
2026-09-21,DEL_BLR,15,Cleartrip,12445.0,230
2026-09-21,DEL_BLR,15,EaseMyTrip,9209.0,145
2026-09-21,DEL_BLR,15,IndiGo Direct,9161.0,67
2026-09-21,DEL_BLR,15,Ixigo,8829.0,39
2026-09-21,DEL_BLR,15,MakeMyTrip,9142.0,25
2026-09-21,DEL_BLR,15,Yatra,5400.0,75
2026-09-21,DEL_BLR,30,Air India Direct,10235.0,1
2026-09-21,DEL_BLR,30,Akasa Direct,10231.0,15
2026-09-21,DEL_BLR,30,Cleartrip,14368.0,241
2026-09-21,DEL_BLR,30,EaseMyTrip,11419.0,168
2026-09-21,DEL_BLR,30,IndiGo Direct,10192.0,69
2026-09-21,DEL_BLR,30,Ixigo,10349.0,43
2026-09-21,DEL_BLR,30,MakeMyTrip,10256.0,53
2026-09-21,DEL_BLR,30,SpiceJet Direct,10913.5,8
2026-09-21,DEL_BLR,30,Yatra,5400.0,75
2026-09-21,DEL_BLR,45,Air India Direct,10385.0,1
2026-09-21,DEL_BLR,45,Akasa Direct,8829.0,7
2026-09-21,DEL_BLR,45,Cleartrip,14735.0,231
2026-09-21,DEL_BLR,45,EaseMyTrip,11750.0,179
2026-09-21,DEL_BLR,45,Ixigo,10377.5,40
2026-09-21,DEL_BLR,45,MakeMyTrip,9342.0,5
2026-09-21,DEL_BLR,45,SpiceJet Direct,9762.0,11
2026-09-21,DEL_BLR,45,Yatra,5400.0,75
2026-09-21,DEL_BOM,1,Air India Direct,6709.0,1
2026-09-21,DEL_BOM,1,Cleartrip,6656.0,55
2026-09-21,DEL_BOM,1,EaseMyTrip,7103.0,151
2026-09-21,DEL_BOM,1,IndiGo Direct,6432.0,71
2026-09-21,DEL_BOM,1,Ixigo,6656.0,55
2026-09-21,DEL_BOM,1,MakeMyTrip,6530.0,16
2026-09-21,DEL_BOM,1,SpiceJet Direct,6761.0,6
2026-09-21,DEL_BOM,1,Yatra,5400.0,75
2026-09-21,DEL_BOM,7,Air India Direct,13074.0,1
2026-09-21,DEL_BOM,7,Cleartrip,6688.0,56
2026-09-21,DEL_BOM,7,EaseMyTrip,6843.0,133
2026-09-21,DEL_BOM,7,IndiGo Direct,6618.0,74
2026-09-21,DEL_BOM,7,Ixigo,6688.0,54
2026-09-21,DEL_BOM,7,MakeMyTrip,6530.0,3
2026-09-21,DEL_BOM,7,SpiceJet Direct,8669.0,6
2026-09-21,DEL_BOM,7,Yatra,5400.0,75
2026-09-21,DEL_BOM,15,Air India Direct,6709.0,1
2026-09-21,DEL_BOM,15,Akasa Direct,6530.0,7
2026-09-21,DEL_BOM,15,Cleartrip,6843.0,58
2026-09-21,DEL_BOM,15,EaseMyTrip,6843.0,154
2026-09-21,DEL_BOM,15,IndiGo Direct,6305.0,75
2026-09-21,DEL_BOM,15,Ixigo,6843.0,56
2026-09-21,DEL_BOM,15,MakeMyTrip,6530.0,69
2026-09-21,DEL_BOM,15,SpiceJet Direct,8869.5,6
2026-09-21,DEL_BOM,15,Yatra,5400.0,75
2026-09-21,DEL_BOM,30,Air India Direct,7311.0,1
2026-09-21,DEL_BOM,30,Akasa Direct,6669.0,14
2026-09-21,DEL_BOM,30,Cleartrip,7332.0,62
2026-09-21,DEL_BOM,30,EaseMyTrip,7516.0,161
2026-09-21,DEL_BOM,30,Ixigo,7332.0,63
2026-09-21,DEL_BOM,30,MakeMyTrip,6892.0,15
2026-09-21,DEL_BOM,30,SpiceJet Direct,7312.0,9
2026-09-21,DEL_BOM,30,Yatra,5400.0,75
2026-09-21,DEL_BOM,45,Air India Direct,7468.0,1
2026-09-21,DEL_BOM,45,Cleartrip,7169.0,65
2026-09-21,DEL_BOM,45,EaseMyTrip,7695.0,170
2026-09-21,DEL_BOM,45,Ixigo,7233.0,63
2026-09-21,DEL_BOM,45,MakeMyTrip,7019.0,75
2026-09-21,DEL_BOM,45,SpiceJet Direct,6948.0,12
2026-09-21,DEL_BOM,45,Yatra,5400.0,75
2026-09-21,DEL_CCU,1,Air India Direct,9121.0,1
2026-09-21,DEL_CCU,1,Cleartrip,12382.0,142
2026-09-21,DEL_CCU,1,EaseMyTrip,8922.0,83
2026-09-21,DEL_CCU,1,IndiGo Direct,8703.0,55
2026-09-21,DEL_CCU,1,Ixigo,9032.0,22
2026-09-21,DEL_CCU,1,MakeMyTrip,8922.0,26
2026-09-21,DEL_CCU,1,Yatra,5400.0,75
2026-09-21,DEL_CCU,7,Air India Direct,9121.0,1
2026-09-21,DEL_CCU,7,Akasa Direct,8362.0,11
2026-09-21,DEL_CCU,7,Cleartrip,12582.0,159
2026-09-21,DEL_CCU,7,EaseMyTrip,8922.0,87
2026-09-21,DEL_CCU,7,IndiGo Direct,8032.0,52
2026-09-21,DEL_CCU,7,Ixigo,9032.0,20
2026-09-21,DEL_CCU,7,MakeMyTrip,8922.0,25
2026-09-21,DEL_CCU,7,Yatra,5400.0,75
2026-09-21,DEL_CCU,15,Air India Direct,9121.0,1
2026-09-21,DEL_CCU,15,Cleartrip,9194.0,122
2026-09-21,DEL_CCU,15,EaseMyTrip,9194.0,109
2026-09-21,DEL_CCU,15,IndiGo Direct,8703.0,61
2026-09-21,DEL_CCU,15,Ixigo,8922.0,25
2026-09-21,DEL_CCU,15,MakeMyTrip,8922.0,31
2026-09-21,DEL_CCU,15,SpiceJet Direct,8090.0,3
2026-09-21,DEL_CCU,15,Yatra,5400.0,75
2026-09-21,DEL_CCU,30,Air India Direct,10318.0,1
2026-09-21,DEL_CCU,30,Cleartrip,17706.0,170
2026-09-21,DEL_CCU,30,EaseMyTrip,14366.0,98
2026-09-21,DEL_CCU,30,IndiGo Direct,13364.0,58
2026-09-21,DEL_CCU,30,Ixigo,11101.0,30
2026-09-21,DEL_CCU,30,MakeMyTrip,10799.0,35
2026-09-21,DEL_CCU,30,SpiceJet Direct,11138.0,13
2026-09-21,DEL_CCU,30,Yatra,5400.0,75
2026-09-21,DEL_CCU,45,Air India Direct,13552.0,1
2026-09-21,DEL_CCU,45,Akasa Direct,7909.0,7
2026-09-21,DEL_CCU,45,Cleartrip,16855.0,112
2026-09-21,DEL_CCU,45,EaseMyTrip,14956.0,100
2026-09-21,DEL_CCU,45,Ixigo,13437.0,25
2026-09-21,DEL_CCU,45,MakeMyTrip,13437.0,29
2026-09-21,DEL_CCU,45,SpiceJet Direct,11668.0,3
2026-09-21,DEL_CCU,45,Yatra,5400.0,75
2026-09-21,DEL_GOI,1,Air India Direct,8115.0,1
2026-09-21,DEL_GOI,1,Cleartrip,10535.0,70
2026-09-21,DEL_GOI,1,EaseMyTrip,10693.0,107
2026-09-21,DEL_GOI,1,IndiGo Direct,10509.0,56
2026-09-21,DEL_GOI,1,Ixigo,8264.0,11
2026-09-21,DEL_GOI,1,MakeMyTrip,7948.0,23
2026-09-21,DEL_GOI,1,Yatra,5400.0,75
2026-09-21,DEL_GOI,7,Air India Direct,8115.0,1
2026-09-21,DEL_GOI,7,Cleartrip,10900.5,110
2026-09-21,DEL_GOI,7,EaseMyTrip,9687.0,82
2026-09-21,DEL_GOI,7,IndiGo Direct,10147.0,54
2026-09-21,DEL_GOI,7,Ixigo,10309.5,14
2026-09-21,DEL_GOI,7,MakeMyTrip,9314.0,17
2026-09-21,DEL_GOI,7,Yatra,5400.0,75
2026-09-21,DEL_GOI,15,Air India Direct,8033.0,1
2026-09-21,DEL_GOI,15,Cleartrip,10535.0,122
2026-09-21,DEL_GOI,15,EaseMyTrip,9521.0,123
2026-09-21,DEL_GOI,15,IndiGo Direct,8613.0,56
2026-09-21,DEL_GOI,15,Ixigo,7420.0,10
2026-09-21,DEL_GOI,15,MakeMyTrip,7420.0,20
2026-09-21,DEL_GOI,15,Yatra,5400.0,75
2026-09-21,DEL_GOI,30,Air India Direct,9591.0,1
2026-09-21,DEL_GOI,30,Cleartrip,12467.0,130
2026-09-21,DEL_GOI,30,EaseMyTrip,10147.0,79
2026-09-21,DEL_GOI,30,IndiGo Direct,10147.0,53
2026-09-21,DEL_GOI,30,Ixigo,9940.0,12
2026-09-21,DEL_GOI,30,MakeMyTrip,9470.0,22
2026-09-21,DEL_GOI,30,Yatra,5400.0,75
2026-09-21,DEL_GOI,45,Air India Direct,8393.0,1
2026-09-21,DEL_GOI,45,Cleartrip,13303.0,113
2026-09-21,DEL_GOI,45,EaseMyTrip,10918.0,133
2026-09-21,DEL_GOI,45,Ixigo,8683.0,11
2026-09-21,DEL_GOI,45,MakeMyTrip,8158.0,15
2026-09-21,DEL_GOI,45,SpiceJet Direct,13365.0,6
2026-09-21,DEL_GOI,45,Yatra,5400.0,75
2026-09-21,DEL_HYD,1,Air India Direct,9074.0,1
2026-09-21,DEL_HYD,1,Akasa Direct,8385.0,7
2026-09-21,DEL_HYD,1,Cleartrip,13067.0,131
2026-09-21,DEL_HYD,1,EaseMyTrip,9243.0,82
2026-09-21,DEL_HYD,1,IndiGo Direct,8759.5,62
2026-09-21,DEL_HYD,1,Ixigo,9130.0,24
2026-09-21,DEL_HYD,1,MakeMyTrip,8930.0,23
2026-09-21,DEL_HYD,1,Yatra,5400.0,75
2026-09-21,DEL_HYD,7,Air India Direct,9074.0,1
2026-09-21,DEL_HYD,7,Akasa Direct,8237.5,10
2026-09-21,DEL_HYD,7,Cleartrip,12901.5,140
2026-09-21,DEL_HYD,7,EaseMyTrip,9120.0,85
2026-09-21,DEL_HYD,7,IndiGo Direct,8409.0,62
2026-09-21,DEL_HYD,7,Ixigo,9112.5,26
2026-09-21,DEL_HYD,7,MakeMyTrip,8930.0,31
2026-09-21,DEL_HYD,7,Yatra,5400.0,75
2026-09-21,DEL_HYD,15,Air India Direct,9109.0,1
2026-09-21,DEL_HYD,15,Akasa Direct,8090.0,7
2026-09-21,DEL_HYD,15,Cleartrip,13749.0,172
2026-09-21,DEL_HYD,15,EaseMyTrip,9400.0,103
2026-09-21,DEL_HYD,15,IndiGo Direct,8409.0,63
2026-09-21,DEL_HYD,15,Ixigo,9243.0,29
2026-09-21,DEL_HYD,15,MakeMyTrip,9186.5,34
2026-09-21,DEL_HYD,15,Yatra,5400.0,75
2026-09-21,DEL_HYD,30,Air India Direct,9370.0,1
2026-09-21,DEL_HYD,30,Akasa Direct,9516.0,7
2026-09-21,DEL_HYD,30,Cleartrip,15168.0,196
2026-09-21,DEL_HYD,30,EaseMyTrip,11024.0,97
2026-09-21,DEL_HYD,30,IndiGo Direct,9593.0,63
2026-09-21,DEL_HYD,30,Ixigo,10762.0,26
2026-09-21,DEL_HYD,30,MakeMyTrip,10949.0,31
2026-09-21,DEL_HYD,30,Yatra,5400.0,75
2026-09-21,DEL_HYD,45,Air India Direct,10364.0,1
2026-09-21,DEL_HYD,45,Akasa Direct,8692.0,9
2026-09-21,DEL_HYD,45,Cleartrip,17451.0,197
2026-09-21,DEL_HYD,45,EaseMyTrip,15529.0,129
2026-09-21,DEL_HYD,45,Ixigo,9914.0,26
2026-09-21,DEL_HYD,45,MakeMyTrip,9914.0,31
2026-09-21,DEL_HYD,45,SpiceJet Direct,15338.0,2
2026-09-21,DEL_HYD,45,Yatra,5400.0,75
2026-09-21,DEL_MAA,1,Air India Direct,10294.0,1
2026-09-21,DEL_MAA,1,Cleartrip,10465.0,17
2026-09-21,DEL_MAA,1,EaseMyTrip,13356.0,121
2026-09-21,DEL_MAA,1,IndiGo Direct,10011.0,53
2026-09-21,DEL_MAA,1,Ixigo,10465.0,17
2026-09-21,DEL_MAA,1,MakeMyTrip,10265.0,18
2026-09-21,DEL_MAA,1,Yatra,5400.0,75
2026-09-21,DEL_MAA,7,Air India Direct,10294.0,1
2026-09-21,DEL_MAA,7,Akasa Direct,12581.5,6
2026-09-21,DEL_MAA,7,Cleartrip,10315.0,17
2026-09-21,DEL_MAA,7,EaseMyTrip,12302.0,119
2026-09-21,DEL_MAA,7,IndiGo Direct,10130.0,51
2026-09-21,DEL_MAA,7,Ixigo,10315.0,18
2026-09-21,DEL_MAA,7,MakeMyTrip,10158.5,18
2026-09-21,DEL_MAA,7,Yatra,5400.0,75
2026-09-21,DEL_MAA,15,Air India Direct,10294.0,1
2026-09-21,DEL_MAA,15,Cleartrip,10002.0,17
2026-09-21,DEL_MAA,15,EaseMyTrip,10315.0,127
2026-09-21,DEL_MAA,15,IndiGo Direct,9270.0,54
2026-09-21,DEL_MAA,15,Ixigo,10002.0,17
2026-09-21,DEL_MAA,15,MakeMyTrip,10002.0,22
2026-09-21,DEL_MAA,15,Yatra,5400.0,75
2026-09-21,DEL_MAA,30,Air India Direct,10294.0,1
2026-09-21,DEL_MAA,30,Cleartrip,10315.0,17
2026-09-21,DEL_MAA,30,EaseMyTrip,13445.0,129
2026-09-21,DEL_MAA,30,IndiGo Direct,9999.0,56
2026-09-21,DEL_MAA,30,Ixigo,10315.0,13
2026-09-21,DEL_MAA,30,MakeMyTrip,10158.5,18
2026-09-21,DEL_MAA,30,Yatra,5400.0,75
2026-09-21,DEL_MAA,45,Air India Direct,10915.0,1
2026-09-21,DEL_MAA,45,Cleartrip,10465.0,18
2026-09-21,DEL_MAA,45,EaseMyTrip,13663.0,127
2026-09-21,DEL_MAA,45,Ixigo,10465.0,13
2026-09-21,DEL_MAA,45,MakeMyTrip,10465.0,20
2026-09-21,DEL_MAA,45,Yatra,5400.0,75
2026-09-21,HYD_BLR,1,Air India Direct,8215.0,1
2026-09-21,HYD_BLR,1,Akasa Direct,17339.0,10
2026-09-21,HYD_BLR,1,Cleartrip,14255.0,14
2026-09-21,HYD_BLR,1,EaseMyTrip,13743.5,100
2026-09-21,HYD_BLR,1,IndiGo Direct,10194.0,88
2026-09-21,HYD_BLR,1,Ixigo,13888.0,15
2026-09-21,HYD_BLR,1,MakeMyTrip,12714.5,18
2026-09-21,HYD_BLR,1,Yatra,5400.0,75
2026-09-21,HYD_BLR,7,Air India Direct,4929.0,1
2026-09-21,HYD_BLR,7,Akasa Direct,16943.0,7
2026-09-21,HYD_BLR,7,Cleartrip,5878.5,14
2026-09-21,HYD_BLR,7,EaseMyTrip,7829.0,106
2026-09-21,HYD_BLR,7,IndiGo Direct,5437.0,57
2026-09-21,HYD_BLR,7,Ixigo,6538.0,15
2026-09-21,HYD_BLR,7,MakeMyTrip,5220.0,18
2026-09-21,HYD_BLR,7,Yatra,5400.0,75
2026-09-21,HYD_BLR,15,Air India Direct,4929.0,1
2026-09-21,HYD_BLR,15,Cleartrip,6181.0,121
2026-09-21,HYD_BLR,15,EaseMyTrip,5829.0,105
2026-09-21,HYD_BLR,15,IndiGo Direct,5063.0,61
2026-09-21,HYD_BLR,15,Ixigo,4922.0,14
2026-09-21,HYD_BLR,15,MakeMyTrip,4860.0,18
2026-09-21,HYD_BLR,15,Yatra,5000.0,75
2026-09-21,HYD_BLR,30,Air India Direct,6914.0,1
2026-09-21,HYD_BLR,30,Akasa Direct,18436.0,7
2026-09-21,HYD_BLR,30,Cleartrip,6538.0,15
2026-09-21,HYD_BLR,30,EaseMyTrip,11390.0,106
2026-09-21,HYD_BLR,30,IndiGo Direct,6929.0,82
2026-09-21,HYD_BLR,30,Ixigo,6537.0,13
2026-09-21,HYD_BLR,30,MakeMyTrip,6537.5,18
2026-09-21,HYD_BLR,30,Yatra,5400.0,75
2026-09-21,HYD_BLR,45,Air India Direct,4929.0,1
2026-09-21,HYD_BLR,45,Akasa Direct,17735.0,7
2026-09-21,HYD_BLR,45,Cleartrip,5020.0,18
2026-09-21,HYD_BLR,45,EaseMyTrip,9405.0,108
2026-09-21,HYD_BLR,45,Ixigo,5020.0,18
2026-09-21,HYD_BLR,45,MakeMyTrip,4860.0,21
2026-09-21,HYD_BLR,45,Yatra,5220.0,75
2026-09-21,HYD_DEL,1,Air India Direct,8572.0,1
2026-09-21,HYD_DEL,1,Akasa Direct,8647.0,7
2026-09-21,HYD_DEL,1,Cleartrip,14031.0,133
2026-09-21,HYD_DEL,1,EaseMyTrip,10440.0,97
2026-09-21,HYD_DEL,1,IndiGo Direct,8613.0,60
2026-09-21,HYD_DEL,1,Ixigo,8593.0,25
2026-09-21,HYD_DEL,1,MakeMyTrip,8484.0,30
2026-09-21,HYD_DEL,1,Yatra,5400.0,75
2026-09-21,HYD_DEL,7,Air India Direct,8528.0,1
2026-09-21,HYD_DEL,7,Akasa Direct,8647.0,7
2026-09-21,HYD_DEL,7,Cleartrip,12469.0,159
2026-09-21,HYD_DEL,7,EaseMyTrip,8617.0,99
2026-09-21,HYD_DEL,7,IndiGo Direct,7856.0,63
2026-09-21,HYD_DEL,7,Ixigo,8484.0,26
2026-09-21,HYD_DEL,7,MakeMyTrip,8393.0,32
2026-09-21,HYD_DEL,7,Yatra,5400.0,75
2026-09-21,HYD_DEL,15,Air India Direct,8572.0,1
2026-09-21,HYD_DEL,15,Akasa Direct,9274.0,7
2026-09-21,HYD_DEL,15,Cleartrip,10154.0,146
2026-09-21,HYD_DEL,15,EaseMyTrip,8647.0,87
2026-09-21,HYD_DEL,15,IndiGo Direct,7622.5,62
2026-09-21,HYD_DEL,15,Ixigo,8868.0,27
2026-09-21,HYD_DEL,15,MakeMyTrip,8868.0,33
2026-09-21,HYD_DEL,15,Yatra,5400.0,75
2026-09-21,HYD_DEL,30,Air India Direct,8687.0,1
2026-09-21,HYD_DEL,30,Akasa Direct,8499.0,7
2026-09-21,HYD_DEL,30,Cleartrip,15252.0,181
2026-09-21,HYD_DEL,30,EaseMyTrip,9638.0,119
2026-09-21,HYD_DEL,30,IndiGo Direct,8420.0,62
2026-09-21,HYD_DEL,30,Ixigo,8848.0,27
2026-09-21,HYD_DEL,30,MakeMyTrip,8708.0,31
2026-09-21,HYD_DEL,30,Yatra,5400.0,75
2026-09-21,HYD_DEL,45,Air India Direct,12344.0,1
2026-09-21,HYD_DEL,45,Akasa Direct,8647.0,7
2026-09-21,HYD_DEL,45,Cleartrip,18055.0,160
2026-09-21,HYD_DEL,45,EaseMyTrip,16138.0,101
2026-09-21,HYD_DEL,45,Ixigo,13274.0,25
2026-09-21,HYD_DEL,45,MakeMyTrip,13238.0,31
2026-09-21,HYD_DEL,45,SpiceJet Direct,16149.0,2
2026-09-21,HYD_DEL,45,Yatra,5400.0,75
2026-09-21,MAA_BOM,1,Air India Direct,8252.0,1
2026-09-21,MAA_BOM,1,Akasa Direct,7436.0,4
2026-09-21,MAA_BOM,1,Cleartrip,8723.0,17
2026-09-21,MAA_BOM,1,EaseMyTrip,10558.0,120
2026-09-21,MAA_BOM,1,IndiGo Direct,8769.5,52
2026-09-21,MAA_BOM,1,Ixigo,8723.0,17
2026-09-21,MAA_BOM,1,MakeMyTrip,8273.0,27
2026-09-21,MAA_BOM,1,Yatra,5400.0,75
2026-09-21,MAA_BOM,7,Air India Direct,7832.0,1
2026-09-21,MAA_BOM,7,Akasa Direct,7061.0,6
2026-09-21,MAA_BOM,7,Cleartrip,7905.5,18
2026-09-21,MAA_BOM,7,EaseMyTrip,9421.0,106
2026-09-21,MAA_BOM,7,IndiGo Direct,9211.0,52
2026-09-21,MAA_BOM,7,Ixigo,7853.0,17
2026-09-21,MAA_BOM,7,MakeMyTrip,7853.0,27
2026-09-21,MAA_BOM,7,Yatra,5400.0,75
2026-09-21,MAA_BOM,15,Air India Direct,6573.0,1
2026-09-21,MAA_BOM,15,Akasa Direct,7061.0,7
2026-09-21,MAA_BOM,15,Cleartrip,7540.0,19
2026-09-21,MAA_BOM,15,EaseMyTrip,7645.0,103
2026-09-21,MAA_BOM,15,IndiGo Direct,7566.0,50
2026-09-21,MAA_BOM,15,Ixigo,7540.0,19
2026-09-21,MAA_BOM,15,MakeMyTrip,7540.0,28
2026-09-21,MAA_BOM,15,Yatra,5400.0,75
2026-09-21,MAA_BOM,30,Air India Direct,7832.0,1
2026-09-21,MAA_BOM,30,Akasa Direct,7184.0,7
2026-09-21,MAA_BOM,30,Cleartrip,7540.0,19
2026-09-21,MAA_BOM,30,EaseMyTrip,9211.0,103
2026-09-21,MAA_BOM,30,IndiGo Direct,9211.0,51
2026-09-21,MAA_BOM,30,Ixigo,7540.0,19
2026-09-21,MAA_BOM,30,MakeMyTrip,7540.0,22
2026-09-21,MAA_BOM,30,Yatra,5400.0,75
2026-09-21,MAA_BOM,45,Air India Direct,7989.0,1
2026-09-21,MAA_BOM,45,Cleartrip,7540.0,17
2026-09-21,MAA_BOM,45,EaseMyTrip,11628.0,93
2026-09-21,MAA_BOM,45,Ixigo,7540.0,16
2026-09-21,MAA_BOM,45,MakeMyTrip,7540.0,21
2026-09-21,MAA_BOM,45,Yatra,5400.0,75
2026-09-21,MAA_DEL,1,Air India Direct,10442.0,1
2026-09-21,MAA_DEL,1,Cleartrip,12363.0,141
2026-09-21,MAA_DEL,1,EaseMyTrip,12363.0,114
2026-09-21,MAA_DEL,1,IndiGo Direct,10454.0,55
2026-09-21,MAA_DEL,1,Ixigo,10463.0,11
2026-09-21,MAA_DEL,1,MakeMyTrip,10463.0,20
2026-09-21,MAA_DEL,1,Yatra,5400.0,75
2026-09-21,MAA_DEL,7,Air India Direct,10442.0,1
2026-09-21,MAA_DEL,7,Cleartrip,12363.0,150
2026-09-21,MAA_DEL,7,EaseMyTrip,11898.0,114
2026-09-21,MAA_DEL,7,IndiGo Direct,9857.0,51
2026-09-21,MAA_DEL,7,Ixigo,10463.0,8
2026-09-21,MAA_DEL,7,MakeMyTrip,10150.0,20
2026-09-21,MAA_DEL,7,Yatra,5400.0,75
2026-09-21,MAA_DEL,15,Air India Direct,10442.0,1
2026-09-21,MAA_DEL,15,Cleartrip,12243.0,150
2026-09-21,MAA_DEL,15,EaseMyTrip,10150.0,108
2026-09-21,MAA_DEL,15,IndiGo Direct,9009.0,53
2026-09-21,MAA_DEL,15,Ixigo,10150.0,17
2026-09-21,MAA_DEL,15,MakeMyTrip,10306.5,18
2026-09-21,MAA_DEL,15,Yatra,5400.0,75
2026-09-21,MAA_DEL,30,Air India Direct,20271.0,1
2026-09-21,MAA_DEL,30,Akasa Direct,11997.0,9
2026-09-21,MAA_DEL,30,Cleartrip,13771.0,143
2026-09-21,MAA_DEL,30,EaseMyTrip,11709.0,107
2026-09-21,MAA_DEL,30,IndiGo Direct,9988.0,54
2026-09-21,MAA_DEL,30,Ixigo,10615.0,9
2026-09-21,MAA_DEL,30,MakeMyTrip,10463.0,19
2026-09-21,MAA_DEL,30,Yatra,5400.0,75
2026-09-21,MAA_DEL,45,Air India Direct,12620.0,1
2026-09-21,MAA_DEL,45,Cleartrip,19367.0,160
2026-09-21,MAA_DEL,45,EaseMyTrip,18426.0,91
2026-09-21,MAA_DEL,45,Ixigo,12641.0,18
2026-09-21,MAA_DEL,45,MakeMyTrip,12170.0,25
2026-09-21,MAA_DEL,45,Yatra,5400.0,75
2026-09-22,AMD_DEL,1,Air India Direct,6324.0,1
2026-09-22,AMD_DEL,1,Akasa Direct,9795.0,12
2026-09-22,AMD_DEL,1,Cleartrip,15065.0,53
2026-09-22,AMD_DEL,1,EaseMyTrip,11809.5,36
2026-09-22,AMD_DEL,1,Goibibo,9830.0,15
2026-09-22,AMD_DEL,1,IndiGo Direct,9078.0,22
2026-09-22,AMD_DEL,1,Ixigo,10091.0,15
2026-09-22,AMD_DEL,1,Yatra,5400.0,48
2026-09-22,AMD_DEL,7,Air India Direct,6435.0,1
2026-09-22,AMD_DEL,7,Akasa Direct,9795.0,13
2026-09-22,AMD_DEL,7,Cleartrip,11867.0,81
2026-09-22,AMD_DEL,7,EaseMyTrip,11619.0,72
2026-09-22,AMD_DEL,7,Goibibo,6351.0,18
2026-09-22,AMD_DEL,7,IndiGo Direct,5418.0,15
2026-09-22,AMD_DEL,7,Ixigo,6320.5,18
2026-09-22,AMD_DEL,7,Yatra,6000.0,75
2026-09-22,AMD_DEL,15,Air India Direct,6435.0,1
2026-09-22,AMD_DEL,15,Akasa Direct,10229.0,16
2026-09-22,AMD_DEL,15,Cleartrip,10934.0,75
2026-09-22,AMD_DEL,15,EaseMyTrip,8638.0,54
2026-09-22,AMD_DEL,15,Goibibo,6351.0,15
2026-09-22,AMD_DEL,15,IndiGo Direct,5613.0,17
2026-09-22,AMD_DEL,15,Ixigo,6351.0,14
2026-09-22,AMD_DEL,15,Yatra,5400.0,69
2026-09-22,AMD_DEL,30,Air India Direct,6435.0,1
2026-09-22,AMD_DEL,30,Akasa Direct,12635.0,7
2026-09-22,AMD_DEL,30,Cleartrip,14716.0,98
2026-09-22,AMD_DEL,30,EaseMyTrip,13913.0,69
2026-09-22,AMD_DEL,30,Goibibo,6446.0,17
2026-09-22,AMD_DEL,30,IndiGo Direct,5823.0,20
2026-09-22,AMD_DEL,30,Ixigo,6470.0,17
2026-09-22,AMD_DEL,30,Yatra,5400.0,75
2026-09-22,AMD_DEL,45,Air India Direct,8810.0,1
2026-09-22,AMD_DEL,45,Cleartrip,26761.0,72
2026-09-22,AMD_DEL,45,EaseMyTrip,26762.0,64
2026-09-22,AMD_DEL,45,Goibibo,15920.0,21
2026-09-22,AMD_DEL,45,IndiGo Direct,15584.0,27
2026-09-22,AMD_DEL,45,Ixigo,15920.0,21
2026-09-22,AMD_DEL,45,SpiceJet Direct,9544.0,3
2026-09-22,AMD_DEL,45,Yatra,5400.0,75
2026-09-22,BLR_BOM,1,Air India Direct,4980.0,1
2026-09-22,BLR_BOM,1,Akasa Direct,4594.0,7
2026-09-22,BLR_BOM,1,Cleartrip,6982.0,34
2026-09-22,BLR_BOM,1,EaseMyTrip,9804.5,118
2026-09-22,BLR_BOM,1,Goibibo,6982.0,37
2026-09-22,BLR_BOM,1,IndiGo Direct,7896.0,61
2026-09-22,BLR_BOM,1,Ixigo,6982.0,37
2026-09-22,BLR_BOM,1,MakeMyTrip,6732.0,41
2026-09-22,BLR_BOM,1,Yatra,5400.0,75
2026-09-22,BLR_BOM,7,Air India Direct,4560.0,1
2026-09-22,BLR_BOM,7,Akasa Direct,5337.0,7
2026-09-22,BLR_BOM,7,Cleartrip,6982.0,33
2026-09-22,BLR_BOM,7,EaseMyTrip,7649.0,122
2026-09-22,BLR_BOM,7,Goibibo,6872.0,36
2026-09-22,BLR_BOM,7,IndiGo Direct,7570.0,53
2026-09-22,BLR_BOM,7,Ixigo,6872.0,72
2026-09-22,BLR_BOM,7,MakeMyTrip,6672.5,38
2026-09-22,BLR_BOM,7,Yatra,5000.0,75
2026-09-22,BLR_BOM,15,Air India Direct,4614.0,1
2026-09-22,BLR_BOM,15,Akasa Direct,5544.0,7
2026-09-22,BLR_BOM,15,Cleartrip,6982.0,34
2026-09-22,BLR_BOM,15,EaseMyTrip,7242.0,123
2026-09-22,BLR_BOM,15,Goibibo,6982.0,36
2026-09-22,BLR_BOM,15,IndiGo Direct,5645.0,62
2026-09-22,BLR_BOM,15,Ixigo,6982.0,72
2026-09-22,BLR_BOM,15,MakeMyTrip,6982.0,40
2026-09-22,BLR_BOM,15,Yatra,5369.0,75
2026-09-22,BLR_BOM,30,Air India Direct,5034.0,1
2026-09-22,BLR_BOM,30,Akasa Direct,6732.0,7
2026-09-22,BLR_BOM,30,Cleartrip,6982.0,36
2026-09-22,BLR_BOM,30,EaseMyTrip,7649.0,133
2026-09-22,BLR_BOM,30,Goibibo,4950.0,23
2026-09-22,BLR_BOM,30,IndiGo Direct,7504.5,60
2026-09-22,BLR_BOM,30,Ixigo,6982.0,80
2026-09-22,BLR_BOM,30,MakeMyTrip,6473.0,43
2026-09-22,BLR_BOM,30,SpiceJet Direct,5540.0,9
2026-09-22,BLR_BOM,30,Yatra,5138.0,75
2026-09-22,BLR_BOM,45,Air India Direct,10102.0,1
2026-09-22,BLR_BOM,45,Akasa Direct,4950.0,7
2026-09-22,BLR_BOM,45,Cleartrip,10271.5,34
2026-09-22,BLR_BOM,45,EaseMyTrip,10960.0,138
2026-09-22,BLR_BOM,45,Goibibo,10143.0,39
2026-09-22,BLR_BOM,45,IndiGo Direct,9712.0,58
2026-09-22,BLR_BOM,45,Ixigo,10040.0,78
2026-09-22,BLR_BOM,45,MakeMyTrip,10027.0,41
2026-09-22,BLR_BOM,45,SpiceJet Direct,8259.0,9
2026-09-22,BLR_BOM,45,Yatra,5400.0,75
2026-09-22,BLR_DEL,1,Air India Direct,8656.0,1
2026-09-22,BLR_DEL,1,Akasa Direct,8364.0,7
2026-09-22,BLR_DEL,1,Cleartrip,14424.5,198
2026-09-22,BLR_DEL,1,EaseMyTrip,11979.0,149
2026-09-22,BLR_DEL,1,Goibibo,13174.5,38
2026-09-22,BLR_DEL,1,IndiGo Direct,8616.0,67
2026-09-22,BLR_DEL,1,Ixigo,12875.0,38
2026-09-22,BLR_DEL,1,MakeMyTrip,9878.5,42
2026-09-22,BLR_DEL,1,Yatra,5400.0,75
2026-09-22,BLR_DEL,7,Air India Direct,8656.0,1
2026-09-22,BLR_DEL,7,Akasa Direct,8364.0,15
2026-09-22,BLR_DEL,7,Cleartrip,12411.0,215
2026-09-22,BLR_DEL,7,EaseMyTrip,10039.0,141
2026-09-22,BLR_DEL,7,Goibibo,8364.0,39
2026-09-22,BLR_DEL,7,IndiGo Direct,10039.0,66
2026-09-22,BLR_DEL,7,Ixigo,8364.0,39
2026-09-22,BLR_DEL,7,MakeMyTrip,8364.0,42
2026-09-22,BLR_DEL,7,Yatra,5400.0,75
2026-09-22,BLR_DEL,15,Air India Direct,8656.0,1
2026-09-22,BLR_DEL,15,Akasa Direct,8364.0,15
2026-09-22,BLR_DEL,15,Cleartrip,12261.0,208
2026-09-22,BLR_DEL,15,EaseMyTrip,8677.0,143
2026-09-22,BLR_DEL,15,Goibibo,8677.0,45
2026-09-22,BLR_DEL,15,IndiGo Direct,8419.5,68
2026-09-22,BLR_DEL,15,Ixigo,8820.0,45
2026-09-22,BLR_DEL,15,MakeMyTrip,8563.0,57
2026-09-22,BLR_DEL,15,Yatra,5400.0,75
2026-09-22,BLR_DEL,30,Air India Direct,9896.0,1
2026-09-22,BLR_DEL,30,Akasa Direct,9448.0,7
2026-09-22,BLR_DEL,30,Cleartrip,11781.0,219
2026-09-22,BLR_DEL,30,EaseMyTrip,10166.0,155
2026-09-22,BLR_DEL,30,Goibibo,9605.0,46
2026-09-22,BLR_DEL,30,IndiGo Direct,10039.0,68
2026-09-22,BLR_DEL,30,Ixigo,9605.0,46
2026-09-22,BLR_DEL,30,MakeMyTrip,9605.0,63
2026-09-22,BLR_DEL,30,SpiceJet Direct,10819.0,15
2026-09-22,BLR_DEL,30,Yatra,5400.0,75
2026-09-22,BLR_DEL,45,Air India Direct,16031.0,1
2026-09-22,BLR_DEL,45,Akasa Direct,8364.0,7
2026-09-22,BLR_DEL,45,Cleartrip,21086.0,212
2026-09-22,BLR_DEL,45,EaseMyTrip,19982.0,169
2026-09-22,BLR_DEL,45,Goibibo,16064.0,44
2026-09-22,BLR_DEL,45,IndiGo Direct,20050.0,67
2026-09-22,BLR_DEL,45,Ixigo,16052.0,44
2026-09-22,BLR_DEL,45,MakeMyTrip,15292.0,51
2026-09-22,BLR_DEL,45,Yatra,5400.0,75
2026-09-22,BLR_HYD,1,Air India Direct,9795.0,1
2026-09-22,BLR_HYD,1,Cleartrip,10548.0,15
2026-09-22,BLR_HYD,1,EaseMyTrip,12251.0,102
2026-09-22,BLR_HYD,1,Goibibo,11511.0,15
2026-09-22,BLR_HYD,1,IndiGo Direct,9519.5,86
2026-09-22,BLR_HYD,1,Ixigo,10836.0,15
2026-09-22,BLR_HYD,1,MakeMyTrip,9674.0,18
2026-09-22,BLR_HYD,1,Yatra,5146.0,75
2026-09-22,BLR_HYD,7,Air India Direct,5236.0,1
2026-09-22,BLR_HYD,7,Cleartrip,4878.0,14
2026-09-22,BLR_HYD,7,EaseMyTrip,6969.0,103
2026-09-22,BLR_HYD,7,Goibibo,4953.0,14
2026-09-22,BLR_HYD,7,IndiGo Direct,5528.5,60
2026-09-22,BLR_HYD,7,Ixigo,4996.0,14
2026-09-22,BLR_HYD,7,MakeMyTrip,4996.0,22
2026-09-22,BLR_HYD,7,Yatra,5400.0,75
2026-09-22,BLR_HYD,15,Air India Direct,5742.0,1
2026-09-22,BLR_HYD,15,Akasa Direct,16801.0,7
2026-09-22,BLR_HYD,15,Cleartrip,5913.0,15
2026-09-22,BLR_HYD,15,EaseMyTrip,9030.0,105
2026-09-22,BLR_HYD,15,Goibibo,6396.0,15
2026-09-22,BLR_HYD,15,IndiGo Direct,5523.5,72
2026-09-22,BLR_HYD,15,Ixigo,6396.0,15
2026-09-22,BLR_HYD,15,MakeMyTrip,5935.0,18
2026-09-22,BLR_HYD,15,Yatra,5000.0,75
2026-09-22,BLR_HYD,30,Air India Direct,6789.0,1
2026-09-22,BLR_HYD,30,Akasa Direct,18529.5,12
2026-09-22,BLR_HYD,30,Cleartrip,5078.0,15
2026-09-22,BLR_HYD,30,EaseMyTrip,9090.0,103
2026-09-22,BLR_HYD,30,Goibibo,5078.0,15
2026-09-22,BLR_HYD,30,IndiGo Direct,6153.0,78
2026-09-22,BLR_HYD,30,Ixigo,5078.0,15
2026-09-22,BLR_HYD,30,MakeMyTrip,5078.0,18
2026-09-22,BLR_HYD,30,Yatra,5400.0,75
2026-09-22,BLR_HYD,45,Air India Direct,10275.0,1
2026-09-22,BLR_HYD,45,Cleartrip,8166.5,18
2026-09-22,BLR_HYD,45,EaseMyTrip,13442.5,112
2026-09-22,BLR_HYD,45,Goibibo,8082.0,18
2026-09-22,BLR_HYD,45,IndiGo Direct,9090.0,75
2026-09-22,BLR_HYD,45,Ixigo,7519.0,18
2026-09-22,BLR_HYD,45,MakeMyTrip,7519.0,22
2026-09-22,BLR_HYD,45,Yatra,5400.0,75
2026-09-22,BOM_BLR,1,Air India Direct,6765.0,1
2026-09-22,BOM_BLR,1,Akasa Direct,6137.0,17
2026-09-22,BOM_BLR,1,Cleartrip,7692.0,35
2026-09-22,BOM_BLR,1,EaseMyTrip,10667.0,126
2026-09-22,BOM_BLR,1,Goibibo,7322.0,39
2026-09-22,BOM_BLR,1,IndiGo Direct,8853.0,61
2026-09-22,BOM_BLR,1,Ixigo,7377.0,39
2026-09-22,BOM_BLR,1,MakeMyTrip,7637.0,57
2026-09-22,BOM_BLR,1,Yatra,5400.0,75
2026-09-22,BOM_BLR,7,Air India Direct,5238.0,1
2026-09-22,BOM_BLR,7,Akasa Direct,6914.0,15
2026-09-22,BOM_BLR,7,Cleartrip,7062.0,33
2026-09-22,BOM_BLR,7,EaseMyTrip,7584.0,121
2026-09-22,BOM_BLR,7,Goibibo,7062.0,35
2026-09-22,BOM_BLR,7,IndiGo Direct,7374.0,51
2026-09-22,BOM_BLR,7,Ixigo,7062.0,35
2026-09-22,BOM_BLR,7,MakeMyTrip,7062.0,40
2026-09-22,BOM_BLR,7,Yatra,5400.0,75
2026-09-22,BOM_BLR,15,Air India Direct,5238.0,1
2026-09-22,BOM_BLR,15,Akasa Direct,5050.0,7
2026-09-22,BOM_BLR,15,Cleartrip,7062.0,34
2026-09-22,BOM_BLR,15,EaseMyTrip,7322.0,131
2026-09-22,BOM_BLR,15,Goibibo,7062.0,37
2026-09-22,BOM_BLR,15,IndiGo Direct,5913.0,60
2026-09-22,BOM_BLR,15,Ixigo,7062.0,74
2026-09-22,BOM_BLR,15,MakeMyTrip,5050.0,19
2026-09-22,BOM_BLR,15,Yatra,5253.0,75
2026-09-22,BOM_BLR,30,Air India Direct,5238.0,1
2026-09-22,BOM_BLR,30,Akasa Direct,5456.0,7
2026-09-22,BOM_BLR,30,Cleartrip,7199.0,35
2026-09-22,BOM_BLR,30,EaseMyTrip,7692.0,132
2026-09-22,BOM_BLR,30,Goibibo,7062.0,38
2026-09-22,BOM_BLR,30,IndiGo Direct,7584.0,54
2026-09-22,BOM_BLR,30,Ixigo,7062.0,76
2026-09-22,BOM_BLR,30,MakeMyTrip,7130.5,54
2026-09-22,BOM_BLR,30,Yatra,5249.0,75
2026-09-22,BOM_BLR,45,Air India Direct,9272.0,1
2026-09-22,BOM_BLR,45,Akasa Direct,5673.0,7
2026-09-22,BOM_BLR,45,Cleartrip,10737.0,35
2026-09-22,BOM_BLR,45,EaseMyTrip,13263.0,141
2026-09-22,BOM_BLR,45,Goibibo,10405.0,41
2026-09-22,BOM_BLR,45,IndiGo Direct,10628.0,51
2026-09-22,BOM_BLR,45,Ixigo,10405.0,41
2026-09-22,BOM_BLR,45,MakeMyTrip,10223.5,42
2026-09-22,BOM_BLR,45,SpiceJet Direct,8294.0,9
2026-09-22,BOM_BLR,45,Yatra,5400.0,75
2026-09-22,BOM_DEL,1,Air India Direct,6741.0,1
2026-09-22,BOM_DEL,1,Akasa Direct,6523.0,7
2026-09-22,BOM_DEL,1,Cleartrip,6875.0,54
2026-09-22,BOM_DEL,1,EaseMyTrip,7549.0,108
2026-09-22,BOM_DEL,1,Goibibo,7033.0,59
2026-09-22,BOM_DEL,1,IndiGo Direct,7095.0,75
2026-09-22,BOM_DEL,1,Ixigo,7033.0,53
2026-09-22,BOM_DEL,1,MakeMyTrip,6732.0,64
2026-09-22,BOM_DEL,1,SpiceJet Direct,7914.0,6
2026-09-22,BOM_DEL,1,Yatra,5400.0,75
2026-09-22,BOM_DEL,7,Air India Direct,6741.0,1
2026-09-22,BOM_DEL,7,Cleartrip,6720.0,59
2026-09-22,BOM_DEL,7,EaseMyTrip,6875.0,140
2026-09-22,BOM_DEL,7,Goibibo,6561.0,61
2026-09-22,BOM_DEL,7,IndiGo Direct,6786.0,64
2026-09-22,BOM_DEL,7,Ixigo,6614.0,62
2026-09-22,BOM_DEL,7,MakeMyTrip,6523.0,69
2026-09-22,BOM_DEL,7,SpiceJet Direct,6892.0,12
2026-09-22,BOM_DEL,7,Yatra,5400.0,75
2026-09-22,BOM_DEL,15,Air India Direct,13097.0,1
2026-09-22,BOM_DEL,15,Akasa Direct,6523.0,7
2026-09-22,BOM_DEL,15,Cleartrip,6875.0,59
2026-09-22,BOM_DEL,15,EaseMyTrip,6875.0,151
2026-09-22,BOM_DEL,15,Goibibo,6762.0,64
2026-09-22,BOM_DEL,15,IndiGo Direct,6337.0,74
2026-09-22,BOM_DEL,15,Ixigo,6771.5,64
2026-09-22,BOM_DEL,15,MakeMyTrip,6562.0,74
2026-09-22,BOM_DEL,15,Yatra,5400.0,75
2026-09-22,BOM_DEL,30,Air India Direct,6917.0,1
2026-09-22,BOM_DEL,30,Akasa Direct,7009.0,7
2026-09-22,BOM_DEL,30,Cleartrip,7364.0,60
2026-09-22,BOM_DEL,30,EaseMyTrip,7957.0,156
2026-09-22,BOM_DEL,30,Goibibo,7364.0,63
2026-09-22,BOM_DEL,30,IndiGo Direct,7329.0,73
2026-09-22,BOM_DEL,30,Ixigo,7364.0,64
2026-09-22,BOM_DEL,30,MakeMyTrip,7201.0,71
2026-09-22,BOM_DEL,30,SpiceJet Direct,7342.0,9
2026-09-22,BOM_DEL,30,Yatra,5400.0,75
2026-09-22,BOM_DEL,45,Air India Direct,17011.0,1
2026-09-22,BOM_DEL,45,Akasa Direct,6523.0,7
2026-09-22,BOM_DEL,45,Cleartrip,17565.0,64
2026-09-22,BOM_DEL,45,EaseMyTrip,19748.0,160
2026-09-22,BOM_DEL,45,Goibibo,17506.0,68
2026-09-22,BOM_DEL,45,IndiGo Direct,18071.5,76
2026-09-22,BOM_DEL,45,Ixigo,17506.0,68
2026-09-22,BOM_DEL,45,MakeMyTrip,17032.0,89
2026-09-22,BOM_DEL,45,SpiceJet Direct,13813.0,12
2026-09-22,BOM_DEL,45,Yatra,5400.0,75
2026-09-22,BOM_GOI,1,Air India Direct,5469.0,1
2026-09-22,BOM_GOI,1,Cleartrip,6927.0,12
2026-09-22,BOM_GOI,1,EaseMyTrip,14024.0,79
2026-09-22,BOM_GOI,1,Goibibo,7137.0,19
2026-09-22,BOM_GOI,1,IndiGo Direct,11379.0,25
2026-09-22,BOM_GOI,1,Ixigo,8082.0,19
2026-09-22,BOM_GOI,1,MakeMyTrip,6244.0,15
2026-09-22,BOM_GOI,1,Yatra,5400.0,75
2026-09-22,BOM_GOI,7,Air India Direct,5043.0,1
2026-09-22,BOM_GOI,7,Cleartrip,4854.0,13
2026-09-22,BOM_GOI,7,EaseMyTrip,12356.0,85
2026-09-22,BOM_GOI,7,Goibibo,4731.5,20
2026-09-22,BOM_GOI,7,IndiGo Direct,6770.5,20
2026-09-22,BOM_GOI,7,Ixigo,4850.0,17
2026-09-22,BOM_GOI,7,MakeMyTrip,4850.0,17
2026-09-22,BOM_GOI,7,Yatra,5400.0,75
2026-09-22,BOM_GOI,15,Air India Direct,4413.0,1
2026-09-22,BOM_GOI,15,Cleartrip,5502.5,8
2026-09-22,BOM_GOI,15,EaseMyTrip,12165.0,61
2026-09-22,BOM_GOI,15,Goibibo,4562.0,24
2026-09-22,BOM_GOI,15,IndiGo Direct,4822.0,29
2026-09-22,BOM_GOI,15,Ixigo,4854.0,21
2026-09-22,BOM_GOI,15,MakeMyTrip,4146.0,12
2026-09-22,BOM_GOI,15,Yatra,5000.0,75
2026-09-22,BOM_GOI,30,Air India Direct,6097.0,1
2026-09-22,BOM_GOI,30,Cleartrip,6034.0,13
2026-09-22,BOM_GOI,30,EaseMyTrip,10556.0,93
2026-09-22,BOM_GOI,30,Goibibo,6338.5,22
2026-09-22,BOM_GOI,30,IndiGo Direct,7477.0,27
2026-09-22,BOM_GOI,30,Ixigo,6544.5,20
2026-09-22,BOM_GOI,30,MakeMyTrip,5562.0,17
2026-09-22,BOM_GOI,30,Yatra,5400.0,75
2026-09-22,BOM_GOI,45,Air India Direct,6862.0,1
2026-09-22,BOM_GOI,45,Cleartrip,6799.0,17
2026-09-22,BOM_GOI,45,EaseMyTrip,12083.0,102
2026-09-22,BOM_GOI,45,Goibibo,6916.0,24
2026-09-22,BOM_GOI,45,IndiGo Direct,7827.0,30
2026-09-22,BOM_GOI,45,Ixigo,7000.0,22
2026-09-22,BOM_GOI,45,MakeMyTrip,6544.5,20
2026-09-22,BOM_GOI,45,SpiceJet Direct,5897.0,3
2026-09-22,BOM_GOI,45,Yatra,5400.0,75
2026-09-22,BOM_MAA,1,Air India Direct,6943.0,1
2026-09-22,BOM_MAA,1,Cleartrip,10397.0,88
2026-09-22,BOM_MAA,1,EaseMyTrip,9981.5,102
2026-09-22,BOM_MAA,1,Goibibo,7526.0,18
2026-09-22,BOM_MAA,1,IndiGo Direct,8901.0,57
2026-09-22,BOM_MAA,1,Ixigo,8007.0,18
2026-09-22,BOM_MAA,1,MakeMyTrip,6964.0,21
2026-09-22,BOM_MAA,1,Yatra,5400.0,75
2026-09-22,BOM_MAA,7,Air India Direct,6799.0,1
2026-09-22,BOM_MAA,7,Akasa Direct,6008.0,6
2026-09-22,BOM_MAA,7,Cleartrip,8381.0,98
2026-09-22,BOM_MAA,7,EaseMyTrip,8302.0,98
2026-09-22,BOM_MAA,7,Goibibo,6651.0,17
2026-09-22,BOM_MAA,7,IndiGo Direct,8171.0,45
2026-09-22,BOM_MAA,7,Ixigo,6651.0,17
2026-09-22,BOM_MAA,7,MakeMyTrip,6651.0,20
2026-09-22,BOM_MAA,7,Yatra,5400.0,75
2026-09-22,BOM_MAA,15,Air India Direct,6943.0,1
2026-09-22,BOM_MAA,15,Akasa Direct,6008.0,7
2026-09-22,BOM_MAA,15,Cleartrip,7195.0,103
2026-09-22,BOM_MAA,15,EaseMyTrip,6895.5,98
2026-09-22,BOM_MAA,15,Goibibo,6651.0,20
2026-09-22,BOM_MAA,15,IndiGo Direct,6679.0,51
2026-09-22,BOM_MAA,15,Ixigo,6651.0,20
2026-09-22,BOM_MAA,15,MakeMyTrip,6651.0,22
2026-09-22,BOM_MAA,15,Yatra,5400.0,75
2026-09-22,BOM_MAA,30,Air India Direct,6943.0,1
2026-09-22,BOM_MAA,30,Akasa Direct,6575.0,7
2026-09-22,BOM_MAA,30,Cleartrip,9025.0,101
2026-09-22,BOM_MAA,30,EaseMyTrip,8456.0,117
2026-09-22,BOM_MAA,30,Goibibo,6651.0,19
2026-09-22,BOM_MAA,30,IndiGo Direct,8302.0,49
2026-09-22,BOM_MAA,30,Ixigo,6651.0,19
2026-09-22,BOM_MAA,30,MakeMyTrip,6651.0,23
2026-09-22,BOM_MAA,30,Yatra,5400.0,75
2026-09-22,BOM_MAA,45,Air India Direct,10623.0,1
2026-09-22,BOM_MAA,45,Akasa Direct,6575.0,4
2026-09-22,BOM_MAA,45,Cleartrip,14000.0,95
2026-09-22,BOM_MAA,45,EaseMyTrip,14000.0,117
2026-09-22,BOM_MAA,45,Goibibo,10986.0,17
2026-09-22,BOM_MAA,45,IndiGo Direct,13947.0,47
2026-09-22,BOM_MAA,45,Ixigo,11022.0,17
2026-09-22,BOM_MAA,45,MakeMyTrip,10786.0,20
2026-09-22,BOM_MAA,45,Yatra,5400.0,75
2026-09-22,CCU_DEL,1,Air India Direct,9107.0,1
2026-09-22,CCU_DEL,1,Akasa Direct,9237.0,11
2026-09-22,CCU_DEL,1,Cleartrip,9112.0,23
2026-09-22,CCU_DEL,1,EaseMyTrip,9909.0,95
2026-09-22,CCU_DEL,1,Goibibo,9128.0,23
2026-09-22,CCU_DEL,1,IndiGo Direct,8915.5,54
2026-09-22,CCU_DEL,1,Ixigo,9128.0,23
2026-09-22,CCU_DEL,1,MakeMyTrip,9094.0,28
2026-09-22,CCU_DEL,1,SpiceJet Direct,9274.0,3
2026-09-22,CCU_DEL,1,Yatra,5400.0,75
2026-09-22,CCU_DEL,7,Air India Direct,9107.0,1
2026-09-22,CCU_DEL,7,Akasa Direct,8324.0,7
2026-09-22,CCU_DEL,7,Cleartrip,8849.0,22
2026-09-22,CCU_DEL,7,EaseMyTrip,8106.0,85
2026-09-22,CCU_DEL,7,Goibibo,8849.0,22
2026-09-22,CCU_DEL,7,IndiGo Direct,7813.5,46
2026-09-22,CCU_DEL,7,Ixigo,8849.0,22
2026-09-22,CCU_DEL,7,MakeMyTrip,8849.0,26
2026-09-22,CCU_DEL,7,Yatra,5400.0,75
2026-09-22,CCU_DEL,15,Air India Direct,9107.0,1
2026-09-22,CCU_DEL,15,Cleartrip,8849.0,27
2026-09-22,CCU_DEL,15,EaseMyTrip,8936.0,119
2026-09-22,CCU_DEL,15,Goibibo,8849.0,27
2026-09-22,CCU_DEL,15,IndiGo Direct,7802.0,57
2026-09-22,CCU_DEL,15,Ixigo,8849.0,27
2026-09-22,CCU_DEL,15,MakeMyTrip,8849.0,31
2026-09-22,CCU_DEL,15,SpiceJet Direct,8191.0,3
2026-09-22,CCU_DEL,15,Yatra,5400.0,75
2026-09-22,CCU_DEL,30,Air India Direct,11964.0,1
2026-09-22,CCU_DEL,30,Akasa Direct,11024.0,7
2026-09-22,CCU_DEL,30,Cleartrip,13597.0,30
2026-09-22,CCU_DEL,30,EaseMyTrip,16130.0,103
2026-09-22,CCU_DEL,30,Goibibo,13489.0,22
2026-09-22,CCU_DEL,30,IndiGo Direct,16130.0,59
2026-09-22,CCU_DEL,30,Ixigo,13489.0,30
2026-09-22,CCU_DEL,30,MakeMyTrip,13522.0,35
2026-09-22,CCU_DEL,30,SpiceJet Direct,15178.0,12
2026-09-22,CCU_DEL,30,Yatra,5400.0,75
2026-09-22,CCU_DEL,45,Air India Direct,11036.0,1
2026-09-22,CCU_DEL,45,Akasa Direct,8921.0,9
2026-09-22,CCU_DEL,45,Cleartrip,10319.0,26
2026-09-22,CCU_DEL,45,EaseMyTrip,11673.0,105
2026-09-22,CCU_DEL,45,Goibibo,10319.0,26
2026-09-22,CCU_DEL,45,IndiGo Direct,10128.0,58
2026-09-22,CCU_DEL,45,Ixigo,10319.0,26
2026-09-22,CCU_DEL,45,MakeMyTrip,10319.0,29
2026-09-22,CCU_DEL,45,Yatra,5400.0,75
2026-09-22,DEL_AMD,1,Air India Direct,7610.0,1
2026-09-22,DEL_AMD,1,Akasa Direct,11300.0,7
2026-09-22,DEL_AMD,1,Cleartrip,8341.0,14
2026-09-22,DEL_AMD,1,EaseMyTrip,13733.0,67
2026-09-22,DEL_AMD,1,Goibibo,9496.0,14
2026-09-22,DEL_AMD,1,IndiGo Direct,8035.0,28
2026-09-22,DEL_AMD,1,Ixigo,10626.0,14
2026-09-22,DEL_AMD,1,Yatra,5400.0,75
2026-09-22,DEL_AMD,7,Air India Direct,5935.0,1
2026-09-22,DEL_AMD,7,Akasa Direct,10760.0,7
2026-09-22,DEL_AMD,7,Cleartrip,6006.0,18
2026-09-22,DEL_AMD,7,EaseMyTrip,11999.0,73
2026-09-22,DEL_AMD,7,Goibibo,6006.0,18
2026-09-22,DEL_AMD,7,IndiGo Direct,5079.0,19
2026-09-22,DEL_AMD,7,Ixigo,5950.5,18
2026-09-22,DEL_AMD,7,Yatra,5400.0,75
2026-09-22,DEL_AMD,15,Air India Direct,6162.0,1
2026-09-22,DEL_AMD,15,Akasa Direct,11300.0,7
2026-09-22,DEL_AMD,15,Cleartrip,6260.0,14
2026-09-22,DEL_AMD,15,EaseMyTrip,7266.0,21
2026-09-22,DEL_AMD,15,Goibibo,6470.0,14
2026-09-22,DEL_AMD,15,IndiGo Direct,6348.5,24
2026-09-22,DEL_AMD,15,Yatra,5400.0,75
2026-09-22,DEL_AMD,30,Air India Direct,5935.0,1
2026-09-22,DEL_AMD,30,Akasa Direct,11896.5,16
2026-09-22,DEL_AMD,30,Cleartrip,5820.5,18
2026-09-22,DEL_AMD,30,EaseMyTrip,11727.0,72
2026-09-22,DEL_AMD,30,Goibibo,5820.5,18
2026-09-22,DEL_AMD,30,IndiGo Direct,6827.0,22
2026-09-22,DEL_AMD,30,Ixigo,5820.5,18
2026-09-22,DEL_AMD,30,Yatra,5400.0,75
2026-09-22,DEL_AMD,45,Air India Direct,6040.0,1
2026-09-22,DEL_AMD,45,Akasa Direct,11743.0,7
2026-09-22,DEL_AMD,45,Cleartrip,5956.0,18
2026-09-22,DEL_AMD,45,EaseMyTrip,12202.0,60
2026-09-22,DEL_AMD,45,Goibibo,5956.0,18
2026-09-22,DEL_AMD,45,IndiGo Direct,6291.0,30
2026-09-22,DEL_AMD,45,Ixigo,5956.0,18
2026-09-22,DEL_AMD,45,Yatra,5400.0,75
2026-09-22,DEL_BLR,1,Air India Direct,9121.0,1
2026-09-22,DEL_BLR,1,Akasa Direct,8829.0,7
2026-09-22,DEL_BLR,1,Cleartrip,12238.5,186
2026-09-22,DEL_BLR,1,EaseMyTrip,10686.0,152
2026-09-22,DEL_BLR,1,Goibibo,9286.0,39
2026-09-22,DEL_BLR,1,IndiGo Direct,8991.0,65
2026-09-22,DEL_BLR,1,Ixigo,9286.0,39
2026-09-22,DEL_BLR,1,MakeMyTrip,9142.0,45
2026-09-22,DEL_BLR,1,Yatra,5400.0,75
2026-09-22,DEL_BLR,7,Air India Direct,9121.0,1
2026-09-22,DEL_BLR,7,Akasa Direct,8829.0,7
2026-09-22,DEL_BLR,7,Cleartrip,10752.0,188
2026-09-22,DEL_BLR,7,EaseMyTrip,10077.0,145
2026-09-22,DEL_BLR,7,Goibibo,8829.0,38
2026-09-22,DEL_BLR,7,IndiGo Direct,10077.0,64
2026-09-22,DEL_BLR,7,Ixigo,8829.0,38
2026-09-22,DEL_BLR,7,MakeMyTrip,8829.0,44
2026-09-22,DEL_BLR,7,Yatra,5400.0,75
2026-09-22,DEL_BLR,15,Air India Direct,9121.0,1
2026-09-22,DEL_BLR,15,Akasa Direct,8829.0,15
2026-09-22,DEL_BLR,15,Cleartrip,12237.0,231
2026-09-22,DEL_BLR,15,EaseMyTrip,9239.0,145
2026-09-22,DEL_BLR,15,Goibibo,8829.0,44
2026-09-22,DEL_BLR,15,IndiGo Direct,9161.0,67
2026-09-22,DEL_BLR,15,Ixigo,8829.0,44
2026-09-22,DEL_BLR,15,MakeMyTrip,8829.0,51
2026-09-22,DEL_BLR,15,Yatra,5400.0,75
2026-09-22,DEL_BLR,30,Air India Direct,10235.0,1
2026-09-22,DEL_BLR,30,Cleartrip,13206.0,230
2026-09-22,DEL_BLR,30,EaseMyTrip,10662.0,156
2026-09-22,DEL_BLR,30,Goibibo,9936.0,22
2026-09-22,DEL_BLR,30,IndiGo Direct,10077.0,67
2026-09-22,DEL_BLR,30,Ixigo,9936.0,47
2026-09-22,DEL_BLR,30,MakeMyTrip,9936.0,52
2026-09-22,DEL_BLR,30,SpiceJet Direct,9762.0,11
2026-09-22,DEL_BLR,30,Yatra,5400.0,75
2026-09-22,DEL_BLR,45,Air India Direct,10385.0,1
2026-09-22,DEL_BLR,45,Akasa Direct,8829.0,14
2026-09-22,DEL_BLR,45,Cleartrip,15330.0,213
2026-09-22,DEL_BLR,45,EaseMyTrip,13539.0,176
2026-09-22,DEL_BLR,45,Goibibo,10406.0,42
2026-09-22,DEL_BLR,45,IndiGo Direct,10799.5,64
2026-09-22,DEL_BLR,45,Ixigo,10406.0,42
2026-09-22,DEL_BLR,45,MakeMyTrip,9936.0,48
2026-09-22,DEL_BLR,45,Yatra,5400.0,75
2026-09-22,DEL_BOM,1,Air India Direct,6709.0,1
2026-09-22,DEL_BOM,1,Cleartrip,6618.0,55
2026-09-22,DEL_BOM,1,EaseMyTrip,7781.0,155
2026-09-22,DEL_BOM,1,Goibibo,6583.0,60
2026-09-22,DEL_BOM,1,IndiGo Direct,6300.0,76
2026-09-22,DEL_BOM,1,Ixigo,6600.5,60
2026-09-22,DEL_BOM,1,MakeMyTrip,6583.0,75
2026-09-22,DEL_BOM,1,SpiceJet Direct,14473.0,6
2026-09-22,DEL_BOM,1,Yatra,5400.0,75
2026-09-22,DEL_BOM,7,Air India Direct,12962.0,1
2026-09-22,DEL_BOM,7,Cleartrip,6688.0,56
2026-09-22,DEL_BOM,7,EaseMyTrip,6960.0,143
2026-09-22,DEL_BOM,7,Goibibo,6730.0,58
2026-09-22,DEL_BOM,7,IndiGo Direct,6729.0,69
2026-09-22,DEL_BOM,7,Ixigo,6529.0,3
2026-09-22,DEL_BOM,7,MakeMyTrip,6574.0,72
2026-09-22,DEL_BOM,7,SpiceJet Direct,10019.5,6
2026-09-22,DEL_BOM,7,Yatra,5400.0,75
2026-09-22,DEL_BOM,15,Air India Direct,6709.0,1
2026-09-22,DEL_BOM,15,Akasa Direct,6530.0,7
2026-09-22,DEL_BOM,15,Cleartrip,6843.0,62
2026-09-22,DEL_BOM,15,EaseMyTrip,7012.0,161
2026-09-22,DEL_BOM,15,Goibibo,6843.0,67
2026-09-22,DEL_BOM,15,IndiGo Direct,6305.0,76
2026-09-22,DEL_BOM,15,Ixigo,6843.0,67
2026-09-22,DEL_BOM,15,MakeMyTrip,6688.0,74
2026-09-22,DEL_BOM,15,SpiceJet Direct,6867.0,9
2026-09-22,DEL_BOM,15,Yatra,5400.0,75
2026-09-22,DEL_BOM,30,Air India Direct,6922.0,1
2026-09-22,DEL_BOM,30,Akasa Direct,6530.0,7
2026-09-22,DEL_BOM,30,Cleartrip,7332.0,60
2026-09-22,DEL_BOM,30,EaseMyTrip,7455.0,147
2026-09-22,DEL_BOM,30,Goibibo,7019.0,64
2026-09-22,DEL_BOM,30,IndiGo Direct,7120.0,74
2026-09-22,DEL_BOM,30,Ixigo,7019.0,64
2026-09-22,DEL_BOM,30,MakeMyTrip,7019.0,71
2026-09-22,DEL_BOM,30,SpiceJet Direct,7130.0,6
2026-09-22,DEL_BOM,30,Yatra,5400.0,75
2026-09-22,DEL_BOM,45,Air India Direct,7239.0,1
2026-09-22,DEL_BOM,45,Akasa Direct,6530.0,7
2026-09-22,DEL_BOM,45,Cleartrip,8117.0,62
2026-09-22,DEL_BOM,45,EaseMyTrip,9019.0,161
2026-09-22,DEL_BOM,45,Goibibo,7512.0,25
2026-09-22,DEL_BOM,45,IndiGo Direct,7826.0,75
2026-09-22,DEL_BOM,45,Ixigo,8117.0,66
2026-09-22,DEL_BOM,45,MakeMyTrip,7922.0,71
2026-09-22,DEL_BOM,45,SpiceJet Direct,7312.0,14
2026-09-22,DEL_BOM,45,Yatra,5400.0,75
2026-09-22,DEL_CCU,1,Air India Direct,9121.0,1
2026-09-22,DEL_CCU,1,Akasa Direct,7982.5,12
2026-09-22,DEL_CCU,1,Cleartrip,11103.5,128
2026-09-22,DEL_CCU,1,EaseMyTrip,9235.0,95
2026-09-22,DEL_CCU,1,Goibibo,9163.5,24
2026-09-22,DEL_CCU,1,IndiGo Direct,8703.0,58
2026-09-22,DEL_CCU,1,Ixigo,9185.0,23
2026-09-22,DEL_CCU,1,MakeMyTrip,8922.0,28
2026-09-22,DEL_CCU,1,SpiceJet Direct,8300.0,3
2026-09-22,DEL_CCU,1,Yatra,5400.0,75
2026-09-22,DEL_CCU,7,Air India Direct,9121.0,1
2026-09-22,DEL_CCU,7,Akasa Direct,8362.0,7
2026-09-22,DEL_CCU,7,Cleartrip,11153.5,148
2026-09-22,DEL_CCU,7,EaseMyTrip,8922.0,107
2026-09-22,DEL_CCU,7,Goibibo,8922.0,22
2026-09-22,DEL_CCU,7,IndiGo Direct,7927.0,53
2026-09-22,DEL_CCU,7,MakeMyTrip,8922.0,26
2026-09-22,DEL_CCU,7,Yatra,5400.0,75
2026-09-22,DEL_CCU,15,Air India Direct,9121.0,1
2026-09-22,DEL_CCU,15,Akasa Direct,10080.0,7
2026-09-22,DEL_CCU,15,Cleartrip,9498.0,113
2026-09-22,DEL_CCU,15,EaseMyTrip,9185.0,93
2026-09-22,DEL_CCU,15,Goibibo,9477.0,27
2026-09-22,DEL_CCU,15,IndiGo Direct,8853.0,61
2026-09-22,DEL_CCU,15,Ixigo,9478.0,27
2026-09-22,DEL_CCU,15,MakeMyTrip,9185.0,31
2026-09-22,DEL_CCU,15,SpiceJet Direct,8607.0,3
2026-09-22,DEL_CCU,15,Yatra,5400.0,75
2026-09-22,DEL_CCU,30,Air India Direct,10582.0,1
2026-09-22,DEL_CCU,30,Akasa Direct,11499.0,7
2026-09-22,DEL_CCU,30,Cleartrip,18668.0,184
2026-09-22,DEL_CCU,30,EaseMyTrip,18461.0,131
2026-09-22,DEL_CCU,30,Goibibo,12650.0,30
2026-09-22,DEL_CCU,30,IndiGo Direct,14058.0,61
2026-09-22,DEL_CCU,30,Ixigo,12650.0,30
2026-09-22,DEL_CCU,30,MakeMyTrip,11944.0,47
2026-09-22,DEL_CCU,30,Yatra,5400.0,75
2026-09-22,DEL_CCU,45,Air India Direct,13714.0,1
2026-09-22,DEL_CCU,45,Akasa Direct,7909.0,7
2026-09-22,DEL_CCU,45,Cleartrip,19104.0,114
2026-09-22,DEL_CCU,45,EaseMyTrip,17817.5,98
2026-09-22,DEL_CCU,45,Goibibo,15170.0,26
2026-09-22,DEL_CCU,45,IndiGo Direct,15918.0,58
2026-09-22,DEL_CCU,45,Ixigo,15170.0,26
2026-09-22,DEL_CCU,45,MakeMyTrip,14109.5,30
2026-09-22,DEL_CCU,45,Yatra,5400.0,75
2026-09-22,DEL_GOI,1,Air India Direct,8487.0,1
2026-09-22,DEL_GOI,1,Cleartrip,14698.5,98
2026-09-22,DEL_GOI,1,EaseMyTrip,13277.0,83
2026-09-22,DEL_GOI,1,Goibibo,10237.5,16
2026-09-22,DEL_GOI,1,IndiGo Direct,12100.0,52
2026-09-22,DEL_GOI,1,Ixigo,9963.0,14
2026-09-22,DEL_GOI,1,MakeMyTrip,9322.0,35
2026-09-22,DEL_GOI,1,Yatra,5400.0,75
2026-09-22,DEL_GOI,7,Air India Direct,8923.0,1
2026-09-22,DEL_GOI,7,Cleartrip,10900.5,90
2026-09-22,DEL_GOI,7,EaseMyTrip,10147.0,93
2026-09-22,DEL_GOI,7,Goibibo,8894.0,7
2026-09-22,DEL_GOI,7,IndiGo Direct,10147.0,54
2026-09-22,DEL_GOI,7,Ixigo,11833.0,13
2026-09-22,DEL_GOI,7,MakeMyTrip,9989.0,100
2026-09-22,DEL_GOI,7,Yatra,5400.0,75
2026-09-22,DEL_GOI,15,Air India Direct,9432.0,1
2026-09-22,DEL_GOI,15,Cleartrip,11976.0,131
2026-09-22,DEL_GOI,15,EaseMyTrip,11108.0,115
2026-09-22,DEL_GOI,15,Goibibo,11373.5,18
2026-09-22,DEL_GOI,15,IndiGo Direct,9464.0,58
2026-09-22,DEL_GOI,15,Ixigo,11518.0,18
2026-09-22,DEL_GOI,15,MakeMyTrip,9626.0,17
2026-09-22,DEL_GOI,15,Yatra,5400.0,75
2026-09-22,DEL_GOI,30,Air India Direct,9432.0,1
2026-09-22,DEL_GOI,30,Cleartrip,12884.0,95
2026-09-22,DEL_GOI,30,EaseMyTrip,10891.5,92
2026-09-22,DEL_GOI,30,Goibibo,9700.5,14
2026-09-22,DEL_GOI,30,IndiGo Direct,10113.0,51
2026-09-22,DEL_GOI,30,Ixigo,9874.0,15
2026-09-22,DEL_GOI,30,MakeMyTrip,9647.5,18
2026-09-22,DEL_GOI,30,Yatra,5400.0,75
2026-09-22,DEL_GOI,45,Air India Direct,9091.0,1
2026-09-22,DEL_GOI,45,Cleartrip,15250.0,129
2026-09-22,DEL_GOI,45,EaseMyTrip,10530.0,105
2026-09-22,DEL_GOI,45,Goibibo,8578.0,19
2026-09-22,DEL_GOI,45,IndiGo Direct,10147.0,56
2026-09-22,DEL_GOI,45,Ixigo,8578.0,15
2026-09-22,DEL_GOI,45,MakeMyTrip,9142.0,25
2026-09-22,DEL_GOI,45,Yatra,5400.0,75
2026-09-22,DEL_HYD,1,Air India Direct,9074.0,1
2026-09-22,DEL_HYD,1,Cleartrip,12711.0,131
2026-09-22,DEL_HYD,1,EaseMyTrip,10762.0,97
2026-09-22,DEL_HYD,1,Goibibo,9130.0,26
2026-09-22,DEL_HYD,1,IndiGo Direct,9514.0,62
2026-09-22,DEL_HYD,1,Ixigo,9130.0,52
2026-09-22,DEL_HYD,1,MakeMyTrip,9112.5,30
2026-09-22,DEL_HYD,1,Yatra,5400.0,75
2026-09-22,DEL_HYD,7,Air India Direct,9074.0,1
2026-09-22,DEL_HYD,7,Akasa Direct,8385.0,7
2026-09-22,DEL_HYD,7,Cleartrip,13101.0,159
2026-09-22,DEL_HYD,7,EaseMyTrip,9130.0,95
2026-09-22,DEL_HYD,7,Goibibo,8930.0,26
2026-09-22,DEL_HYD,7,IndiGo Direct,8409.0,62
2026-09-22,DEL_HYD,7,Ixigo,8930.0,26
2026-09-22,DEL_HYD,7,MakeMyTrip,8930.0,30
2026-09-22,DEL_HYD,7,Yatra,5400.0,75
2026-09-22,DEL_HYD,15,Air India Direct,9109.0,1
2026-09-22,DEL_HYD,15,Akasa Direct,8237.0,7
2026-09-22,DEL_HYD,15,Cleartrip,14595.0,188
2026-09-22,DEL_HYD,15,EaseMyTrip,9912.0,111
2026-09-22,DEL_HYD,15,Goibibo,9406.0,29
2026-09-22,DEL_HYD,15,IndiGo Direct,9035.0,63
2026-09-22,DEL_HYD,15,Ixigo,9406.0,29
2026-09-22,DEL_HYD,15,MakeMyTrip,9406.0,34
2026-09-22,DEL_HYD,15,Yatra,5400.0,75
2026-09-22,DEL_HYD,30,Air India Direct,9222.0,1
2026-09-22,DEL_HYD,30,Akasa Direct,9516.0,7
2026-09-22,DEL_HYD,30,Cleartrip,13747.0,182
2026-09-22,DEL_HYD,30,EaseMyTrip,10337.5,100
2026-09-22,DEL_HYD,30,Goibibo,10453.0,27
2026-09-22,DEL_HYD,30,IndiGo Direct,9035.0,62
2026-09-22,DEL_HYD,30,Ixigo,10453.0,28
2026-09-22,DEL_HYD,30,MakeMyTrip,10051.0,33
2026-09-22,DEL_HYD,30,Yatra,5400.0,75
2026-09-22,DEL_HYD,45,Air India Direct,10364.0,1
2026-09-22,DEL_HYD,45,Akasa Direct,8385.0,7
2026-09-22,DEL_HYD,45,Cleartrip,16989.0,175
2026-09-22,DEL_HYD,45,EaseMyTrip,14206.0,107
2026-09-22,DEL_HYD,45,Goibibo,10215.5,26
2026-09-22,DEL_HYD,45,IndiGo Direct,12891.0,63
2026-09-22,DEL_HYD,45,Ixigo,10215.5,26
2026-09-22,DEL_HYD,45,MakeMyTrip,9914.0,30
2026-09-22,DEL_HYD,45,Yatra,5400.0,75
2026-09-22,DEL_MAA,1,Air India Direct,10294.0,1
2026-09-22,DEL_MAA,1,Cleartrip,11122.5,16
2026-09-22,DEL_MAA,1,EaseMyTrip,11929.0,104
2026-09-22,DEL_MAA,1,Goibibo,11467.0,16
2026-09-22,DEL_MAA,1,IndiGo Direct,10616.0,56
2026-09-22,DEL_MAA,1,Ixigo,11944.5,16
2026-09-22,DEL_MAA,1,MakeMyTrip,10778.0,18
2026-09-22,DEL_MAA,1,SpiceJet Direct,20143.5,4
2026-09-22,DEL_MAA,1,Yatra,5400.0,75
2026-09-22,DEL_MAA,7,Air India Direct,10294.0,1
2026-09-22,DEL_MAA,7,Akasa Direct,12500.0,7
2026-09-22,DEL_MAA,7,Cleartrip,10315.0,17
2026-09-22,DEL_MAA,7,EaseMyTrip,11697.0,123
2026-09-22,DEL_MAA,7,Goibibo,10315.0,17
2026-09-22,DEL_MAA,7,IndiGo Direct,9999.0,53
2026-09-22,DEL_MAA,7,Ixigo,10315.0,17
2026-09-22,DEL_MAA,7,MakeMyTrip,10158.5,18
2026-09-22,DEL_MAA,7,Yatra,5400.0,75
2026-09-22,DEL_MAA,15,Air India Direct,10294.0,1
2026-09-22,DEL_MAA,15,Cleartrip,10002.0,17
2026-09-22,DEL_MAA,15,EaseMyTrip,10117.5,106
2026-09-22,DEL_MAA,15,Goibibo,10002.0,17
2026-09-22,DEL_MAA,15,IndiGo Direct,9270.0,54
2026-09-22,DEL_MAA,15,Ixigo,10002.0,17
2026-09-22,DEL_MAA,15,MakeMyTrip,10002.0,18
2026-09-22,DEL_MAA,15,Yatra,5400.0,75
2026-09-22,DEL_MAA,30,Air India Direct,10294.0,1
2026-09-22,DEL_MAA,30,Akasa Direct,11187.0,7
2026-09-22,DEL_MAA,30,Cleartrip,10002.0,17
2026-09-22,DEL_MAA,30,EaseMyTrip,13216.0,117
2026-09-22,DEL_MAA,30,Goibibo,10002.0,17
2026-09-22,DEL_MAA,30,IndiGo Direct,9999.0,54
2026-09-22,DEL_MAA,30,Ixigo,10002.0,17
2026-09-22,DEL_MAA,30,MakeMyTrip,10002.0,25
2026-09-22,DEL_MAA,30,Yatra,5400.0,75
2026-09-22,DEL_MAA,45,Air India Direct,11403.0,1
2026-09-22,DEL_MAA,45,Akasa Direct,14819.0,6
2026-09-22,DEL_MAA,45,Cleartrip,10953.0,18
2026-09-22,DEL_MAA,45,EaseMyTrip,14073.0,127
2026-09-22,DEL_MAA,45,Goibibo,10953.0,18
2026-09-22,DEL_MAA,45,IndiGo Direct,14036.0,57
2026-09-22,DEL_MAA,45,Ixigo,11210.0,18
2026-09-22,DEL_MAA,45,MakeMyTrip,10936.0,21
2026-09-22,DEL_MAA,45,Yatra,5400.0,75
2026-09-22,HYD_BLR,1,Air India Direct,11388.0,1
2026-09-22,HYD_BLR,1,Akasa Direct,17252.0,7
2026-09-22,HYD_BLR,1,Cleartrip,12507.5,14
2026-09-22,HYD_BLR,1,EaseMyTrip,12715.0,104
2026-09-22,HYD_BLR,1,Goibibo,12630.0,15
2026-09-22,HYD_BLR,1,IndiGo Direct,8105.5,78
2026-09-22,HYD_BLR,1,Ixigo,11854.0,4
2026-09-22,HYD_BLR,1,Yatra,5400.0,75
2026-09-22,HYD_BLR,7,Air India Direct,5128.0,1
2026-09-22,HYD_BLR,7,Akasa Direct,17096.0,10
2026-09-22,HYD_BLR,7,Cleartrip,5220.0,14
2026-09-22,HYD_BLR,7,EaseMyTrip,8377.0,106
2026-09-22,HYD_BLR,7,Goibibo,5220.0,14
2026-09-22,HYD_BLR,7,IndiGo Direct,5804.0,58
2026-09-22,HYD_BLR,7,Ixigo,5220.0,14
2026-09-22,HYD_BLR,7,Yatra,5400.0,75
2026-09-22,HYD_BLR,15,Air India Direct,6616.0,1
2026-09-22,HYD_BLR,15,Akasa Direct,17903.0,7
2026-09-22,HYD_BLR,15,Cleartrip,5616.0,15
2026-09-22,HYD_BLR,15,EaseMyTrip,7661.0,107
2026-09-22,HYD_BLR,15,Goibibo,5532.0,15
2026-09-22,HYD_BLR,15,IndiGo Direct,5112.0,62
2026-09-22,HYD_BLR,15,Ixigo,5616.0,15
2026-09-22,HYD_BLR,15,Yatra,5000.0,75
2026-09-22,HYD_BLR,30,Air India Direct,6616.0,1
2026-09-22,HYD_BLR,30,Akasa Direct,18293.0,7
2026-09-22,HYD_BLR,30,Cleartrip,5220.0,15
2026-09-22,HYD_BLR,30,EaseMyTrip,6538.0,103
2026-09-22,HYD_BLR,30,Goibibo,5532.0,15
2026-09-22,HYD_BLR,30,IndiGo Direct,5969.0,72
2026-09-22,HYD_BLR,30,Ixigo,5616.0,15
2026-09-22,HYD_BLR,30,Yatra,5400.0,75
2026-09-22,HYD_BLR,45,Air India Direct,5613.0,1
2026-09-22,HYD_BLR,45,Akasa Direct,17252.0,7
2026-09-22,HYD_BLR,45,Cleartrip,4860.0,17
2026-09-22,HYD_BLR,45,EaseMyTrip,9814.0,112
2026-09-22,HYD_BLR,45,Goibibo,4880.0,18
2026-09-22,HYD_BLR,45,IndiGo Direct,5762.0,52
2026-09-22,HYD_BLR,45,Ixigo,4922.0,18
2026-09-22,HYD_BLR,45,Yatra,5220.0,75
2026-09-22,HYD_DEL,1,Air India Direct,8554.0,1
2026-09-22,HYD_DEL,1,Akasa Direct,8352.0,7
2026-09-22,HYD_DEL,1,Cleartrip,13548.0,125
2026-09-22,HYD_DEL,1,EaseMyTrip,11366.0,89
2026-09-22,HYD_DEL,1,Goibibo,8650.5,20
2026-09-22,HYD_DEL,1,IndiGo Direct,9944.0,59
2026-09-22,HYD_DEL,1,Ixigo,8708.0,26
2026-09-22,HYD_DEL,1,MakeMyTrip,8708.0,31
2026-09-22,HYD_DEL,1,Yatra,5400.0,75
2026-09-22,HYD_DEL,7,Air India Direct,8572.0,1
2026-09-22,HYD_DEL,7,Akasa Direct,8647.0,7
2026-09-22,HYD_DEL,7,Cleartrip,9373.0,143
2026-09-22,HYD_DEL,7,EaseMyTrip,8493.0,90
2026-09-22,HYD_DEL,7,Goibibo,8593.0,26
2026-09-22,HYD_DEL,7,IndiGo Direct,7857.0,59
2026-09-22,HYD_DEL,7,Ixigo,8708.0,26
2026-09-22,HYD_DEL,7,MakeMyTrip,8593.0,31
2026-09-22,HYD_DEL,7,Yatra,5400.0,75
2026-09-22,HYD_DEL,15,Air India Direct,8687.0,1
2026-09-22,HYD_DEL,15,Akasa Direct,9203.5,10
2026-09-22,HYD_DEL,15,Cleartrip,13094.5,176
2026-09-22,HYD_DEL,15,EaseMyTrip,9091.5,110
2026-09-22,HYD_DEL,15,Goibibo,8868.0,29
2026-09-22,HYD_DEL,15,IndiGo Direct,8595.0,63
2026-09-22,HYD_DEL,15,Ixigo,8868.0,29
2026-09-22,HYD_DEL,15,MakeMyTrip,8848.0,33
2026-09-22,HYD_DEL,15,Yatra,5400.0,75
2026-09-22,HYD_DEL,30,Air India Direct,8687.0,1
2026-09-22,HYD_DEL,30,Akasa Direct,8499.0,7
2026-09-22,HYD_DEL,30,Cleartrip,15327.0,185
2026-09-22,HYD_DEL,30,EaseMyTrip,9439.0,99
2026-09-22,HYD_DEL,30,Goibibo,9736.5,28
2026-09-22,HYD_DEL,30,IndiGo Direct,8380.5,62
2026-09-22,HYD_DEL,30,Ixigo,9736.5,28
2026-09-22,HYD_DEL,30,MakeMyTrip,9181.0,33
2026-09-22,HYD_DEL,30,Yatra,5400.0,75
2026-09-22,HYD_DEL,45,Air India Direct,11929.0,1
2026-09-22,HYD_DEL,45,Akasa Direct,8352.0,7
2026-09-22,HYD_DEL,45,Cleartrip,19180.0,143
2026-09-22,HYD_DEL,45,EaseMyTrip,18163.0,121
2026-09-22,HYD_DEL,45,Goibibo,13301.5,26
2026-09-22,HYD_DEL,45,IndiGo Direct,17945.0,63
2026-09-22,HYD_DEL,45,Ixigo,13302.0,26
2026-09-22,HYD_DEL,45,MakeMyTrip,13251.0,30
2026-09-22,HYD_DEL,45,SpiceJet Direct,16643.0,2
2026-09-22,HYD_DEL,45,Yatra,5400.0,75
2026-09-22,MAA_BOM,1,Air India Direct,8252.0,1
2026-09-22,MAA_BOM,1,Akasa Direct,7634.5,4
2026-09-22,MAA_BOM,1,Cleartrip,8836.5,18
2026-09-22,MAA_BOM,1,EaseMyTrip,10668.0,108
2026-09-22,MAA_BOM,1,Goibibo,9061.5,18
2026-09-22,MAA_BOM,1,IndiGo Direct,9243.0,54
2026-09-22,MAA_BOM,1,Ixigo,9400.0,17
2026-09-22,MAA_BOM,1,MakeMyTrip,8273.0,21
2026-09-22,MAA_BOM,1,Yatra,5400.0,75
2026-09-22,MAA_BOM,7,Air India Direct,7832.0,1
2026-09-22,MAA_BOM,7,Cleartrip,7540.0,17
2026-09-22,MAA_BOM,7,EaseMyTrip,9211.0,101
2026-09-22,MAA_BOM,7,Goibibo,7540.0,17
2026-09-22,MAA_BOM,7,IndiGo Direct,9211.0,45
2026-09-22,MAA_BOM,7,Ixigo,7540.0,17
2026-09-22,MAA_BOM,7,MakeMyTrip,7540.0,20
2026-09-22,MAA_BOM,7,Yatra,5700.0,75
2026-09-22,MAA_BOM,15,Air India Direct,7832.0,1
2026-09-22,MAA_BOM,15,Akasa Direct,7061.0,9
2026-09-22,MAA_BOM,15,Cleartrip,7540.0,19
2026-09-22,MAA_BOM,15,EaseMyTrip,7958.0,99
2026-09-22,MAA_BOM,15,Goibibo,7540.0,20
2026-09-22,MAA_BOM,15,IndiGo Direct,7645.0,53
2026-09-22,MAA_BOM,15,Ixigo,7540.0,20
2026-09-22,MAA_BOM,15,MakeMyTrip,7540.0,30
2026-09-22,MAA_BOM,15,Yatra,5400.0,75
2026-09-22,MAA_BOM,30,Air India Direct,7292.0,1
2026-09-22,MAA_BOM,30,Cleartrip,7540.0,19
2026-09-22,MAA_BOM,30,EaseMyTrip,9088.0,100
2026-09-22,MAA_BOM,30,Goibibo,7540.0,19
2026-09-22,MAA_BOM,30,IndiGo Direct,9211.0,50
2026-09-22,MAA_BOM,30,Ixigo,7540.0,19
2026-09-22,MAA_BOM,30,MakeMyTrip,7540.0,22
2026-09-22,MAA_BOM,30,Yatra,5400.0,75
2026-09-22,MAA_BOM,45,Air India Direct,7989.0,1
2026-09-22,MAA_BOM,45,Cleartrip,7958.0,17
2026-09-22,MAA_BOM,45,EaseMyTrip,14265.0,116
2026-09-22,MAA_BOM,45,Goibibo,7958.0,17
2026-09-22,MAA_BOM,45,IndiGo Direct,13110.0,55
2026-09-22,MAA_BOM,45,Ixigo,7958.0,17
2026-09-22,MAA_BOM,45,MakeMyTrip,7540.0,20
2026-09-22,MAA_BOM,45,Yatra,5400.0,75
2026-09-22,MAA_DEL,1,Air India Direct,10442.0,1
2026-09-22,MAA_DEL,1,Akasa Direct,14968.0,4
2026-09-22,MAA_DEL,1,Cleartrip,14145.0,140
2026-09-22,MAA_DEL,1,EaseMyTrip,12810.0,98
2026-09-22,MAA_DEL,1,Goibibo,11623.0,16
2026-09-22,MAA_DEL,1,IndiGo Direct,11303.0,55
2026-09-22,MAA_DEL,1,Ixigo,11623.0,9
2026-09-22,MAA_DEL,1,MakeMyTrip,11105.0,18
2026-09-22,MAA_DEL,1,Yatra,5400.0,75
2026-09-22,MAA_DEL,7,Air India Direct,10442.0,1
2026-09-22,MAA_DEL,7,Akasa Direct,13019.5,6
2026-09-22,MAA_DEL,7,Cleartrip,12363.0,149
2026-09-22,MAA_DEL,7,EaseMyTrip,12127.0,114
2026-09-22,MAA_DEL,7,Goibibo,10463.0,17
2026-09-22,MAA_DEL,7,IndiGo Direct,9857.0,52
2026-09-22,MAA_DEL,7,Ixigo,10463.0,17
2026-09-22,MAA_DEL,7,MakeMyTrip,10150.0,20
2026-09-22,MAA_DEL,7,Yatra,5400.0,75
2026-09-22,MAA_DEL,15,Air India Direct,10442.0,1
2026-09-22,MAA_DEL,15,Akasa Direct,11187.0,7
2026-09-22,MAA_DEL,15,Cleartrip,12363.0,147
2026-09-22,MAA_DEL,15,EaseMyTrip,10463.0,108
2026-09-22,MAA_DEL,15,Goibibo,10150.0,17
2026-09-22,MAA_DEL,15,IndiGo Direct,9140.0,54
2026-09-22,MAA_DEL,15,Ixigo,10463.0,17
2026-09-22,MAA_DEL,15,MakeMyTrip,10150.0,18
2026-09-22,MAA_DEL,15,Yatra,5400.0,75
2026-09-22,MAA_DEL,30,Air India Direct,10442.0,1
2026-09-22,MAA_DEL,30,Akasa Direct,12423.0,9
2026-09-22,MAA_DEL,30,Cleartrip,13603.0,150
2026-09-22,MAA_DEL,30,EaseMyTrip,11604.0,104
2026-09-22,MAA_DEL,30,Goibibo,11105.0,17
2026-09-22,MAA_DEL,30,IndiGo Direct,9988.0,55
2026-09-22,MAA_DEL,30,Ixigo,11105.0,17
2026-09-22,MAA_DEL,30,MakeMyTrip,10615.0,20
2026-09-22,MAA_DEL,30,Yatra,5400.0,75
2026-09-22,MAA_DEL,45,Air India Direct,24364.0,1
2026-09-22,MAA_DEL,45,Cleartrip,20426.0,127
2026-09-22,MAA_DEL,45,EaseMyTrip,19516.0,101
2026-09-22,MAA_DEL,45,Goibibo,13447.0,18
2026-09-22,MAA_DEL,45,IndiGo Direct,19692.0,56
2026-09-22,MAA_DEL,45,Ixigo,13447.0,18
2026-09-22,MAA_DEL,45,MakeMyTrip,13097.0,22
2026-09-22,MAA_DEL,45,Yatra,5400.0,75
2026-09-23,AMD_DEL,1,Akasa Direct,9632.0,7
2026-09-23,AMD_DEL,1,Cleartrip,9251.0,17
2026-09-23,AMD_DEL,1,Goibibo,9830.0,17
2026-09-23,AMD_DEL,1,IndiGo Direct,8432.0,19
2026-09-23,AMD_DEL,1,Ixigo,8972.0,17
2026-09-23,AMD_DEL,1,Yatra,5400.0,75
2026-09-23,AMD_DEL,7,Akasa Direct,9632.0,6
2026-09-23,AMD_DEL,7,Cleartrip,6351.0,15
2026-09-23,AMD_DEL,7,Goibibo,6351.0,15
2026-09-23,AMD_DEL,7,IndiGo Direct,5515.5,14
2026-09-23,AMD_DEL,7,Yatra,6000.0,75
2026-09-23,AMD_DEL,15,Akasa Direct,11151.0,7
2026-09-23,AMD_DEL,15,Cleartrip,6290.0,16
2026-09-23,AMD_DEL,15,Goibibo,6290.0,17
2026-09-23,AMD_DEL,15,IndiGo Direct,6114.5,20
2026-09-23,AMD_DEL,15,Ixigo,6290.0,17
2026-09-23,AMD_DEL,15,Yatra,5400.0,69
2026-09-23,AMD_DEL,30,Akasa Direct,12635.0,7
2026-09-23,AMD_DEL,30,Cleartrip,6320.5,18
2026-09-23,AMD_DEL,30,Goibibo,6320.5,18
2026-09-23,AMD_DEL,30,IndiGo Direct,5613.0,20
2026-09-23,AMD_DEL,30,Ixigo,6320.5,18
2026-09-23,AMD_DEL,30,Yatra,5400.0,75
2026-09-23,AMD_DEL,45,Akasa Direct,9632.0,6
2026-09-23,AMD_DEL,45,Cleartrip,14553.0,22
2026-09-23,AMD_DEL,45,Goibibo,14553.0,22
2026-09-23,AMD_DEL,45,IndiGo Direct,14422.0,24
2026-09-23,AMD_DEL,45,Ixigo,14553.0,22
2026-09-23,AMD_DEL,45,SpiceJet Direct,11287.0,2
2026-09-23,AMD_DEL,45,Yatra,5700.0,75
2026-09-23,BLR_BOM,1,Akasa Direct,4594.0,7
2026-09-23,BLR_BOM,1,Cleartrip,6982.0,34
2026-09-23,BLR_BOM,1,EaseMyTrip,10882.0,117
2026-09-23,BLR_BOM,1,Goibibo,6982.0,37
2026-09-23,BLR_BOM,1,IndiGo Direct,7340.0,65
2026-09-23,BLR_BOM,1,Ixigo,6982.0,37
2026-09-23,BLR_BOM,1,Yatra,5400.0,75
2026-09-23,BLR_BOM,7,Akasa Direct,5761.0,7
2026-09-23,BLR_BOM,7,Cleartrip,6982.0,34
2026-09-23,BLR_BOM,7,Goibibo,6982.0,37
2026-09-23,BLR_BOM,7,IndiGo Direct,7649.0,59
2026-09-23,BLR_BOM,7,Ixigo,6982.0,36
2026-09-23,BLR_BOM,7,Yatra,5400.0,75
2026-09-23,BLR_BOM,15,Akasa Direct,5337.0,7
2026-09-23,BLR_BOM,15,Cleartrip,6982.0,34
2026-09-23,BLR_BOM,15,Goibibo,6982.0,37
2026-09-23,BLR_BOM,15,IndiGo Direct,5579.0,62
2026-09-23,BLR_BOM,15,Ixigo,6982.0,37
2026-09-23,BLR_BOM,15,Yatra,5369.0,75
2026-09-23,BLR_BOM,30,Akasa Direct,6732.0,7
2026-09-23,BLR_BOM,30,Cleartrip,7557.0,31
2026-09-23,BLR_BOM,30,Goibibo,6982.0,35
2026-09-23,BLR_BOM,30,IndiGo Direct,7439.0,58
2026-09-23,BLR_BOM,30,Ixigo,6982.0,35
2026-09-23,BLR_BOM,30,SpiceJet Direct,5120.0,3
2026-09-23,BLR_BOM,30,Yatra,5113.0,75
2026-09-23,BLR_BOM,45,Akasa Direct,5761.0,7
2026-09-23,BLR_BOM,45,Cleartrip,10265.0,34
2026-09-23,BLR_BOM,45,Goibibo,10027.0,40
2026-09-23,BLR_BOM,45,IndiGo Direct,10342.0,61
2026-09-23,BLR_BOM,45,Ixigo,10027.0,40
2026-09-23,BLR_BOM,45,SpiceJet Direct,7636.0,3
2026-09-23,BLR_BOM,45,Yatra,5400.0,75
2026-09-23,BLR_DEL,1,Akasa Direct,8364.0,7
2026-09-23,BLR_DEL,1,Cleartrip,14577.0,39
2026-09-23,BLR_DEL,1,EaseMyTrip,13304.0,133
2026-09-23,BLR_DEL,1,Goibibo,18318.0,39
2026-09-23,BLR_DEL,1,IndiGo Direct,10488.0,69
2026-09-23,BLR_DEL,1,Ixigo,11556.0,39
2026-09-23,BLR_DEL,1,Yatra,5400.0,75
2026-09-23,BLR_DEL,7,Akasa Direct,9621.0,7
2026-09-23,BLR_DEL,7,Cleartrip,8677.0,38
2026-09-23,BLR_DEL,7,EaseMyTrip,10118.0,143
2026-09-23,BLR_DEL,7,Goibibo,8677.0,38
2026-09-23,BLR_DEL,7,IndiGo Direct,10039.0,67
2026-09-23,BLR_DEL,7,Ixigo,8677.0,38
2026-09-23,BLR_DEL,7,Yatra,5400.0,75
2026-09-23,BLR_DEL,15,Akasa Direct,9448.0,7
2026-09-23,BLR_DEL,15,Cleartrip,9306.0,41
2026-09-23,BLR_DEL,15,EaseMyTrip,9825.0,140
2026-09-23,BLR_DEL,15,Goibibo,9306.0,42
2026-09-23,BLR_DEL,15,IndiGo Direct,8590.0,70
2026-09-23,BLR_DEL,15,Ixigo,9305.0,42
2026-09-23,BLR_DEL,15,Yatra,5400.0,75
2026-09-23,BLR_DEL,30,Akasa Direct,9621.0,7
2026-09-23,BLR_DEL,30,Cleartrip,9907.0,45
2026-09-23,BLR_DEL,30,EaseMyTrip,10384.5,148
2026-09-23,BLR_DEL,30,Goibibo,9907.0,45
2026-09-23,BLR_DEL,30,IndiGo Direct,10039.0,68
2026-09-23,BLR_DEL,30,Ixigo,9912.0,46
2026-09-23,BLR_DEL,30,Yatra,5400.0,75
2026-09-23,BLR_DEL,45,Akasa Direct,10162.0,9
2026-09-23,BLR_DEL,45,Cleartrip,14527.0,41
2026-09-23,BLR_DEL,45,EaseMyTrip,17755.0,169
2026-09-23,BLR_DEL,45,Goibibo,14527.0,42
2026-09-23,BLR_DEL,45,IndiGo Direct,15997.0,68
2026-09-23,BLR_DEL,45,Ixigo,14527.0,42
2026-09-23,BLR_DEL,45,SpiceJet Direct,13138.5,2
2026-09-23,BLR_DEL,45,Yatra,5400.0,75
2026-09-23,BLR_HYD,1,Akasa Direct,18117.0,7
2026-09-23,BLR_HYD,1,Cleartrip,9674.5,14
2026-09-23,BLR_HYD,1,Goibibo,9675.0,15
2026-09-23,BLR_HYD,1,IndiGo Direct,9032.5,86
2026-09-23,BLR_HYD,1,Ixigo,10548.0,15
2026-09-23,BLR_HYD,1,Yatra,5400.0,75
2026-09-23,BLR_HYD,7,Cleartrip,5078.0,14
2026-09-23,BLR_HYD,7,Goibibo,5078.0,15
2026-09-23,BLR_HYD,7,IndiGo Direct,6543.0,68
2026-09-23,BLR_HYD,7,Ixigo,5078.0,15
2026-09-23,BLR_HYD,7,Yatra,5400.0,75
2026-09-23,BLR_HYD,15,Akasa Direct,17940.0,7
2026-09-23,BLR_HYD,15,Cleartrip,8166.0,15
2026-09-23,BLR_HYD,15,Goibibo,8166.0,15
2026-09-23,BLR_HYD,15,IndiGo Direct,6724.0,72
2026-09-23,BLR_HYD,15,Ixigo,8166.0,15
2026-09-23,BLR_HYD,15,Yatra,5400.0,75
2026-09-23,BLR_HYD,30,Akasa Direct,19319.0,7
2026-09-23,BLR_HYD,30,Cleartrip,5078.0,15
2026-09-23,BLR_HYD,30,Goibibo,5078.0,15
2026-09-23,BLR_HYD,30,IndiGo Direct,6153.0,70
2026-09-23,BLR_HYD,30,Ixigo,5078.0,15
2026-09-23,BLR_HYD,30,Yatra,5400.0,75
2026-09-23,BLR_HYD,45,Akasa Direct,18399.5,6
2026-09-23,BLR_HYD,45,Cleartrip,9674.0,17
2026-09-23,BLR_HYD,45,Goibibo,9279.5,18
2026-09-23,BLR_HYD,45,IndiGo Direct,10567.0,87
2026-09-23,BLR_HYD,45,Ixigo,9279.5,18
2026-09-23,BLR_HYD,45,Yatra,5400.0,75
2026-09-23,BOM_BLR,1,Akasa Direct,5050.0,7
2026-09-23,BOM_BLR,1,Cleartrip,7495.0,33
2026-09-23,BOM_BLR,1,EaseMyTrip,11061.0,121
2026-09-23,BOM_BLR,1,Goibibo,7692.0,35
2026-09-23,BOM_BLR,1,IndiGo Direct,8217.0,60
2026-09-23,BOM_BLR,1,Ixigo,7322.0,35
2026-09-23,BOM_BLR,1,Yatra,5400.0,75
2026-09-23,BOM_BLR,7,Akasa Direct,5673.0,7
2026-09-23,BOM_BLR,7,Cleartrip,7062.0,35
2026-09-23,BOM_BLR,7,EaseMyTrip,8130.0,124
2026-09-23,BOM_BLR,7,Goibibo,7062.0,39
2026-09-23,BOM_BLR,7,IndiGo Direct,7584.0,56
2026-09-23,BOM_BLR,7,Ixigo,7062.0,39
2026-09-23,BOM_BLR,7,Yatra,5400.0,75
2026-09-23,BOM_BLR,15,Akasa Direct,5050.0,7
2026-09-23,BOM_BLR,15,Cleartrip,7062.0,33
2026-09-23,BOM_BLR,15,EaseMyTrip,7377.0,129
2026-09-23,BOM_BLR,15,Goibibo,7062.0,35
2026-09-23,BOM_BLR,15,IndiGo Direct,5546.5,60
2026-09-23,BOM_BLR,15,Ixigo,7062.0,35
2026-09-23,BOM_BLR,15,Yatra,5253.0,75
2026-09-23,BOM_BLR,30,Akasa Direct,6137.0,7
2026-09-23,BOM_BLR,30,Cleartrip,7692.0,33
2026-09-23,BOM_BLR,30,EaseMyTrip,8112.0,133
2026-09-23,BOM_BLR,30,Goibibo,7377.0,38
2026-09-23,BOM_BLR,30,IndiGo Direct,7584.0,58
2026-09-23,BOM_BLR,30,Ixigo,7436.0,38
2026-09-23,BOM_BLR,30,SpiceJet Direct,5042.0,3
2026-09-23,BOM_BLR,30,Yatra,5198.0,75
2026-09-23,BOM_BLR,45,Akasa Direct,5673.0,7
2026-09-23,BOM_BLR,45,Cleartrip,10737.0,32
2026-09-23,BOM_BLR,45,EaseMyTrip,12087.0,143
2026-09-23,BOM_BLR,45,Goibibo,8532.0,19
2026-09-23,BOM_BLR,45,IndiGo Direct,10628.0,55
2026-09-23,BOM_BLR,45,Ixigo,10377.5,36
2026-09-23,BOM_BLR,45,Yatra,5400.0,75
2026-09-23,BOM_DEL,1,Akasa Direct,6523.0,17
2026-09-23,BOM_DEL,1,Cleartrip,7506.0,56
2026-09-23,BOM_DEL,1,EaseMyTrip,13092.0,139
2026-09-23,BOM_DEL,1,Goibibo,7506.0,58
2026-09-23,BOM_DEL,1,IndiGo Direct,8899.0,73
2026-09-23,BOM_DEL,1,Ixigo,7507.0,59
2026-09-23,BOM_DEL,1,SpiceJet Direct,6763.0,2
2026-09-23,BOM_DEL,1,Yatra,5400.0,75
2026-09-23,BOM_DEL,7,Akasa Direct,6523.0,7
2026-09-23,BOM_DEL,7,Cleartrip,6875.0,53
2026-09-23,BOM_DEL,7,EaseMyTrip,7549.0,125
2026-09-23,BOM_DEL,7,Goibibo,6523.0,39
2026-09-23,BOM_DEL,7,IndiGo Direct,6786.0,71
2026-09-23,BOM_DEL,7,Ixigo,6875.0,59
2026-09-23,BOM_DEL,7,SpiceJet Direct,13434.5,2
2026-09-23,BOM_DEL,7,Yatra,5400.0,75
2026-09-23,BOM_DEL,15,Akasa Direct,6523.0,7
2026-09-23,BOM_DEL,15,Cleartrip,6875.0,59
2026-09-23,BOM_DEL,15,EaseMyTrip,6930.0,145
2026-09-23,BOM_DEL,15,Goibibo,6720.0,63
2026-09-23,BOM_DEL,15,IndiGo Direct,6247.0,74
2026-09-23,BOM_DEL,15,Ixigo,6771.0,63
2026-09-23,BOM_DEL,15,Yatra,5400.0,75
2026-09-23,BOM_DEL,30,Akasa Direct,7009.0,7
2026-09-23,BOM_DEL,30,Cleartrip,7364.0,58
2026-09-23,BOM_DEL,30,EaseMyTrip,7925.0,131
2026-09-23,BOM_DEL,30,Goibibo,7364.0,62
2026-09-23,BOM_DEL,30,IndiGo Direct,7289.0,75
2026-09-23,BOM_DEL,30,Ixigo,7501.0,63
2026-09-23,BOM_DEL,30,SpiceJet Direct,6560.0,2
2026-09-23,BOM_DEL,30,Yatra,5400.0,75
2026-09-23,BOM_DEL,45,Akasa Direct,6523.0,7
2026-09-23,BOM_DEL,45,Cleartrip,13897.0,64
2026-09-23,BOM_DEL,45,Goibibo,13897.0,68
2026-09-23,BOM_DEL,45,IndiGo Direct,14687.0,75
2026-09-23,BOM_DEL,45,Ixigo,13897.0,68
2026-09-23,BOM_DEL,45,Yatra,5400.0,75
2026-09-23,BOM_GOI,1,Cleartrip,8922.0,12
2026-09-23,BOM_GOI,1,Goibibo,9523.0,19
2026-09-23,BOM_GOI,1,IndiGo Direct,13353.0,22
2026-09-23,BOM_GOI,1,Ixigo,8144.0,18
2026-09-23,BOM_GOI,1,Yatra,5400.0,75
2026-09-23,BOM_GOI,7,Cleartrip,6717.0,13
2026-09-23,BOM_GOI,7,Goibibo,7093.0,18
2026-09-23,BOM_GOI,7,IndiGo Direct,8197.0,23
2026-09-23,BOM_GOI,7,Ixigo,8451.0,17
2026-09-23,BOM_GOI,7,Yatra,5400.0,75
2026-09-23,BOM_GOI,15,Cleartrip,8292.0,13
2026-09-23,BOM_GOI,15,Goibibo,7829.0,22
2026-09-23,BOM_GOI,15,IndiGo Direct,6226.5,32
2026-09-23,BOM_GOI,15,Ixigo,6697.0,20
2026-09-23,BOM_GOI,15,Yatra,5400.0,75
2026-09-23,BOM_GOI,30,Cleartrip,7547.0,13
2026-09-23,BOM_GOI,30,Goibibo,7547.0,23
2026-09-23,BOM_GOI,30,IndiGo Direct,7477.0,27
2026-09-23,BOM_GOI,30,Ixigo,7452.0,21
2026-09-23,BOM_GOI,30,Yatra,5400.0,75
2026-09-23,BOM_GOI,45,Cleartrip,5385.0,21
2026-09-23,BOM_GOI,45,Goibibo,5562.0,28
2026-09-23,BOM_GOI,45,IndiGo Direct,7827.0,33
2026-09-23,BOM_GOI,45,Ixigo,5514.5,26
2026-09-23,BOM_GOI,45,Yatra,5000.0,75
2026-09-23,BOM_MAA,1,Cleartrip,7988.0,17
2026-09-23,BOM_MAA,1,Goibibo,8007.0,18
2026-09-23,BOM_MAA,1,Ixigo,7749.0,18
2026-09-23,BOM_MAA,1,SpiceJet Direct,5899.0,1
2026-09-23,BOM_MAA,1,Yatra,5400.0,75
2026-09-23,BOM_MAA,7,Cleartrip,7014.0,18
2026-09-23,BOM_MAA,7,Goibibo,6964.0,18
2026-09-23,BOM_MAA,7,IndiGo Direct,8302.0,49
2026-09-23,BOM_MAA,7,Ixigo,6807.5,18
2026-09-23,BOM_MAA,7,Yatra,5400.0,75
2026-09-23,BOM_MAA,15,Akasa Direct,6457.0,7
2026-09-23,BOM_MAA,15,Cleartrip,6964.0,19
2026-09-23,BOM_MAA,15,Goibibo,6964.0,19
2026-09-23,BOM_MAA,15,IndiGo Direct,6829.5,50
2026-09-23,BOM_MAA,15,Ixigo,6964.0,19
2026-09-23,BOM_MAA,15,Yatra,5400.0,75
2026-09-23,BOM_MAA,30,Cleartrip,6651.0,19
2026-09-23,BOM_MAA,30,Goibibo,6651.0,19
2026-09-23,BOM_MAA,30,IndiGo Direct,8302.0,49
2026-09-23,BOM_MAA,30,Ixigo,6651.0,19
2026-09-23,BOM_MAA,30,Yatra,5400.0,75
2026-09-23,BOM_MAA,45,Cleartrip,10986.0,17
2026-09-23,BOM_MAA,45,Goibibo,10986.0,17
2026-09-23,BOM_MAA,45,IndiGo Direct,13730.0,47
2026-09-23,BOM_MAA,45,Ixigo,10986.0,17
2026-09-23,BOM_MAA,45,Yatra,5400.0,75
2026-09-23,CCU_DEL,1,Akasa Direct,8468.0,7
2026-09-23,CCU_DEL,1,Cleartrip,8988.5,22
2026-09-23,CCU_DEL,1,Goibibo,9112.0,22
2026-09-23,CCU_DEL,1,IndiGo Direct,8679.0,56
2026-09-23,CCU_DEL,1,Ixigo,8980.5,22
2026-09-23,CCU_DEL,1,Yatra,5400.0,75
2026-09-23,CCU_DEL,7,Akasa Direct,8766.0,7
2026-09-23,CCU_DEL,7,Cleartrip,8980.5,24
2026-09-23,CCU_DEL,7,Goibibo,8849.0,24
2026-09-23,CCU_DEL,7,IndiGo Direct,9247.0,57
2026-09-23,CCU_DEL,7,Ixigo,8849.0,24
2026-09-23,CCU_DEL,7,SpiceJet Direct,21483.0,1
2026-09-23,CCU_DEL,7,Yatra,5400.0,75
2026-09-23,CCU_DEL,15,Akasa Direct,8468.0,7
2026-09-23,CCU_DEL,15,Cleartrip,9128.0,27
2026-09-23,CCU_DEL,15,Goibibo,9128.0,27
2026-09-23,CCU_DEL,15,IndiGo Direct,8144.5,56
2026-09-23,CCU_DEL,15,Ixigo,9128.0,27
2026-09-23,CCU_DEL,15,SpiceJet Direct,7771.0,1
2026-09-23,CCU_DEL,15,Yatra,5400.0,75
2026-09-23,CCU_DEL,30,Akasa Direct,10829.0,7
2026-09-23,CCU_DEL,30,Cleartrip,11947.0,31
2026-09-23,CCU_DEL,30,Goibibo,11947.0,31
2026-09-23,CCU_DEL,30,IndiGo Direct,11756.0,59
2026-09-23,CCU_DEL,30,Ixigo,11947.0,31
2026-09-23,CCU_DEL,30,SpiceJet Direct,9894.0,4
2026-09-23,CCU_DEL,30,Yatra,5400.0,75
2026-09-23,CCU_DEL,45,Akasa Direct,8766.0,7
2026-09-23,CCU_DEL,45,Cleartrip,10319.0,26
2026-09-23,CCU_DEL,45,Goibibo,10319.0,26
2026-09-23,CCU_DEL,45,IndiGo Direct,10128.0,59
2026-09-23,CCU_DEL,45,Ixigo,10319.0,26
2026-09-23,CCU_DEL,45,SpiceJet Direct,8505.0,1
2026-09-23,CCU_DEL,45,Yatra,5400.0,75
2026-09-23,DEL_AMD,1,Akasa Direct,11045.0,7
2026-09-23,DEL_AMD,1,Cleartrip,6976.0,18
2026-09-23,DEL_AMD,1,Goibibo,7106.0,18
2026-09-23,DEL_AMD,1,IndiGo Direct,8544.0,26
2026-09-23,DEL_AMD,1,Ixigo,6976.0,18
2026-09-23,DEL_AMD,1,Yatra,5400.0,69
2026-09-23,DEL_AMD,7,Akasa Direct,12694.0,7
2026-09-23,DEL_AMD,7,Cleartrip,6028.0,14
2026-09-23,DEL_AMD,7,Goibibo,6050.0,14
2026-09-23,DEL_AMD,7,IndiGo Direct,6827.0,22
2026-09-23,DEL_AMD,7,Ixigo,6050.0,13
2026-09-23,DEL_AMD,7,Yatra,5400.0,75
2026-09-23,DEL_AMD,15,Akasa Direct,11300.0,7
2026-09-23,DEL_AMD,15,Cleartrip,5851.0,18
2026-09-23,DEL_AMD,15,Goibibo,5851.0,18
2026-09-23,DEL_AMD,15,IndiGo Direct,6784.0,25
2026-09-23,DEL_AMD,15,Yatra,5400.0,75
2026-09-23,DEL_AMD,30,Cleartrip,5790.0,17
2026-09-23,DEL_AMD,30,Goibibo,5851.0,17
2026-09-23,DEL_AMD,30,IndiGo Direct,4901.0,19
2026-09-23,DEL_AMD,30,Ixigo,5851.0,14
2026-09-23,DEL_AMD,30,Yatra,5400.0,75
2026-09-23,DEL_AMD,45,Cleartrip,5956.0,21
2026-09-23,DEL_AMD,45,Goibibo,5796.0,21
2026-09-23,DEL_AMD,45,IndiGo Direct,6749.0,29
2026-09-23,DEL_AMD,45,Ixigo,5796.0,21
2026-09-23,DEL_AMD,45,SpiceJet Direct,6156.0,2
2026-09-23,DEL_AMD,45,Yatra,5400.0,75
2026-09-23,DEL_BLR,1,Akasa Direct,8829.0,7
2026-09-23,DEL_BLR,1,Cleartrip,9286.0,40
2026-09-23,DEL_BLR,1,Goibibo,9599.0,40
2026-09-23,DEL_BLR,1,IndiGo Direct,9128.0,68
2026-09-23,DEL_BLR,1,Ixigo,9286.0,40
2026-09-23,DEL_BLR,1,Yatra,5400.0,75
2026-09-23,DEL_BLR,7,Akasa Direct,8829.0,7
2026-09-23,DEL_BLR,7,Cleartrip,9142.0,39
2026-09-23,DEL_BLR,7,EaseMyTrip,10189.0,149
2026-09-23,DEL_BLR,7,Goibibo,9142.0,39
2026-09-23,DEL_BLR,7,IndiGo Direct,10077.0,67
2026-09-23,DEL_BLR,7,Ixigo,9142.0,38
2026-09-23,DEL_BLR,7,Yatra,5400.0,75
2026-09-23,DEL_BLR,15,Akasa Direct,8829.0,7
2026-09-23,DEL_BLR,15,Cleartrip,8829.0,42
2026-09-23,DEL_BLR,15,EaseMyTrip,8999.0,141
2026-09-23,DEL_BLR,15,Goibibo,8829.0,43
2026-09-23,DEL_BLR,15,IndiGo Direct,8671.0,70
2026-09-23,DEL_BLR,15,Ixigo,8829.0,43
2026-09-23,DEL_BLR,15,Yatra,5400.0,75
2026-09-23,DEL_BLR,30,Akasa Direct,9680.0,7
2026-09-23,DEL_BLR,30,Cleartrip,11328.0,43
2026-09-23,DEL_BLR,30,EaseMyTrip,11641.0,159
2026-09-23,DEL_BLR,30,Goibibo,11328.0,45
2026-09-23,DEL_BLR,30,IndiGo Direct,10156.0,70
2026-09-23,DEL_BLR,30,Ixigo,11328.0,45
2026-09-23,DEL_BLR,30,Yatra,5400.0,75
2026-09-23,DEL_BLR,45,Akasa Direct,8829.0,7
2026-09-23,DEL_BLR,45,Cleartrip,9989.0,40
2026-09-23,DEL_BLR,45,EaseMyTrip,12503.0,179
2026-09-23,DEL_BLR,45,Goibibo,9936.0,41
2026-09-23,DEL_BLR,45,IndiGo Direct,10156.0,65
2026-09-23,DEL_BLR,45,Ixigo,10042.0,41
2026-09-23,DEL_BLR,45,Yatra,5400.0,75
2026-09-23,DEL_BOM,1,Akasa Direct,6530.0,7
2026-09-23,DEL_BOM,1,Cleartrip,6688.0,55
2026-09-23,DEL_BOM,1,EaseMyTrip,8597.5,116
2026-09-23,DEL_BOM,1,Goibibo,6688.0,58
2026-09-23,DEL_BOM,1,IndiGo Direct,6432.0,76
2026-09-23,DEL_BOM,1,Ixigo,6688.0,59
2026-09-23,DEL_BOM,1,MakeMyTrip,6530.0,65
2026-09-23,DEL_BOM,1,SpiceJet Direct,7789.0,2
2026-09-23,DEL_BOM,1,Yatra,5400.0,75
2026-09-23,DEL_BOM,7,Akasa Direct,6530.0,11
2026-09-23,DEL_BOM,7,Cleartrip,6730.0,56
2026-09-23,DEL_BOM,7,EaseMyTrip,6960.0,136
2026-09-23,DEL_BOM,7,Goibibo,6688.0,61
2026-09-23,DEL_BOM,7,IndiGo Direct,6750.0,71
2026-09-23,DEL_BOM,7,Ixigo,6688.0,60
2026-09-23,DEL_BOM,7,MakeMyTrip,6530.0,67
2026-09-23,DEL_BOM,7,SpiceJet Direct,7577.0,3
2026-09-23,DEL_BOM,7,Yatra,5700.0,75
2026-09-23,DEL_BOM,15,Akasa Direct,6530.0,7
2026-09-23,DEL_BOM,15,Cleartrip,6843.0,59
2026-09-23,DEL_BOM,15,Goibibo,6843.0,62
2026-09-23,DEL_BOM,15,IndiGo Direct,6267.0,75
2026-09-23,DEL_BOM,15,Ixigo,6843.0,62
2026-09-23,DEL_BOM,15,MakeMyTrip,6530.0,71
2026-09-23,DEL_BOM,15,SpiceJet Direct,6447.0,2
2026-09-23,DEL_BOM,15,Yatra,5400.0,75
2026-09-23,DEL_BOM,30,Akasa Direct,6530.0,7
2026-09-23,DEL_BOM,30,Cleartrip,7250.5,58
2026-09-23,DEL_BOM,30,EaseMyTrip,7291.0,112
2026-09-23,DEL_BOM,30,Goibibo,7199.0,62
2026-09-23,DEL_BOM,30,IndiGo Direct,7163.5,74
2026-09-23,DEL_BOM,30,Ixigo,7199.0,62
2026-09-23,DEL_BOM,30,MakeMyTrip,7019.0,69
2026-09-23,DEL_BOM,30,SpiceJet Direct,6528.0,2
2026-09-23,DEL_BOM,30,Yatra,5400.0,75
2026-09-23,DEL_BOM,45,Cleartrip,7880.0,64
2026-09-23,DEL_BOM,45,EaseMyTrip,8873.5,168
2026-09-23,DEL_BOM,45,Goibibo,7168.0,27
2026-09-23,DEL_BOM,45,IndiGo Direct,7905.0,74
2026-09-23,DEL_BOM,45,Ixigo,7880.0,68
2026-09-23,DEL_BOM,45,MakeMyTrip,7880.0,74
2026-09-23,DEL_BOM,45,SpiceJet Direct,6528.0,7
2026-09-23,DEL_BOM,45,Yatra,5400.0,75
2026-09-23,DEL_CCU,1,Akasa Direct,7982.5,10
2026-09-23,DEL_CCU,1,Cleartrip,9188.5,22
2026-09-23,DEL_CCU,1,Goibibo,9235.0,22
2026-09-23,DEL_CCU,1,IndiGo Direct,9865.5,60
2026-09-23,DEL_CCU,1,Ixigo,9163.5,22
2026-09-23,DEL_CCU,1,Yatra,5400.0,75
2026-09-23,DEL_CCU,7,Akasa Direct,7909.0,6
2026-09-23,DEL_CCU,7,Cleartrip,8922.0,24
2026-09-23,DEL_CCU,7,Goibibo,8922.0,24
2026-09-23,DEL_CCU,7,IndiGo Direct,8154.5,56
2026-09-23,DEL_CCU,7,Ixigo,8922.0,23
2026-09-23,DEL_CCU,7,Yatra,5400.0,75
2026-09-23,DEL_CCU,15,Akasa Direct,9008.0,11
2026-09-23,DEL_CCU,15,Cleartrip,9500.0,27
2026-09-23,DEL_CCU,15,Goibibo,9500.0,27
2026-09-23,DEL_CCU,15,IndiGo Direct,9692.0,62
2026-09-23,DEL_CCU,15,Ixigo,9500.0,27
2026-09-23,DEL_CCU,15,Yatra,5400.0,75
2026-09-23,DEL_CCU,30,Akasa Direct,12405.0,7
2026-09-23,DEL_CCU,30,Cleartrip,13437.0,31
2026-09-23,DEL_CCU,30,Goibibo,14045.0,31
2026-09-23,DEL_CCU,30,IndiGo Direct,13425.0,62
2026-09-23,DEL_CCU,30,Ixigo,13437.0,31
2026-09-23,DEL_CCU,30,SpiceJet Direct,9823.0,3
2026-09-23,DEL_CCU,30,Yatra,5400.0,75
2026-09-23,DEL_CCU,45,Cleartrip,13675.0,26
2026-09-23,DEL_CCU,45,Goibibo,13437.0,26
2026-09-23,DEL_CCU,45,IndiGo Direct,15515.0,62
2026-09-23,DEL_CCU,45,Ixigo,13675.0,26
2026-09-23,DEL_CCU,45,SpiceJet Direct,10941.0,1
2026-09-23,DEL_CCU,45,Yatra,5400.0,75
2026-09-23,DEL_GOI,1,Cleartrip,10468.0,9
2026-09-23,DEL_GOI,1,Goibibo,11150.5,16
2026-09-23,DEL_GOI,1,Ixigo,10016.0,16
2026-09-23,DEL_GOI,1,Yatra,5400.0,75
2026-09-23,DEL_GOI,7,Cleartrip,10206.0,9
2026-09-23,DEL_GOI,7,Goibibo,11546.0,16
2026-09-23,DEL_GOI,7,IndiGo Direct,12682.0,56
2026-09-23,DEL_GOI,7,Ixigo,12818.0,14
2026-09-23,DEL_GOI,7,Yatra,5400.0,75
2026-09-23,DEL_GOI,15,Cleartrip,8259.5,10
2026-09-23,DEL_GOI,15,Goibibo,8966.0,18
2026-09-23,DEL_GOI,15,Ixigo,8264.0,15
2026-09-23,DEL_GOI,15,Yatra,5400.0,75
2026-09-23,DEL_GOI,30,Cleartrip,11098.0,10
2026-09-23,DEL_GOI,30,Goibibo,11227.0,16
2026-09-23,DEL_GOI,30,IndiGo Direct,10379.0,55
2026-09-23,DEL_GOI,30,Ixigo,10364.0,15
2026-09-23,DEL_GOI,30,Yatra,5400.0,75
2026-09-23,DEL_GOI,45,Cleartrip,8000.5,10
2026-09-23,DEL_GOI,45,Goibibo,8496.0,19
2026-09-23,DEL_GOI,45,IndiGo Direct,10147.0,55
2026-09-23,DEL_GOI,45,Ixigo,8053.0,15
2026-09-23,DEL_GOI,45,Yatra,5400.0,75
2026-09-23,DEL_HYD,1,Akasa Direct,8538.0,10
2026-09-23,DEL_HYD,1,Cleartrip,9243.0,25
2026-09-23,DEL_HYD,1,Goibibo,9243.0,25
2026-09-23,DEL_HYD,1,IndiGo Direct,9120.0,63
2026-09-23,DEL_HYD,1,Ixigo,9130.0,25
2026-09-23,DEL_HYD,1,Yatra,5400.0,75
2026-09-23,DEL_HYD,7,Akasa Direct,8538.0,7
2026-09-23,DEL_HYD,7,Cleartrip,8930.0,25
2026-09-23,DEL_HYD,7,Goibibo,8930.0,26
2026-09-23,DEL_HYD,7,Ixigo,8930.0,26
2026-09-23,DEL_HYD,7,Yatra,5400.0,75
2026-09-23,DEL_HYD,15,Akasa Direct,8385.0,7
2026-09-23,DEL_HYD,15,Cleartrip,9243.0,29
2026-09-23,DEL_HYD,15,Goibibo,9243.0,29
2026-09-23,DEL_HYD,15,Ixigo,9243.0,29
2026-09-23,DEL_HYD,15,Yatra,5400.0,75
2026-09-23,DEL_HYD,30,Akasa Direct,9516.0,7
2026-09-23,DEL_HYD,30,Cleartrip,9591.5,28
2026-09-23,DEL_HYD,30,Goibibo,9591.5,28
2026-09-23,DEL_HYD,30,IndiGo Direct,8484.0,63
2026-09-23,DEL_HYD,30,Ixigo,9591.5,28
2026-09-23,DEL_HYD,30,Yatra,5400.0,75
2026-09-23,DEL_HYD,45,Akasa Direct,8538.0,7
2026-09-23,DEL_HYD,45,Cleartrip,10385.0,27
2026-09-23,DEL_HYD,45,Goibibo,10385.0,27
2026-09-23,DEL_HYD,45,IndiGo Direct,10990.0,63
2026-09-23,DEL_HYD,45,Ixigo,10385.0,27
2026-09-23,DEL_HYD,45,SpiceJet Direct,9229.0,1
2026-09-23,DEL_HYD,45,Yatra,5400.0,75
2026-09-23,DEL_MAA,1,Akasa Direct,13067.0,5
2026-09-23,DEL_MAA,1,Cleartrip,10315.0,16
2026-09-23,DEL_MAA,1,Goibibo,11266.0,17
2026-09-23,DEL_MAA,1,IndiGo Direct,11042.5,60
2026-09-23,DEL_MAA,1,Ixigo,10315.0,17
2026-09-23,DEL_MAA,1,Yatra,5400.0,75
2026-09-23,DEL_MAA,7,Cleartrip,10315.0,16
2026-09-23,DEL_MAA,7,Goibibo,10315.0,16
2026-09-23,DEL_MAA,7,IndiGo Direct,10130.0,52
2026-09-23,DEL_MAA,7,Ixigo,10315.0,16
2026-09-23,DEL_MAA,7,Yatra,5400.0,75
2026-09-23,DEL_MAA,15,Akasa Direct,10406.0,7
2026-09-23,DEL_MAA,15,Cleartrip,10002.0,18
2026-09-23,DEL_MAA,15,Goibibo,10002.0,18
2026-09-23,DEL_MAA,15,IndiGo Direct,12529.0,10
2026-09-23,DEL_MAA,15,Ixigo,10002.0,18
2026-09-23,DEL_MAA,15,Yatra,5400.0,75
2026-09-23,DEL_MAA,30,Akasa Direct,10789.0,7
2026-09-23,DEL_MAA,30,Cleartrip,10002.0,17
2026-09-23,DEL_MAA,30,Goibibo,10002.0,17
2026-09-23,DEL_MAA,30,IndiGo Direct,9999.0,55
2026-09-23,DEL_MAA,30,Ixigo,10002.0,17
2026-09-23,DEL_MAA,30,Yatra,5400.0,75
2026-09-23,DEL_MAA,45,Akasa Direct,13004.0,4
2026-09-23,DEL_MAA,45,Cleartrip,10465.0,18
2026-09-23,DEL_MAA,45,Goibibo,10465.0,18
2026-09-23,DEL_MAA,45,IndiGo Direct,13146.0,55
2026-09-23,DEL_MAA,45,Ixigo,10465.0,18
2026-09-23,DEL_MAA,45,Yatra,5400.0,75
2026-09-23,HYD_BLR,1,Akasa Direct,18441.5,10
2026-09-23,HYD_BLR,1,Cleartrip,12715.0,14
2026-09-23,HYD_BLR,1,Goibibo,12714.5,14
2026-09-23,HYD_BLR,1,IndiGo Direct,9933.0,81
2026-09-23,HYD_BLR,1,Ixigo,13888.0,15
2026-09-23,HYD_BLR,1,Yatra,5400.0,75
2026-09-23,HYD_BLR,7,Cleartrip,7984.5,14
2026-09-23,HYD_BLR,7,Goibibo,7661.0,15
2026-09-23,HYD_BLR,7,IndiGo Direct,6929.0,76
2026-09-23,HYD_BLR,7,Ixigo,7072.0,15
2026-09-23,HYD_BLR,7,Yatra,5400.0,75
2026-09-23,HYD_BLR,15,Akasa Direct,18250.0,7
2026-09-23,HYD_BLR,15,Cleartrip,5616.0,15
2026-09-23,HYD_BLR,15,Goibibo,5616.0,15
2026-09-23,HYD_BLR,15,IndiGo Direct,5625.5,74
2026-09-23,HYD_BLR,15,Ixigo,5220.0,15
2026-09-23,HYD_BLR,15,Yatra,5000.0,75
2026-09-23,HYD_BLR,30,Akasa Direct,18436.0,7
2026-09-23,HYD_BLR,30,Cleartrip,5616.0,15
2026-09-23,HYD_BLR,30,Goibibo,5616.0,15
2026-09-23,HYD_BLR,30,IndiGo Direct,5898.0,72
2026-09-23,HYD_BLR,30,Ixigo,5616.0,15
2026-09-23,HYD_BLR,30,Yatra,5400.0,75
2026-09-23,HYD_BLR,45,Akasa Direct,18096.5,6
2026-09-23,HYD_BLR,45,Cleartrip,4734.0,17
2026-09-23,HYD_BLR,45,Goibibo,4797.0,18
2026-09-23,HYD_BLR,45,IndiGo Direct,6118.0,55
2026-09-23,HYD_BLR,45,Ixigo,4534.0,6
2026-09-23,HYD_BLR,45,Yatra,5056.0,75
2026-09-23,HYD_DEL,1,Akasa Direct,8352.0,7
2026-09-23,HYD_DEL,1,Cleartrip,9439.0,25
2026-09-23,HYD_DEL,1,Goibibo,9373.0,25
2026-09-23,HYD_DEL,1,IndiGo Direct,12174.0,61
2026-09-23,HYD_DEL,1,Ixigo,9619.0,25
2026-09-23,HYD_DEL,1,Yatra,5400.0,75
2026-09-23,HYD_DEL,7,Akasa Direct,8647.0,9
2026-09-23,HYD_DEL,7,Cleartrip,8493.0,26
2026-09-23,HYD_DEL,7,Goibibo,8416.5,26
2026-09-23,HYD_DEL,7,IndiGo Direct,8341.0,61
2026-09-23,HYD_DEL,7,Ixigo,8696.5,26
2026-09-23,HYD_DEL,7,Yatra,5400.0,75
2026-09-23,HYD_DEL,15,Akasa Direct,9952.0,7
2026-09-23,HYD_DEL,15,Cleartrip,10808.0,29
2026-09-23,HYD_DEL,15,Goibibo,10808.0,29
2026-09-23,HYD_DEL,15,IndiGo Direct,9277.0,64
2026-09-23,HYD_DEL,15,Ixigo,10808.0,29
2026-09-23,HYD_DEL,15,Yatra,5400.0,75
2026-09-23,HYD_DEL,30,Akasa Direct,8647.0,7
2026-09-23,HYD_DEL,30,Cleartrip,9190.5,28
2026-09-23,HYD_DEL,30,Goibibo,9303.5,28
2026-09-23,HYD_DEL,30,IndiGo Direct,8341.0,64
2026-09-23,HYD_DEL,30,Ixigo,9190.5,28
2026-09-23,HYD_DEL,30,Yatra,5400.0,75
2026-09-23,HYD_DEL,45,Akasa Direct,8352.0,7
2026-09-23,HYD_DEL,45,Cleartrip,12568.0,27
2026-09-23,HYD_DEL,45,Goibibo,12262.0,27
2026-09-23,HYD_DEL,45,IndiGo Direct,15467.0,64
2026-09-23,HYD_DEL,45,Ixigo,12568.0,27
2026-09-23,HYD_DEL,45,Yatra,5700.0,75
2026-09-23,MAA_BOM,1,Akasa Direct,7571.0,4
2026-09-23,MAA_BOM,1,Cleartrip,8407.0,17
2026-09-23,MAA_BOM,1,Goibibo,8407.0,17
2026-09-23,MAA_BOM,1,IndiGo Direct,9805.5,54
2026-09-23,MAA_BOM,1,Ixigo,8723.0,17
2026-09-23,MAA_BOM,1,Yatra,5400.0,75
2026-09-23,MAA_BOM,7,Cleartrip,7540.0,17
2026-09-23,MAA_BOM,7,Goibibo,7540.0,18
2026-09-23,MAA_BOM,7,IndiGo Direct,9211.0,47
2026-09-23,MAA_BOM,7,Ixigo,7540.0,18
2026-09-23,MAA_BOM,7,Yatra,5400.0,75
2026-09-23,MAA_BOM,15,Akasa Direct,7061.0,7
2026-09-23,MAA_BOM,15,Cleartrip,7853.0,19
2026-09-23,MAA_BOM,15,Goibibo,7853.0,19
2026-09-23,MAA_BOM,15,IndiGo Direct,7566.0,51
2026-09-23,MAA_BOM,15,Ixigo,7540.0,19
2026-09-23,MAA_BOM,15,Yatra,5400.0,75
2026-09-23,MAA_BOM,30,Akasa Direct,7436.0,7
2026-09-23,MAA_BOM,30,Cleartrip,7540.0,19
2026-09-23,MAA_BOM,30,Goibibo,7540.0,19
2026-09-23,MAA_BOM,30,IndiGo Direct,9211.0,51
2026-09-23,MAA_BOM,30,Ixigo,7540.0,18
2026-09-23,MAA_BOM,30,Yatra,5400.0,75
2026-09-23,MAA_BOM,45,Cleartrip,7958.0,17
2026-09-23,MAA_BOM,45,Goibibo,7610.0,17
2026-09-23,MAA_BOM,45,IndiGo Direct,11996.0,59
2026-09-23,MAA_BOM,45,Ixigo,7958.0,17
2026-09-23,MAA_BOM,45,Yatra,5400.0,75
2026-09-23,MAA_DEL,1,Akasa Direct,14536.0,4
2026-09-23,MAA_DEL,1,Cleartrip,12747.0,17
2026-09-23,MAA_DEL,1,Goibibo,12747.0,17
2026-09-23,MAA_DEL,1,IndiGo Direct,12812.0,57
2026-09-23,MAA_DEL,1,Ixigo,12170.0,17
2026-09-23,MAA_DEL,1,Yatra,5400.0,75
2026-09-23,MAA_DEL,7,Cleartrip,10150.0,16
2026-09-23,MAA_DEL,7,Goibibo,10150.0,16
2026-09-23,MAA_DEL,7,IndiGo Direct,9843.5,50
2026-09-23,MAA_DEL,7,Ixigo,10150.0,16
2026-09-23,MAA_DEL,7,Yatra,5400.0,75
2026-09-23,MAA_DEL,15,Akasa Direct,11187.0,7
2026-09-23,MAA_DEL,15,Cleartrip,10306.5,18
2026-09-23,MAA_DEL,15,Goibibo,10463.0,18
2026-09-23,MAA_DEL,15,IndiGo Direct,10376.0,57
2026-09-23,MAA_DEL,15,Ixigo,10306.5,18
2026-09-23,MAA_DEL,15,Yatra,5400.0,75
2026-09-23,MAA_DEL,30,Akasa Direct,12423.0,7
2026-09-23,MAA_DEL,30,Cleartrip,10725.0,17
2026-09-23,MAA_DEL,30,Goibibo,10725.0,17
2026-09-23,MAA_DEL,30,Ixigo,10725.0,17
2026-09-23,MAA_DEL,30,Yatra,5400.0,75
2026-09-23,MAA_DEL,45,Cleartrip,12641.0,18
2026-09-23,MAA_DEL,45,Goibibo,12641.0,18
2026-09-23,MAA_DEL,45,Ixigo,12641.0,18
2026-09-23,MAA_DEL,45,Yatra,5400.0,75
2026-09-24,AMD_DEL,1,Air India Direct,9335.0,1
2026-09-24,AMD_DEL,1,Akasa Direct,9795.0,7
2026-09-24,AMD_DEL,1,Cleartrip,12560.0,19
2026-09-24,AMD_DEL,1,EaseMyTrip,12033.0,39
2026-09-24,AMD_DEL,1,Goibibo,13976.5,18
2026-09-24,AMD_DEL,1,IndiGo Direct,10968.0,23
2026-09-24,AMD_DEL,1,Ixigo,12554.0,19
2026-09-24,AMD_DEL,1,MakeMyTrip,12560.0,22
2026-09-24,AMD_DEL,1,Yatra,6000.0,75
2026-09-24,AMD_DEL,7,Air India Direct,6435.0,1
2026-09-24,AMD_DEL,7,Akasa Direct,10279.0,7
2026-09-24,AMD_DEL,7,Cleartrip,6621.0,17
2026-09-24,AMD_DEL,7,EaseMyTrip,11375.0,52
2026-09-24,AMD_DEL,7,Goibibo,7041.0,17
2026-09-24,AMD_DEL,7,IndiGo Direct,7092.0,21
2026-09-24,AMD_DEL,7,Ixigo,6621.0,17
2026-09-24,AMD_DEL,7,MakeMyTrip,6569.0,20
2026-09-24,AMD_DEL,7,Yatra,5400.0,75
2026-09-24,AMD_DEL,15,Air India Direct,6324.0,1
2026-09-24,AMD_DEL,15,Akasa Direct,11151.0,7
2026-09-24,AMD_DEL,15,Cleartrip,6290.0,18
2026-09-24,AMD_DEL,15,EaseMyTrip,7121.5,34
2026-09-24,AMD_DEL,15,Goibibo,6290.0,18
2026-09-24,AMD_DEL,15,IndiGo Direct,6255.0,20
2026-09-24,AMD_DEL,15,MakeMyTrip,6290.0,22
2026-09-24,AMD_DEL,15,Yatra,6000.0,75
2026-09-24,AMD_DEL,30,Air India Direct,6435.0,1
2026-09-24,AMD_DEL,30,Akasa Direct,12761.0,7
2026-09-24,AMD_DEL,30,Cleartrip,6351.0,19
2026-09-24,AMD_DEL,30,EaseMyTrip,13383.5,58
2026-09-24,AMD_DEL,30,Goibibo,6351.0,19
2026-09-24,AMD_DEL,30,IndiGo Direct,5823.0,21
2026-09-24,AMD_DEL,30,Ixigo,6351.0,19
2026-09-24,AMD_DEL,30,MakeMyTrip,6290.0,23
2026-09-24,AMD_DEL,30,Yatra,5400.0,75
2026-09-24,AMD_DEL,45,Air India Direct,7340.0,1
2026-09-24,AMD_DEL,45,Akasa Direct,9713.5,6
2026-09-24,AMD_DEL,45,Cleartrip,9830.0,22
2026-09-24,AMD_DEL,45,EaseMyTrip,14985.0,63
2026-09-24,AMD_DEL,45,Goibibo,9786.5,22
2026-09-24,AMD_DEL,45,IndiGo Direct,12543.0,30
2026-09-24,AMD_DEL,45,Ixigo,9830.0,22
2026-09-24,AMD_DEL,45,MakeMyTrip,8990.0,27
2026-09-24,AMD_DEL,45,Yatra,5400.0,75
2026-09-24,BLR_BOM,1,Air India Direct,6553.0,1
2026-09-24,BLR_BOM,1,Akasa Direct,5138.0,7
2026-09-24,BLR_BOM,1,Cleartrip,7139.5,32
2026-09-24,BLR_BOM,1,EaseMyTrip,12022.0,116
2026-09-24,BLR_BOM,1,Goibibo,6982.0,35
2026-09-24,BLR_BOM,1,IndiGo Direct,9256.0,64
2026-09-24,BLR_BOM,1,Ixigo,6982.0,35
2026-09-24,BLR_BOM,1,MakeMyTrip,6982.0,41
2026-09-24,BLR_BOM,1,Yatra,5400.0,75
2026-09-24,BLR_BOM,7,Air India Direct,5363.0,1
2026-09-24,BLR_BOM,7,Akasa Direct,6138.0,14
2026-09-24,BLR_BOM,7,Cleartrip,7002.0,35
2026-09-24,BLR_BOM,7,EaseMyTrip,9427.0,136
2026-09-24,BLR_BOM,7,Goibibo,6982.0,38
2026-09-24,BLR_BOM,7,IndiGo Direct,7649.0,62
2026-09-24,BLR_BOM,7,Ixigo,7122.0,38
2026-09-24,BLR_BOM,7,MakeMyTrip,6982.0,42
2026-09-24,BLR_BOM,7,Yatra,5400.0,75
2026-09-24,BLR_BOM,15,Air India Direct,6526.0,1
2026-09-24,BLR_BOM,15,Akasa Direct,5544.0,7
2026-09-24,BLR_BOM,15,Cleartrip,7297.0,31
2026-09-24,BLR_BOM,15,EaseMyTrip,10411.0,126
2026-09-24,BLR_BOM,15,Goibibo,7808.0,34
2026-09-24,BLR_BOM,15,IndiGo Direct,7649.0,62
2026-09-24,BLR_BOM,15,Ixigo,7753.0,34
2026-09-24,BLR_BOM,15,MakeMyTrip,7287.0,37
2026-09-24,BLR_BOM,15,Yatra,5400.0,75
2026-09-24,BLR_BOM,30,Air India Direct,5976.0,1
2026-09-24,BLR_BOM,30,Cleartrip,7112.0,32
2026-09-24,BLR_BOM,30,EaseMyTrip,7649.0,131
2026-09-24,BLR_BOM,30,Goibibo,6982.0,34
2026-09-24,BLR_BOM,30,IndiGo Direct,7570.0,57
2026-09-24,BLR_BOM,30,Ixigo,6982.0,34
2026-09-24,BLR_BOM,30,MakeMyTrip,6982.0,38
2026-09-24,BLR_BOM,30,SpiceJet Direct,4825.0,2
2026-09-24,BLR_BOM,30,Yatra,5400.0,75
2026-09-24,BLR_BOM,45,Air India Direct,6788.0,1
2026-09-24,BLR_BOM,45,Akasa Direct,5138.0,7
2026-09-24,BLR_BOM,45,Cleartrip,8452.0,33
2026-09-24,BLR_BOM,45,EaseMyTrip,8564.5,134
2026-09-24,BLR_BOM,45,Goibibo,8452.0,38
2026-09-24,BLR_BOM,45,IndiGo Direct,7649.0,54
2026-09-24,BLR_BOM,45,Ixigo,8452.0,38
2026-09-24,BLR_BOM,45,MakeMyTrip,8452.0,39
2026-09-24,BLR_BOM,45,SpiceJet Direct,5846.0,3
2026-09-24,BLR_BOM,45,Yatra,5400.0,75
2026-09-24,BLR_DEL,1,Air India Direct,10772.0,1
2026-09-24,BLR_DEL,1,Akasa Direct,8364.0,7
2026-09-24,BLR_DEL,1,Cleartrip,22076.0,30
2026-09-24,BLR_DEL,1,EaseMyTrip,15327.0,137
2026-09-24,BLR_DEL,1,Goibibo,25086.5,40
2026-09-24,BLR_DEL,1,IndiGo Direct,13257.0,65
2026-09-24,BLR_DEL,1,Ixigo,22076.0,39
2026-09-24,BLR_DEL,1,MakeMyTrip,22076.0,48
2026-09-24,BLR_DEL,1,Yatra,5400.0,75
2026-09-24,BLR_DEL,7,Air India Direct,9214.0,1
2026-09-24,BLR_DEL,7,Akasa Direct,8364.0,7
2026-09-24,BLR_DEL,7,Cleartrip,10138.0,42
2026-09-24,BLR_DEL,7,EaseMyTrip,12828.0,147
2026-09-24,BLR_DEL,7,Goibibo,10138.0,43
2026-09-24,BLR_DEL,7,IndiGo Direct,10169.0,68
2026-09-24,BLR_DEL,7,Ixigo,10138.0,43
2026-09-24,BLR_DEL,7,MakeMyTrip,9709.5,50
2026-09-24,BLR_DEL,7,Yatra,5400.0,75
2026-09-24,BLR_DEL,15,Air India Direct,9598.0,1
2026-09-24,BLR_DEL,15,Akasa Direct,9979.0,7
2026-09-24,BLR_DEL,15,Cleartrip,11379.0,43
2026-09-24,BLR_DEL,15,EaseMyTrip,13737.0,155
2026-09-24,BLR_DEL,15,Goibibo,11330.5,44
2026-09-24,BLR_DEL,15,IndiGo Direct,10275.0,69
2026-09-24,BLR_DEL,15,Ixigo,11210.0,44
2026-09-24,BLR_DEL,15,MakeMyTrip,10969.0,51
2026-09-24,BLR_DEL,15,Yatra,5400.0,75
2026-09-24,BLR_DEL,30,Air India Direct,9896.0,1
2026-09-24,BLR_DEL,30,Akasa Direct,9448.0,7
2026-09-24,BLR_DEL,30,Cleartrip,10162.0,45
2026-09-24,BLR_DEL,30,EaseMyTrip,10650.0,148
2026-09-24,BLR_DEL,30,Goibibo,10124.5,46
2026-09-24,BLR_DEL,30,IndiGo Direct,10039.0,69
2026-09-24,BLR_DEL,30,Ixigo,10162.0,46
2026-09-24,BLR_DEL,30,MakeMyTrip,9917.0,53
2026-09-24,BLR_DEL,30,SpiceJet Direct,9212.0,2
2026-09-24,BLR_DEL,30,Yatra,5400.0,75
2026-09-24,BLR_DEL,45,Air India Direct,10054.0,1
2026-09-24,BLR_DEL,45,Akasa Direct,8364.0,6
2026-09-24,BLR_DEL,45,Cleartrip,10286.5,42
2026-09-24,BLR_DEL,45,EaseMyTrip,11556.0,168
2026-09-24,BLR_DEL,45,Goibibo,10244.0,43
2026-09-24,BLR_DEL,45,IndiGo Direct,10086.0,65
2026-09-24,BLR_DEL,45,Ixigo,10244.0,43
2026-09-24,BLR_DEL,45,MakeMyTrip,10121.0,50
2026-09-24,BLR_DEL,45,Yatra,5400.0,75
2026-09-24,BLR_HYD,1,Air India Direct,6789.0,1
2026-09-24,BLR_HYD,1,Akasa Direct,16843.0,7
2026-09-24,BLR_HYD,1,Cleartrip,11511.0,15
2026-09-24,BLR_HYD,1,EaseMyTrip,12808.5,100
2026-09-24,BLR_HYD,1,Goibibo,12353.0,15
2026-09-24,BLR_HYD,1,Ixigo,12573.0,15
2026-09-24,BLR_HYD,1,MakeMyTrip,11511.0,18
2026-09-24,BLR_HYD,1,Yatra,5400.0,75
2026-09-24,BLR_HYD,7,Air India Direct,6306.0,1
2026-09-24,BLR_HYD,7,Akasa Direct,16525.0,7
2026-09-24,BLR_HYD,7,Cleartrip,8166.0,15
2026-09-24,BLR_HYD,7,EaseMyTrip,11949.5,104
2026-09-24,BLR_HYD,7,Goibibo,8525.0,16
2026-09-24,BLR_HYD,7,Ixigo,8525.0,16
2026-09-24,BLR_HYD,7,MakeMyTrip,6396.0,19
2026-09-24,BLR_HYD,7,Yatra,5400.0,75
2026-09-24,BLR_HYD,15,Air India Direct,6462.0,1
2026-09-24,BLR_HYD,15,Akasa Direct,17984.0,7
2026-09-24,BLR_HYD,15,Cleartrip,8167.0,15
2026-09-24,BLR_HYD,15,EaseMyTrip,10159.5,100
2026-09-24,BLR_HYD,15,Goibibo,8884.0,15
2026-09-24,BLR_HYD,15,Ixigo,8167.0,15
2026-09-24,BLR_HYD,15,MakeMyTrip,7905.0,18
2026-09-24,BLR_HYD,15,Yatra,5400.0,75
2026-09-24,BLR_HYD,30,Air India Direct,5868.0,1
2026-09-24,BLR_HYD,30,Cleartrip,5078.0,15
2026-09-24,BLR_HYD,30,EaseMyTrip,9090.0,105
2026-09-24,BLR_HYD,30,Goibibo,5078.0,15
2026-09-24,BLR_HYD,30,Ixigo,5078.0,15
2026-09-24,BLR_HYD,30,MakeMyTrip,5078.0,18
2026-09-24,BLR_HYD,30,Yatra,5078.0,75
2026-09-24,BLR_HYD,45,Air India Direct,5471.0,1
2026-09-24,BLR_HYD,45,Cleartrip,4898.0,16
2026-09-24,BLR_HYD,45,EaseMyTrip,12950.0,107
2026-09-24,BLR_HYD,45,Goibibo,5078.0,17
2026-09-24,BLR_HYD,45,Ixigo,4898.0,16
2026-09-24,BLR_HYD,45,MakeMyTrip,4718.0,19
2026-09-24,BLR_HYD,45,Yatra,5400.0,75
2026-09-24,BOM_BLR,1,Air India Direct,5697.0,1
2026-09-24,BOM_BLR,1,Akasa Direct,5249.0,7
2026-09-24,BOM_BLR,1,Cleartrip,7062.0,33
2026-09-24,BOM_BLR,1,EaseMyTrip,10386.0,116
2026-09-24,BOM_BLR,1,Goibibo,7062.0,37
2026-09-24,BOM_BLR,1,IndiGo Direct,9304.0,62
2026-09-24,BOM_BLR,1,Ixigo,7062.0,37
2026-09-24,BOM_BLR,1,MakeMyTrip,7062.0,40
2026-09-24,BOM_BLR,1,Yatra,5400.0,75
2026-09-24,BOM_BLR,7,Air India Direct,6349.0,1
2026-09-24,BOM_BLR,7,Akasa Direct,7495.0,7
2026-09-24,BOM_BLR,7,Cleartrip,8130.0,31
2026-09-24,BOM_BLR,7,EaseMyTrip,10068.0,125
2026-09-24,BOM_BLR,7,Goibibo,8112.0,33
2026-09-24,BOM_BLR,7,IndiGo Direct,8126.0,61
2026-09-24,BOM_BLR,7,Ixigo,8112.0,33
2026-09-24,BOM_BLR,7,MakeMyTrip,7692.0,37
2026-09-24,BOM_BLR,7,Yatra,5400.0,75
2026-09-24,BOM_BLR,15,Air India Direct,5238.0,1
2026-09-24,BOM_BLR,15,Akasa Direct,5050.0,7
2026-09-24,BOM_BLR,15,Cleartrip,7377.0,31
2026-09-24,BOM_BLR,15,EaseMyTrip,7916.0,138
2026-09-24,BOM_BLR,15,Goibibo,7377.0,35
2026-09-24,BOM_BLR,15,IndiGo Direct,7584.0,56
2026-09-24,BOM_BLR,15,Ixigo,7377.0,35
2026-09-24,BOM_BLR,15,MakeMyTrip,7322.0,37
2026-09-24,BOM_BLR,15,Yatra,5400.0,75
2026-09-24,BOM_BLR,30,Air India Direct,5959.0,1
2026-09-24,BOM_BLR,30,Akasa Direct,6137.0,7
2026-09-24,BOM_BLR,30,Cleartrip,8112.0,31
2026-09-24,BOM_BLR,30,EaseMyTrip,9192.0,129
2026-09-24,BOM_BLR,30,Goibibo,7941.0,34
2026-09-24,BOM_BLR,30,IndiGo Direct,7797.0,59
2026-09-24,BOM_BLR,30,Ixigo,8112.0,34
2026-09-24,BOM_BLR,30,MakeMyTrip,8112.0,37
2026-09-24,BOM_BLR,30,SpiceJet Direct,5490.0,3
2026-09-24,BOM_BLR,30,Yatra,5400.0,75
2026-09-24,BOM_BLR,45,Air India Direct,7699.0,1
2026-09-24,BOM_BLR,45,Akasa Direct,5249.0,7
2026-09-24,BOM_BLR,45,Cleartrip,9508.0,35
2026-09-24,BOM_BLR,45,EaseMyTrip,10107.0,145
2026-09-24,BOM_BLR,45,Goibibo,9188.0,41
2026-09-24,BOM_BLR,45,IndiGo Direct,8613.0,56
2026-09-24,BOM_BLR,45,Ixigo,9188.0,41
2026-09-24,BOM_BLR,45,MakeMyTrip,9192.0,42
2026-09-24,BOM_BLR,45,SpiceJet Direct,6261.0,3
2026-09-24,BOM_BLR,45,Yatra,5400.0,75
2026-09-24,BOM_DEL,1,Air India Direct,6741.0,1
2026-09-24,BOM_DEL,1,Cleartrip,7393.0,54
2026-09-24,BOM_DEL,1,EaseMyTrip,10836.0,136
2026-09-24,BOM_DEL,1,Goibibo,7393.0,60
2026-09-24,BOM_DEL,1,IndiGo Direct,8195.5,72
2026-09-24,BOM_DEL,1,Ixigo,7519.0,56
2026-09-24,BOM_DEL,1,MakeMyTrip,7033.0,67
2026-09-24,BOM_DEL,1,SpiceJet Direct,14245.5,2
2026-09-24,BOM_DEL,1,Yatra,5400.0,75
2026-09-24,BOM_DEL,7,Air India Direct,6854.0,1
2026-09-24,BOM_DEL,7,Cleartrip,9135.0,55
2026-09-24,BOM_DEL,7,EaseMyTrip,9633.0,122
2026-09-24,BOM_DEL,7,Goibibo,8351.0,46
2026-09-24,BOM_DEL,7,IndiGo Direct,8096.0,73
2026-09-24,BOM_DEL,7,Ixigo,9501.0,59
2026-09-24,BOM_DEL,7,MakeMyTrip,8374.0,69
2026-09-24,BOM_DEL,7,SpiceJet Direct,8874.0,3
2026-09-24,BOM_DEL,7,Yatra,5400.0,75
2026-09-24,BOM_DEL,15,Air India Direct,6741.0,1
2026-09-24,BOM_DEL,15,Akasa Direct,6523.0,14
2026-09-24,BOM_DEL,15,Cleartrip,6875.0,58
2026-09-24,BOM_DEL,15,EaseMyTrip,7507.0,125
2026-09-24,BOM_DEL,15,Goibibo,6875.0,63
2026-09-24,BOM_DEL,15,IndiGo Direct,6825.5,74
2026-09-24,BOM_DEL,15,Ixigo,6875.0,63
2026-09-24,BOM_DEL,15,MakeMyTrip,6875.0,70
2026-09-24,BOM_DEL,15,SpiceJet Direct,6472.0,2
2026-09-24,BOM_DEL,15,Yatra,5400.0,75
2026-09-24,BOM_DEL,30,Air India Direct,6917.0,1
2026-09-24,BOM_DEL,30,Akasa Direct,7009.0,7
2026-09-24,BOM_DEL,30,Cleartrip,7364.0,59
2026-09-24,BOM_DEL,30,EaseMyTrip,7608.0,163
2026-09-24,BOM_DEL,30,Goibibo,7364.0,61
2026-09-24,BOM_DEL,30,IndiGo Direct,7289.0,73
2026-09-24,BOM_DEL,30,Ixigo,7314.5,62
2026-09-24,BOM_DEL,30,MakeMyTrip,7051.0,72
2026-09-24,BOM_DEL,30,Yatra,5400.0,75
2026-09-24,BOM_DEL,45,Air India Direct,8143.0,1
2026-09-24,BOM_DEL,45,Akasa Direct,6523.0,6
2026-09-24,BOM_DEL,45,Cleartrip,8752.0,63
2026-09-24,BOM_DEL,45,EaseMyTrip,10420.0,163
2026-09-24,BOM_DEL,45,Goibibo,8752.0,66
2026-09-24,BOM_DEL,45,IndiGo Direct,9224.0,74
2026-09-24,BOM_DEL,45,Ixigo,8752.0,66
2026-09-24,BOM_DEL,45,MakeMyTrip,8559.0,69
2026-09-24,BOM_DEL,45,SpiceJet Direct,6922.0,6
2026-09-24,BOM_DEL,45,Yatra,5400.0,75
2026-09-24,BOM_GOI,1,Air India Direct,8539.0,1
2026-09-24,BOM_GOI,1,Cleartrip,12127.5,12
2026-09-24,BOM_GOI,1,EaseMyTrip,13390.0,63
2026-09-24,BOM_GOI,1,Goibibo,10834.5,20
2026-09-24,BOM_GOI,1,IndiGo Direct,9904.0,21
2026-09-24,BOM_GOI,1,Ixigo,10968.0,15
2026-09-24,BOM_GOI,1,MakeMyTrip,9342.0,15
2026-09-24,BOM_GOI,1,Yatra,5400.0,75
2026-09-24,BOM_GOI,7,Air India Direct,9693.0,1
2026-09-24,BOM_GOI,7,Cleartrip,11598.0,13
2026-09-24,BOM_GOI,7,EaseMyTrip,17466.0,83
2026-09-24,BOM_GOI,7,Goibibo,11902.0,22
2026-09-24,BOM_GOI,7,IndiGo Direct,12702.0,29
2026-09-24,BOM_GOI,7,Ixigo,12077.0,20
2026-09-24,BOM_GOI,7,MakeMyTrip,10392.0,19
2026-09-24,BOM_GOI,7,Yatra,5400.0,75
2026-09-24,BOM_GOI,15,Air India Direct,5903.0,1
2026-09-24,BOM_GOI,15,Cleartrip,5916.0,13
2026-09-24,BOM_GOI,15,EaseMyTrip,10828.0,89
2026-09-24,BOM_GOI,15,Goibibo,6517.0,23
2026-09-24,BOM_GOI,15,IndiGo Direct,7827.0,29
2026-09-24,BOM_GOI,15,Ixigo,6538.0,20
2026-09-24,BOM_GOI,15,MakeMyTrip,5562.0,17
2026-09-24,BOM_GOI,15,Yatra,5400.0,75
2026-09-24,BOM_GOI,30,Air India Direct,5914.0,1
2026-09-24,BOM_GOI,30,Cleartrip,5352.0,13
2026-09-24,BOM_GOI,30,EaseMyTrip,7937.0,71
2026-09-24,BOM_GOI,30,Goibibo,5535.5,22
2026-09-24,BOM_GOI,30,IndiGo Direct,7477.0,26
2026-09-24,BOM_GOI,30,Ixigo,5820.5,18
2026-09-24,BOM_GOI,30,MakeMyTrip,5142.0,15
2026-09-24,BOM_GOI,30,Yatra,5400.0,75
2026-09-24,BOM_GOI,45,Air India Direct,4906.0,1
2026-09-24,BOM_GOI,45,Cleartrip,4725.0,20
2026-09-24,BOM_GOI,45,EaseMyTrip,9005.0,107
2026-09-24,BOM_GOI,45,Goibibo,4959.0,29
2026-09-24,BOM_GOI,45,IndiGo Direct,7477.0,30
2026-09-24,BOM_GOI,45,Ixigo,4959.0,27
2026-09-24,BOM_GOI,45,MakeMyTrip,4489.0,25
2026-09-24,BOM_GOI,45,SpiceJet Direct,4096.0,4
2026-09-24,BOM_GOI,45,Yatra,5000.0,75
2026-09-24,BOM_MAA,1,Air India Direct,7430.0,1
2026-09-24,BOM_MAA,1,Akasa Direct,6341.0,7
2026-09-24,BOM_MAA,1,Cleartrip,8003.0,18
2026-09-24,BOM_MAA,1,EaseMyTrip,10459.5,104
2026-09-24,BOM_MAA,1,Goibibo,8007.0,18
2026-09-24,BOM_MAA,1,IndiGo Direct,8946.0,56
2026-09-24,BOM_MAA,1,Ixigo,8003.0,18
2026-09-24,BOM_MAA,1,MakeMyTrip,7510.0,19
2026-09-24,BOM_MAA,1,Yatra,5400.0,75
2026-09-24,BOM_MAA,7,Air India Direct,6943.0,1
2026-09-24,BOM_MAA,7,Akasa Direct,6818.0,7
2026-09-24,BOM_MAA,7,Cleartrip,6964.0,19
2026-09-24,BOM_MAA,7,EaseMyTrip,10725.0,102
2026-09-24,BOM_MAA,7,Goibibo,7050.5,18
2026-09-24,BOM_MAA,7,IndiGo Direct,9326.5,52
2026-09-24,BOM_MAA,7,Ixigo,6964.0,19
2026-09-24,BOM_MAA,7,MakeMyTrip,6818.0,23
2026-09-24,BOM_MAA,7,Yatra,5400.0,75
2026-09-24,BOM_MAA,15,Air India Direct,6943.0,1
2026-09-24,BOM_MAA,15,Akasa Direct,6575.0,7
2026-09-24,BOM_MAA,15,Cleartrip,6964.0,19
2026-09-24,BOM_MAA,15,EaseMyTrip,8448.0,95
2026-09-24,BOM_MAA,15,Goibibo,6964.0,19
2026-09-24,BOM_MAA,15,IndiGo Direct,8302.0,51
2026-09-24,BOM_MAA,15,Ixigo,6964.0,19
2026-09-24,BOM_MAA,15,MakeMyTrip,6651.0,22
2026-09-24,BOM_MAA,15,Yatra,5400.0,75
2026-09-24,BOM_MAA,30,Air India Direct,6943.0,1
2026-09-24,BOM_MAA,30,Akasa Direct,6575.0,7
2026-09-24,BOM_MAA,30,Cleartrip,6651.0,19
2026-09-24,BOM_MAA,30,EaseMyTrip,8381.0,96
2026-09-24,BOM_MAA,30,Goibibo,6651.0,20
2026-09-24,BOM_MAA,30,IndiGo Direct,8302.0,54
2026-09-24,BOM_MAA,30,Ixigo,6651.0,20
2026-09-24,BOM_MAA,30,MakeMyTrip,6651.0,23
2026-09-24,BOM_MAA,30,Yatra,5400.0,75
2026-09-24,BOM_MAA,45,Air India Direct,7100.0,1
2026-09-24,BOM_MAA,45,Akasa Direct,6174.5,4
2026-09-24,BOM_MAA,45,Cleartrip,7988.0,17
2026-09-24,BOM_MAA,45,EaseMyTrip,11078.0,98
2026-09-24,BOM_MAA,45,Goibibo,7988.0,17
2026-09-24,BOM_MAA,45,IndiGo Direct,9497.0,47
2026-09-24,BOM_MAA,45,Ixigo,7988.0,17
2026-09-24,BOM_MAA,45,MakeMyTrip,7510.0,19
2026-09-24,BOM_MAA,45,Yatra,5400.0,75
2026-09-24,CCU_DEL,1,Air India Direct,9107.0,1
2026-09-24,CCU_DEL,1,Akasa Direct,8468.0,7
2026-09-24,CCU_DEL,1,Cleartrip,9112.0,22
2026-09-24,CCU_DEL,1,EaseMyTrip,9753.0,92
2026-09-24,CCU_DEL,1,Goibibo,9112.0,22
2026-09-24,CCU_DEL,1,IndiGo Direct,9055.0,52
2026-09-24,CCU_DEL,1,Ixigo,9112.0,22
2026-09-24,CCU_DEL,1,MakeMyTrip,9112.0,26
2026-09-24,CCU_DEL,1,Yatra,5400.0,75
2026-09-24,CCU_DEL,7,Air India Direct,9107.0,1
2026-09-24,CCU_DEL,7,Akasa Direct,8324.0,11
2026-09-24,CCU_DEL,7,Cleartrip,9112.0,27
2026-09-24,CCU_DEL,7,EaseMyTrip,9128.0,113
2026-09-24,CCU_DEL,7,Goibibo,9112.0,27
2026-09-24,CCU_DEL,7,IndiGo Direct,7947.5,56
2026-09-24,CCU_DEL,7,Ixigo,9112.0,27
2026-09-24,CCU_DEL,7,MakeMyTrip,8849.0,32
2026-09-24,CCU_DEL,7,Yatra,5400.0,75
2026-09-24,CCU_DEL,15,Air India Direct,9107.0,1
2026-09-24,CCU_DEL,15,Akasa Direct,8766.0,7
2026-09-24,CCU_DEL,15,Cleartrip,9112.0,27
2026-09-24,CCU_DEL,15,EaseMyTrip,9128.0,111
2026-09-24,CCU_DEL,15,Goibibo,9112.0,27
2026-09-24,CCU_DEL,15,IndiGo Direct,7873.5,56
2026-09-24,CCU_DEL,15,Ixigo,9112.0,27
2026-09-24,CCU_DEL,15,MakeMyTrip,8849.0,31
2026-09-24,CCU_DEL,15,Yatra,5400.0,75
2026-09-24,CCU_DEL,30,Air India Direct,11317.0,1
2026-09-24,CCU_DEL,30,Akasa Direct,11024.0,11
2026-09-24,CCU_DEL,30,Cleartrip,12314.5,30
2026-09-24,CCU_DEL,30,EaseMyTrip,14285.0,102
2026-09-24,CCU_DEL,30,Goibibo,11947.0,30
2026-09-24,CCU_DEL,30,IndiGo Direct,12491.0,60
2026-09-24,CCU_DEL,30,Ixigo,11947.0,30
2026-09-24,CCU_DEL,30,MakeMyTrip,11947.0,40
2026-09-24,CCU_DEL,30,Yatra,5400.0,75
2026-09-24,CCU_DEL,45,Air India Direct,9217.0,1
2026-09-24,CCU_DEL,45,Akasa Direct,8615.0,7
2026-09-24,CCU_DEL,45,Cleartrip,13522.0,25
2026-09-24,CCU_DEL,45,EaseMyTrip,13436.0,115
2026-09-24,CCU_DEL,45,Goibibo,13522.0,25
2026-09-24,CCU_DEL,45,IndiGo Direct,8761.0,55
2026-09-24,CCU_DEL,45,Ixigo,13522.0,25
2026-09-24,CCU_DEL,45,MakeMyTrip,13522.0,29
2026-09-24,CCU_DEL,45,Yatra,5400.0,75
2026-09-24,DEL_AMD,1,Air India Direct,6770.0,1
2026-09-24,DEL_AMD,1,Cleartrip,8656.0,18
2026-09-24,DEL_AMD,1,EaseMyTrip,11405.5,52
2026-09-24,DEL_AMD,1,Goibibo,9366.0,18
2026-09-24,DEL_AMD,1,Ixigo,8656.0,18
2026-09-24,DEL_AMD,1,MakeMyTrip,9366.0,20
2026-09-24,DEL_AMD,1,Yatra,5400.0,75
2026-09-24,DEL_AMD,7,Air India Direct,5935.0,1
2026-09-24,DEL_AMD,7,Akasa Direct,10568.0,7
2026-09-24,DEL_AMD,7,Cleartrip,5972.5,18
2026-09-24,DEL_AMD,7,EaseMyTrip,13209.5,56
2026-09-24,DEL_AMD,7,Goibibo,5972.5,18
2026-09-24,DEL_AMD,7,Ixigo,5972.5,18
2026-09-24,DEL_AMD,7,MakeMyTrip,5851.0,22
2026-09-24,DEL_AMD,7,Yatra,5400.0,75
2026-09-24,DEL_AMD,15,Air India Direct,5935.0,1
2026-09-24,DEL_AMD,15,Akasa Direct,10804.0,7
2026-09-24,DEL_AMD,15,Cleartrip,5851.0,17
2026-09-24,DEL_AMD,15,EaseMyTrip,13605.0,56
2026-09-24,DEL_AMD,15,Goibibo,5851.0,17
2026-09-24,DEL_AMD,15,Ixigo,5851.0,17
2026-09-24,DEL_AMD,15,MakeMyTrip,5820.5,20
2026-09-24,DEL_AMD,15,Yatra,5400.0,75
2026-09-24,DEL_AMD,30,Air India Direct,5935.0,1
2026-09-24,DEL_AMD,30,Akasa Direct,11249.0,7
2026-09-24,DEL_AMD,30,Cleartrip,5851.0,20
2026-09-24,DEL_AMD,30,EaseMyTrip,6426.0,33
2026-09-24,DEL_AMD,30,Goibibo,5851.0,20
2026-09-24,DEL_AMD,30,IndiGo Direct,6339.0,23
2026-09-24,DEL_AMD,30,Ixigo,5851.0,20
2026-09-24,DEL_AMD,30,MakeMyTrip,5820.5,24
2026-09-24,DEL_AMD,30,Yatra,5400.0,75
2026-09-24,DEL_AMD,45,Air India Direct,5984.0,1
2026-09-24,DEL_AMD,45,Akasa Direct,11052.5,6
2026-09-24,DEL_AMD,45,Cleartrip,5790.0,19
2026-09-24,DEL_AMD,45,EaseMyTrip,11818.0,74
2026-09-24,DEL_AMD,45,Goibibo,5790.0,19
2026-09-24,DEL_AMD,45,IndiGo Direct,5865.0,22
2026-09-24,DEL_AMD,45,Ixigo,5796.0,17
2026-09-24,DEL_AMD,45,MakeMyTrip,5790.0,23
2026-09-24,DEL_AMD,45,Yatra,5400.0,75
2026-09-24,DEL_BLR,1,Air India Direct,9121.0,1
2026-09-24,DEL_BLR,1,Akasa Direct,8829.0,7
2026-09-24,DEL_BLR,1,Cleartrip,9286.0,40
2026-09-24,DEL_BLR,1,EaseMyTrip,10817.0,143
2026-09-24,DEL_BLR,1,Goibibo,9286.0,40
2026-09-24,DEL_BLR,1,IndiGo Direct,10156.0,67
2026-09-24,DEL_BLR,1,Ixigo,9286.0,40
2026-09-24,DEL_BLR,1,MakeMyTrip,9286.0,47
2026-09-24,DEL_BLR,1,Yatra,5400.0,75
2026-09-24,DEL_BLR,7,Air India Direct,9121.0,1
2026-09-24,DEL_BLR,7,Akasa Direct,8829.0,7
2026-09-24,DEL_BLR,7,Cleartrip,9142.0,43
2026-09-24,DEL_BLR,7,EaseMyTrip,10156.0,147
2026-09-24,DEL_BLR,7,Goibibo,9142.0,44
2026-09-24,DEL_BLR,7,IndiGo Direct,10077.0,70
2026-09-24,DEL_BLR,7,Ixigo,9142.0,44
2026-09-24,DEL_BLR,7,MakeMyTrip,9028.0,51
2026-09-24,DEL_BLR,7,Yatra,5400.0,75
2026-09-24,DEL_BLR,15,Air India Direct,9121.0,1
2026-09-24,DEL_BLR,15,Akasa Direct,8829.0,7
2026-09-24,DEL_BLR,15,Cleartrip,9142.0,43
2026-09-24,DEL_BLR,15,EaseMyTrip,10077.0,144
2026-09-24,DEL_BLR,15,Goibibo,9142.0,44
2026-09-24,DEL_BLR,15,IndiGo Direct,10077.0,69
2026-09-24,DEL_BLR,15,Ixigo,9142.0,44
2026-09-24,DEL_BLR,15,MakeMyTrip,8829.0,51
2026-09-24,DEL_BLR,15,Yatra,5400.0,75
2026-09-24,DEL_BLR,30,Air India Direct,11620.0,1
2026-09-24,DEL_BLR,30,Akasa Direct,9680.0,7
2026-09-24,DEL_BLR,30,Cleartrip,12398.0,44
2026-09-24,DEL_BLR,30,EaseMyTrip,13872.5,166
2026-09-24,DEL_BLR,30,Goibibo,10837.0,3
2026-09-24,DEL_BLR,30,IndiGo Direct,11221.0,70
2026-09-24,DEL_BLR,30,Ixigo,12383.0,45
2026-09-24,DEL_BLR,30,MakeMyTrip,11527.5,56
2026-09-24,DEL_BLR,30,SpiceJet Direct,10195.5,2
2026-09-24,DEL_BLR,30,Yatra,5400.0,75
2026-09-24,DEL_BLR,45,Air India Direct,11220.0,1
2026-09-24,DEL_BLR,45,Akasa Direct,8829.0,7
2026-09-24,DEL_BLR,45,Cleartrip,9936.0,40
2026-09-24,DEL_BLR,45,EaseMyTrip,11342.0,167
2026-09-24,DEL_BLR,45,Goibibo,9936.0,40
2026-09-24,DEL_BLR,45,IndiGo Direct,10156.0,66
2026-09-24,DEL_BLR,45,Ixigo,9936.0,42
2026-09-24,DEL_BLR,45,MakeMyTrip,9936.0,49
2026-09-24,DEL_BLR,45,SpiceJet Direct,9490.0,3
2026-09-24,DEL_BLR,45,Yatra,5400.0,75
2026-09-24,DEL_BOM,1,Air India Direct,6822.0,1
2026-09-24,DEL_BOM,1,Akasa Direct,6530.0,7
2026-09-24,DEL_BOM,1,Cleartrip,6843.0,53
2026-09-24,DEL_BOM,1,EaseMyTrip,7826.0,107
2026-09-24,DEL_BOM,1,Goibibo,6749.5,58
2026-09-24,DEL_BOM,1,IndiGo Direct,7330.0,74
2026-09-24,DEL_BOM,1,Ixigo,6797.0,58
2026-09-24,DEL_BOM,1,MakeMyTrip,6530.0,62
2026-09-24,DEL_BOM,1,SpiceJet Direct,19393.0,1
2026-09-24,DEL_BOM,1,Yatra,5400.0,75
2026-09-24,DEL_BOM,7,Air India Direct,13233.0,1
2026-09-24,DEL_BOM,7,Akasa Direct,6530.0,7
2026-09-24,DEL_BOM,7,Cleartrip,7160.0,59
2026-09-24,DEL_BOM,7,EaseMyTrip,7748.5,144
2026-09-24,DEL_BOM,7,Goibibo,7160.0,63
2026-09-24,DEL_BOM,7,IndiGo Direct,6960.0,76
2026-09-24,DEL_BOM,7,Ixigo,7160.0,63
2026-09-24,DEL_BOM,7,MakeMyTrip,6843.0,70
2026-09-24,DEL_BOM,7,Yatra,5400.0,75
2026-09-24,DEL_BOM,15,Air India Direct,6709.0,1
2026-09-24,DEL_BOM,15,Cleartrip,6843.0,58
2026-09-24,DEL_BOM,15,EaseMyTrip,7006.5,150
2026-09-24,DEL_BOM,15,Goibibo,6843.0,62
2026-09-24,DEL_BOM,15,IndiGo Direct,6750.0,74
2026-09-24,DEL_BOM,15,Ixigo,6843.0,62
2026-09-24,DEL_BOM,15,MakeMyTrip,6688.0,69
2026-09-24,DEL_BOM,15,Yatra,5400.0,75
2026-09-24,DEL_BOM,30,Air India Direct,6922.0,1
2026-09-24,DEL_BOM,30,Cleartrip,7019.0,58
2026-09-24,DEL_BOM,30,EaseMyTrip,7462.0,161
2026-09-24,DEL_BOM,30,Goibibo,7019.0,62
2026-09-24,DEL_BOM,30,IndiGo Direct,7120.0,74
2026-09-24,DEL_BOM,30,Ixigo,7019.0,62
2026-09-24,DEL_BOM,30,MakeMyTrip,7019.0,69
2026-09-24,DEL_BOM,30,Yatra,5400.0,75
2026-09-24,DEL_BOM,45,Air India Direct,8042.0,1
2026-09-24,DEL_BOM,45,Akasa Direct,6530.0,9
2026-09-24,DEL_BOM,45,Cleartrip,8300.0,64
2026-09-24,DEL_BOM,45,EaseMyTrip,8745.0,177
2026-09-24,DEL_BOM,45,Goibibo,8208.5,68
2026-09-24,DEL_BOM,45,IndiGo Direct,7827.0,72
2026-09-24,DEL_BOM,45,Ixigo,8208.5,68
2026-09-24,DEL_BOM,45,MakeMyTrip,8117.0,73
2026-09-24,DEL_BOM,45,Yatra,5400.0,75
2026-09-24,DEL_CCU,1,Air India Direct,9121.0,1
2026-09-24,DEL_CCU,1,Akasa Direct,7909.0,7
2026-09-24,DEL_CCU,1,Cleartrip,9053.5,22
2026-09-24,DEL_CCU,1,EaseMyTrip,10549.5,98
2026-09-24,DEL_CCU,1,Goibibo,9032.0,22
2026-09-24,DEL_CCU,1,IndiGo Direct,8703.0,57
2026-09-24,DEL_CCU,1,Ixigo,9053.5,22
2026-09-24,DEL_CCU,1,MakeMyTrip,8922.0,26
2026-09-24,DEL_CCU,1,Yatra,5400.0,75
2026-09-24,DEL_CCU,7,Air India Direct,9214.0,1
2026-09-24,DEL_CCU,7,Akasa Direct,8517.0,7
2026-09-24,DEL_CCU,7,Cleartrip,9814.0,27
2026-09-24,DEL_CCU,7,EaseMyTrip,10497.0,94
2026-09-24,DEL_CCU,7,Goibibo,9862.0,28
2026-09-24,DEL_CCU,7,IndiGo Direct,9280.0,60
2026-09-24,DEL_CCU,7,Ixigo,9893.0,28
2026-09-24,DEL_CCU,7,MakeMyTrip,9500.0,33
2026-09-24,DEL_CCU,7,Yatra,5400.0,75
2026-09-24,DEL_CCU,15,Air India Direct,9700.0,1
2026-09-24,DEL_CCU,15,Akasa Direct,9526.0,11
2026-09-24,DEL_CCU,15,Cleartrip,10080.0,27
2026-09-24,DEL_CCU,15,EaseMyTrip,12409.5,94
2026-09-24,DEL_CCU,15,Goibibo,10075.0,27
2026-09-24,DEL_CCU,15,IndiGo Direct,9797.5,62
2026-09-24,DEL_CCU,15,Ixigo,11573.5,24
2026-09-24,DEL_CCU,15,MakeMyTrip,9814.0,31
2026-09-24,DEL_CCU,15,Yatra,5400.0,75
2026-09-24,DEL_CCU,30,Air India Direct,13912.0,1
2026-09-24,DEL_CCU,30,Akasa Direct,12405.0,7
2026-09-24,DEL_CCU,30,Cleartrip,13437.0,31
2026-09-24,DEL_CCU,30,EaseMyTrip,17863.5,96
2026-09-24,DEL_CCU,30,Goibibo,14277.0,31
2026-09-24,DEL_CCU,30,IndiGo Direct,15816.0,62
2026-09-24,DEL_CCU,30,Ixigo,13437.0,31
2026-09-24,DEL_CCU,30,MakeMyTrip,13437.0,37
2026-09-24,DEL_CCU,30,SpiceJet Direct,11578.0,5
2026-09-24,DEL_CCU,30,Yatra,5400.0,75
2026-09-24,DEL_CCU,45,Air India Direct,11729.0,1
2026-09-24,DEL_CCU,45,Akasa Direct,7909.0,6
2026-09-24,DEL_CCU,45,Cleartrip,11127.0,25
2026-09-24,DEL_CCU,45,EaseMyTrip,11960.5,100
2026-09-24,DEL_CCU,45,Goibibo,11412.0,25
2026-09-24,DEL_CCU,45,IndiGo Direct,10908.0,61
2026-09-24,DEL_CCU,45,Ixigo,11127.0,25
2026-09-24,DEL_CCU,45,MakeMyTrip,11127.0,29
2026-09-24,DEL_CCU,45,Yatra,5400.0,75
2026-09-24,DEL_GOI,1,Air India Direct,8487.0,1
2026-09-24,DEL_GOI,1,Cleartrip,15494.0,9
2026-09-24,DEL_GOI,1,EaseMyTrip,15019.0,105
2026-09-24,DEL_GOI,1,Goibibo,14950.5,16
2026-09-24,DEL_GOI,1,IndiGo Direct,13690.0,54
2026-09-24,DEL_GOI,1,Ixigo,13748.0,16
2026-09-24,DEL_GOI,1,MakeMyTrip,9944.0,32
2026-09-24,DEL_GOI,1,Yatra,5400.0,75
2026-09-24,DEL_GOI,7,Air India Direct,16247.0,1
2026-09-24,DEL_GOI,7,Cleartrip,15804.0,10
2026-09-24,DEL_GOI,7,EaseMyTrip,18299.0,86
2026-09-24,DEL_GOI,7,Goibibo,15633.0,18
2026-09-24,DEL_GOI,7,IndiGo Direct,16856.0,57
2026-09-24,DEL_GOI,7,Ixigo,15633.0,14
2026-09-24,DEL_GOI,7,MakeMyTrip,11938.0,17
2026-09-24,DEL_GOI,7,Yatra,5400.0,75
2026-09-24,DEL_GOI,15,Air India Direct,9087.0,1
2026-09-24,DEL_GOI,15,Cleartrip,8315.5,10
2026-09-24,DEL_GOI,15,EaseMyTrip,10458.0,99
2026-09-24,DEL_GOI,15,Goibibo,8315.5,18
2026-09-24,DEL_GOI,15,IndiGo Direct,10147.0,56
2026-09-24,DEL_GOI,15,Ixigo,8053.0,15
2026-09-24,DEL_GOI,15,MakeMyTrip,7424.0,16
2026-09-24,DEL_GOI,15,Yatra,5700.0,75
2026-09-24,DEL_GOI,30,Air India Direct,9432.0,1
2026-09-24,DEL_GOI,30,Cleartrip,11938.0,9
2026-09-24,DEL_GOI,30,EaseMyTrip,12577.0,124
2026-09-24,DEL_GOI,30,Goibibo,9611.0,12
2026-09-24,DEL_GOI,30,IndiGo Direct,10379.0,53
2026-09-24,DEL_GOI,30,Ixigo,10401.0,14
2026-09-24,DEL_GOI,30,MakeMyTrip,9804.0,12
2026-09-24,DEL_GOI,30,Yatra,5400.0,75
2026-09-24,DEL_GOI,45,Air India Direct,7771.0,1
2026-09-24,DEL_GOI,45,Cleartrip,7606.0,10
2026-09-24,DEL_GOI,45,EaseMyTrip,10195.5,142
2026-09-24,DEL_GOI,45,Goibibo,7420.0,19
2026-09-24,DEL_GOI,45,IndiGo Direct,9687.0,51
2026-09-24,DEL_GOI,45,Ixigo,7420.0,15
2026-09-24,DEL_GOI,45,MakeMyTrip,7420.0,15
2026-09-24,DEL_GOI,45,Yatra,5400.0,75
2026-09-24,DEL_HYD,1,Air India Direct,8999.0,1
2026-09-24,DEL_HYD,1,Akasa Direct,8385.0,7
2026-09-24,DEL_HYD,1,Cleartrip,9243.0,25
2026-09-24,DEL_HYD,1,EaseMyTrip,9912.0,97
2026-09-24,DEL_HYD,1,Goibibo,9243.0,25
2026-09-24,DEL_HYD,1,IndiGo Direct,8694.0,63
2026-09-24,DEL_HYD,1,Ixigo,9243.0,25
2026-09-24,DEL_HYD,1,MakeMyTrip,9190.0,30
2026-09-24,DEL_HYD,1,Yatra,5400.0,75
2026-09-24,DEL_HYD,7,Air India Direct,9109.0,1
2026-09-24,DEL_HYD,7,Akasa Direct,8538.5,10
2026-09-24,DEL_HYD,7,Cleartrip,9912.0,28
2026-09-24,DEL_HYD,7,EaseMyTrip,10262.5,104
2026-09-24,DEL_HYD,7,Goibibo,9912.0,28
2026-09-24,DEL_HYD,7,IndiGo Direct,9035.0,62
2026-09-24,DEL_HYD,7,Ixigo,9912.0,28
2026-09-24,DEL_HYD,7,MakeMyTrip,9406.0,33
2026-09-24,DEL_HYD,7,Yatra,5400.0,75
2026-09-24,DEL_HYD,15,Air India Direct,9109.0,1
2026-09-24,DEL_HYD,15,Akasa Direct,8385.0,7
2026-09-24,DEL_HYD,15,Cleartrip,9321.0,28
2026-09-24,DEL_HYD,15,EaseMyTrip,9064.0,84
2026-09-24,DEL_HYD,15,Goibibo,9243.0,27
2026-09-24,DEL_HYD,15,IndiGo Direct,8508.0,64
2026-09-24,DEL_HYD,15,Ixigo,9321.0,28
2026-09-24,DEL_HYD,15,MakeMyTrip,8930.0,31
2026-09-24,DEL_HYD,15,Yatra,5400.0,75
2026-09-24,DEL_HYD,30,Air India Direct,9741.0,1
2026-09-24,DEL_HYD,30,Akasa Direct,10051.0,10
2026-09-24,DEL_HYD,30,Cleartrip,10453.0,26
2026-09-24,DEL_HYD,30,EaseMyTrip,10762.0,97
2026-09-24,DEL_HYD,30,Goibibo,10453.0,27
2026-09-24,DEL_HYD,30,IndiGo Direct,9593.0,61
2026-09-24,DEL_HYD,30,Ixigo,10453.0,27
2026-09-24,DEL_HYD,30,MakeMyTrip,9792.0,31
2026-09-24,DEL_HYD,30,Yatra,5400.0,75
2026-09-24,DEL_HYD,45,Air India Direct,10899.0,1
2026-09-24,DEL_HYD,45,Akasa Direct,8385.0,7
2026-09-24,DEL_HYD,45,Cleartrip,10453.0,27
2026-09-24,DEL_HYD,45,EaseMyTrip,11131.0,132
2026-09-24,DEL_HYD,45,Goibibo,10453.0,27
2026-09-24,DEL_HYD,45,IndiGo Direct,9593.0,64
2026-09-24,DEL_HYD,45,Ixigo,10453.0,27
2026-09-24,DEL_HYD,45,MakeMyTrip,10453.0,33
2026-09-24,DEL_HYD,45,Yatra,5400.0,75
2026-09-24,DEL_MAA,1,Air India Direct,10294.0,1
2026-09-24,DEL_MAA,1,Akasa Direct,13509.0,5
2026-09-24,DEL_MAA,1,Cleartrip,10546.5,16
2026-09-24,DEL_MAA,1,EaseMyTrip,13502.5,118
2026-09-24,DEL_MAA,1,Goibibo,10546.5,16
2026-09-24,DEL_MAA,1,IndiGo Direct,10931.5,56
2026-09-24,DEL_MAA,1,Ixigo,10546.5,16
2026-09-24,DEL_MAA,1,MakeMyTrip,10546.5,18
2026-09-24,DEL_MAA,1,Yatra,5400.0,75
2026-09-24,DEL_MAA,7,Air India Direct,10294.0,1
2026-09-24,DEL_MAA,7,Akasa Direct,12374.0,7
2026-09-24,DEL_MAA,7,Cleartrip,10778.0,18
2026-09-24,DEL_MAA,7,EaseMyTrip,12537.5,112
2026-09-24,DEL_MAA,7,Goibibo,10778.0,18
2026-09-24,DEL_MAA,7,IndiGo Direct,10130.0,54
2026-09-24,DEL_MAA,7,Ixigo,10778.0,18
2026-09-24,DEL_MAA,7,MakeMyTrip,10465.0,21
2026-09-24,DEL_MAA,7,Yatra,5400.0,75
2026-09-24,DEL_MAA,15,Air India Direct,20337.0,1
2026-09-24,DEL_MAA,15,Akasa Direct,10406.0,9
2026-09-24,DEL_MAA,15,Cleartrip,10315.0,17
2026-09-24,DEL_MAA,15,EaseMyTrip,10745.0,122
2026-09-24,DEL_MAA,15,Goibibo,10315.0,17
2026-09-24,DEL_MAA,15,IndiGo Direct,9999.0,54
2026-09-24,DEL_MAA,15,Ixigo,10315.0,17
2026-09-24,DEL_MAA,15,MakeMyTrip,10158.5,18
2026-09-24,DEL_MAA,15,Yatra,5400.0,75
2026-09-24,DEL_MAA,30,Air India Direct,10294.0,1
2026-09-24,DEL_MAA,30,Akasa Direct,10789.0,7
2026-09-24,DEL_MAA,30,Cleartrip,10315.0,17
2026-09-24,DEL_MAA,30,EaseMyTrip,11890.0,101
2026-09-24,DEL_MAA,30,Goibibo,10315.0,17
2026-09-24,DEL_MAA,30,IndiGo Direct,10130.0,56
2026-09-24,DEL_MAA,30,Ixigo,10315.0,17
2026-09-24,DEL_MAA,30,MakeMyTrip,10315.0,19
2026-09-24,DEL_MAA,30,Yatra,5400.0,75
2026-09-24,DEL_MAA,45,Air India Direct,10452.0,1
2026-09-24,DEL_MAA,45,Akasa Direct,12815.0,5
2026-09-24,DEL_MAA,45,Cleartrip,10002.0,18
2026-09-24,DEL_MAA,45,EaseMyTrip,10848.0,105
2026-09-24,DEL_MAA,45,Goibibo,10002.0,18
2026-09-24,DEL_MAA,45,IndiGo Direct,9999.0,55
2026-09-24,DEL_MAA,45,MakeMyTrip,10002.0,20
2026-09-24,DEL_MAA,45,Yatra,5400.0,75
2026-09-24,HYD_BLR,1,Air India Direct,8490.0,1
2026-09-24,HYD_BLR,1,Akasa Direct,17096.0,7
2026-09-24,HYD_BLR,1,Cleartrip,14622.0,15
2026-09-24,HYD_BLR,1,EaseMyTrip,13778.0,102
2026-09-24,HYD_BLR,1,Goibibo,16610.0,15
2026-09-24,HYD_BLR,1,IndiGo Direct,10415.5,68
2026-09-24,HYD_BLR,1,Ixigo,15182.0,13
2026-09-24,HYD_BLR,1,MakeMyTrip,15896.0,18
2026-09-24,HYD_BLR,1,Yatra,5400.0,75
2026-09-24,HYD_BLR,7,Air India Direct,6448.0,1
2026-09-24,HYD_BLR,7,Akasa Direct,17294.0,7
2026-09-24,HYD_BLR,7,Cleartrip,9817.0,15
2026-09-24,HYD_BLR,7,EaseMyTrip,12715.0,105
2026-09-24,HYD_BLR,7,Goibibo,10253.5,16
2026-09-24,HYD_BLR,7,Ixigo,9817.0,14
2026-09-24,HYD_BLR,7,MakeMyTrip,9817.0,19
2026-09-24,HYD_BLR,7,Yatra,5400.0,75
2026-09-24,HYD_BLR,15,Air India Direct,5613.0,1
2026-09-24,HYD_BLR,15,Akasa Direct,18575.0,7
2026-09-24,HYD_BLR,15,Cleartrip,7072.0,15
2026-09-24,HYD_BLR,15,EaseMyTrip,10623.0,107
2026-09-24,HYD_BLR,15,Goibibo,7072.0,15
2026-09-24,HYD_BLR,15,Ixigo,7072.0,5
2026-09-24,HYD_BLR,15,MakeMyTrip,6538.0,18
2026-09-24,HYD_BLR,15,Yatra,5400.0,75
2026-09-24,HYD_BLR,30,Air India Direct,6949.0,1
2026-09-24,HYD_BLR,30,Akasa Direct,18783.0,7
2026-09-24,HYD_BLR,30,Cleartrip,6538.0,15
2026-09-24,HYD_BLR,30,EaseMyTrip,9137.0,110
2026-09-24,HYD_BLR,30,Goibibo,6538.0,15
2026-09-24,HYD_BLR,30,Ixigo,6538.0,15
2026-09-24,HYD_BLR,30,MakeMyTrip,6055.0,18
2026-09-24,HYD_BLR,30,Yatra,5400.0,75
2026-09-24,HYD_BLR,45,Air India Direct,5613.0,1
2026-09-24,HYD_BLR,45,Akasa Direct,16872.0,6
2026-09-24,HYD_BLR,45,Cleartrip,4535.0,16
2026-09-24,HYD_BLR,45,EaseMyTrip,7643.0,108
2026-09-24,HYD_BLR,45,Goibibo,4535.0,17
2026-09-24,HYD_BLR,45,Ixigo,4534.0,6
2026-09-24,HYD_BLR,45,MakeMyTrip,4535.0,19
2026-09-24,HYD_BLR,45,Yatra,5220.0,75
2026-09-24,HYD_DEL,1,Air India Direct,9667.0,1
2026-09-24,HYD_DEL,1,Akasa Direct,8352.0,7
2026-09-24,HYD_DEL,1,Cleartrip,11778.0,24
2026-09-24,HYD_DEL,1,EaseMyTrip,14932.0,93
2026-09-24,HYD_DEL,1,Goibibo,11778.0,25
2026-09-24,HYD_DEL,1,IndiGo Direct,10995.0,63
2026-09-24,HYD_DEL,1,Ixigo,11778.0,25
2026-09-24,HYD_DEL,1,MakeMyTrip,11599.0,29
2026-09-24,HYD_DEL,1,Yatra,5400.0,75
2026-09-24,HYD_DEL,7,Air India Direct,9098.0,1
2026-09-24,HYD_DEL,7,Akasa Direct,8352.0,7
2026-09-24,HYD_DEL,7,Cleartrip,9677.5,28
2026-09-24,HYD_DEL,7,EaseMyTrip,11976.0,91
2026-09-24,HYD_DEL,7,Goibibo,9645.5,28
2026-09-24,HYD_DEL,7,IndiGo Direct,10802.0,63
2026-09-24,HYD_DEL,7,Ixigo,9677.5,28
2026-09-24,HYD_DEL,7,MakeMyTrip,9353.0,34
2026-09-24,HYD_DEL,7,Yatra,5400.0,75
2026-09-24,HYD_DEL,15,Air India Direct,10453.0,1
2026-09-24,HYD_DEL,15,Akasa Direct,9439.0,7
2026-09-24,HYD_DEL,15,Cleartrip,11036.0,28
2026-09-24,HYD_DEL,15,EaseMyTrip,11083.0,89
2026-09-24,HYD_DEL,15,Goibibo,11036.0,28
2026-09-24,HYD_DEL,15,IndiGo Direct,10178.0,64
2026-09-24,HYD_DEL,15,Ixigo,11036.0,28
2026-09-24,HYD_DEL,15,MakeMyTrip,10990.0,33
2026-09-24,HYD_DEL,15,Yatra,5400.0,75
2026-09-24,HYD_DEL,30,Air India Direct,8687.0,1
2026-09-24,HYD_DEL,30,Akasa Direct,8954.0,7
2026-09-24,HYD_DEL,30,Cleartrip,10229.0,27
2026-09-24,HYD_DEL,30,EaseMyTrip,12107.0,121
2026-09-24,HYD_DEL,30,Goibibo,10229.0,27
2026-09-24,HYD_DEL,30,IndiGo Direct,8827.0,63
2026-09-24,HYD_DEL,30,Ixigo,10229.0,27
2026-09-24,HYD_DEL,30,MakeMyTrip,10072.5,32
2026-09-24,HYD_DEL,30,Yatra,5400.0,75
2026-09-24,HYD_DEL,45,Air India Direct,9183.0,1
2026-09-24,HYD_DEL,45,Akasa Direct,8800.0,37
2026-09-24,HYD_DEL,45,Cleartrip,9375.0,27
2026-09-24,HYD_DEL,45,EaseMyTrip,10214.5,120
2026-09-24,HYD_DEL,45,Goibibo,9375.0,27
2026-09-24,HYD_DEL,45,IndiGo Direct,8690.5,62
2026-09-24,HYD_DEL,45,Ixigo,9375.0,27
2026-09-24,HYD_DEL,45,MakeMyTrip,9375.0,31
2026-09-24,HYD_DEL,45,Yatra,5400.0,75
2026-09-24,MAA_BOM,1,Air India Direct,8252.0,1
2026-09-24,MAA_BOM,1,Akasa Direct,7061.0,5
2026-09-24,MAA_BOM,1,Cleartrip,8723.0,18
2026-09-24,MAA_BOM,1,EaseMyTrip,11778.0,101
2026-09-24,MAA_BOM,1,Goibibo,9233.0,18
2026-09-24,MAA_BOM,1,MakeMyTrip,8407.0,21
2026-09-24,MAA_BOM,1,Yatra,5400.0,75
2026-09-24,MAA_BOM,7,Air India Direct,7779.0,1
2026-09-24,MAA_BOM,7,Akasa Direct,7061.0,7
2026-09-24,MAA_BOM,7,Cleartrip,7829.5,18
2026-09-24,MAA_BOM,7,EaseMyTrip,10213.0,95
2026-09-24,MAA_BOM,7,Goibibo,7829.5,18
2026-09-24,MAA_BOM,7,MakeMyTrip,7540.0,21
2026-09-24,MAA_BOM,7,Yatra,5400.0,75
2026-09-24,MAA_BOM,15,Air India Direct,7779.0,1
2026-09-24,MAA_BOM,15,Akasa Direct,7061.0,7
2026-09-24,MAA_BOM,15,Cleartrip,7853.0,19
2026-09-24,MAA_BOM,15,EaseMyTrip,10586.0,101
2026-09-24,MAA_BOM,15,Goibibo,7853.0,19
2026-09-24,MAA_BOM,15,MakeMyTrip,7670.0,22
2026-09-24,MAA_BOM,15,Yatra,5400.0,75
2026-09-24,MAA_BOM,30,Air India Direct,7832.0,1
2026-09-24,MAA_BOM,30,Akasa Direct,7566.0,9
2026-09-24,MAA_BOM,30,Cleartrip,7540.0,19
2026-09-24,MAA_BOM,30,EaseMyTrip,10454.0,117
2026-09-24,MAA_BOM,30,Goibibo,7540.0,20
2026-09-24,MAA_BOM,30,Ixigo,7540.0,20
2026-09-24,MAA_BOM,30,MakeMyTrip,7540.0,24
2026-09-24,MAA_BOM,30,Yatra,5400.0,75
2026-09-24,MAA_BOM,45,Air India Direct,7989.0,1
2026-09-24,MAA_BOM,45,Akasa Direct,7447.0,4
2026-09-24,MAA_BOM,45,Cleartrip,7540.0,17
2026-09-24,MAA_BOM,45,EaseMyTrip,9355.5,112
2026-09-24,MAA_BOM,45,Goibibo,7540.0,17
2026-09-24,MAA_BOM,45,Ixigo,7540.0,17
2026-09-24,MAA_BOM,45,MakeMyTrip,7540.0,21
2026-09-24,MAA_BOM,45,Yatra,5400.0,75
2026-09-24,MAA_DEL,1,Air India Direct,13869.0,1
2026-09-24,MAA_DEL,1,Akasa Direct,15129.0,5
2026-09-24,MAA_DEL,1,Cleartrip,15289.5,16
2026-09-24,MAA_DEL,1,EaseMyTrip,17253.5,76
2026-09-24,MAA_DEL,1,Goibibo,15289.5,16
2026-09-24,MAA_DEL,1,IndiGo Direct,14354.0,55
2026-09-24,MAA_DEL,1,Ixigo,15289.5,16
2026-09-24,MAA_DEL,1,MakeMyTrip,15190.0,19
2026-09-24,MAA_DEL,1,Yatra,5400.0,75
2026-09-24,MAA_DEL,7,Air India Direct,11397.0,1
2026-09-24,MAA_DEL,7,Akasa Direct,11187.0,7
2026-09-24,MAA_DEL,7,Cleartrip,11623.0,17
2026-09-24,MAA_DEL,7,EaseMyTrip,12747.0,91
2026-09-24,MAA_DEL,7,Goibibo,11623.0,17
2026-09-24,MAA_DEL,7,IndiGo Direct,10535.0,57
2026-09-24,MAA_DEL,7,Ixigo,11623.0,17
2026-09-24,MAA_DEL,7,MakeMyTrip,11418.0,20
2026-09-24,MAA_DEL,7,Yatra,5400.0,75
2026-09-24,MAA_DEL,15,Air India Direct,10442.0,1
2026-09-24,MAA_DEL,15,Akasa Direct,11187.0,7
2026-09-24,MAA_DEL,15,Cleartrip,10615.0,17
2026-09-24,MAA_DEL,15,EaseMyTrip,14699.0,119
2026-09-24,MAA_DEL,15,Goibibo,10615.0,17
2026-09-24,MAA_DEL,15,IndiGo Direct,10614.0,59
2026-09-24,MAA_DEL,15,Ixigo,11105.0,14
2026-09-24,MAA_DEL,15,MakeMyTrip,10463.0,19
2026-09-24,MAA_DEL,15,Yatra,5400.0,75
2026-09-24,MAA_DEL,30,Air India Direct,10442.0,1
2026-09-24,MAA_DEL,30,Akasa Direct,12864.0,7
2026-09-24,MAA_DEL,30,Cleartrip,11623.0,17
2026-09-24,MAA_DEL,30,EaseMyTrip,13356.0,108
2026-09-24,MAA_DEL,30,Goibibo,11623.0,17
2026-09-24,MAA_DEL,30,IndiGo Direct,11235.0,57
2026-09-24,MAA_DEL,30,Ixigo,11623.0,17
2026-09-24,MAA_DEL,30,MakeMyTrip,11418.0,19
2026-09-24,MAA_DEL,30,Yatra,5400.0,75
2026-09-24,MAA_DEL,45,Air India Direct,10600.0,1
2026-09-24,MAA_DEL,45,Akasa Direct,14463.5,4
2026-09-24,MAA_DEL,45,Cleartrip,10615.0,18
2026-09-24,MAA_DEL,45,EaseMyTrip,10976.0,98
2026-09-24,MAA_DEL,45,Goibibo,10615.0,18
2026-09-24,MAA_DEL,45,IndiGo Direct,9857.0,56
2026-09-24,MAA_DEL,45,Ixigo,10615.0,18
2026-09-24,MAA_DEL,45,MakeMyTrip,10382.5,20
2026-09-24,MAA_DEL,45,Yatra,5400.0,75
2026-09-25,AMD_DEL,1,Akasa Direct,9795.0,7
2026-09-25,AMD_DEL,1,Cleartrip,10176.0,18
2026-09-25,AMD_DEL,1,EaseMyTrip,12682.5,36
2026-09-25,AMD_DEL,1,Goibibo,11405.0,18
2026-09-25,AMD_DEL,1,IndiGo Direct,10968.0,19
2026-09-25,AMD_DEL,1,Ixigo,10091.0,18
2026-09-25,AMD_DEL,1,MakeMyTrip,9830.0,21
2026-09-25,AMD_DEL,1,Yatra,5400.0,48
2026-09-25,AMD_DEL,7,Akasa Direct,9632.0,7
2026-09-25,AMD_DEL,7,Cleartrip,6351.0,18
2026-09-25,AMD_DEL,7,EaseMyTrip,8721.5,64
2026-09-25,AMD_DEL,7,Goibibo,6351.0,18
2026-09-25,AMD_DEL,7,IndiGo Direct,6243.0,24
2026-09-25,AMD_DEL,7,Ixigo,6351.0,18
2026-09-25,AMD_DEL,7,MakeMyTrip,6351.0,21
2026-09-25,AMD_DEL,7,Yatra,6000.0,75
2026-09-25,AMD_DEL,15,Akasa Direct,11151.0,17
2026-09-25,AMD_DEL,15,Cleartrip,6290.0,18
2026-09-25,AMD_DEL,15,EaseMyTrip,7274.0,41
2026-09-25,AMD_DEL,15,Goibibo,6290.0,18
2026-09-25,AMD_DEL,15,IndiGo Direct,7092.0,22
2026-09-25,AMD_DEL,15,Ixigo,6290.0,18
2026-09-25,AMD_DEL,15,MakeMyTrip,6265.0,22
2026-09-25,AMD_DEL,15,Yatra,5400.0,72
2026-09-25,AMD_DEL,30,Akasa Direct,11541.0,7
2026-09-25,AMD_DEL,30,Cleartrip,6351.0,20
2026-09-25,AMD_DEL,30,EaseMyTrip,7151.0,35
2026-09-25,AMD_DEL,30,Goibibo,6351.0,20
2026-09-25,AMD_DEL,30,IndiGo Direct,6336.0,26
2026-09-25,AMD_DEL,30,Ixigo,6351.0,20
2026-09-25,AMD_DEL,30,MakeMyTrip,6320.5,24
2026-09-25,AMD_DEL,30,Yatra,5400.0,75
2026-09-25,AMD_DEL,45,Akasa Direct,9713.5,6
2026-09-25,AMD_DEL,45,Cleartrip,13610.0,21
2026-09-25,AMD_DEL,45,EaseMyTrip,19770.0,83
2026-09-25,AMD_DEL,45,Goibibo,13610.0,21
2026-09-25,AMD_DEL,45,IndiGo Direct,13068.0,28
2026-09-25,AMD_DEL,45,Ixigo,14156.0,21
2026-09-25,AMD_DEL,45,MakeMyTrip,11510.0,25
2026-09-25,AMD_DEL,45,SpiceJet Direct,9777.0,2
2026-09-25,AMD_DEL,45,Yatra,5400.0,75
2026-09-25,BLR_BOM,1,Air India Direct,5372.0,1
2026-09-25,BLR_BOM,1,Akasa Direct,5544.0,7
2026-09-25,BLR_BOM,1,Cleartrip,6982.0,33
2026-09-25,BLR_BOM,1,EaseMyTrip,11127.0,113
2026-09-25,BLR_BOM,1,Goibibo,6982.0,35
2026-09-25,BLR_BOM,1,IndiGo Direct,7649.0,60
2026-09-25,BLR_BOM,1,Ixigo,6982.0,29
2026-09-25,BLR_BOM,1,MakeMyTrip,6872.0,40
2026-09-25,BLR_BOM,1,Yatra,5400.0,75
2026-09-25,BLR_BOM,7,Air India Direct,5083.0,1
2026-09-25,BLR_BOM,7,Akasa Direct,5544.0,7
2026-09-25,BLR_BOM,7,Cleartrip,7297.0,29
2026-09-25,BLR_BOM,7,EaseMyTrip,7649.0,103
2026-09-25,BLR_BOM,7,Goibibo,7288.5,32
2026-09-25,BLR_BOM,7,IndiGo Direct,7504.5,58
2026-09-25,BLR_BOM,7,Ixigo,7297.0,32
2026-09-25,BLR_BOM,7,MakeMyTrip,6961.0,36
2026-09-25,BLR_BOM,7,Yatra,5400.0,75
2026-09-25,BLR_BOM,15,Air India Direct,5976.0,1
2026-09-25,BLR_BOM,15,Akasa Direct,6225.0,7
2026-09-25,BLR_BOM,15,Cleartrip,8452.0,29
2026-09-25,BLR_BOM,15,Goibibo,8452.0,33
2026-09-25,BLR_BOM,15,IndiGo Direct,7649.0,59
2026-09-25,BLR_BOM,15,Ixigo,8452.0,33
2026-09-25,BLR_BOM,15,MakeMyTrip,8452.0,36
2026-09-25,BLR_BOM,15,Yatra,5400.0,75
2026-09-25,BLR_BOM,30,Air India Direct,8004.0,1
2026-09-25,BLR_BOM,30,Akasa Direct,6732.0,7
2026-09-25,BLR_BOM,30,Cleartrip,8032.0,34
2026-09-25,BLR_BOM,30,EaseMyTrip,8370.0,127
2026-09-25,BLR_BOM,30,Goibibo,8194.0,38
2026-09-25,BLR_BOM,30,IndiGo Direct,7649.0,59
2026-09-25,BLR_BOM,30,Ixigo,8032.0,38
2026-09-25,BLR_BOM,30,MakeMyTrip,7920.0,41
2026-09-25,BLR_BOM,30,SpiceJet Direct,5846.0,3
2026-09-25,BLR_BOM,30,Yatra,5400.0,75
2026-09-25,BLR_BOM,45,Air India Direct,6788.0,1
2026-09-25,BLR_BOM,45,Akasa Direct,5544.0,7
2026-09-25,BLR_BOM,45,Cleartrip,8452.0,34
2026-09-25,BLR_BOM,45,EaseMyTrip,8452.0,130
2026-09-25,BLR_BOM,45,Goibibo,8452.0,41
2026-09-25,BLR_BOM,45,IndiGo Direct,7649.0,57
2026-09-25,BLR_BOM,45,Ixigo,8452.0,39
2026-09-25,BLR_BOM,45,MakeMyTrip,8452.0,40
2026-09-25,BLR_BOM,45,SpiceJet Direct,5846.0,3
2026-09-25,BLR_BOM,45,Yatra,5400.0,75
2026-09-25,BLR_DEL,1,Air India Direct,10522.0,1
2026-09-25,BLR_DEL,1,Akasa Direct,8364.0,7
2026-09-25,BLR_DEL,1,Cleartrip,12554.5,38
2026-09-25,BLR_DEL,1,EaseMyTrip,13033.5,118
2026-09-25,BLR_DEL,1,Goibibo,13227.0,38
2026-09-25,BLR_DEL,1,IndiGo Direct,11246.0,65
2026-09-25,BLR_DEL,1,Ixigo,12991.0,39
2026-09-25,BLR_DEL,1,MakeMyTrip,11440.5,46
2026-09-25,BLR_DEL,1,Yatra,5400.0,75
2026-09-25,BLR_DEL,7,Air India Direct,8649.0,1
2026-09-25,BLR_DEL,7,Akasa Direct,8364.0,7
2026-09-25,BLR_DEL,7,Cleartrip,8820.0,42
2026-09-25,BLR_DEL,7,EaseMyTrip,10975.0,135
2026-09-25,BLR_DEL,7,Goibibo,8820.0,43
2026-09-25,BLR_DEL,7,IndiGo Direct,10039.0,68
2026-09-25,BLR_DEL,7,Ixigo,8820.0,43
2026-09-25,BLR_DEL,7,MakeMyTrip,8707.0,47
2026-09-25,BLR_DEL,7,Yatra,5400.0,75
2026-09-25,BLR_DEL,15,Air India Direct,12666.0,1
2026-09-25,BLR_DEL,15,Akasa Direct,10162.0,7
2026-09-25,BLR_DEL,15,Cleartrip,13758.0,43
2026-09-25,BLR_DEL,15,EaseMyTrip,13758.0,144
2026-09-25,BLR_DEL,15,Goibibo,13758.0,44
2026-09-25,BLR_DEL,15,IndiGo Direct,12116.0,70
2026-09-25,BLR_DEL,15,Ixigo,13706.0,44
2026-09-25,BLR_DEL,15,MakeMyTrip,13304.0,50
2026-09-25,BLR_DEL,15,Yatra,5400.0,75
2026-09-25,BLR_DEL,30,Air India Direct,9896.0,1
2026-09-25,BLR_DEL,30,Akasa Direct,9800.0,7
2026-09-25,BLR_DEL,30,Cleartrip,10166.0,43
2026-09-25,BLR_DEL,30,EaseMyTrip,11499.0,167
2026-09-25,BLR_DEL,30,Goibibo,9912.0,44
2026-09-25,BLR_DEL,30,IndiGo Direct,10062.5,66
2026-09-25,BLR_DEL,30,Ixigo,10164.0,44
2026-09-25,BLR_DEL,30,MakeMyTrip,9906.0,51
2026-09-25,BLR_DEL,30,SpiceJet Direct,9212.0,3
2026-09-25,BLR_DEL,30,Yatra,5400.0,75
2026-09-25,BLR_DEL,45,Air India Direct,10054.0,1
2026-09-25,BLR_DEL,45,Akasa Direct,8364.0,6
2026-09-25,BLR_DEL,45,Cleartrip,9605.0,44
2026-09-25,BLR_DEL,45,EaseMyTrip,10807.0,177
2026-09-25,BLR_DEL,45,Goibibo,9605.0,45
2026-09-25,BLR_DEL,45,IndiGo Direct,10039.0,65
2026-09-25,BLR_DEL,45,Ixigo,9605.0,45
2026-09-25,BLR_DEL,45,MakeMyTrip,9605.0,50
2026-09-25,BLR_DEL,45,Yatra,5400.0,75
2026-09-25,BLR_HYD,1,Akasa Direct,16348.0,7
2026-09-25,BLR_HYD,1,Cleartrip,8885.0,15
2026-09-25,BLR_HYD,1,EaseMyTrip,12563.0,90
2026-09-25,BLR_HYD,1,Goibibo,9675.0,15
2026-09-25,BLR_HYD,1,IndiGo Direct,8352.0,81
2026-09-25,BLR_HYD,1,Ixigo,8885.0,15
2026-09-25,BLR_HYD,1,MakeMyTrip,7843.0,18
2026-09-25,BLR_HYD,1,Yatra,5400.0,75
2026-09-25,BLR_HYD,7,Akasa Direct,16683.0,7
2026-09-25,BLR_HYD,7,Cleartrip,7014.5,16
2026-09-25,BLR_HYD,7,EaseMyTrip,11218.5,104
2026-09-25,BLR_HYD,7,Goibibo,7309.0,16
2026-09-25,BLR_HYD,7,IndiGo Direct,8605.5,76
2026-09-25,BLR_HYD,7,Ixigo,7099.0,15
2026-09-25,BLR_HYD,7,MakeMyTrip,5913.0,19
2026-09-25,BLR_HYD,7,Yatra,5400.0,75
2026-09-25,BLR_HYD,15,Akasa Direct,19253.0,7
2026-09-25,BLR_HYD,15,Cleartrip,7519.0,16
2026-09-25,BLR_HYD,15,EaseMyTrip,10435.0,99
2026-09-25,BLR_HYD,15,Goibibo,7519.0,16
2026-09-25,BLR_HYD,15,IndiGo Direct,6969.0,73
2026-09-25,BLR_HYD,15,Ixigo,7519.0,16
2026-09-25,BLR_HYD,15,MakeMyTrip,6396.0,19
2026-09-25,BLR_HYD,15,Yatra,5400.0,75
2026-09-25,BLR_HYD,30,Akasa Direct,19145.0,7
2026-09-25,BLR_HYD,30,Cleartrip,4780.0,16
2026-09-25,BLR_HYD,30,EaseMyTrip,9143.0,99
2026-09-25,BLR_HYD,30,Goibibo,5078.0,16
2026-09-25,BLR_HYD,30,IndiGo Direct,6153.0,78
2026-09-25,BLR_HYD,30,Ixigo,4592.0,16
2026-09-25,BLR_HYD,30,MakeMyTrip,4718.0,19
2026-09-25,BLR_HYD,30,Yatra,5400.0,75
2026-09-25,BLR_HYD,45,Akasa Direct,17056.5,6
2026-09-25,BLR_HYD,45,Cleartrip,4592.0,17
2026-09-25,BLR_HYD,45,EaseMyTrip,14115.0,106
2026-09-25,BLR_HYD,45,Goibibo,4718.0,17
2026-09-25,BLR_HYD,45,IndiGo Direct,5774.5,54
2026-09-25,BLR_HYD,45,Ixigo,4592.0,17
2026-09-25,BLR_HYD,45,MakeMyTrip,4393.0,19
2026-09-25,BLR_HYD,45,Yatra,5078.0,75
2026-09-25,BOM_BLR,1,Air India Direct,5292.0,1
2026-09-25,BOM_BLR,1,Akasa Direct,5673.0,7
2026-09-25,BOM_BLR,1,Cleartrip,7062.0,31
2026-09-25,BOM_BLR,1,EaseMyTrip,8201.5,110
2026-09-25,BOM_BLR,1,Goibibo,7062.0,33
2026-09-25,BOM_BLR,1,IndiGo Direct,7584.0,56
2026-09-25,BOM_BLR,1,Ixigo,7062.0,33
2026-09-25,BOM_BLR,1,MakeMyTrip,7062.0,37
2026-09-25,BOM_BLR,1,Yatra,5400.0,75
2026-09-25,BOM_BLR,7,Air India Direct,5292.0,1
2026-09-25,BOM_BLR,7,Akasa Direct,5050.0,7
2026-09-25,BOM_BLR,7,Cleartrip,7377.0,31
2026-09-25,BOM_BLR,7,EaseMyTrip,8112.0,112
2026-09-25,BOM_BLR,7,Goibibo,7377.0,34
2026-09-25,BOM_BLR,7,IndiGo Direct,7584.0,56
2026-09-25,BOM_BLR,7,Ixigo,7443.5,34
2026-09-25,BOM_BLR,7,MakeMyTrip,7377.0,37
2026-09-25,BOM_BLR,7,Yatra,5400.0,75
2026-09-25,BOM_BLR,15,Air India Direct,5238.0,1
2026-09-25,BOM_BLR,15,Akasa Direct,5050.0,7
2026-09-25,BOM_BLR,15,Cleartrip,7377.0,30
2026-09-25,BOM_BLR,15,EaseMyTrip,7813.0,114
2026-09-25,BOM_BLR,15,Goibibo,7357.0,33
2026-09-25,BOM_BLR,15,IndiGo Direct,7584.0,60
2026-09-25,BOM_BLR,15,Ixigo,7322.0,33
2026-09-25,BOM_BLR,15,MakeMyTrip,7062.0,37
2026-09-25,BOM_BLR,15,Yatra,5400.0,75
2026-09-25,BOM_BLR,30,Air India Direct,6713.0,1
2026-09-25,BOM_BLR,30,Akasa Direct,5050.0,7
2026-09-25,BOM_BLR,30,Cleartrip,9845.5,36
2026-09-25,BOM_BLR,30,EaseMyTrip,10328.0,128
2026-09-25,BOM_BLR,30,Goibibo,9869.0,40
2026-09-25,BOM_BLR,30,IndiGo Direct,9154.0,63
2026-09-25,BOM_BLR,30,Ixigo,9845.5,40
2026-09-25,BOM_BLR,30,MakeMyTrip,9057.0,43
2026-09-25,BOM_BLR,30,SpiceJet Direct,6261.0,3
2026-09-25,BOM_BLR,30,Yatra,5400.0,75
2026-09-25,BOM_BLR,45,Air India Direct,9272.0,1
2026-09-25,BOM_BLR,45,Akasa Direct,5673.0,7
2026-09-25,BOM_BLR,45,Cleartrip,10576.0,34
2026-09-25,BOM_BLR,45,Goibibo,10737.0,41
2026-09-25,BOM_BLR,45,IndiGo Direct,10068.0,53
2026-09-25,BOM_BLR,45,Ixigo,10737.0,41
2026-09-25,BOM_BLR,45,MakeMyTrip,9188.0,42
2026-09-25,BOM_BLR,45,SpiceJet Direct,7234.0,3
2026-09-25,BOM_BLR,45,Yatra,5400.0,75
2026-09-25,BOM_DEL,1,Air India Direct,6741.0,1
2026-09-25,BOM_DEL,1,Akasa Direct,6523.0,7
2026-09-25,BOM_DEL,1,Cleartrip,6859.0,53
2026-09-25,BOM_DEL,1,EaseMyTrip,8249.0,107
2026-09-25,BOM_DEL,1,Goibibo,6720.0,57
2026-09-25,BOM_DEL,1,IndiGo Direct,7368.0,71
2026-09-25,BOM_DEL,1,Ixigo,6766.5,58
2026-09-25,BOM_DEL,1,MakeMyTrip,6744.0,59
2026-09-25,BOM_DEL,1,SpiceJet Direct,19378.0,1
2026-09-25,BOM_DEL,1,Yatra,5400.0,75
2026-09-25,BOM_DEL,7,Air India Direct,6741.0,1
2026-09-25,BOM_DEL,7,Akasa Direct,6523.0,7
2026-09-25,BOM_DEL,7,Cleartrip,6930.0,58
2026-09-25,BOM_DEL,7,EaseMyTrip,7540.0,105
2026-09-25,BOM_DEL,7,Goibibo,6930.0,62
2026-09-25,BOM_DEL,7,IndiGo Direct,6876.0,75
2026-09-25,BOM_DEL,7,Ixigo,6902.5,62
2026-09-25,BOM_DEL,7,MakeMyTrip,6875.0,68
2026-09-25,BOM_DEL,7,SpiceJet Direct,12272.0,2
2026-09-25,BOM_DEL,7,Yatra,5400.0,75
2026-09-25,BOM_DEL,15,Air India Direct,6741.0,1
2026-09-25,BOM_DEL,15,Akasa Direct,6523.0,7
2026-09-25,BOM_DEL,15,Cleartrip,6720.0,34
2026-09-25,BOM_DEL,15,EaseMyTrip,7032.0,147
2026-09-25,BOM_DEL,15,Goibibo,6875.0,62
2026-09-25,BOM_DEL,15,IndiGo Direct,6786.0,74
2026-09-25,BOM_DEL,15,Ixigo,6875.0,62
2026-09-25,BOM_DEL,15,MakeMyTrip,6720.0,69
2026-09-25,BOM_DEL,15,SpiceJet Direct,6472.0,1
2026-09-25,BOM_DEL,15,Yatra,5400.0,75
2026-09-25,BOM_DEL,30,Air India Direct,6917.0,1
2026-09-25,BOM_DEL,30,Akasa Direct,7135.0,16
2026-09-25,BOM_DEL,30,Cleartrip,7168.0,60
2026-09-25,BOM_DEL,30,EaseMyTrip,8208.0,167
2026-09-25,BOM_DEL,30,Goibibo,7173.0,63
2026-09-25,BOM_DEL,30,IndiGo Direct,7223.5,72
2026-09-25,BOM_DEL,30,Ixigo,7261.0,63
2026-09-25,BOM_DEL,30,MakeMyTrip,7051.0,68
2026-09-25,BOM_DEL,30,SpiceJet Direct,6472.0,4
2026-09-25,BOM_DEL,30,Yatra,5400.0,75
2026-09-25,BOM_DEL,45,Air India Direct,8143.0,1
2026-09-25,BOM_DEL,45,Akasa Direct,6523.0,7
2026-09-25,BOM_DEL,45,Cleartrip,8752.0,66
2026-09-25,BOM_DEL,45,EaseMyTrip,9820.0,121
2026-09-25,BOM_DEL,45,Goibibo,8546.5,70
2026-09-25,BOM_DEL,45,IndiGo Direct,9332.5,74
2026-09-25,BOM_DEL,45,Ixigo,8502.5,70
2026-09-25,BOM_DEL,45,MakeMyTrip,8332.0,74
2026-09-25,BOM_DEL,45,SpiceJet Direct,6832.0,6
2026-09-25,BOM_DEL,45,Yatra,5400.0,75
2026-09-25,BOM_GOI,1,Cleartrip,6979.5,14
2026-09-25,BOM_GOI,1,EaseMyTrip,13083.0,58
2026-09-25,BOM_GOI,1,Goibibo,6822.0,22
2026-09-25,BOM_GOI,1,IndiGo Direct,15082.0,25
2026-09-25,BOM_GOI,1,Ixigo,7037.0,20
2026-09-25,BOM_GOI,1,MakeMyTrip,6717.0,17
2026-09-25,BOM_GOI,1,Yatra,5400.0,75
2026-09-25,BOM_GOI,7,Cleartrip,9762.0,13
2026-09-25,BOM_GOI,7,EaseMyTrip,14044.5,98
2026-09-25,BOM_GOI,7,Goibibo,9637.0,20
2026-09-25,BOM_GOI,7,IndiGo Direct,12942.0,33
2026-09-25,BOM_GOI,7,Ixigo,9478.0,22
2026-09-25,BOM_GOI,7,MakeMyTrip,9512.0,15
2026-09-25,BOM_GOI,7,Yatra,5400.0,75
2026-09-25,BOM_GOI,15,Cleartrip,4774.0,13
2026-09-25,BOM_GOI,15,EaseMyTrip,9050.0,90
2026-09-25,BOM_GOI,15,Goibibo,4643.0,22
2026-09-25,BOM_GOI,15,IndiGo Direct,7477.0,28
2026-09-25,BOM_GOI,15,Ixigo,4721.5,20
2026-09-25,BOM_GOI,15,MakeMyTrip,4429.0,17
2026-09-25,BOM_GOI,15,Yatra,5000.0,75
2026-09-25,BOM_GOI,30,Cleartrip,4174.0,17
2026-09-25,BOM_GOI,30,EaseMyTrip,7882.0,72
2026-09-25,BOM_GOI,30,Goibibo,4174.0,25
2026-09-25,BOM_GOI,30,IndiGo Direct,7477.0,29
2026-09-25,BOM_GOI,30,Ixigo,4331.0,21
2026-09-25,BOM_GOI,30,MakeMyTrip,4069.0,21
2026-09-25,BOM_GOI,30,SpiceJet Direct,4096.0,1
2026-09-25,BOM_GOI,30,Yatra,5000.0,75
2026-09-25,BOM_GOI,45,Cleartrip,5383.0,20
2026-09-25,BOM_GOI,45,EaseMyTrip,10340.5,100
2026-09-25,BOM_GOI,45,Goibibo,5830.0,25
2026-09-25,BOM_GOI,45,IndiGo Direct,7882.0,32
2026-09-25,BOM_GOI,45,Ixigo,5737.0,26
2026-09-25,BOM_GOI,45,MakeMyTrip,5075.0,24
2026-09-25,BOM_GOI,45,SpiceJet Direct,4096.0,4
2026-09-25,BOM_GOI,45,Yatra,5381.0,75
2026-09-25,BOM_MAA,1,Akasa Direct,6575.0,5
2026-09-25,BOM_MAA,1,Cleartrip,6651.0,17
2026-09-25,BOM_MAA,1,EaseMyTrip,10040.0,97
2026-09-25,BOM_MAA,1,Goibibo,6651.0,18
2026-09-25,BOM_MAA,1,IndiGo Direct,8512.0,48
2026-09-25,BOM_MAA,1,Ixigo,6651.0,18
2026-09-25,BOM_MAA,1,MakeMyTrip,6651.0,21
2026-09-25,BOM_MAA,1,Yatra,5400.0,75
2026-09-25,BOM_MAA,7,Akasa Direct,6008.0,7
2026-09-25,BOM_MAA,7,Cleartrip,7079.0,19
2026-09-25,BOM_MAA,7,EaseMyTrip,8512.0,92
2026-09-25,BOM_MAA,7,Goibibo,7079.0,19
2026-09-25,BOM_MAA,7,IndiGo Direct,8302.0,51
2026-09-25,BOM_MAA,7,Ixigo,7079.0,19
2026-09-25,BOM_MAA,7,MakeMyTrip,6973.0,21
2026-09-25,BOM_MAA,7,Yatra,5400.0,75
2026-09-25,BOM_MAA,15,Akasa Direct,6575.0,7
2026-09-25,BOM_MAA,15,Cleartrip,6651.0,19
2026-09-25,BOM_MAA,15,EaseMyTrip,8946.0,124
2026-09-25,BOM_MAA,15,Goibibo,6807.5,20
2026-09-25,BOM_MAA,15,IndiGo Direct,8171.0,49
2026-09-25,BOM_MAA,15,MakeMyTrip,6651.0,22
2026-09-25,BOM_MAA,15,Yatra,5400.0,75
2026-09-25,BOM_MAA,30,Akasa Direct,6575.0,7
2026-09-25,BOM_MAA,30,Cleartrip,9058.0,17
2026-09-25,BOM_MAA,30,EaseMyTrip,10289.0,95
2026-09-25,BOM_MAA,30,Goibibo,9058.0,17
2026-09-25,BOM_MAA,30,IndiGo Direct,8901.0,51
2026-09-25,BOM_MAA,30,Ixigo,9058.0,17
2026-09-25,BOM_MAA,30,MakeMyTrip,7050.5,20
2026-09-25,BOM_MAA,30,Yatra,5400.0,75
2026-09-25,BOM_MAA,45,Akasa Direct,6575.0,4
2026-09-25,BOM_MAA,45,Cleartrip,9229.0,17
2026-09-25,BOM_MAA,45,EaseMyTrip,12052.0,97
2026-09-25,BOM_MAA,45,Goibibo,9229.0,17
2026-09-25,BOM_MAA,45,IndiGo Direct,9650.0,46
2026-09-25,BOM_MAA,45,Ixigo,9229.0,17
2026-09-25,BOM_MAA,45,MakeMyTrip,9058.0,19
2026-09-25,BOM_MAA,45,Yatra,5400.0,75
2026-09-25,CCU_DEL,1,Air India Direct,9107.0,1
2026-09-25,CCU_DEL,1,Akasa Direct,8324.0,7
2026-09-25,CCU_DEL,1,Cleartrip,8849.0,23
2026-09-25,CCU_DEL,1,EaseMyTrip,9877.0,87
2026-09-25,CCU_DEL,1,Goibibo,8849.0,23
2026-09-25,CCU_DEL,1,IndiGo Direct,8658.0,56
2026-09-25,CCU_DEL,1,Ixigo,8849.0,23
2026-09-25,CCU_DEL,1,MakeMyTrip,8849.0,28
2026-09-25,CCU_DEL,1,SpiceJet Direct,8854.0,1
2026-09-25,CCU_DEL,1,Yatra,5400.0,75
2026-09-25,CCU_DEL,7,Air India Direct,9107.0,1
2026-09-25,CCU_DEL,7,Akasa Direct,8324.0,11
2026-09-25,CCU_DEL,7,Cleartrip,9112.0,28
2026-09-25,CCU_DEL,7,EaseMyTrip,8892.5,102
2026-09-25,CCU_DEL,7,Goibibo,9112.0,28
2026-09-25,CCU_DEL,7,IndiGo Direct,7922.0,55
2026-09-25,CCU_DEL,7,Ixigo,9112.0,28
2026-09-25,CCU_DEL,7,MakeMyTrip,8849.0,33
2026-09-25,CCU_DEL,7,SpiceJet Direct,8191.0,1
2026-09-25,CCU_DEL,7,Yatra,5400.0,75
2026-09-25,CCU_DEL,15,Air India Direct,9107.0,1
2026-09-25,CCU_DEL,15,Akasa Direct,8324.0,7
2026-09-25,CCU_DEL,15,Cleartrip,9162.0,29
2026-09-25,CCU_DEL,15,EaseMyTrip,9162.0,101
2026-09-25,CCU_DEL,15,Goibibo,9162.0,29
2026-09-25,CCU_DEL,15,IndiGo Direct,8106.0,59
2026-09-25,CCU_DEL,15,Ixigo,9311.0,26
2026-09-25,CCU_DEL,15,MakeMyTrip,9128.0,35
2026-09-25,CCU_DEL,15,SpiceJet Direct,8074.0,3
2026-09-25,CCU_DEL,15,Yatra,5400.0,75
2026-09-25,CCU_DEL,30,Air India Direct,13555.0,1
2026-09-25,CCU_DEL,30,Akasa Direct,9736.0,7
2026-09-25,CCU_DEL,30,Cleartrip,13522.0,24
2026-09-25,CCU_DEL,30,EaseMyTrip,16810.0,99
2026-09-25,CCU_DEL,30,Goibibo,13522.0,24
2026-09-25,CCU_DEL,30,IndiGo Direct,15456.0,61
2026-09-25,CCU_DEL,30,Ixigo,13522.0,24
2026-09-25,CCU_DEL,30,MakeMyTrip,13522.0,28
2026-09-25,CCU_DEL,30,SpiceJet Direct,26470.0,1
2026-09-25,CCU_DEL,30,Yatra,5400.0,75
2026-09-25,CCU_DEL,45,Air India Direct,13947.0,1
2026-09-25,CCU_DEL,45,Akasa Direct,8324.0,7
2026-09-25,CCU_DEL,45,Cleartrip,13522.0,26
2026-09-25,CCU_DEL,45,EaseMyTrip,12068.5,96
2026-09-25,CCU_DEL,45,Goibibo,13522.0,26
2026-09-25,CCU_DEL,45,IndiGo Direct,9543.0,59
2026-09-25,CCU_DEL,45,Ixigo,13522.0,26
2026-09-25,CCU_DEL,45,MakeMyTrip,13522.0,30
2026-09-25,CCU_DEL,45,SpiceJet Direct,10469.0,1
2026-09-25,CCU_DEL,45,Yatra,5400.0,75
2026-09-25,DEL_AMD,1,Akasa Direct,12140.0,7
2026-09-25,DEL_AMD,1,Cleartrip,7266.0,19
2026-09-25,DEL_AMD,1,EaseMyTrip,8657.0,32
2026-09-25,DEL_AMD,1,Goibibo,7896.0,19
2026-09-25,DEL_AMD,1,IndiGo Direct,7755.0,28
2026-09-25,DEL_AMD,1,Ixigo,7266.0,19
2026-09-25,DEL_AMD,1,MakeMyTrip,7266.0,23
2026-09-25,DEL_AMD,1,Yatra,5400.0,75
2026-09-25,DEL_AMD,7,Akasa Direct,11300.0,7
2026-09-25,DEL_AMD,7,Cleartrip,5790.0,17
2026-09-25,DEL_AMD,7,EaseMyTrip,5798.0,27
2026-09-25,DEL_AMD,7,Goibibo,5790.0,17
2026-09-25,DEL_AMD,7,IndiGo Direct,6827.0,20
2026-09-25,DEL_AMD,7,Ixigo,5790.0,17
2026-09-25,DEL_AMD,7,MakeMyTrip,5790.0,20
2026-09-25,DEL_AMD,7,Yatra,5400.0,69
2026-09-25,DEL_AMD,15,Akasa Direct,10804.0,7
2026-09-25,DEL_AMD,15,Cleartrip,5851.0,18
2026-09-25,DEL_AMD,15,EaseMyTrip,12155.5,54
2026-09-25,DEL_AMD,15,Goibibo,5851.0,19
2026-09-25,DEL_AMD,15,IndiGo Direct,7380.0,27
2026-09-25,DEL_AMD,15,Ixigo,5851.0,19
2026-09-25,DEL_AMD,15,MakeMyTrip,5790.0,23
2026-09-25,DEL_AMD,15,Yatra,5400.0,75
2026-09-25,DEL_AMD,30,Akasa Direct,11249.0,7
2026-09-25,DEL_AMD,30,Cleartrip,6006.0,17
2026-09-25,DEL_AMD,30,EaseMyTrip,7806.0,45
2026-09-25,DEL_AMD,30,Goibibo,6050.0,18
2026-09-25,DEL_AMD,30,IndiGo Direct,6810.0,36
2026-09-25,DEL_AMD,30,Ixigo,6050.0,18
2026-09-25,DEL_AMD,30,MakeMyTrip,5851.0,21
2026-09-25,DEL_AMD,30,Yatra,5400.0,75
2026-09-25,DEL_AMD,45,Akasa Direct,12703.5,6
2026-09-25,DEL_AMD,45,Cleartrip,5873.0,20
2026-09-25,DEL_AMD,45,EaseMyTrip,6533.0,46
2026-09-25,DEL_AMD,45,Goibibo,5837.0,20
2026-09-25,DEL_AMD,45,IndiGo Direct,5865.0,23
2026-09-25,DEL_AMD,45,Ixigo,5810.5,20
2026-09-25,DEL_AMD,45,MakeMyTrip,5790.0,24
2026-09-25,DEL_AMD,45,SpiceJet Direct,6156.0,2
2026-09-25,DEL_AMD,45,Yatra,5400.0,75
2026-09-25,DEL_BLR,1,Air India Direct,9121.0,1
2026-09-25,DEL_BLR,1,Akasa Direct,8829.0,7
2026-09-25,DEL_BLR,1,Cleartrip,9142.0,39
2026-09-25,DEL_BLR,1,EaseMyTrip,11077.0,142
2026-09-25,DEL_BLR,1,Goibibo,9142.0,39
2026-09-25,DEL_BLR,1,IndiGo Direct,10077.0,65
2026-09-25,DEL_BLR,1,Ixigo,9142.0,39
2026-09-25,DEL_BLR,1,MakeMyTrip,9142.0,42
2026-09-25,DEL_BLR,1,Yatra,5400.0,75
2026-09-25,DEL_BLR,7,Air India Direct,9118.0,1
2026-09-25,DEL_BLR,7,Akasa Direct,8829.0,7
2026-09-25,DEL_BLR,7,Cleartrip,8829.0,41
2026-09-25,DEL_BLR,7,EaseMyTrip,10084.0,144
2026-09-25,DEL_BLR,7,Goibibo,8829.0,42
2026-09-25,DEL_BLR,7,IndiGo Direct,10077.0,68
2026-09-25,DEL_BLR,7,Ixigo,8829.0,42
2026-09-25,DEL_BLR,7,MakeMyTrip,8829.0,48
2026-09-25,DEL_BLR,7,Yatra,5400.0,75
2026-09-25,DEL_BLR,15,Air India Direct,9121.0,1
2026-09-25,DEL_BLR,15,Akasa Direct,9037.0,13
2026-09-25,DEL_BLR,15,Cleartrip,9286.0,38
2026-09-25,DEL_BLR,15,EaseMyTrip,10156.0,152
2026-09-25,DEL_BLR,15,Goibibo,9286.0,43
2026-09-25,DEL_BLR,15,IndiGo Direct,10077.0,68
2026-09-25,DEL_BLR,15,Ixigo,8828.0,2
2026-09-25,DEL_BLR,15,MakeMyTrip,9142.0,49
2026-09-25,DEL_BLR,15,Yatra,5400.0,75
2026-09-25,DEL_BLR,30,Air India Direct,13081.0,1
2026-09-25,DEL_BLR,30,Akasa Direct,9328.0,7
2026-09-25,DEL_BLR,30,Cleartrip,14058.0,41
2026-09-25,DEL_BLR,30,EaseMyTrip,14957.0,164
2026-09-25,DEL_BLR,30,Goibibo,14270.0,43
2026-09-25,DEL_BLR,30,IndiGo Direct,12842.0,68
2026-09-25,DEL_BLR,30,Ixigo,14270.0,43
2026-09-25,DEL_BLR,30,MakeMyTrip,13537.0,49
2026-09-25,DEL_BLR,30,SpiceJet Direct,11672.0,3
2026-09-25,DEL_BLR,30,Yatra,5400.0,75
2026-09-25,DEL_BLR,45,Air India Direct,10385.0,1
2026-09-25,DEL_BLR,45,Akasa Direct,8829.0,7
2026-09-25,DEL_BLR,45,Cleartrip,10349.0,43
2026-09-25,DEL_BLR,45,EaseMyTrip,12489.0,165
2026-09-25,DEL_BLR,45,Goibibo,10826.0,44
2026-09-25,DEL_BLR,45,IndiGo Direct,10156.0,66
2026-09-25,DEL_BLR,45,Ixigo,10349.0,42
2026-09-25,DEL_BLR,45,MakeMyTrip,10231.0,49
2026-09-25,DEL_BLR,45,SpiceJet Direct,9490.0,3
2026-09-25,DEL_BLR,45,Yatra,5400.0,75
2026-09-25,DEL_BOM,1,Air India Direct,6709.0,1
2026-09-25,DEL_BOM,1,Akasa Direct,6530.0,7
2026-09-25,DEL_BOM,1,Cleartrip,6656.0,52
2026-09-25,DEL_BOM,1,EaseMyTrip,7473.0,132
2026-09-25,DEL_BOM,1,Goibibo,6656.0,56
2026-09-25,DEL_BOM,1,IndiGo Direct,7252.0,74
2026-09-25,DEL_BOM,1,Ixigo,6656.0,57
2026-09-25,DEL_BOM,1,MakeMyTrip,6530.0,61
2026-09-25,DEL_BOM,1,Yatra,5400.0,75
2026-09-25,DEL_BOM,7,Air India Direct,12962.0,1
2026-09-25,DEL_BOM,7,Akasa Direct,6530.0,7
2026-09-25,DEL_BOM,7,Cleartrip,6843.0,57
2026-09-25,DEL_BOM,7,EaseMyTrip,6960.0,133
2026-09-25,DEL_BOM,7,Goibibo,6843.0,61
2026-09-25,DEL_BOM,7,IndiGo Direct,6828.0,74
2026-09-25,DEL_BOM,7,Ixigo,6843.0,61
2026-09-25,DEL_BOM,7,MakeMyTrip,6609.0,68
2026-09-25,DEL_BOM,7,SpiceJet Direct,6551.0,2
2026-09-25,DEL_BOM,7,Yatra,5400.0,75
2026-09-25,DEL_BOM,15,Air India Direct,6822.0,1
2026-09-25,DEL_BOM,15,Akasa Direct,6530.0,7
2026-09-25,DEL_BOM,15,Cleartrip,6688.0,57
2026-09-25,DEL_BOM,15,EaseMyTrip,6729.0,104
2026-09-25,DEL_BOM,15,Goibibo,6688.0,61
2026-09-25,DEL_BOM,15,IndiGo Direct,6618.0,74
2026-09-25,DEL_BOM,15,Ixigo,6688.0,61
2026-09-25,DEL_BOM,15,MakeMyTrip,6530.0,68
2026-09-25,DEL_BOM,15,SpiceJet Direct,6447.0,1
2026-09-25,DEL_BOM,15,Yatra,5400.0,75
2026-09-25,DEL_BOM,30,Air India Direct,7292.0,1
2026-09-25,DEL_BOM,30,Akasa Direct,6530.0,7
2026-09-25,DEL_BOM,30,Cleartrip,7201.5,62
2026-09-25,DEL_BOM,30,EaseMyTrip,7749.5,172
2026-09-25,DEL_BOM,30,Goibibo,7168.5,66
2026-09-25,DEL_BOM,30,IndiGo Direct,7207.0,75
2026-09-25,DEL_BOM,30,Ixigo,7168.5,66
2026-09-25,DEL_BOM,30,MakeMyTrip,7019.0,73
2026-09-25,DEL_BOM,30,Yatra,5400.0,75
2026-09-25,DEL_BOM,45,Air India Direct,8096.0,1
2026-09-25,DEL_BOM,45,Akasa Direct,6530.0,7
2026-09-25,DEL_BOM,45,Cleartrip,8117.0,65
2026-09-25,DEL_BOM,45,EaseMyTrip,8934.0,169
2026-09-25,DEL_BOM,45,Goibibo,8117.0,67
2026-09-25,DEL_BOM,45,IndiGo Direct,7827.0,75
2026-09-25,DEL_BOM,45,Ixigo,8117.0,68
2026-09-25,DEL_BOM,45,MakeMyTrip,7512.0,74
2026-09-25,DEL_BOM,45,SpiceJet Direct,6341.0,6
2026-09-25,DEL_BOM,45,Yatra,5400.0,75
2026-09-25,DEL_CCU,1,Air India Direct,9214.0,1
2026-09-25,DEL_CCU,1,Akasa Direct,8056.0,7
2026-09-25,DEL_CCU,1,Cleartrip,8922.0,23
2026-09-25,DEL_CCU,1,EaseMyTrip,11409.0,90
2026-09-25,DEL_CCU,1,Goibibo,8922.0,23
2026-09-25,DEL_CCU,1,IndiGo Direct,8703.0,59
2026-09-25,DEL_CCU,1,Ixigo,8922.0,23
2026-09-25,DEL_CCU,1,MakeMyTrip,8922.0,30
2026-09-25,DEL_CCU,1,SpiceJet Direct,8941.0,1
2026-09-25,DEL_CCU,1,Yatra,5400.0,75
2026-09-25,DEL_CCU,7,Air India Direct,9106.0,1
2026-09-25,DEL_CCU,7,Akasa Direct,8517.0,7
2026-09-25,DEL_CCU,7,Cleartrip,9570.5,28
2026-09-25,DEL_CCU,7,EaseMyTrip,9702.0,94
2026-09-25,DEL_CCU,7,Goibibo,9477.0,28
2026-09-25,DEL_CCU,7,IndiGo Direct,8703.0,58
2026-09-25,DEL_CCU,7,Ixigo,9570.5,28
2026-09-25,DEL_CCU,7,MakeMyTrip,9356.0,32
2026-09-25,DEL_CCU,7,SpiceJet Direct,7880.0,1
2026-09-25,DEL_CCU,7,Yatra,5400.0,75
2026-09-25,DEL_CCU,15,Air India Direct,12450.0,1
2026-09-25,DEL_CCU,15,Akasa Direct,9526.0,7
2026-09-25,DEL_CCU,15,Cleartrip,12650.0,29
2026-09-25,DEL_CCU,15,EaseMyTrip,13437.0,97
2026-09-25,DEL_CCU,15,Goibibo,12811.0,29
2026-09-25,DEL_CCU,15,IndiGo Direct,12430.0,64
2026-09-25,DEL_CCU,15,Ixigo,12650.0,29
2026-09-25,DEL_CCU,15,MakeMyTrip,12650.0,35
2026-09-25,DEL_CCU,15,SpiceJet Direct,8545.0,3
2026-09-25,DEL_CCU,15,Yatra,5400.0,75
2026-09-25,DEL_CCU,30,Air India Direct,17556.0,1
2026-09-25,DEL_CCU,30,Akasa Direct,9708.0,7
2026-09-25,DEL_CCU,30,Cleartrip,22415.0,25
2026-09-25,DEL_CCU,30,EaseMyTrip,22521.5,106
2026-09-25,DEL_CCU,30,Goibibo,22415.0,25
2026-09-25,DEL_CCU,30,IndiGo Direct,20375.0,59
2026-09-25,DEL_CCU,30,Ixigo,22415.0,25
2026-09-25,DEL_CCU,30,MakeMyTrip,20472.0,29
2026-09-25,DEL_CCU,30,SpiceJet Direct,16629.0,1
2026-09-25,DEL_CCU,30,Yatra,5400.0,75
2026-09-25,DEL_CCU,45,Air India Direct,11230.0,1
2026-09-25,DEL_CCU,45,Akasa Direct,7982.5,6
2026-09-25,DEL_CCU,45,Cleartrip,11127.0,26
2026-09-25,DEL_CCU,45,EaseMyTrip,11845.0,100
2026-09-25,DEL_CCU,45,Goibibo,11127.0,26
2026-09-25,DEL_CCU,45,IndiGo Direct,10908.0,57
2026-09-25,DEL_CCU,45,Ixigo,11127.0,26
2026-09-25,DEL_CCU,45,MakeMyTrip,11127.0,29
2026-09-25,DEL_CCU,45,SpiceJet Direct,10359.0,1
2026-09-25,DEL_CCU,45,Yatra,5400.0,75
2026-09-25,DEL_GOI,1,Air India Direct,8172.0,1
2026-09-25,DEL_GOI,1,Cleartrip,11203.0,8
2026-09-25,DEL_GOI,1,EaseMyTrip,11630.0,66
2026-09-25,DEL_GOI,1,Goibibo,10032.0,15
2026-09-25,DEL_GOI,1,IndiGo Direct,12075.0,56
2026-09-25,DEL_GOI,1,Ixigo,12411.0,12
2026-09-25,DEL_GOI,1,MakeMyTrip,8230.5,14
2026-09-25,DEL_GOI,1,Yatra,5400.0,75
2026-09-25,DEL_GOI,7,Air India Direct,12162.0,1
2026-09-25,DEL_GOI,7,Cleartrip,16434.0,10
2026-09-25,DEL_GOI,7,EaseMyTrip,14376.0,109
2026-09-25,DEL_GOI,7,Goibibo,15140.5,18
2026-09-25,DEL_GOI,7,IndiGo Direct,14202.0,58
2026-09-25,DEL_GOI,7,Ixigo,15298.0,18
2026-09-25,DEL_GOI,7,MakeMyTrip,12988.0,16
2026-09-25,DEL_GOI,7,Yatra,5400.0,75
2026-09-25,DEL_GOI,15,Air India Direct,8043.0,1
2026-09-25,DEL_GOI,15,Cleartrip,8053.0,9
2026-09-25,DEL_GOI,15,EaseMyTrip,9687.0,97
2026-09-25,DEL_GOI,15,Goibibo,7823.0,17
2026-09-25,DEL_GOI,15,IndiGo Direct,10147.0,53
2026-09-25,DEL_GOI,15,Ixigo,7800.0,14
2026-09-25,DEL_GOI,15,MakeMyTrip,7420.0,15
2026-09-25,DEL_GOI,15,Yatra,5700.0,75
2026-09-25,DEL_GOI,30,Air India Direct,7613.0,1
2026-09-25,DEL_GOI,30,Cleartrip,7581.0,10
2026-09-25,DEL_GOI,30,EaseMyTrip,10113.0,117
2026-09-25,DEL_GOI,30,Goibibo,7420.0,19
2026-09-25,DEL_GOI,30,IndiGo Direct,9687.0,55
2026-09-25,DEL_GOI,30,Ixigo,7528.0,19
2026-09-25,DEL_GOI,30,MakeMyTrip,7474.0,14
2026-09-25,DEL_GOI,30,SpiceJet Direct,9715.0,1
2026-09-25,DEL_GOI,30,Yatra,5400.0,75
2026-09-25,DEL_GOI,45,Air India Direct,8191.0,1
2026-09-25,DEL_GOI,45,Cleartrip,9155.5,10
2026-09-25,DEL_GOI,45,EaseMyTrip,11748.0,123
2026-09-25,DEL_GOI,45,Goibibo,9038.0,19
2026-09-25,DEL_GOI,45,IndiGo Direct,10244.0,55
2026-09-25,DEL_GOI,45,Ixigo,9458.0,13
2026-09-25,DEL_GOI,45,MakeMyTrip,7738.0,33
2026-09-25,DEL_GOI,45,Yatra,5400.0,75
2026-09-25,DEL_HYD,1,Air India Direct,9074.0,1
2026-09-25,DEL_HYD,1,Akasa Direct,8385.0,7
2026-09-25,DEL_HYD,1,Cleartrip,8971.0,26
2026-09-25,DEL_HYD,1,EaseMyTrip,12879.0,95
2026-09-25,DEL_HYD,1,Goibibo,8930.0,26
2026-09-25,DEL_HYD,1,IndiGo Direct,8610.0,62
2026-09-25,DEL_HYD,1,Ixigo,9053.5,26
2026-09-25,DEL_HYD,1,MakeMyTrip,8930.0,30
2026-09-25,DEL_HYD,1,Yatra,5400.0,75
2026-09-25,DEL_HYD,7,Air India Direct,9109.0,1
2026-09-25,DEL_HYD,7,Akasa Direct,8090.0,7
2026-09-25,DEL_HYD,7,Cleartrip,9190.0,28
2026-09-25,DEL_HYD,7,EaseMyTrip,9347.0,101
2026-09-25,DEL_HYD,7,Goibibo,9173.0,28
2026-09-25,DEL_HYD,7,IndiGo Direct,8409.0,64
2026-09-25,DEL_HYD,7,Ixigo,9190.0,28
2026-09-25,DEL_HYD,7,MakeMyTrip,9130.0,33
2026-09-25,DEL_HYD,7,Yatra,5400.0,75
2026-09-25,DEL_HYD,15,Air India Direct,9109.0,1
2026-09-25,DEL_HYD,15,Akasa Direct,8385.0,7
2026-09-25,DEL_HYD,15,Cleartrip,8930.0,27
2026-09-25,DEL_HYD,15,EaseMyTrip,8930.0,84
2026-09-25,DEL_HYD,15,Goibibo,8930.0,27
2026-09-25,DEL_HYD,15,IndiGo Direct,8409.0,63
2026-09-25,DEL_HYD,15,Ixigo,8930.0,27
2026-09-25,DEL_HYD,15,MakeMyTrip,8930.0,30
2026-09-25,DEL_HYD,15,Yatra,5400.0,75
2026-09-25,DEL_HYD,30,Air India Direct,10741.0,1
2026-09-25,DEL_HYD,30,Akasa Direct,9516.0,7
2026-09-25,DEL_HYD,30,Cleartrip,11283.5,26
2026-09-25,DEL_HYD,30,EaseMyTrip,13905.5,98
2026-09-25,DEL_HYD,30,Goibibo,11136.0,26
2026-09-25,DEL_HYD,30,IndiGo Direct,12736.0,63
2026-09-25,DEL_HYD,30,Ixigo,11283.5,26
2026-09-25,DEL_HYD,30,MakeMyTrip,11042.0,30
2026-09-25,DEL_HYD,30,Yatra,5400.0,75
2026-09-25,DEL_HYD,45,Air India Direct,10899.0,1
2026-09-25,DEL_HYD,45,Akasa Direct,8385.0,7
2026-09-25,DEL_HYD,45,Cleartrip,10920.0,27
2026-09-25,DEL_HYD,45,EaseMyTrip,11617.0,115
2026-09-25,DEL_HYD,45,Goibibo,10920.0,27
2026-09-25,DEL_HYD,45,IndiGo Direct,10133.0,63
2026-09-25,DEL_HYD,45,Ixigo,10920.0,27
2026-09-25,DEL_HYD,45,MakeMyTrip,10453.0,31
2026-09-25,DEL_HYD,45,SpiceJet Direct,9708.0,1
2026-09-25,DEL_HYD,45,Yatra,5400.0,75
2026-09-25,DEL_MAA,1,Akasa Direct,14056.5,6
2026-09-25,DEL_MAA,1,Cleartrip,10315.0,15
2026-09-25,DEL_MAA,1,EaseMyTrip,12596.0,102
2026-09-25,DEL_MAA,1,Goibibo,10315.0,15
2026-09-25,DEL_MAA,1,IndiGo Direct,10373.0,54
2026-09-25,DEL_MAA,1,Ixigo,10315.0,15
2026-09-25,DEL_MAA,1,MakeMyTrip,10158.5,16
2026-09-25,DEL_MAA,1,Yatra,5400.0,75
2026-09-25,DEL_MAA,7,Akasa Direct,12374.0,7
2026-09-25,DEL_MAA,7,Cleartrip,10315.0,18
2026-09-25,DEL_MAA,7,EaseMyTrip,10953.0,100
2026-09-25,DEL_MAA,7,Goibibo,10471.0,18
2026-09-25,DEL_MAA,7,IndiGo Direct,10130.0,55
2026-09-25,DEL_MAA,7,Ixigo,10315.0,18
2026-09-25,DEL_MAA,7,MakeMyTrip,10315.0,21
2026-09-25,DEL_MAA,7,Yatra,5400.0,75
2026-09-25,DEL_MAA,15,Akasa Direct,10406.0,7
2026-09-25,DEL_MAA,15,Cleartrip,10002.0,17
2026-09-25,DEL_MAA,15,EaseMyTrip,10657.0,107
2026-09-25,DEL_MAA,15,Goibibo,10002.0,17
2026-09-25,DEL_MAA,15,IndiGo Direct,9999.0,54
2026-09-25,DEL_MAA,15,Ixigo,10002.0,17
2026-09-25,DEL_MAA,15,MakeMyTrip,10002.0,18
2026-09-25,DEL_MAA,15,Yatra,5400.0,75
2026-09-25,DEL_MAA,30,Akasa Direct,10789.0,7
2026-09-25,DEL_MAA,30,Cleartrip,13179.0,18
2026-09-25,DEL_MAA,30,EaseMyTrip,13812.0,105
2026-09-25,DEL_MAA,30,Goibibo,13179.0,18
2026-09-25,DEL_MAA,30,IndiGo Direct,11618.0,58
2026-09-25,DEL_MAA,30,Ixigo,13179.0,18
2026-09-25,DEL_MAA,30,MakeMyTrip,12879.0,22
2026-09-25,DEL_MAA,30,Yatra,5400.0,75
2026-09-25,DEL_MAA,45,Akasa Direct,14647.0,5
2026-09-25,DEL_MAA,45,Cleartrip,10936.0,18
2026-09-25,DEL_MAA,45,EaseMyTrip,11076.0,106
2026-09-25,DEL_MAA,45,Goibibo,10936.0,18
2026-09-25,DEL_MAA,45,IndiGo Direct,10145.0,53
2026-09-25,DEL_MAA,45,Ixigo,10936.0,18
2026-09-25,DEL_MAA,45,MakeMyTrip,10936.0,22
2026-09-25,DEL_MAA,45,Yatra,5400.0,75
2026-09-25,HYD_BLR,1,Akasa Direct,16943.0,7
2026-09-25,HYD_BLR,1,Cleartrip,7661.0,15
2026-09-25,HYD_BLR,1,EaseMyTrip,12642.0,101
2026-09-25,HYD_BLR,1,Goibibo,7661.0,15
2026-09-25,HYD_BLR,1,IndiGo Direct,8152.0,83
2026-09-25,HYD_BLR,1,Ixigo,7661.0,15
2026-09-25,HYD_BLR,1,MakeMyTrip,7661.0,18
2026-09-25,HYD_BLR,1,Yatra,5400.0,75
2026-09-25,HYD_BLR,7,Akasa Direct,17096.0,7
2026-09-25,HYD_BLR,7,Cleartrip,5220.0,15
2026-09-25,HYD_BLR,7,EaseMyTrip,11444.0,111
2026-09-25,HYD_BLR,7,Goibibo,5220.0,16
2026-09-25,HYD_BLR,7,IndiGo Direct,7895.0,81
2026-09-25,HYD_BLR,7,Ixigo,5418.5,16
2026-09-25,HYD_BLR,7,MakeMyTrip,5220.0,19
2026-09-25,HYD_BLR,7,Yatra,5400.0,75
2026-09-25,HYD_BLR,15,Akasa Direct,18575.0,7
2026-09-25,HYD_BLR,15,Cleartrip,6296.0,16
2026-09-25,HYD_BLR,15,EaseMyTrip,10414.0,103
2026-09-25,HYD_BLR,15,Goibibo,7099.5,16
2026-09-25,HYD_BLR,15,IndiGo Direct,7109.0,80
2026-09-25,HYD_BLR,15,Ixigo,7661.0,15
2026-09-25,HYD_BLR,15,MakeMyTrip,4426.0,40
2026-09-25,HYD_BLR,15,Yatra,5400.0,75
2026-09-25,HYD_BLR,30,Akasa Direct,18436.0,7
2026-09-25,HYD_BLR,30,Cleartrip,9817.0,16
2026-09-25,HYD_BLR,30,EaseMyTrip,14622.0,99
2026-09-25,HYD_BLR,30,Goibibo,9817.0,16
2026-09-25,HYD_BLR,30,IndiGo Direct,9052.5,80
2026-09-25,HYD_BLR,30,Ixigo,9817.0,16
2026-09-25,HYD_BLR,30,MakeMyTrip,7661.0,21
2026-09-25,HYD_BLR,30,Yatra,5400.0,75
2026-09-25,HYD_BLR,45,Akasa Direct,17265.0,6
2026-09-25,HYD_BLR,45,Cleartrip,4860.0,17
2026-09-25,HYD_BLR,45,EaseMyTrip,11193.0,103
2026-09-25,HYD_BLR,45,Goibibo,4860.0,17
2026-09-25,HYD_BLR,45,IndiGo Direct,5460.0,57
2026-09-25,HYD_BLR,45,Ixigo,4860.0,17
2026-09-25,HYD_BLR,45,MakeMyTrip,4535.0,21
2026-09-25,HYD_BLR,45,Yatra,5220.0,75
2026-09-25,HYD_DEL,1,Air India Direct,8572.0,1
2026-09-25,HYD_DEL,1,Akasa Direct,8499.0,7
2026-09-25,HYD_DEL,1,Cleartrip,8655.0,26
2026-09-25,HYD_DEL,1,EaseMyTrip,10959.0,80
2026-09-25,HYD_DEL,1,Goibibo,8655.0,26
2026-09-25,HYD_DEL,1,IndiGo Direct,11656.0,62
2026-09-25,HYD_DEL,1,Ixigo,8655.0,26
2026-09-25,HYD_DEL,1,MakeMyTrip,8593.0,33
2026-09-25,HYD_DEL,1,Yatra,5400.0,75
2026-09-25,HYD_DEL,7,Air India Direct,8572.0,1
2026-09-25,HYD_DEL,7,Akasa Direct,8067.0,7
2026-09-25,HYD_DEL,7,Cleartrip,9226.0,28
2026-09-25,HYD_DEL,7,EaseMyTrip,9375.0,85
2026-09-25,HYD_DEL,7,Goibibo,9226.0,28
2026-09-25,HYD_DEL,7,IndiGo Direct,8551.0,62
2026-09-25,HYD_DEL,7,Ixigo,9226.0,28
2026-09-25,HYD_DEL,7,MakeMyTrip,8715.0,33
2026-09-25,HYD_DEL,7,Yatra,5400.0,75
2026-09-25,HYD_DEL,15,Air India Direct,11526.0,1
2026-09-25,HYD_DEL,15,Akasa Direct,9439.0,7
2026-09-25,HYD_DEL,15,Cleartrip,13136.0,27
2026-09-25,HYD_DEL,15,EaseMyTrip,13980.0,89
2026-09-25,HYD_DEL,15,Goibibo,13136.0,27
2026-09-25,HYD_DEL,15,IndiGo Direct,12181.5,62
2026-09-25,HYD_DEL,15,Ixigo,13136.0,27
2026-09-25,HYD_DEL,15,MakeMyTrip,12490.0,32
2026-09-25,HYD_DEL,15,Yatra,5400.0,75
2026-09-25,HYD_DEL,30,Air India Direct,8687.0,1
2026-09-25,HYD_DEL,30,Akasa Direct,9274.0,7
2026-09-25,HYD_DEL,30,Cleartrip,10003.0,26
2026-09-25,HYD_DEL,30,EaseMyTrip,11278.0,101
2026-09-25,HYD_DEL,30,Goibibo,10003.0,26
2026-09-25,HYD_DEL,30,IndiGo Direct,9602.0,61
2026-09-25,HYD_DEL,30,Ixigo,10003.0,26
2026-09-25,HYD_DEL,30,MakeMyTrip,9916.0,30
2026-09-25,HYD_DEL,30,Yatra,5400.0,75
2026-09-25,HYD_DEL,45,Air India Direct,8844.0,1
2026-09-25,HYD_DEL,45,Akasa Direct,8499.0,6
2026-09-25,HYD_DEL,45,Cleartrip,9375.0,27
2026-09-25,HYD_DEL,45,EaseMyTrip,11299.0,134
2026-09-25,HYD_DEL,45,Goibibo,9375.0,27
2026-09-25,HYD_DEL,45,IndiGo Direct,8554.0,65
2026-09-25,HYD_DEL,45,Ixigo,9375.0,27
2026-09-25,HYD_DEL,45,MakeMyTrip,9375.0,31
2026-09-25,HYD_DEL,45,SpiceJet Direct,7576.0,1
2026-09-25,HYD_DEL,45,Yatra,5400.0,75
2026-09-25,MAA_BOM,1,Akasa Direct,7184.0,5
2026-09-25,MAA_BOM,1,Cleartrip,7958.0,17
2026-09-25,MAA_BOM,1,EaseMyTrip,11724.0,101
2026-09-25,MAA_BOM,1,Goibibo,7958.0,18
2026-09-25,MAA_BOM,1,IndiGo Direct,10590.0,55
2026-09-25,MAA_BOM,1,Ixigo,7958.0,18
2026-09-25,MAA_BOM,1,MakeMyTrip,7958.0,21
2026-09-25,MAA_BOM,1,Yatra,5400.0,75
2026-09-25,MAA_BOM,7,Akasa Direct,7061.0,7
2026-09-25,MAA_BOM,7,Cleartrip,7540.0,19
2026-09-25,MAA_BOM,7,EaseMyTrip,9290.0,118
2026-09-25,MAA_BOM,7,Goibibo,7540.0,19
2026-09-25,MAA_BOM,7,IndiGo Direct,9211.0,51
2026-09-25,MAA_BOM,7,Ixigo,7540.0,19
2026-09-25,MAA_BOM,7,MakeMyTrip,7540.0,22
2026-09-25,MAA_BOM,7,Yatra,5400.0,75
2026-09-25,MAA_BOM,15,Akasa Direct,7061.0,7
2026-09-25,MAA_BOM,15,Cleartrip,7853.0,19
2026-09-25,MAA_BOM,15,EaseMyTrip,10396.0,121
2026-09-25,MAA_BOM,15,Goibibo,7826.5,20
2026-09-25,MAA_BOM,15,IndiGo Direct,9149.5,52
2026-09-25,MAA_BOM,15,MakeMyTrip,7540.0,23
2026-09-25,MAA_BOM,15,Yatra,5400.0,75
2026-09-25,MAA_BOM,30,Akasa Direct,7698.0,7
2026-09-25,MAA_BOM,30,Cleartrip,7853.0,17
2026-09-25,MAA_BOM,30,EaseMyTrip,9949.0,91
2026-09-25,MAA_BOM,30,Goibibo,7853.0,17
2026-09-25,MAA_BOM,30,IndiGo Direct,9290.0,55
2026-09-25,MAA_BOM,30,Ixigo,7853.0,17
2026-09-25,MAA_BOM,30,MakeMyTrip,7540.0,21
2026-09-25,MAA_BOM,30,Yatra,5400.0,75
2026-09-25,MAA_BOM,45,Akasa Direct,7310.0,4
2026-09-25,MAA_BOM,45,Cleartrip,7540.0,17
2026-09-25,MAA_BOM,45,EaseMyTrip,9088.0,89
2026-09-25,MAA_BOM,45,Goibibo,7540.0,17
2026-09-25,MAA_BOM,45,IndiGo Direct,9080.0,50
2026-09-25,MAA_BOM,45,Ixigo,7540.0,17
2026-09-25,MAA_BOM,45,MakeMyTrip,7540.0,20
2026-09-25,MAA_BOM,45,Yatra,5400.0,75
2026-09-25,MAA_DEL,1,Akasa Direct,14798.0,5
2026-09-25,MAA_DEL,1,Cleartrip,13890.0,15
2026-09-25,MAA_DEL,1,EaseMyTrip,16290.0,102
2026-09-25,MAA_DEL,1,Goibibo,13997.0,15
2026-09-25,MAA_DEL,1,IndiGo Direct,13787.0,54
2026-09-25,MAA_DEL,1,Ixigo,13890.0,15
2026-09-25,MAA_DEL,1,MakeMyTrip,13623.0,18
2026-09-25,MAA_DEL,1,Yatra,5400.0,75
2026-09-25,MAA_DEL,7,Akasa Direct,11187.0,7
2026-09-25,MAA_DEL,7,Cleartrip,10615.0,18
2026-09-25,MAA_DEL,7,EaseMyTrip,11418.0,105
2026-09-25,MAA_DEL,7,Goibibo,10615.0,18
2026-09-25,MAA_DEL,7,IndiGo Direct,9857.0,55
2026-09-25,MAA_DEL,7,MakeMyTrip,10606.0,21
2026-09-25,MAA_DEL,7,Yatra,5400.0,75
2026-09-25,MAA_DEL,15,Akasa Direct,11187.0,7
2026-09-25,MAA_DEL,15,Cleartrip,10463.0,17
2026-09-25,MAA_DEL,15,EaseMyTrip,13933.5,102
2026-09-25,MAA_DEL,15,Goibibo,10463.0,17
2026-09-25,MAA_DEL,15,IndiGo Direct,10295.0,59
2026-09-25,MAA_DEL,15,Ixigo,10463.0,7
2026-09-25,MAA_DEL,15,MakeMyTrip,10463.0,19
2026-09-25,MAA_DEL,15,Yatra,5400.0,75
2026-09-25,MAA_DEL,30,Akasa Direct,13323.0,7
2026-09-25,MAA_DEL,30,Cleartrip,11418.0,18
2026-09-25,MAA_DEL,30,EaseMyTrip,13852.0,119
2026-09-25,MAA_DEL,30,Goibibo,11520.5,18
2026-09-25,MAA_DEL,30,IndiGo Direct,10785.0,57
2026-09-25,MAA_DEL,30,Ixigo,11623.0,17
2026-09-25,MAA_DEL,30,MakeMyTrip,11261.5,22
2026-09-25,MAA_DEL,30,Yatra,5400.0,75
2026-09-25,MAA_DEL,45,Akasa Direct,15491.0,4
2026-09-25,MAA_DEL,45,Cleartrip,10382.5,18
2026-09-25,MAA_DEL,45,EaseMyTrip,10993.5,98
2026-09-25,MAA_DEL,45,Goibibo,10382.5,18
2026-09-25,MAA_DEL,45,IndiGo Direct,9857.0,57
2026-09-25,MAA_DEL,45,Ixigo,10382.5,18
2026-09-25,MAA_DEL,45,MakeMyTrip,10150.0,20
2026-09-25,MAA_DEL,45,Yatra,5400.0,75
2026-09-26,AMD_DEL,1,Air India Direct,6382.0,1
2026-09-26,AMD_DEL,1,Akasa Direct,9990.0,7
2026-09-26,AMD_DEL,1,Cleartrip,7519.0,18
2026-09-26,AMD_DEL,1,EaseMyTrip,7204.0,18
2026-09-26,AMD_DEL,1,Goibibo,7625.0,18
2026-09-26,AMD_DEL,1,IndiGo Direct,6453.0,17
2026-09-26,AMD_DEL,1,Ixigo,7519.0,18
2026-09-26,AMD_DEL,1,MakeMyTrip,7309.0,22
2026-09-26,AMD_DEL,1,Yatra,5400.0,51
2026-09-26,AMD_DEL,7,Air India Direct,6198.0,1
2026-09-26,AMD_DEL,7,Akasa Direct,9632.0,7
2026-09-26,AMD_DEL,7,Cleartrip,6290.0,17
2026-09-26,AMD_DEL,7,EaseMyTrip,6294.0,18
2026-09-26,AMD_DEL,7,Goibibo,6294.0,18
2026-09-26,AMD_DEL,7,IndiGo Direct,5613.0,18
2026-09-26,AMD_DEL,7,Ixigo,6294.0,18
2026-09-26,AMD_DEL,7,MakeMyTrip,6290.0,22
2026-09-26,AMD_DEL,7,Yatra,5400.0,75
2026-09-26,AMD_DEL,15,Air India Direct,6382.0,1
2026-09-26,AMD_DEL,15,Akasa Direct,10838.0,7
2026-09-26,AMD_DEL,15,Cleartrip,6298.0,17
2026-09-26,AMD_DEL,15,EaseMyTrip,6298.0,17
2026-09-26,AMD_DEL,15,Goibibo,6298.0,17
2026-09-26,AMD_DEL,15,IndiGo Direct,6391.5,20
2026-09-26,AMD_DEL,15,Ixigo,6298.0,14
2026-09-26,AMD_DEL,15,MakeMyTrip,6290.0,21
2026-09-26,AMD_DEL,15,Yatra,5400.0,66
2026-09-26,AMD_DEL,30,Air India Direct,6435.0,1
2026-09-26,AMD_DEL,30,Akasa Direct,11541.0,7
2026-09-26,AMD_DEL,30,Cleartrip,6351.0,20
2026-09-26,AMD_DEL,30,EaseMyTrip,6351.0,19
2026-09-26,AMD_DEL,30,Goibibo,6351.0,20
2026-09-26,AMD_DEL,30,IndiGo Direct,5823.0,21
2026-09-26,AMD_DEL,30,Ixigo,6351.0,18
2026-09-26,AMD_DEL,30,MakeMyTrip,6317.5,24
2026-09-26,AMD_DEL,30,SpiceJet Direct,6365.0,1
2026-09-26,AMD_DEL,30,Yatra,5400.0,75
2026-09-26,AMD_DEL,45,Air India Direct,8810.0,1
2026-09-26,AMD_DEL,45,Akasa Direct,10384.5,6
2026-09-26,AMD_DEL,45,Cleartrip,11090.0,20
2026-09-26,AMD_DEL,45,EaseMyTrip,11090.0,20
2026-09-26,AMD_DEL,45,Goibibo,11510.0,21
2026-09-26,AMD_DEL,45,IndiGo Direct,10968.0,27
2026-09-26,AMD_DEL,45,Ixigo,11510.0,20
2026-09-26,AMD_DEL,45,MakeMyTrip,10670.0,25
2026-09-26,AMD_DEL,45,SpiceJet Direct,8828.0,2
2026-09-26,AMD_DEL,45,Yatra,5400.0,75
2026-09-26,BLR_BOM,1,Air India Direct,6956.0,1
2026-09-26,BLR_BOM,1,Akasa Direct,5761.0,7
2026-09-26,BLR_BOM,1,Cleartrip,7683.0,31
2026-09-26,BLR_BOM,1,EaseMyTrip,8135.5,30
2026-09-26,BLR_BOM,1,Goibibo,7683.0,35
2026-09-26,BLR_BOM,1,IndiGo Direct,8905.0,60
2026-09-26,BLR_BOM,1,Ixigo,7819.0,35
2026-09-26,BLR_BOM,1,MakeMyTrip,7297.0,38
2026-09-26,BLR_BOM,1,Yatra,5400.0,75
2026-09-26,BLR_BOM,7,Air India Direct,4508.0,1
2026-09-26,BLR_BOM,7,Akasa Direct,5544.0,7
2026-09-26,BLR_BOM,7,Cleartrip,6879.0,30
2026-09-26,BLR_BOM,7,EaseMyTrip,6877.0,29
2026-09-26,BLR_BOM,7,Goibibo,6877.0,32
2026-09-26,BLR_BOM,7,IndiGo Direct,5579.0,58
2026-09-26,BLR_BOM,7,Ixigo,6879.0,30
2026-09-26,BLR_BOM,7,MakeMyTrip,6872.0,35
2026-09-26,BLR_BOM,7,Yatra,5369.0,75
2026-09-26,BLR_BOM,15,Air India Direct,6527.0,1
2026-09-26,BLR_BOM,15,Akasa Direct,6225.0,7
2026-09-26,BLR_BOM,15,Cleartrip,8452.0,29
2026-09-26,BLR_BOM,15,EaseMyTrip,8452.0,28
2026-09-26,BLR_BOM,15,Goibibo,8452.0,32
2026-09-26,BLR_BOM,15,IndiGo Direct,7683.0,60
2026-09-26,BLR_BOM,15,Ixigo,8452.0,32
2026-09-26,BLR_BOM,15,MakeMyTrip,8032.0,35
2026-09-26,BLR_BOM,15,Yatra,5400.0,75
2026-09-26,BLR_BOM,30,Air India Direct,6364.0,1
2026-09-26,BLR_BOM,30,Akasa Direct,6732.0,7
2026-09-26,BLR_BOM,30,Cleartrip,7612.0,33
2026-09-26,BLR_BOM,30,EaseMyTrip,7612.0,33
2026-09-26,BLR_BOM,30,Goibibo,7612.0,40
2026-09-26,BLR_BOM,30,IndiGo Direct,7570.0,57
2026-09-26,BLR_BOM,30,Ixigo,7612.0,40
2026-09-26,BLR_BOM,30,MakeMyTrip,7269.5,42
2026-09-26,BLR_BOM,30,SpiceJet Direct,5846.0,3
2026-09-26,BLR_BOM,30,Yatra,5400.0,75
2026-09-26,BLR_BOM,45,Air India Direct,7313.0,1
2026-09-26,BLR_BOM,45,Akasa Direct,5761.0,7
2026-09-26,BLR_BOM,45,Cleartrip,8452.0,38
2026-09-26,BLR_BOM,45,EaseMyTrip,8452.0,37
2026-09-26,BLR_BOM,45,Goibibo,8452.0,44
2026-09-26,BLR_BOM,45,IndiGo Direct,7731.5,54
2026-09-26,BLR_BOM,45,Ixigo,8452.0,44
2026-09-26,BLR_BOM,45,MakeMyTrip,8452.0,46
2026-09-26,BLR_BOM,45,SpiceJet Direct,6785.0,3
2026-09-26,BLR_BOM,45,Yatra,5400.0,75
2026-09-26,BLR_DEL,1,Air India Direct,8656.0,1
2026-09-26,BLR_DEL,1,Akasa Direct,8364.0,7
2026-09-26,BLR_DEL,1,Cleartrip,10873.0,39
2026-09-26,BLR_DEL,1,EaseMyTrip,10969.0,37
2026-09-26,BLR_DEL,1,Goibibo,10778.0,39
2026-09-26,BLR_DEL,1,IndiGo Direct,10886.0,67
2026-09-26,BLR_DEL,1,Ixigo,10691.0,39
2026-09-26,BLR_DEL,1,MakeMyTrip,10378.0,47
2026-09-26,BLR_DEL,1,Yatra,5400.0,75
2026-09-26,BLR_DEL,7,Air India Direct,8649.0,1
2026-09-26,BLR_DEL,7,Akasa Direct,8364.0,7
2026-09-26,BLR_DEL,7,Cleartrip,8364.0,40
2026-09-26,BLR_DEL,7,EaseMyTrip,8364.0,40
2026-09-26,BLR_DEL,7,Goibibo,8364.0,41
2026-09-26,BLR_DEL,7,IndiGo Direct,8380.0,67
2026-09-26,BLR_DEL,7,Ixigo,8364.0,41
2026-09-26,BLR_DEL,7,MakeMyTrip,8364.0,47
2026-09-26,BLR_DEL,7,Yatra,5400.0,75
2026-09-26,BLR_DEL,15,Air India Direct,10199.0,1
2026-09-26,BLR_DEL,15,Akasa Direct,9800.0,7
2026-09-26,BLR_DEL,15,Cleartrip,11548.0,42
2026-09-26,BLR_DEL,15,EaseMyTrip,11855.0,42
2026-09-26,BLR_DEL,15,Goibibo,11548.0,43
2026-09-26,BLR_DEL,15,IndiGo Direct,11139.0,69
2026-09-26,BLR_DEL,15,Ixigo,11548.0,43
2026-09-26,BLR_DEL,15,MakeMyTrip,10755.0,52
2026-09-26,BLR_DEL,15,Yatra,5400.0,75
2026-09-26,BLR_DEL,30,Air India Direct,9896.0,1
2026-09-26,BLR_DEL,30,Akasa Direct,10162.0,7
2026-09-26,BLR_DEL,30,Cleartrip,9605.0,43
2026-09-26,BLR_DEL,30,EaseMyTrip,9605.0,43
2026-09-26,BLR_DEL,30,Goibibo,9605.0,44
2026-09-26,BLR_DEL,30,IndiGo Direct,10039.0,66
2026-09-26,BLR_DEL,30,Ixigo,9605.0,44
2026-09-26,BLR_DEL,30,MakeMyTrip,9605.0,50
2026-09-26,BLR_DEL,30,SpiceJet Direct,9430.5,2
2026-09-26,BLR_DEL,30,Yatra,5400.0,75
2026-09-26,BLR_DEL,45,Air India Direct,10054.0,1
2026-09-26,BLR_DEL,45,Akasa Direct,8791.0,7
2026-09-26,BLR_DEL,45,Cleartrip,9605.0,43
2026-09-26,BLR_DEL,45,EaseMyTrip,9605.0,43
2026-09-26,BLR_DEL,45,Goibibo,9605.0,44
2026-09-26,BLR_DEL,45,IndiGo Direct,10039.0,66
2026-09-26,BLR_DEL,45,Ixigo,9605.0,44
2026-09-26,BLR_DEL,45,MakeMyTrip,9605.0,49
2026-09-26,BLR_DEL,45,SpiceJet Direct,9212.0,2
2026-09-26,BLR_DEL,45,Yatra,5400.0,75
2026-09-26,BLR_HYD,1,Air India Direct,5937.0,1
2026-09-26,BLR_HYD,1,Akasa Direct,16843.0,7
2026-09-26,BLR_HYD,1,Cleartrip,11173.5,14
2026-09-26,BLR_HYD,1,EaseMyTrip,11594.5,14
2026-09-26,BLR_HYD,1,Goibibo,11130.5,14
2026-09-26,BLR_HYD,1,IndiGo Direct,13269.5,98
2026-09-26,BLR_HYD,1,Ixigo,11594.5,14
2026-09-26,BLR_HYD,1,MakeMyTrip,10548.0,17
2026-09-26,BLR_HYD,1,Yatra,5400.0,75
2026-09-26,BLR_HYD,7,Air India Direct,5471.0,1
2026-09-26,BLR_HYD,7,Akasa Direct,16843.0,7
2026-09-26,BLR_HYD,7,Cleartrip,4555.5,16
2026-09-26,BLR_HYD,7,EaseMyTrip,4718.0,16
2026-09-26,BLR_HYD,7,Goibibo,4718.0,16
2026-09-26,BLR_HYD,7,IndiGo Direct,5157.0,73
2026-09-26,BLR_HYD,7,Ixigo,4718.0,16
2026-09-26,BLR_HYD,7,MakeMyTrip,4718.0,19
2026-09-26,BLR_HYD,7,Yatra,5000.0,75
2026-09-26,BLR_HYD,15,Air India Direct,5742.0,1
2026-09-26,BLR_HYD,15,Akasa Direct,19381.0,7
2026-09-26,BLR_HYD,15,Cleartrip,5694.0,14
2026-09-26,BLR_HYD,15,EaseMyTrip,6930.0,14
2026-09-26,BLR_HYD,15,Goibibo,5651.0,14
2026-09-26,BLR_HYD,15,IndiGo Direct,7101.0,76
2026-09-26,BLR_HYD,15,Ixigo,5694.0,14
2026-09-26,BLR_HYD,15,MakeMyTrip,5475.0,17
2026-09-26,BLR_HYD,15,Yatra,5400.0,75
2026-09-26,BLR_HYD,30,Air India Direct,5471.0,1
2026-09-26,BLR_HYD,30,Akasa Direct,18605.0,7
2026-09-26,BLR_HYD,30,Cleartrip,4718.0,17
2026-09-26,BLR_HYD,30,EaseMyTrip,4718.0,17
2026-09-26,BLR_HYD,30,Goibibo,4718.0,17
2026-09-26,BLR_HYD,30,IndiGo Direct,5594.0,62
2026-09-26,BLR_HYD,30,Ixigo,4718.0,17
2026-09-26,BLR_HYD,30,MakeMyTrip,4592.0,20
2026-09-26,BLR_HYD,30,Yatra,5078.0,75
2026-09-26,BLR_HYD,45,Air India Direct,6789.0,1
2026-09-26,BLR_HYD,45,Akasa Direct,16925.5,6
2026-09-26,BLR_HYD,45,Cleartrip,5078.0,17
2026-09-26,BLR_HYD,45,EaseMyTrip,5078.0,17
2026-09-26,BLR_HYD,45,Goibibo,4992.0,17
2026-09-26,BLR_HYD,45,IndiGo Direct,5793.0,53
2026-09-26,BLR_HYD,45,Ixigo,5078.0,17
2026-09-26,BLR_HYD,45,MakeMyTrip,5078.0,20
2026-09-26,BLR_HYD,45,Yatra,5078.0,75
2026-09-26,BOM_BLR,1,Air India Direct,6765.0,1
2026-09-26,BOM_BLR,1,Akasa Direct,5673.0,7
2026-09-26,BOM_BLR,1,Cleartrip,8319.0,34
2026-09-26,BOM_BLR,1,EaseMyTrip,8319.0,33
2026-09-26,BOM_BLR,1,Goibibo,8112.0,38
2026-09-26,BOM_BLR,1,IndiGo Direct,11638.5,64
2026-09-26,BOM_BLR,1,Ixigo,8319.0,38
2026-09-26,BOM_BLR,1,MakeMyTrip,7668.0,42
2026-09-26,BOM_BLR,1,Yatra,5400.0,75
2026-09-26,BOM_BLR,7,Air India Direct,5292.0,1
2026-09-26,BOM_BLR,7,Akasa Direct,5050.0,7
2026-09-26,BOM_BLR,7,Cleartrip,7062.0,29
2026-09-26,BOM_BLR,7,EaseMyTrip,7062.0,28
2026-09-26,BOM_BLR,7,Goibibo,7062.0,30
2026-09-26,BOM_BLR,7,IndiGo Direct,5594.0,58
2026-09-26,BOM_BLR,7,Ixigo,7062.0,30
2026-09-26,BOM_BLR,7,MakeMyTrip,7062.0,33
2026-09-26,BOM_BLR,7,Yatra,5253.0,75
2026-09-26,BOM_BLR,15,Air India Direct,5238.0,1
2026-09-26,BOM_BLR,15,Akasa Direct,5050.0,7
2026-09-26,BOM_BLR,15,Cleartrip,7692.0,29
2026-09-26,BOM_BLR,15,EaseMyTrip,7692.0,29
2026-09-26,BOM_BLR,15,Goibibo,7377.0,34
2026-09-26,BOM_BLR,15,IndiGo Direct,7584.0,58
2026-09-26,BOM_BLR,15,Ixigo,7377.0,34
2026-09-26,BOM_BLR,15,MakeMyTrip,7359.5,38
2026-09-26,BOM_BLR,15,Yatra,5400.0,75
2026-09-26,BOM_BLR,30,Air India Direct,7149.0,1
2026-09-26,BOM_BLR,30,Akasa Direct,5249.0,7
2026-09-26,BOM_BLR,30,Cleartrip,8112.0,35
2026-09-26,BOM_BLR,30,EaseMyTrip,8112.0,34
2026-09-26,BOM_BLR,30,Goibibo,8112.0,40
2026-09-26,BOM_BLR,30,IndiGo Direct,7584.0,57
2026-09-26,BOM_BLR,30,Ixigo,8112.0,40
2026-09-26,BOM_BLR,30,MakeMyTrip,8112.0,42
2026-09-26,BOM_BLR,30,SpiceJet Direct,5850.0,3
2026-09-26,BOM_BLR,30,Yatra,5400.0,75
2026-09-26,BOM_BLR,45,Air India Direct,9272.0,1
2026-09-26,BOM_BLR,45,Akasa Direct,5899.0,7
2026-09-26,BOM_BLR,45,Cleartrip,10415.0,39
2026-09-26,BOM_BLR,45,EaseMyTrip,10744.0,132
2026-09-26,BOM_BLR,45,Goibibo,10107.0,46
2026-09-26,BOM_BLR,45,IndiGo Direct,10290.5,60
2026-09-26,BOM_BLR,45,Ixigo,10107.0,46
2026-09-26,BOM_BLR,45,MakeMyTrip,10107.0,47
2026-09-26,BOM_BLR,45,Yatra,5400.0,75
2026-09-26,BOM_DEL,1,Air India Direct,6741.0,1
2026-09-26,BOM_DEL,1,Akasa Direct,6523.0,7
2026-09-26,BOM_DEL,1,Cleartrip,6762.0,53
2026-09-26,BOM_DEL,1,EaseMyTrip,6720.0,54
2026-09-26,BOM_DEL,1,Goibibo,6768.5,56
2026-09-26,BOM_DEL,1,IndiGo Direct,7433.5,66
2026-09-26,BOM_DEL,1,Ixigo,6818.5,56
2026-09-26,BOM_DEL,1,MakeMyTrip,6720.0,59
2026-09-26,BOM_DEL,1,SpiceJet Direct,11333.0,1
2026-09-26,BOM_DEL,1,Yatra,5400.0,75
2026-09-26,BOM_DEL,7,Air India Direct,6741.0,1
2026-09-26,BOM_DEL,7,Akasa Direct,6523.0,7
2026-09-26,BOM_DEL,7,Cleartrip,6562.0,58
2026-09-26,BOM_DEL,7,EaseMyTrip,6562.0,58
2026-09-26,BOM_DEL,7,Goibibo,6562.0,61
2026-09-26,BOM_DEL,7,IndiGo Direct,6293.0,73
2026-09-26,BOM_DEL,7,Ixigo,6601.5,60
2026-09-26,BOM_DEL,7,MakeMyTrip,6562.0,69
2026-09-26,BOM_DEL,7,SpiceJet Direct,6472.0,1
2026-09-26,BOM_DEL,7,Yatra,5400.0,75
2026-09-26,BOM_DEL,15,Air India Direct,6854.0,1
2026-09-26,BOM_DEL,15,Akasa Direct,6523.0,7
2026-09-26,BOM_DEL,15,Cleartrip,6875.0,58
2026-09-26,BOM_DEL,15,EaseMyTrip,6562.0,34
2026-09-26,BOM_DEL,15,Goibibo,6823.0,62
2026-09-26,BOM_DEL,15,IndiGo Direct,6786.0,75
2026-09-26,BOM_DEL,15,Ixigo,6823.0,62
2026-09-26,BOM_DEL,15,MakeMyTrip,6720.0,71
2026-09-26,BOM_DEL,15,SpiceJet Direct,6472.0,2
2026-09-26,BOM_DEL,15,Yatra,5400.0,75
2026-09-26,BOM_DEL,30,Air India Direct,6953.0,1
2026-09-26,BOM_DEL,30,Akasa Direct,7135.0,7
2026-09-26,BOM_DEL,30,Cleartrip,7168.0,64
2026-09-26,BOM_DEL,30,EaseMyTrip,7364.0,56
2026-09-26,BOM_DEL,30,Goibibo,7051.0,31
2026-09-26,BOM_DEL,30,IndiGo Direct,7158.0,71
2026-09-26,BOM_DEL,30,Ixigo,7282.5,64
2026-09-26,BOM_DEL,30,MakeMyTrip,7051.0,73
2026-09-26,BOM_DEL,30,SpiceJet Direct,6472.0,4
2026-09-26,BOM_DEL,30,Yatra,5400.0,75
2026-09-26,BOM_DEL,45,Air India Direct,8143.0,1
2026-09-26,BOM_DEL,45,Akasa Direct,6523.0,7
2026-09-26,BOM_DEL,45,Cleartrip,8332.0,65
2026-09-26,BOM_DEL,45,EaseMyTrip,8332.0,62
2026-09-26,BOM_DEL,45,Goibibo,8164.0,62
2026-09-26,BOM_DEL,45,IndiGo Direct,9188.0,73
2026-09-26,BOM_DEL,45,Ixigo,8332.0,69
2026-09-26,BOM_DEL,45,MakeMyTrip,8164.0,74
2026-09-26,BOM_DEL,45,SpiceJet Direct,6832.0,6
2026-09-26,BOM_DEL,45,Yatra,5400.0,75
2026-09-26,BOM_GOI,1,Air India Direct,12200.0,1
2026-09-26,BOM_GOI,1,Cleartrip,5801.5,14
2026-09-26,BOM_GOI,1,EaseMyTrip,5330.5,18
2026-09-26,BOM_GOI,1,Goibibo,5203.0,23
2026-09-26,BOM_GOI,1,IndiGo Direct,7477.0,24
2026-09-26,BOM_GOI,1,Ixigo,5644.0,21
2026-09-26,BOM_GOI,1,MakeMyTrip,5049.5,18
2026-09-26,BOM_GOI,1,Yatra,5390.0,75
2026-09-26,BOM_GOI,7,Air India Direct,5116.0,1
2026-09-26,BOM_GOI,7,Cleartrip,5249.0,13
2026-09-26,BOM_GOI,7,EaseMyTrip,5249.0,17
2026-09-26,BOM_GOI,7,Goibibo,5453.0,21
2026-09-26,BOM_GOI,7,IndiGo Direct,4822.0,25
2026-09-26,BOM_GOI,7,Ixigo,5509.0,19
2026-09-26,BOM_GOI,7,MakeMyTrip,4827.0,16
2026-09-26,BOM_GOI,7,Yatra,5000.0,75
2026-09-26,BOM_GOI,15,Air India Direct,4413.0,1
2026-09-26,BOM_GOI,15,Cleartrip,4224.0,13
2026-09-26,BOM_GOI,15,EaseMyTrip,4069.0,17
2026-09-26,BOM_GOI,15,Goibibo,4224.0,23
2026-09-26,BOM_GOI,15,IndiGo Direct,6980.5,26
2026-09-26,BOM_GOI,15,Ixigo,4224.0,21
2026-09-26,BOM_GOI,15,MakeMyTrip,4069.0,16
2026-09-26,BOM_GOI,15,Yatra,5700.0,75
2026-09-26,BOM_GOI,30,Air India Direct,4413.0,1
2026-09-26,BOM_GOI,30,Cleartrip,4199.0,16
2026-09-26,BOM_GOI,30,EaseMyTrip,4157.0,20
2026-09-26,BOM_GOI,30,Goibibo,4174.0,23
2026-09-26,BOM_GOI,30,IndiGo Direct,7477.0,31
2026-09-26,BOM_GOI,30,Ixigo,4279.5,20
2026-09-26,BOM_GOI,30,MakeMyTrip,4069.0,20
2026-09-26,BOM_GOI,30,Yatra,5000.0,75
2026-09-26,BOM_GOI,45,Air India Direct,5063.0,1
2026-09-26,BOM_GOI,45,Cleartrip,6605.5,18
2026-09-26,BOM_GOI,45,EaseMyTrip,6494.0,23
2026-09-26,BOM_GOI,45,Goibibo,6564.5,26
2026-09-26,BOM_GOI,45,IndiGo Direct,7477.0,29
2026-09-26,BOM_GOI,45,Ixigo,6564.5,24
2026-09-26,BOM_GOI,45,MakeMyTrip,5696.0,22
2026-09-26,BOM_GOI,45,SpiceJet Direct,5985.5,2
2026-09-26,BOM_GOI,45,Yatra,5400.0,75
2026-09-26,BOM_MAA,1,Air India Direct,6943.0,1
2026-09-26,BOM_MAA,1,Akasa Direct,6575.0,6
2026-09-26,BOM_MAA,1,Cleartrip,7510.0,18
2026-09-26,BOM_MAA,1,EaseMyTrip,7064.0,17
2026-09-26,BOM_MAA,1,Goibibo,7510.0,18
2026-09-26,BOM_MAA,1,IndiGo Direct,8512.0,53
2026-09-26,BOM_MAA,1,Ixigo,7510.0,18
2026-09-26,BOM_MAA,1,MakeMyTrip,7014.0,22
2026-09-26,BOM_MAA,1,Yatra,5400.0,75
2026-09-26,BOM_MAA,7,Air India Direct,6943.0,1
2026-09-26,BOM_MAA,7,Akasa Direct,6008.0,7
2026-09-26,BOM_MAA,7,Cleartrip,6651.0,19
2026-09-26,BOM_MAA,7,EaseMyTrip,6651.0,18
2026-09-26,BOM_MAA,7,Goibibo,6651.0,20
2026-09-26,BOM_MAA,7,IndiGo Direct,6758.0,51
2026-09-26,BOM_MAA,7,Ixigo,6651.0,20
2026-09-26,BOM_MAA,7,MakeMyTrip,6651.0,22
2026-09-26,BOM_MAA,7,Yatra,5400.0,75
2026-09-26,BOM_MAA,15,Air India Direct,6943.0,1
2026-09-26,BOM_MAA,15,Akasa Direct,6575.0,7
2026-09-26,BOM_MAA,15,Cleartrip,6651.0,19
2026-09-26,BOM_MAA,15,EaseMyTrip,6651.0,18
2026-09-26,BOM_MAA,15,Goibibo,6651.0,19
2026-09-26,BOM_MAA,15,IndiGo Direct,8302.0,51
2026-09-26,BOM_MAA,15,Ixigo,6651.0,19
2026-09-26,BOM_MAA,15,MakeMyTrip,6651.0,22
2026-09-26,BOM_MAA,15,Yatra,5400.0,75
2026-09-26,BOM_MAA,30,Air India Direct,6943.0,1
2026-09-26,BOM_MAA,30,Akasa Direct,6575.0,7
2026-09-26,BOM_MAA,30,Cleartrip,6651.0,17
2026-09-26,BOM_MAA,30,EaseMyTrip,6651.0,16
2026-09-26,BOM_MAA,30,Goibibo,6651.0,17
2026-09-26,BOM_MAA,30,IndiGo Direct,8302.0,46
2026-09-26,BOM_MAA,30,MakeMyTrip,6651.0,20
2026-09-26,BOM_MAA,30,Yatra,5400.0,75
2026-09-26,BOM_MAA,45,Air India Direct,10064.0,1
2026-09-26,BOM_MAA,45,Akasa Direct,6575.0,5
2026-09-26,BOM_MAA,45,Cleartrip,10226.0,17
2026-09-26,BOM_MAA,45,EaseMyTrip,9870.0,16
2026-09-26,BOM_MAA,45,Goibibo,10085.0,17
2026-09-26,BOM_MAA,45,IndiGo Direct,9689.5,50
2026-09-26,BOM_MAA,45,Ixigo,10143.0,17
2026-09-26,BOM_MAA,45,MakeMyTrip,9655.0,20
2026-09-26,BOM_MAA,45,Yatra,5400.0,75
2026-09-26,CCU_DEL,1,Air India Direct,9107.0,1
2026-09-26,CCU_DEL,1,Akasa Direct,8615.0,7
2026-09-26,CCU_DEL,1,Cleartrip,9162.0,23
2026-09-26,CCU_DEL,1,EaseMyTrip,9274.0,22
2026-09-26,CCU_DEL,1,Goibibo,9145.0,22
2026-09-26,CCU_DEL,1,IndiGo Direct,10731.5,58
2026-09-26,CCU_DEL,1,Ixigo,9162.0,23
2026-09-26,CCU_DEL,1,MakeMyTrip,9112.0,27
2026-09-26,CCU_DEL,1,SpiceJet Direct,22785.0,1
2026-09-26,CCU_DEL,1,Yatra,5400.0,75
2026-09-26,CCU_DEL,7,Air India Direct,9107.0,1
2026-09-26,CCU_DEL,7,Akasa Direct,8324.0,7
2026-09-26,CCU_DEL,7,Cleartrip,8849.0,27
2026-09-26,CCU_DEL,7,EaseMyTrip,8849.0,27
2026-09-26,CCU_DEL,7,Goibibo,8849.0,27
2026-09-26,CCU_DEL,7,IndiGo Direct,7802.0,55
2026-09-26,CCU_DEL,7,Ixigo,8849.0,27
2026-09-26,CCU_DEL,7,MakeMyTrip,8849.0,32
2026-09-26,CCU_DEL,7,SpiceJet Direct,8191.0,1
2026-09-26,CCU_DEL,7,Yatra,5400.0,75
2026-09-26,CCU_DEL,15,Air India Direct,9141.0,1
2026-09-26,CCU_DEL,15,Akasa Direct,8615.0,7
2026-09-26,CCU_DEL,15,Cleartrip,9162.0,29
2026-09-26,CCU_DEL,15,EaseMyTrip,9236.5,28
2026-09-26,CCU_DEL,15,Goibibo,9162.0,29
2026-09-26,CCU_DEL,15,IndiGo Direct,8248.5,58
2026-09-26,CCU_DEL,15,Ixigo,9162.0,29
2026-09-26,CCU_DEL,15,MakeMyTrip,9162.0,34
2026-09-26,CCU_DEL,15,SpiceJet Direct,8074.0,3
2026-09-26,CCU_DEL,15,Yatra,5400.0,75
2026-09-26,CCU_DEL,30,Air India Direct,12226.0,1
2026-09-26,CCU_DEL,30,Akasa Direct,9400.0,7
2026-09-26,CCU_DEL,30,Cleartrip,12752.5,26
2026-09-26,CCU_DEL,30,EaseMyTrip,12730.0,25
2026-09-26,CCU_DEL,30,Goibibo,12728.5,26
2026-09-26,CCU_DEL,30,IndiGo Direct,13331.0,61
2026-09-26,CCU_DEL,30,Ixigo,12752.5,26
2026-09-26,CCU_DEL,30,MakeMyTrip,12682.0,30
2026-09-26,CCU_DEL,30,SpiceJet Direct,12528.0,1
2026-09-26,CCU_DEL,30,Yatra,5400.0,75
2026-09-26,CCU_DEL,45,Air India Direct,14112.0,1
2026-09-26,CCU_DEL,45,Akasa Direct,8766.0,7
2026-09-26,CCU_DEL,45,Cleartrip,13522.0,26
2026-09-26,CCU_DEL,45,EaseMyTrip,13522.0,25
2026-09-26,CCU_DEL,45,Goibibo,13522.0,26
2026-09-26,CCU_DEL,45,IndiGo Direct,11198.0,57
2026-09-26,CCU_DEL,45,Ixigo,13522.0,26
2026-09-26,CCU_DEL,45,MakeMyTrip,13522.0,30
2026-09-26,CCU_DEL,45,Yatra,5400.0,75
2026-09-26,DEL_AMD,1,Air India Direct,6134.0,1
2026-09-26,DEL_AMD,1,Akasa Direct,10169.0,7
2026-09-26,DEL_AMD,1,Cleartrip,10206.0,17
2026-09-26,DEL_AMD,1,EaseMyTrip,11411.0,17
2026-09-26,DEL_AMD,1,Goibibo,11046.0,17
2026-09-26,DEL_AMD,1,IndiGo Direct,10434.0,25
2026-09-26,DEL_AMD,1,Ixigo,10206.0,17
2026-09-26,DEL_AMD,1,MakeMyTrip,9626.0,21
2026-09-26,DEL_AMD,1,Yatra,5400.0,63
2026-09-26,DEL_AMD,7,Air India Direct,5689.0,1
2026-09-26,DEL_AMD,7,Akasa Direct,10804.0,7
2026-09-26,DEL_AMD,7,Cleartrip,6007.0,18
2026-09-26,DEL_AMD,7,EaseMyTrip,6216.0,19
2026-09-26,DEL_AMD,7,Goibibo,6216.0,19
2026-09-26,DEL_AMD,7,IndiGo Direct,5897.0,27
2026-09-26,DEL_AMD,7,Ixigo,6241.0,18
2026-09-26,DEL_AMD,7,MakeMyTrip,5798.0,23
2026-09-26,DEL_AMD,7,Yatra,5400.0,75
2026-09-26,DEL_AMD,15,Air India Direct,6134.0,1
2026-09-26,DEL_AMD,15,Akasa Direct,10804.0,7
2026-09-26,DEL_AMD,15,Cleartrip,6158.0,16
2026-09-26,DEL_AMD,15,EaseMyTrip,6158.0,16
2026-09-26,DEL_AMD,15,Goibibo,6158.0,16
2026-09-26,DEL_AMD,15,IndiGo Direct,7755.0,23
2026-09-26,DEL_AMD,15,Ixigo,6158.0,16
2026-09-26,DEL_AMD,15,MakeMyTrip,6006.0,19
2026-09-26,DEL_AMD,15,Yatra,5400.0,69
2026-09-26,DEL_AMD,30,Air India Direct,5935.0,1
2026-09-26,DEL_AMD,30,Akasa Direct,10456.0,7
2026-09-26,DEL_AMD,30,Cleartrip,6006.0,19
2026-09-26,DEL_AMD,30,EaseMyTrip,6006.0,19
2026-09-26,DEL_AMD,30,Goibibo,6006.0,19
2026-09-26,DEL_AMD,30,IndiGo Direct,6744.0,28
2026-09-26,DEL_AMD,30,Ixigo,6006.0,19
2026-09-26,DEL_AMD,30,MakeMyTrip,5851.0,20
2026-09-26,DEL_AMD,30,SpiceJet Direct,5832.0,1
2026-09-26,DEL_AMD,30,Yatra,5400.0,75
2026-09-26,DEL_AMD,45,Air India Direct,6273.0,1
2026-09-26,DEL_AMD,45,Akasa Direct,11849.0,7
2026-09-26,DEL_AMD,45,Cleartrip,6846.0,19
2026-09-26,DEL_AMD,45,EaseMyTrip,6846.0,19
2026-09-26,DEL_AMD,45,Goibibo,6846.0,19
2026-09-26,DEL_AMD,45,IndiGo Direct,6827.0,29
2026-09-26,DEL_AMD,45,Ixigo,7896.0,16
2026-09-26,DEL_AMD,45,MakeMyTrip,6180.0,22
2026-09-26,DEL_AMD,45,Yatra,5400.0,75
2026-09-26,DEL_BLR,1,Air India Direct,9121.0,1
2026-09-26,DEL_BLR,1,Akasa Direct,11235.0,16
2026-09-26,DEL_BLR,1,Cleartrip,13500.0,40
2026-09-26,DEL_BLR,1,EaseMyTrip,14122.0,39
2026-09-26,DEL_BLR,1,Goibibo,13500.0,40
2026-09-26,DEL_BLR,1,IndiGo Direct,14750.0,67
2026-09-26,DEL_BLR,1,Ixigo,13500.0,40
2026-09-26,DEL_BLR,1,MakeMyTrip,12326.0,47
2026-09-26,DEL_BLR,1,Yatra,5400.0,75
2026-09-26,DEL_BLR,7,Air India Direct,9118.0,1
2026-09-26,DEL_BLR,7,Akasa Direct,8829.0,13
2026-09-26,DEL_BLR,7,Cleartrip,9142.0,40
2026-09-26,DEL_BLR,7,EaseMyTrip,9142.0,40
2026-09-26,DEL_BLR,7,Goibibo,9142.0,41
2026-09-26,DEL_BLR,7,IndiGo Direct,8671.0,67
2026-09-26,DEL_BLR,7,Ixigo,9142.0,40
2026-09-26,DEL_BLR,7,MakeMyTrip,8829.0,50
2026-09-26,DEL_BLR,7,Yatra,5400.0,75
2026-09-26,DEL_BLR,15,Air India Direct,10079.0,1
2026-09-26,DEL_BLR,15,Akasa Direct,9158.0,7
2026-09-26,DEL_BLR,15,Cleartrip,10826.0,43
2026-09-26,DEL_BLR,15,EaseMyTrip,10826.0,43
2026-09-26,DEL_BLR,15,Goibibo,10826.0,44
2026-09-26,DEL_BLR,15,IndiGo Direct,10116.5,68
2026-09-26,DEL_BLR,15,Ixigo,10826.0,44
2026-09-26,DEL_BLR,15,MakeMyTrip,10186.0,50
2026-09-26,DEL_BLR,15,Yatra,5400.0,75
2026-09-26,DEL_BLR,30,Air India Direct,11620.0,1
2026-09-26,DEL_BLR,30,Akasa Direct,9501.0,7
2026-09-26,DEL_BLR,30,Cleartrip,11748.5,42
2026-09-26,DEL_BLR,30,EaseMyTrip,11748.5,42
2026-09-26,DEL_BLR,30,Goibibo,11641.0,43
2026-09-26,DEL_BLR,30,IndiGo Direct,10796.0,67
2026-09-26,DEL_BLR,30,Ixigo,11414.0,43
2026-09-26,DEL_BLR,30,MakeMyTrip,11328.0,51
2026-09-26,DEL_BLR,30,SpiceJet Direct,11037.0,2
2026-09-26,DEL_BLR,30,Yatra,5400.0,75
2026-09-26,DEL_BLR,45,Air India Direct,11778.0,1
2026-09-26,DEL_BLR,45,Akasa Direct,8829.0,7
2026-09-26,DEL_BLR,45,Cleartrip,11856.0,42
2026-09-26,DEL_BLR,45,EaseMyTrip,12549.5,42
2026-09-26,DEL_BLR,45,Goibibo,11856.0,43
2026-09-26,DEL_BLR,45,IndiGo Direct,11949.0,68
2026-09-26,DEL_BLR,45,Ixigo,11856.0,43
2026-09-26,DEL_BLR,45,MakeMyTrip,11654.0,48
2026-09-26,DEL_BLR,45,Yatra,5400.0,75
2026-09-26,DEL_BOM,1,Air India Direct,6709.0,1
2026-09-26,DEL_BOM,1,Akasa Direct,6530.0,7
2026-09-26,DEL_BOM,1,Cleartrip,8069.0,55
2026-09-26,DEL_BOM,1,EaseMyTrip,9103.0,35
2026-09-26,DEL_BOM,1,Goibibo,8158.0,58
2026-09-26,DEL_BOM,1,IndiGo Direct,8630.0,71
2026-09-26,DEL_BOM,1,Ixigo,8158.0,58
2026-09-26,DEL_BOM,1,MakeMyTrip,7263.0,68
2026-09-26,DEL_BOM,1,SpiceJet Direct,17314.5,2
2026-09-26,DEL_BOM,1,Yatra,5400.0,75
2026-09-26,DEL_BOM,7,Air India Direct,12962.0,1
2026-09-26,DEL_BOM,7,Akasa Direct,6530.0,14
2026-09-26,DEL_BOM,7,Cleartrip,6530.0,57
2026-09-26,DEL_BOM,7,EaseMyTrip,6688.0,57
2026-09-26,DEL_BOM,7,Goibibo,6609.0,60
2026-09-26,DEL_BOM,7,IndiGo Direct,6222.0,76
2026-09-26,DEL_BOM,7,Ixigo,6730.0,53
2026-09-26,DEL_BOM,7,MakeMyTrip,6530.0,68
2026-09-26,DEL_BOM,7,SpiceJet Direct,6551.0,1
2026-09-26,DEL_BOM,7,Yatra,5400.0,75
2026-09-26,DEL_BOM,15,Air India Direct,6822.0,1
2026-09-26,DEL_BOM,15,Akasa Direct,6530.0,14
2026-09-26,DEL_BOM,15,Cleartrip,6843.0,58
2026-09-26,DEL_BOM,15,EaseMyTrip,6843.0,58
2026-09-26,DEL_BOM,15,Goibibo,6843.0,62
2026-09-26,DEL_BOM,15,IndiGo Direct,6750.0,75
2026-09-26,DEL_BOM,15,Ixigo,6843.0,62
2026-09-26,DEL_BOM,15,MakeMyTrip,6765.5,68
2026-09-26,DEL_BOM,15,SpiceJet Direct,6447.0,2
2026-09-26,DEL_BOM,15,Yatra,5400.0,75
2026-09-26,DEL_BOM,30,Air India Direct,7292.0,1
2026-09-26,DEL_BOM,30,Akasa Direct,6530.0,7
2026-09-26,DEL_BOM,30,Cleartrip,7019.0,63
2026-09-26,DEL_BOM,30,EaseMyTrip,7103.0,60
2026-09-26,DEL_BOM,30,Goibibo,7019.0,66
2026-09-26,DEL_BOM,30,IndiGo Direct,7120.0,73
2026-09-26,DEL_BOM,30,Ixigo,7019.0,66
2026-09-26,DEL_BOM,30,MakeMyTrip,7019.0,74
2026-09-26,DEL_BOM,30,SpiceJet Direct,6341.0,4
2026-09-26,DEL_BOM,30,Yatra,5400.0,75
2026-09-26,DEL_BOM,45,Air India Direct,8042.0,1
2026-09-26,DEL_BOM,45,Akasa Direct,6530.0,11
2026-09-26,DEL_BOM,45,Cleartrip,9023.0,68
2026-09-26,DEL_BOM,45,EaseMyTrip,9177.0,66
2026-09-26,DEL_BOM,45,Goibibo,8944.0,72
2026-09-26,DEL_BOM,45,IndiGo Direct,8720.0,75
2026-09-26,DEL_BOM,45,Ixigo,9035.0,73
2026-09-26,DEL_BOM,45,MakeMyTrip,8944.0,80
2026-09-26,DEL_BOM,45,SpiceJet Direct,7129.0,6
2026-09-26,DEL_BOM,45,Yatra,5400.0,75
2026-09-26,DEL_CCU,1,Air India Direct,9214.0,1
2026-09-26,DEL_CCU,1,Akasa Direct,8362.0,7
2026-09-26,DEL_CCU,1,Cleartrip,9185.0,23
2026-09-26,DEL_CCU,1,EaseMyTrip,9053.5,22
2026-09-26,DEL_CCU,1,Goibibo,9185.0,23
2026-09-26,DEL_CCU,1,IndiGo Direct,10672.5,60
2026-09-26,DEL_CCU,1,Ixigo,8922.0,23
2026-09-26,DEL_CCU,1,MakeMyTrip,8922.0,27
2026-09-26,DEL_CCU,1,SpiceJet Direct,8545.0,1
2026-09-26,DEL_CCU,1,Yatra,5400.0,75
2026-09-26,DEL_CCU,7,Air India Direct,9106.0,1
2026-09-26,DEL_CCU,7,Cleartrip,9185.0,27
2026-09-26,DEL_CCU,7,EaseMyTrip,9185.0,27
2026-09-26,DEL_CCU,7,Goibibo,9185.0,27
2026-09-26,DEL_CCU,7,IndiGo Direct,8185.0,61
2026-09-26,DEL_CCU,7,Ixigo,9185.0,27
2026-09-26,DEL_CCU,7,MakeMyTrip,9148.0,32
2026-09-26,DEL_CCU,7,SpiceJet Direct,7880.0,1
2026-09-26,DEL_CCU,7,Yatra,5400.0,75
2026-09-26,DEL_CCU,15,Air India Direct,9716.0,1
2026-09-26,DEL_CCU,15,Cleartrip,11127.0,29
2026-09-26,DEL_CCU,15,EaseMyTrip,11407.0,28
2026-09-26,DEL_CCU,15,Goibibo,11127.0,29
2026-09-26,DEL_CCU,15,IndiGo Direct,10994.5,62
2026-09-26,DEL_CCU,15,Ixigo,11127.0,29
2026-09-26,DEL_CCU,15,MakeMyTrip,10419.0,34
2026-09-26,DEL_CCU,15,SpiceJet Direct,8545.0,3
2026-09-26,DEL_CCU,15,Yatra,5400.0,75
2026-09-26,DEL_CCU,30,Air India Direct,16030.0,1
2026-09-26,DEL_CCU,30,Akasa Direct,9177.0,7
2026-09-26,DEL_CCU,30,Cleartrip,17926.5,26
2026-09-26,DEL_CCU,30,EaseMyTrip,18057.0,25
2026-09-26,DEL_CCU,30,Goibibo,17689.0,26
2026-09-26,DEL_CCU,30,IndiGo Direct,16913.5,58
2026-09-26,DEL_CCU,30,Ixigo,18057.0,26
2026-09-26,DEL_CCU,30,MakeMyTrip,17007.0,29
2026-09-26,DEL_CCU,30,SpiceJet Direct,12266.0,1
2026-09-26,DEL_CCU,30,Yatra,5400.0,75
2026-09-26,DEL_CCU,45,Air India Direct,11729.0,1
2026-09-26,DEL_CCU,45,Akasa Direct,8517.0,7
2026-09-26,DEL_CCU,45,Cleartrip,11127.0,26
2026-09-26,DEL_CCU,45,EaseMyTrip,11127.0,25
2026-09-26,DEL_CCU,45,Goibibo,11127.0,26
2026-09-26,DEL_CCU,45,IndiGo Direct,10908.0,55
2026-09-26,DEL_CCU,45,Ixigo,11127.0,26
2026-09-26,DEL_CCU,45,MakeMyTrip,11127.0,32
2026-09-26,DEL_CCU,45,SpiceJet Direct,9339.0,1
2026-09-26,DEL_CCU,45,Yatra,5400.0,75
2026-09-26,DEL_GOI,1,Air India Direct,8172.0,1
2026-09-26,DEL_GOI,1,Cleartrip,9944.0,9
2026-09-26,DEL_GOI,1,EaseMyTrip,9523.0,16
2026-09-26,DEL_GOI,1,Goibibo,9196.5,16
2026-09-26,DEL_GOI,1,IndiGo Direct,11854.0,55
2026-09-26,DEL_GOI,1,Ixigo,9248.0,13
2026-09-26,DEL_GOI,1,MakeMyTrip,7791.5,14
2026-09-26,DEL_GOI,1,Yatra,5400.0,75
2026-09-26,DEL_GOI,7,Air India Direct,9432.0,1
2026-09-26,DEL_GOI,7,Cleartrip,9648.0,9
2026-09-26,DEL_GOI,7,EaseMyTrip,10468.0,17
2026-09-26,DEL_GOI,7,Goibibo,9649.0,17
2026-09-26,DEL_GOI,7,IndiGo Direct,10235.0,57
2026-09-26,DEL_GOI,7,Ixigo,9271.0,14
2026-09-26,DEL_GOI,7,MakeMyTrip,7948.0,15
2026-09-26,DEL_GOI,7,Yatra,5400.0,75
2026-09-26,DEL_GOI,15,Air India Direct,8453.0,1
2026-09-26,DEL_GOI,15,Cleartrip,7420.0,10
2026-09-26,DEL_GOI,15,EaseMyTrip,7370.0,18
2026-09-26,DEL_GOI,15,Goibibo,7325.0,18
2026-09-26,DEL_GOI,15,IndiGo Direct,9560.0,52
2026-09-26,DEL_GOI,15,Ixigo,7420.0,15
2026-09-26,DEL_GOI,15,MakeMyTrip,7320.0,15
2026-09-26,DEL_GOI,15,Yatra,5700.0,75
2026-09-26,DEL_GOI,30,Air India Direct,7613.0,1
2026-09-26,DEL_GOI,30,Cleartrip,7581.0,10
2026-09-26,DEL_GOI,30,EaseMyTrip,7528.0,19
2026-09-26,DEL_GOI,30,Goibibo,7528.0,19
2026-09-26,DEL_GOI,30,IndiGo Direct,9687.0,55
2026-09-26,DEL_GOI,30,Ixigo,7528.0,15
2026-09-26,DEL_GOI,30,MakeMyTrip,7420.0,14
2026-09-26,DEL_GOI,30,Yatra,5400.0,75
2026-09-26,DEL_GOI,45,Air India Direct,9249.0,1
2026-09-26,DEL_GOI,45,Cleartrip,9523.0,10
2026-09-26,DEL_GOI,45,EaseMyTrip,9458.0,19
2026-09-26,DEL_GOI,45,Goibibo,9458.0,19
2026-09-26,DEL_GOI,45,IndiGo Direct,11207.0,55
2026-09-26,DEL_GOI,45,Ixigo,9313.0,15
2026-09-26,DEL_GOI,45,MakeMyTrip,8578.0,17
2026-09-26,DEL_GOI,45,SpiceJet Direct,11096.0,1
2026-09-26,DEL_GOI,45,Yatra,5400.0,75
2026-09-26,DEL_HYD,1,Air India Direct,9074.0,1
2026-09-26,DEL_HYD,1,Akasa Direct,8385.0,7
2026-09-26,DEL_HYD,1,Cleartrip,9190.0,25
2026-09-26,DEL_HYD,1,EaseMyTrip,9298.0,26
2026-09-26,DEL_HYD,1,Goibibo,9190.0,26
2026-09-26,DEL_HYD,1,IndiGo Direct,14061.5,62
2026-09-26,DEL_HYD,1,Ixigo,9190.0,26
2026-09-26,DEL_HYD,1,MakeMyTrip,9190.0,31
2026-09-26,DEL_HYD,1,Yatra,5400.0,75
2026-09-26,DEL_HYD,7,Air India Direct,9109.0,1
2026-09-26,DEL_HYD,7,Akasa Direct,8692.0,7
2026-09-26,DEL_HYD,7,Cleartrip,9130.0,27
2026-09-26,DEL_HYD,7,EaseMyTrip,9130.0,27
2026-09-26,DEL_HYD,7,Goibibo,9130.0,27
2026-09-26,DEL_HYD,7,IndiGo Direct,8409.0,61
2026-09-26,DEL_HYD,7,Ixigo,9130.0,27
2026-09-26,DEL_HYD,7,MakeMyTrip,8930.0,31
2026-09-26,DEL_HYD,7,Yatra,5400.0,75
2026-09-26,DEL_HYD,15,Air India Direct,9169.0,1
2026-09-26,DEL_HYD,15,Akasa Direct,8692.0,7
2026-09-26,DEL_HYD,15,Cleartrip,9190.0,28
2026-09-26,DEL_HYD,15,EaseMyTrip,9190.0,28
2026-09-26,DEL_HYD,15,Goibibo,9190.0,28
2026-09-26,DEL_HYD,15,IndiGo Direct,8610.0,63
2026-09-26,DEL_HYD,15,Ixigo,9190.0,28
2026-09-26,DEL_HYD,15,MakeMyTrip,8930.0,34
2026-09-26,DEL_HYD,15,Yatra,5400.0,75
2026-09-26,DEL_HYD,30,Air India Direct,10207.0,1
2026-09-26,DEL_HYD,30,Akasa Direct,9345.0,7
2026-09-26,DEL_HYD,30,Cleartrip,10762.0,26
2026-09-26,DEL_HYD,30,EaseMyTrip,10762.0,26
2026-09-26,DEL_HYD,30,Goibibo,10762.0,26
2026-09-26,DEL_HYD,30,IndiGo Direct,9594.0,63
2026-09-26,DEL_HYD,30,Ixigo,10762.0,26
2026-09-26,DEL_HYD,30,MakeMyTrip,10453.0,30
2026-09-26,DEL_HYD,30,Yatra,5400.0,75
2026-09-26,DEL_HYD,45,Air India Direct,10899.0,1
2026-09-26,DEL_HYD,45,Akasa Direct,8385.0,7
2026-09-26,DEL_HYD,45,Cleartrip,11024.0,27
2026-09-26,DEL_HYD,45,EaseMyTrip,11024.0,27
2026-09-26,DEL_HYD,45,Goibibo,11024.0,27
2026-09-26,DEL_HYD,45,IndiGo Direct,10990.0,63
2026-09-26,DEL_HYD,45,Ixigo,11024.0,27
2026-09-26,DEL_HYD,45,MakeMyTrip,11024.0,31
2026-09-26,DEL_HYD,45,Yatra,5400.0,75
2026-09-26,DEL_MAA,1,Air India Direct,10705.0,1
2026-09-26,DEL_MAA,1,Akasa Direct,13749.0,6
2026-09-26,DEL_MAA,1,Cleartrip,13812.0,15
2026-09-26,DEL_MAA,1,EaseMyTrip,13857.0,15
2026-09-26,DEL_MAA,1,Goibibo,13812.0,15
2026-09-26,DEL_MAA,1,IndiGo Direct,13682.0,57
2026-09-26,DEL_MAA,1,Ixigo,13812.0,15
2026-09-26,DEL_MAA,1,MakeMyTrip,13352.0,18
2026-09-26,DEL_MAA,1,Yatra,5400.0,75
2026-09-26,DEL_MAA,7,Air India Direct,9571.0,1
2026-09-26,DEL_MAA,7,Akasa Direct,12248.0,7
2026-09-26,DEL_MAA,7,Cleartrip,10263.0,17
2026-09-26,DEL_MAA,7,EaseMyTrip,10465.0,17
2026-09-26,DEL_MAA,7,Goibibo,10263.0,17
2026-09-26,DEL_MAA,7,IndiGo Direct,9880.0,59
2026-09-26,DEL_MAA,7,Ixigo,10263.0,17
2026-09-26,DEL_MAA,7,MakeMyTrip,10263.0,19
2026-09-26,DEL_MAA,7,Yatra,5400.0,75
2026-09-26,DEL_MAA,15,Air India Direct,10472.0,1
2026-09-26,DEL_MAA,15,Akasa Direct,10406.0,7
2026-09-26,DEL_MAA,15,Cleartrip,10465.0,17
2026-09-26,DEL_MAA,15,EaseMyTrip,10465.0,17
2026-09-26,DEL_MAA,15,Goibibo,10465.0,17
2026-09-26,DEL_MAA,15,IndiGo Direct,10130.0,56
2026-09-26,DEL_MAA,15,MakeMyTrip,10263.0,19
2026-09-26,DEL_MAA,15,Yatra,5400.0,75
2026-09-26,DEL_MAA,30,Air India Direct,10294.0,1
2026-09-26,DEL_MAA,30,Akasa Direct,10789.0,7
2026-09-26,DEL_MAA,30,Cleartrip,10966.0,18
2026-09-26,DEL_MAA,30,EaseMyTrip,10857.5,18
2026-09-26,DEL_MAA,30,Goibibo,10857.5,18
2026-09-26,DEL_MAA,30,IndiGo Direct,10287.0,55
2026-09-26,DEL_MAA,30,Ixigo,10966.0,18
2026-09-26,DEL_MAA,30,MakeMyTrip,10465.0,21
2026-09-26,DEL_MAA,30,Yatra,5400.0,75
2026-09-26,DEL_MAA,45,Air India Direct,13028.0,1
2026-09-26,DEL_MAA,45,Akasa Direct,13749.0,6
2026-09-26,DEL_MAA,45,Cleartrip,13049.0,18
2026-09-26,DEL_MAA,45,EaseMyTrip,13049.0,18
2026-09-26,DEL_MAA,45,Goibibo,13049.0,18
2026-09-26,DEL_MAA,45,IndiGo Direct,11749.0,56
2026-09-26,DEL_MAA,45,Ixigo,13049.0,18
2026-09-26,DEL_MAA,45,MakeMyTrip,13049.0,22
2026-09-26,DEL_MAA,45,Yatra,5400.0,75
2026-09-26,HYD_BLR,1,Air India Direct,7846.0,1
2026-09-26,HYD_BLR,1,Akasa Direct,16943.0,7
2026-09-26,HYD_BLR,1,Cleartrip,11854.0,14
2026-09-26,HYD_BLR,1,EaseMyTrip,12714.0,13
2026-09-26,HYD_BLR,1,Goibibo,12141.5,14
2026-09-26,HYD_BLR,1,IndiGo Direct,13473.0,93
2026-09-26,HYD_BLR,1,Ixigo,12714.5,14
2026-09-26,HYD_BLR,1,MakeMyTrip,10690.0,17
2026-09-26,HYD_BLR,1,Yatra,5400.0,75
2026-09-26,HYD_BLR,7,Air India Direct,5613.0,1
2026-09-26,HYD_BLR,7,Akasa Direct,17570.0,7
2026-09-26,HYD_BLR,7,Cleartrip,4860.0,16
2026-09-26,HYD_BLR,7,EaseMyTrip,5616.5,16
2026-09-26,HYD_BLR,7,Goibibo,5220.0,16
2026-09-26,HYD_BLR,7,IndiGo Direct,5898.0,84
2026-09-26,HYD_BLR,7,Ixigo,4860.0,16
2026-09-26,HYD_BLR,7,MakeMyTrip,4860.0,19
2026-09-26,HYD_BLR,7,Yatra,5000.0,75
2026-09-26,HYD_BLR,15,Air India Direct,6010.0,1
2026-09-26,HYD_BLR,15,Akasa Direct,18407.0,7
2026-09-26,HYD_BLR,15,Cleartrip,5418.0,14
2026-09-26,HYD_BLR,15,EaseMyTrip,6537.5,14
2026-09-26,HYD_BLR,15,Goibibo,6495.5,14
2026-09-26,HYD_BLR,15,IndiGo Direct,8445.0,86
2026-09-26,HYD_BLR,15,Ixigo,5616.0,5
2026-09-26,HYD_BLR,15,MakeMyTrip,5617.0,17
2026-09-26,HYD_BLR,15,Yatra,5400.0,75
2026-09-26,HYD_BLR,30,Air India Direct,5613.0,1
2026-09-26,HYD_BLR,30,Akasa Direct,18101.0,7
2026-09-26,HYD_BLR,30,Cleartrip,7072.0,17
2026-09-26,HYD_BLR,30,EaseMyTrip,7072.0,17
2026-09-26,HYD_BLR,30,Goibibo,7072.0,17
2026-09-26,HYD_BLR,30,IndiGo Direct,6118.0,68
2026-09-26,HYD_BLR,30,Ixigo,5617.0,17
2026-09-26,HYD_BLR,30,MakeMyTrip,6296.5,20
2026-09-26,HYD_BLR,30,Yatra,5400.0,75
2026-09-26,HYD_BLR,45,Air India Direct,6949.0,1
2026-09-26,HYD_BLR,45,Akasa Direct,17019.5,6
2026-09-26,HYD_BLR,45,Cleartrip,7072.0,17
2026-09-26,HYD_BLR,45,EaseMyTrip,7072.0,17
2026-09-26,HYD_BLR,45,Goibibo,5617.0,17
2026-09-26,HYD_BLR,45,IndiGo Direct,7895.0,73
2026-09-26,HYD_BLR,45,Ixigo,7661.0,15
2026-09-26,HYD_BLR,45,MakeMyTrip,5616.5,20
2026-09-26,HYD_BLR,45,Yatra,5400.0,75
2026-09-26,HYD_DEL,1,Air India Direct,8572.0,1
2026-09-26,HYD_DEL,1,Akasa Direct,8067.0,7
2026-09-26,HYD_DEL,1,Cleartrip,8655.0,26
2026-09-26,HYD_DEL,1,EaseMyTrip,8989.0,26
2026-09-26,HYD_DEL,1,Goibibo,8655.0,26
2026-09-26,HYD_DEL,1,IndiGo Direct,12327.5,60
2026-09-26,HYD_DEL,1,Ixigo,8655.0,26
2026-09-26,HYD_DEL,1,MakeMyTrip,8655.0,31
2026-09-26,HYD_DEL,1,Yatra,5400.0,75
2026-09-26,HYD_DEL,7,Air India Direct,8528.0,1
2026-09-26,HYD_DEL,7,Akasa Direct,8352.0,7
2026-09-26,HYD_DEL,7,Cleartrip,8655.0,27
2026-09-26,HYD_DEL,7,EaseMyTrip,8655.0,27
2026-09-26,HYD_DEL,7,Goibibo,8655.0,27
2026-09-26,HYD_DEL,7,IndiGo Direct,8385.0,61
2026-09-26,HYD_DEL,7,Ixigo,8758.0,14
2026-09-26,HYD_DEL,7,MakeMyTrip,8655.0,31
2026-09-26,HYD_DEL,7,Yatra,5400.0,75
2026-09-26,HYD_DEL,15,Air India Direct,10156.0,1
2026-09-26,HYD_DEL,15,Akasa Direct,9112.0,7
2026-09-26,HYD_DEL,15,Cleartrip,12490.0,28
2026-09-26,HYD_DEL,15,EaseMyTrip,12813.5,28
2026-09-26,HYD_DEL,15,Goibibo,12490.0,28
2026-09-26,HYD_DEL,15,IndiGo Direct,11205.0,63
2026-09-26,HYD_DEL,15,MakeMyTrip,12490.0,33
2026-09-26,HYD_DEL,15,Yatra,5400.0,75
2026-09-26,HYD_DEL,30,Air India Direct,9160.0,1
2026-09-26,HYD_DEL,30,Akasa Direct,8954.0,7
2026-09-26,HYD_DEL,30,Cleartrip,9353.0,26
2026-09-26,HYD_DEL,30,EaseMyTrip,9375.0,26
2026-09-26,HYD_DEL,30,Goibibo,9353.0,26
2026-09-26,HYD_DEL,30,IndiGo Direct,8554.0,61
2026-09-26,HYD_DEL,30,Ixigo,9353.0,26
2026-09-26,HYD_DEL,30,MakeMyTrip,9227.5,30
2026-09-26,HYD_DEL,30,Yatra,5400.0,75
2026-09-26,HYD_DEL,45,Air India Direct,8844.0,1
2026-09-26,HYD_DEL,45,Akasa Direct,8357.0,6
2026-09-26,HYD_DEL,45,Cleartrip,9375.0,27
2026-09-26,HYD_DEL,45,EaseMyTrip,9375.0,17
2026-09-26,HYD_DEL,45,Goibibo,9375.0,27
2026-09-26,HYD_DEL,45,IndiGo Direct,9061.0,64
2026-09-26,HYD_DEL,45,Ixigo,9375.0,27
2026-09-26,HYD_DEL,45,MakeMyTrip,9375.0,31
2026-09-26,HYD_DEL,45,SpiceJet Direct,7576.0,1
2026-09-26,HYD_DEL,45,Yatra,5400.0,75
2026-09-26,MAA_BOM,1,Air India Direct,7779.0,1
2026-09-26,MAA_BOM,1,Akasa Direct,7436.0,6
2026-09-26,MAA_BOM,1,Cleartrip,9400.0,18
2026-09-26,MAA_BOM,1,EaseMyTrip,9400.0,17
2026-09-26,MAA_BOM,1,Goibibo,9400.0,18
2026-09-26,MAA_BOM,1,IndiGo Direct,15013.5,58
2026-09-26,MAA_BOM,1,Ixigo,9400.0,18
2026-09-26,MAA_BOM,1,MakeMyTrip,9203.0,21
2026-09-26,MAA_BOM,1,Yatra,5400.0,75
2026-09-26,MAA_BOM,7,Air India Direct,7779.0,1
2026-09-26,MAA_BOM,7,Akasa Direct,7061.0,7
2026-09-26,MAA_BOM,7,Cleartrip,7540.0,19
2026-09-26,MAA_BOM,7,EaseMyTrip,7540.0,18
2026-09-26,MAA_BOM,7,Goibibo,7540.0,20
2026-09-26,MAA_BOM,7,IndiGo Direct,7566.0,52
2026-09-26,MAA_BOM,7,Ixigo,7540.0,20
2026-09-26,MAA_BOM,7,MakeMyTrip,7540.0,22
2026-09-26,MAA_BOM,7,Yatra,5400.0,75
2026-09-26,MAA_BOM,15,Air India Direct,7832.0,1
2026-09-26,MAA_BOM,15,Akasa Direct,7061.0,7
2026-09-26,MAA_BOM,15,Cleartrip,7853.0,19
2026-09-26,MAA_BOM,15,EaseMyTrip,8042.0,18
2026-09-26,MAA_BOM,15,Goibibo,7853.0,19
2026-09-26,MAA_BOM,15,IndiGo Direct,9211.0,51
2026-09-26,MAA_BOM,15,Ixigo,7853.0,19
2026-09-26,MAA_BOM,15,MakeMyTrip,7853.0,23
2026-09-26,MAA_BOM,15,Yatra,5400.0,75
2026-09-26,MAA_BOM,30,Air India Direct,7832.0,1
2026-09-26,MAA_BOM,30,Akasa Direct,7698.0,7
2026-09-26,MAA_BOM,30,Cleartrip,7540.0,17
2026-09-26,MAA_BOM,30,EaseMyTrip,7540.0,16
2026-09-26,MAA_BOM,30,Goibibo,7540.0,17
2026-09-26,MAA_BOM,30,IndiGo Direct,9088.0,52
2026-09-26,MAA_BOM,30,Ixigo,7540.0,14
2026-09-26,MAA_BOM,30,MakeMyTrip,7540.0,21
2026-09-26,MAA_BOM,30,Yatra,5400.0,75
2026-09-26,MAA_BOM,45,Air India Direct,7989.0,1
2026-09-26,MAA_BOM,45,Akasa Direct,7436.0,5
2026-09-26,MAA_BOM,45,Cleartrip,7958.0,17
2026-09-26,MAA_BOM,45,EaseMyTrip,7964.0,16
2026-09-26,MAA_BOM,45,Goibibo,7958.0,17
2026-09-26,MAA_BOM,45,IndiGo Direct,9080.0,53
2026-09-26,MAA_BOM,45,Ixigo,7958.0,17
2026-09-26,MAA_BOM,45,MakeMyTrip,7958.0,20
2026-09-26,MAA_BOM,45,Yatra,5400.0,75
2026-09-26,MAA_DEL,1,Air India Direct,12208.0,1
2026-09-26,MAA_DEL,1,Akasa Direct,13427.5,6
2026-09-26,MAA_DEL,1,Cleartrip,14674.0,15
2026-09-26,MAA_DEL,1,EaseMyTrip,15031.5,14
2026-09-26,MAA_DEL,1,Goibibo,15389.0,15
2026-09-26,MAA_DEL,1,IndiGo Direct,15069.0,55
2026-09-26,MAA_DEL,1,Ixigo,15389.0,15
2026-09-26,MAA_DEL,1,MakeMyTrip,14282.0,18
2026-09-26,MAA_DEL,1,Yatra,5400.0,75
2026-09-26,MAA_DEL,7,Air India Direct,10442.0,1
2026-09-26,MAA_DEL,7,Akasa Direct,11187.0,7
2026-09-26,MAA_DEL,7,Cleartrip,10463.0,17
2026-09-26,MAA_DEL,7,EaseMyTrip,10463.0,17
2026-09-26,MAA_DEL,7,Goibibo,10463.0,17
2026-09-26,MAA_DEL,7,IndiGo Direct,10586.0,56
2026-09-26,MAA_DEL,7,Ixigo,10463.0,17
2026-09-26,MAA_DEL,7,MakeMyTrip,10463.0,19
2026-09-26,MAA_DEL,7,Yatra,5400.0,75
2026-09-26,MAA_DEL,15,Air India Direct,10442.0,1
2026-09-26,MAA_DEL,15,Akasa Direct,11187.0,7
2026-09-26,MAA_DEL,15,Cleartrip,10615.0,17
2026-09-26,MAA_DEL,15,EaseMyTrip,10615.0,17
2026-09-26,MAA_DEL,15,Goibibo,10615.0,17
2026-09-26,MAA_DEL,15,IndiGo Direct,10535.0,59
2026-09-26,MAA_DEL,15,MakeMyTrip,10463.0,19
2026-09-26,MAA_DEL,15,Yatra,5400.0,75
2026-09-26,MAA_DEL,30,Air India Direct,20271.0,1
2026-09-26,MAA_DEL,30,Akasa Direct,13323.0,7
2026-09-26,MAA_DEL,30,Cleartrip,10463.0,18
2026-09-26,MAA_DEL,30,EaseMyTrip,10463.0,18
2026-09-26,MAA_DEL,30,Goibibo,10463.0,18
2026-09-26,MAA_DEL,30,IndiGo Direct,9857.0,56
2026-09-26,MAA_DEL,30,Ixigo,10463.0,18
2026-09-26,MAA_DEL,30,MakeMyTrip,10463.0,21
2026-09-26,MAA_DEL,30,Yatra,5400.0,75
2026-09-26,MAA_DEL,45,Air India Direct,10600.0,1
2026-09-26,MAA_DEL,45,Akasa Direct,14432.0,5
2026-09-26,MAA_DEL,45,Cleartrip,10615.0,18
2026-09-26,MAA_DEL,45,EaseMyTrip,10615.0,18
2026-09-26,MAA_DEL,45,Goibibo,10615.0,18
2026-09-26,MAA_DEL,45,IndiGo Direct,9857.0,58
2026-09-26,MAA_DEL,45,Ixigo,10615.0,18
2026-09-26,MAA_DEL,45,MakeMyTrip,10615.0,21
2026-09-26,MAA_DEL,45,Yatra,5400.0,75
2026-09-27,AMD_DEL,1,Air India Direct,6324.0,1
2026-09-27,AMD_DEL,1,Akasa Direct,16914.0,3
2026-09-27,AMD_DEL,1,Cleartrip,11288.0,40
2026-09-27,AMD_DEL,1,EaseMyTrip,7274.0,29
2026-09-27,AMD_DEL,1,Goibibo,7092.0,23
2026-09-27,AMD_DEL,1,IndiGo Direct,7092.0,21
2026-09-27,AMD_DEL,1,Ixigo,15012.0,63
2026-09-27,AMD_DEL,1,MakeMyTrip,6498.0,27
2026-09-27,AMD_DEL,1,Yatra,14188.0,45
2026-09-27,AMD_DEL,7,Air India Direct,6324.0,1
2026-09-27,AMD_DEL,7,Akasa Direct,15380.0,5
2026-09-27,AMD_DEL,7,Cleartrip,11768.5,64
2026-09-27,AMD_DEL,7,EaseMyTrip,7274.0,31
2026-09-27,AMD_DEL,7,Goibibo,7092.0,23
2026-09-27,AMD_DEL,7,IndiGo Direct,6453.0,21
2026-09-27,AMD_DEL,7,Ixigo,13076.0,85
2026-09-27,AMD_DEL,7,MakeMyTrip,6890.0,27
2026-09-27,AMD_DEL,7,Yatra,12395.0,76
2026-09-27,AMD_DEL,15,Air India Direct,6382.0,1
2026-09-27,AMD_DEL,15,Akasa Direct,12151.0,5
2026-09-27,AMD_DEL,15,Cleartrip,12869.0,57
2026-09-27,AMD_DEL,15,EaseMyTrip,6393.0,29
2026-09-27,AMD_DEL,15,Goibibo,6294.0,18
2026-09-27,AMD_DEL,15,IndiGo Direct,5418.0,17
2026-09-27,AMD_DEL,15,Ixigo,13028.0,68
2026-09-27,AMD_DEL,15,MakeMyTrip,6290.0,21
2026-09-27,AMD_DEL,15,Yatra,11387.0,43
2026-09-27,AMD_DEL,30,Air India Direct,6435.0,1
2026-09-27,AMD_DEL,30,Akasa Direct,13643.5,4
2026-09-27,AMD_DEL,30,Cleartrip,11637.0,55
2026-09-27,AMD_DEL,30,EaseMyTrip,6351.0,31
2026-09-27,AMD_DEL,30,Goibibo,6351.0,21
2026-09-27,AMD_DEL,30,IndiGo Direct,6960.0,22
2026-09-27,AMD_DEL,30,Ixigo,12523.0,60
2026-09-27,AMD_DEL,30,MakeMyTrip,6290.0,24
2026-09-27,AMD_DEL,30,Yatra,11637.0,51
2026-09-27,AMD_DEL,45,Air India Direct,7340.0,1
2026-09-27,AMD_DEL,45,Cleartrip,19190.0,49
2026-09-27,AMD_DEL,45,EaseMyTrip,11573.5,28
2026-09-27,AMD_DEL,45,Goibibo,10670.0,23
2026-09-27,AMD_DEL,45,IndiGo Direct,10443.0,24
2026-09-27,AMD_DEL,45,Ixigo,19317.0,49
2026-09-27,AMD_DEL,45,MakeMyTrip,10647.5,26
2026-09-27,AMD_DEL,45,SpiceJet Direct,14379.5,2
2026-09-27,AMD_DEL,45,Yatra,10670.0,22
2026-09-27,BLR_BOM,1,Air India Direct,6473.0,1
2026-09-27,BLR_BOM,1,Akasa Direct,11410.0,5
2026-09-27,BLR_BOM,1,Cleartrip,13600.0,134
2026-09-27,BLR_BOM,1,EaseMyTrip,11270.5,92
2026-09-27,BLR_BOM,1,Goibibo,8889.0,43
2026-09-27,BLR_BOM,1,IndiGo Direct,8731.0,62
2026-09-27,BLR_BOM,1,Ixigo,15178.0,130
2026-09-27,BLR_BOM,1,MakeMyTrip,7840.0,52
2026-09-27,BLR_BOM,1,Yatra,11410.0,97
2026-09-27,BLR_BOM,7,Air India Direct,5873.0,1
2026-09-27,BLR_BOM,7,Akasa Direct,7948.5,4
2026-09-27,BLR_BOM,7,Cleartrip,12022.0,109
2026-09-27,BLR_BOM,7,EaseMyTrip,11287.0,87
2026-09-27,BLR_BOM,7,Goibibo,9407.0,40
2026-09-27,BLR_BOM,7,IndiGo Direct,9790.0,60
2026-09-27,BLR_BOM,7,Ixigo,16773.5,128
2026-09-27,BLR_BOM,7,MakeMyTrip,5634.0,9
2026-09-27,BLR_BOM,7,Yatra,11287.0,81
2026-09-27,BLR_BOM,15,Air India Direct,4823.0,1
2026-09-27,BLR_BOM,15,Akasa Direct,5874.0,4
2026-09-27,BLR_BOM,15,Cleartrip,10556.0,145
2026-09-27,BLR_BOM,15,EaseMyTrip,7649.0,85
2026-09-27,BLR_BOM,15,Goibibo,6982.0,44
2026-09-27,BLR_BOM,15,IndiGo Direct,7439.0,58
2026-09-27,BLR_BOM,15,Ixigo,12521.0,146
2026-09-27,BLR_BOM,15,MakeMyTrip,6982.0,47
2026-09-27,BLR_BOM,15,Yatra,7649.0,80
2026-09-27,BLR_BOM,30,Air India Direct,7313.0,1
2026-09-27,BLR_BOM,30,Akasa Direct,7287.0,8
2026-09-27,BLR_BOM,30,Cleartrip,8014.0,124
2026-09-27,BLR_BOM,30,EaseMyTrip,7706.0,101
2026-09-27,BLR_BOM,30,Goibibo,7612.0,52
2026-09-27,BLR_BOM,30,IndiGo Direct,7465.0,57
2026-09-27,BLR_BOM,30,Ixigo,8452.0,138
2026-09-27,BLR_BOM,30,MakeMyTrip,7612.0,53
2026-09-27,BLR_BOM,30,Yatra,7649.0,90
2026-09-27,BLR_BOM,45,Air India Direct,8751.0,1
2026-09-27,BLR_BOM,45,Akasa Direct,8913.0,1
2026-09-27,BLR_BOM,45,Cleartrip,9500.0,127
2026-09-27,BLR_BOM,45,EaseMyTrip,8872.0,93
2026-09-27,BLR_BOM,45,Goibibo,8452.0,47
2026-09-27,BLR_BOM,45,IndiGo Direct,7731.5,56
2026-09-27,BLR_BOM,45,Ixigo,10141.5,128
2026-09-27,BLR_BOM,45,MakeMyTrip,8452.0,53
2026-09-27,BLR_BOM,45,Yatra,8954.0,96
2026-09-27,BLR_DEL,1,Air India Direct,8656.0,1
2026-09-27,BLR_DEL,1,Akasa Direct,11992.0,7
2026-09-27,BLR_DEL,1,Cleartrip,14538.5,168
2026-09-27,BLR_DEL,1,EaseMyTrip,11815.0,113
2026-09-27,BLR_DEL,1,Goibibo,8918.0,43
2026-09-27,BLR_DEL,1,IndiGo Direct,10249.0,67
2026-09-27,BLR_DEL,1,Ixigo,15446.5,158
2026-09-27,BLR_DEL,1,MakeMyTrip,8820.0,53
2026-09-27,BLR_DEL,1,Yatra,10118.0,81
2026-09-27,BLR_DEL,7,Air India Direct,8656.0,1
2026-09-27,BLR_DEL,7,Akasa Direct,8364.0,5
2026-09-27,BLR_DEL,7,Cleartrip,14982.0,177
2026-09-27,BLR_DEL,7,EaseMyTrip,11145.0,115
2026-09-27,BLR_DEL,7,Goibibo,10385.5,56
2026-09-27,BLR_DEL,7,IndiGo Direct,10812.0,69
2026-09-27,BLR_DEL,7,Ixigo,15516.0,165
2026-09-27,BLR_DEL,7,MakeMyTrip,10009.0,68
2026-09-27,BLR_DEL,7,Yatra,10969.0,94
2026-09-27,BLR_DEL,15,Air India Direct,9896.0,1
2026-09-27,BLR_DEL,15,Akasa Direct,9534.5,6
2026-09-27,BLR_DEL,15,Cleartrip,12261.0,183
2026-09-27,BLR_DEL,15,EaseMyTrip,10118.0,126
2026-09-27,BLR_DEL,15,Goibibo,9470.0,51
2026-09-27,BLR_DEL,15,IndiGo Direct,10039.0,68
2026-09-27,BLR_DEL,15,Ixigo,12387.0,160
2026-09-27,BLR_DEL,15,MakeMyTrip,9278.0,53
2026-09-27,BLR_DEL,15,Yatra,9978.0,82
2026-09-27,BLR_DEL,30,Air India Direct,9896.0,1
2026-09-27,BLR_DEL,30,Akasa Direct,9500.5,6
2026-09-27,BLR_DEL,30,Cleartrip,12802.0,186
2026-09-27,BLR_DEL,30,EaseMyTrip,10118.0,131
2026-09-27,BLR_DEL,30,Goibibo,9907.0,53
2026-09-27,BLR_DEL,30,IndiGo Direct,10039.0,66
2026-09-27,BLR_DEL,30,Ixigo,11208.0,142
2026-09-27,BLR_DEL,30,MakeMyTrip,9613.0,56
2026-09-27,BLR_DEL,30,SpiceJet Direct,11596.0,4
2026-09-27,BLR_DEL,30,Yatra,10039.0,97
2026-09-27,BLR_DEL,45,Air India Direct,10054.0,1
2026-09-27,BLR_DEL,45,Akasa Direct,11138.0,1
2026-09-27,BLR_DEL,45,Cleartrip,14186.5,194
2026-09-27,BLR_DEL,45,EaseMyTrip,10118.0,130
2026-09-27,BLR_DEL,45,Goibibo,9907.0,53
2026-09-27,BLR_DEL,45,IndiGo Direct,10062.5,66
2026-09-27,BLR_DEL,45,Ixigo,13220.0,151
2026-09-27,BLR_DEL,45,MakeMyTrip,9605.0,58
2026-09-27,BLR_DEL,45,SpiceJet Direct,12910.5,4
2026-09-27,BLR_DEL,45,Yatra,10075.0,96
2026-09-27,BLR_HYD,1,Air India Direct,7913.0,1
2026-09-27,BLR_HYD,1,Akasa Direct,19226.0,4
2026-09-27,BLR_HYD,1,Cleartrip,14249.0,100
2026-09-27,BLR_HYD,1,EaseMyTrip,13412.5,72
2026-09-27,BLR_HYD,1,Goibibo,10700.0,22
2026-09-27,BLR_HYD,1,IndiGo Direct,12416.0,82
2026-09-27,BLR_HYD,1,Ixigo,17318.0,105
2026-09-27,BLR_HYD,1,MakeMyTrip,9347.5,28
2026-09-27,BLR_HYD,1,Yatra,12573.0,69
2026-09-27,BLR_HYD,7,Air India Direct,5471.0,1
2026-09-27,BLR_HYD,7,Akasa Direct,20139.0,4
2026-09-27,BLR_HYD,7,Cleartrip,14154.0,92
2026-09-27,BLR_HYD,7,EaseMyTrip,13686.0,66
2026-09-27,BLR_HYD,7,Goibibo,9730.0,45
2026-09-27,BLR_HYD,7,IndiGo Direct,12041.0,98
2026-09-27,BLR_HYD,7,Ixigo,19150.0,145
2026-09-27,BLR_HYD,7,MakeMyTrip,9081.0,52
2026-09-27,BLR_HYD,7,Yatra,15801.0,112
2026-09-27,BLR_HYD,15,Air India Direct,9279.0,1
2026-09-27,BLR_HYD,15,Akasa Direct,17300.0,5
2026-09-27,BLR_HYD,15,Cleartrip,8167.0,95
2026-09-27,BLR_HYD,15,EaseMyTrip,7493.0,72
2026-09-27,BLR_HYD,15,Goibibo,6311.0,21
2026-09-27,BLR_HYD,15,IndiGo Direct,6412.0,69
2026-09-27,BLR_HYD,15,Ixigo,11848.0,93
2026-09-27,BLR_HYD,15,MakeMyTrip,6477.5,30
2026-09-27,BLR_HYD,15,Yatra,8167.0,87
2026-09-27,BLR_HYD,30,Air India Direct,5471.0,1
2026-09-27,BLR_HYD,30,Akasa Direct,18431.0,4
2026-09-27,BLR_HYD,30,Cleartrip,6543.0,85
2026-09-27,BLR_HYD,30,EaseMyTrip,5594.0,67
2026-09-27,BLR_HYD,30,Goibibo,5827.0,26
2026-09-27,BLR_HYD,30,IndiGo Direct,5756.0,60
2026-09-27,BLR_HYD,30,Ixigo,14292.0,117
2026-09-27,BLR_HYD,30,MakeMyTrip,5534.5,32
2026-09-27,BLR_HYD,30,Yatra,7519.0,81
2026-09-27,BLR_HYD,45,Air India Direct,6789.0,1
2026-09-27,BLR_HYD,45,Cleartrip,13393.0,87
2026-09-27,BLR_HYD,45,EaseMyTrip,6969.0,67
2026-09-27,BLR_HYD,45,Goibibo,4992.0,19
2026-09-27,BLR_HYD,45,IndiGo Direct,5675.0,56
2026-09-27,BLR_HYD,45,Ixigo,15848.0,102
2026-09-27,BLR_HYD,45,MakeMyTrip,5078.0,23
2026-09-27,BLR_HYD,45,Yatra,15428.0,93
2026-09-27,BOM_BLR,1,Air India Direct,6349.0,1
2026-09-27,BOM_BLR,1,Akasa Direct,6779.0,6
2026-09-27,BOM_BLR,1,Cleartrip,13703.0,141
2026-09-27,BOM_BLR,1,EaseMyTrip,9350.0,79
2026-09-27,BOM_BLR,1,Goibibo,8034.0,45
2026-09-27,BOM_BLR,1,IndiGo Direct,8097.0,54
2026-09-27,BOM_BLR,1,Ixigo,14214.0,126
2026-09-27,BOM_BLR,1,MakeMyTrip,7513.0,52
2026-09-27,BOM_BLR,1,Yatra,9350.0,79
2026-09-27,BOM_BLR,7,Air India Direct,6966.0,1
2026-09-27,BOM_BLR,7,Akasa Direct,10696.5,4
2026-09-27,BOM_BLR,7,Cleartrip,15435.5,124
2026-09-27,BOM_BLR,7,EaseMyTrip,11809.0,92
2026-09-27,BOM_BLR,7,Goibibo,9460.0,50
2026-09-27,BOM_BLR,7,IndiGo Direct,10422.0,59
2026-09-27,BOM_BLR,7,Ixigo,18342.0,131
2026-09-27,BOM_BLR,7,MakeMyTrip,9057.0,53
2026-09-27,BOM_BLR,7,Yatra,11809.0,87
2026-09-27,BOM_BLR,15,Air India Direct,5238.0,1
2026-09-27,BOM_BLR,15,Akasa Direct,5253.0,4
2026-09-27,BOM_BLR,15,Cleartrip,7996.0,114
2026-09-27,BOM_BLR,15,EaseMyTrip,7584.0,84
2026-09-27,BOM_BLR,15,Goibibo,7377.0,42
2026-09-27,BOM_BLR,15,IndiGo Direct,7374.0,56
2026-09-27,BOM_BLR,15,Ixigo,10917.0,136
2026-09-27,BOM_BLR,15,MakeMyTrip,7342.0,45
2026-09-27,BOM_BLR,15,Yatra,7584.0,86
2026-09-27,BOM_BLR,30,Air India Direct,5238.0,1
2026-09-27,BOM_BLR,30,Akasa Direct,6958.0,9
2026-09-27,BOM_BLR,30,Cleartrip,8532.0,126
2026-09-27,BOM_BLR,30,EaseMyTrip,8112.0,98
2026-09-27,BOM_BLR,30,Goibibo,7692.0,56
2026-09-27,BOM_BLR,30,IndiGo Direct,7584.0,55
2026-09-27,BOM_BLR,30,Ixigo,10068.0,147
2026-09-27,BOM_BLR,30,MakeMyTrip,7692.0,58
2026-09-27,BOM_BLR,30,SpiceJet Direct,5490.0,3
2026-09-27,BOM_BLR,30,Yatra,7692.0,89
2026-09-27,BOM_BLR,45,Air India Direct,9272.0,1
2026-09-27,BOM_BLR,45,Akasa Direct,7807.0,3
2026-09-27,BOM_BLR,45,Cleartrip,11952.5,138
2026-09-27,BOM_BLR,45,EaseMyTrip,10744.0,97
2026-09-27,BOM_BLR,45,Goibibo,10360.0,61
2026-09-27,BOM_BLR,45,IndiGo Direct,9359.5,54
2026-09-27,BOM_BLR,45,Ixigo,13054.0,136
2026-09-27,BOM_BLR,45,MakeMyTrip,9585.0,58
2026-09-27,BOM_BLR,45,SpiceJet Direct,7807.0,3
2026-09-27,BOM_BLR,45,Yatra,10744.0,92
2026-09-27,BOM_DEL,1,Air India Direct,6741.0,1
2026-09-27,BOM_DEL,1,Akasa Direct,6523.0,10
2026-09-27,BOM_DEL,1,Cleartrip,10863.5,148
2026-09-27,BOM_DEL,1,EaseMyTrip,8135.0,125
2026-09-27,BOM_DEL,1,Goibibo,7033.0,74
2026-09-27,BOM_DEL,1,IndiGo Direct,6996.0,72
2026-09-27,BOM_DEL,1,Ixigo,14295.0,160
2026-09-27,BOM_DEL,1,MakeMyTrip,6762.0,80
2026-09-27,BOM_DEL,1,SpiceJet Direct,9758.5,2
2026-09-27,BOM_DEL,1,Yatra,7033.0,94
2026-09-27,BOM_DEL,7,Air India Direct,6741.0,1
2026-09-27,BOM_DEL,7,Akasa Direct,8722.0,6
2026-09-27,BOM_DEL,7,Cleartrip,10420.0,153
2026-09-27,BOM_DEL,7,EaseMyTrip,9765.0,123
2026-09-27,BOM_DEL,7,Goibibo,8135.0,71
2026-09-27,BOM_DEL,7,IndiGo Direct,8097.0,73
2026-09-27,BOM_DEL,7,Ixigo,12659.0,150
2026-09-27,BOM_DEL,7,MakeMyTrip,7175.0,76
2026-09-27,BOM_DEL,7,SpiceJet Direct,6472.0,2
2026-09-27,BOM_DEL,7,Yatra,9185.0,95
2026-09-27,BOM_DEL,15,Air India Direct,6854.0,1
2026-09-27,BOM_DEL,15,Akasa Direct,6523.0,7
2026-09-27,BOM_DEL,15,Cleartrip,8135.0,177
2026-09-27,BOM_DEL,15,EaseMyTrip,6996.0,119
2026-09-27,BOM_DEL,15,Goibibo,6771.0,73
2026-09-27,BOM_DEL,15,IndiGo Direct,6786.0,74
2026-09-27,BOM_DEL,15,Ixigo,8135.0,151
2026-09-27,BOM_DEL,15,MakeMyTrip,6720.0,79
2026-09-27,BOM_DEL,15,SpiceJet Direct,6472.0,2
2026-09-27,BOM_DEL,15,Yatra,6875.0,97
2026-09-27,BOM_DEL,30,Air India Direct,6953.0,1
2026-09-27,BOM_DEL,30,Akasa Direct,7072.0,10
2026-09-27,BOM_DEL,30,Cleartrip,9398.0,189
2026-09-27,BOM_DEL,30,EaseMyTrip,7501.0,130
2026-09-27,BOM_DEL,30,Goibibo,7104.5,76
2026-09-27,BOM_DEL,30,IndiGo Direct,7158.0,72
2026-09-27,BOM_DEL,30,Ixigo,11000.0,157
2026-09-27,BOM_DEL,30,MakeMyTrip,7051.0,79
2026-09-27,BOM_DEL,30,SpiceJet Direct,6472.0,3
2026-09-27,BOM_DEL,30,Yatra,7364.0,95
2026-09-27,BOM_DEL,45,Air India Direct,8143.0,1
2026-09-27,BOM_DEL,45,Akasa Direct,7683.0,2
2026-09-27,BOM_DEL,45,Cleartrip,11108.0,189
2026-09-27,BOM_DEL,45,EaseMyTrip,8752.0,108
2026-09-27,BOM_DEL,45,Goibibo,8332.0,83
2026-09-27,BOM_DEL,45,IndiGo Direct,8728.0,72
2026-09-27,BOM_DEL,45,Ixigo,10658.0,156
2026-09-27,BOM_DEL,45,MakeMyTrip,8164.0,92
2026-09-27,BOM_DEL,45,SpiceJet Direct,6832.0,5
2026-09-27,BOM_DEL,45,Yatra,8728.0,104
2026-09-27,BOM_GOI,1,Air India Direct,4883.0,1
2026-09-27,BOM_GOI,1,Cleartrip,15308.0,54
2026-09-27,BOM_GOI,1,EaseMyTrip,12099.0,36
2026-09-27,BOM_GOI,1,Goibibo,5725.0,23
2026-09-27,BOM_GOI,1,IndiGo Direct,13333.5,28
2026-09-27,BOM_GOI,1,Ixigo,15467.0,51
2026-09-27,BOM_GOI,1,MakeMyTrip,5264.5,20
2026-09-27,BOM_GOI,1,Yatra,14669.0,62
2026-09-27,BOM_GOI,7,Air India Direct,4413.0,1
2026-09-27,BOM_GOI,7,Cleartrip,10842.0,53
2026-09-27,BOM_GOI,7,EaseMyTrip,10362.0,59
2026-09-27,BOM_GOI,7,Goibibo,4388.0,24
2026-09-27,BOM_GOI,7,IndiGo Direct,7477.0,31
2026-09-27,BOM_GOI,7,Ixigo,12490.0,65
2026-09-27,BOM_GOI,7,MakeMyTrip,4069.0,18
2026-09-27,BOM_GOI,7,Yatra,11787.0,61
2026-09-27,BOM_GOI,15,Air India Direct,4413.0,1
2026-09-27,BOM_GOI,15,Cleartrip,12690.5,60
2026-09-27,BOM_GOI,15,EaseMyTrip,8980.0,50
2026-09-27,BOM_GOI,15,Goibibo,4157.0,24
2026-09-27,BOM_GOI,15,IndiGo Direct,7477.0,27
2026-09-27,BOM_GOI,15,Ixigo,13992.0,63
2026-09-27,BOM_GOI,15,MakeMyTrip,4069.0,18
2026-09-27,BOM_GOI,15,Yatra,11336.0,55
2026-09-27,BOM_GOI,30,Air India Direct,4413.0,1
2026-09-27,BOM_GOI,30,Cleartrip,9208.0,57
2026-09-27,BOM_GOI,30,EaseMyTrip,7477.0,52
2026-09-27,BOM_GOI,30,Goibibo,4125.0,25
2026-09-27,BOM_GOI,30,IndiGo Direct,7477.0,30
2026-09-27,BOM_GOI,30,Ixigo,12255.0,74
2026-09-27,BOM_GOI,30,MakeMyTrip,4069.0,21
2026-09-27,BOM_GOI,30,Yatra,11841.5,68
2026-09-27,BOM_GOI,45,Air India Direct,5373.0,1
2026-09-27,BOM_GOI,45,Cleartrip,12732.0,55
2026-09-27,BOM_GOI,45,EaseMyTrip,10980.0,60
2026-09-27,BOM_GOI,45,Goibibo,7398.0,25
2026-09-27,BOM_GOI,45,IndiGo Direct,7477.0,30
2026-09-27,BOM_GOI,45,Ixigo,15326.0,71
2026-09-27,BOM_GOI,45,MakeMyTrip,7110.0,20
2026-09-27,BOM_GOI,45,Yatra,13958.0,56
2026-09-27,BOM_MAA,1,Air India Direct,6943.0,1
2026-09-27,BOM_MAA,1,Akasa Direct,6575.0,1
2026-09-27,BOM_MAA,1,Cleartrip,9722.5,74
2026-09-27,BOM_MAA,1,EaseMyTrip,9025.0,59
2026-09-27,BOM_MAA,1,Goibibo,7510.0,23
2026-09-27,BOM_MAA,1,IndiGo Direct,8512.0,53
2026-09-27,BOM_MAA,1,Ixigo,12247.5,74
2026-09-27,BOM_MAA,1,MakeMyTrip,7064.0,25
2026-09-27,BOM_MAA,1,Yatra,11341.0,63
2026-09-27,BOM_MAA,7,Air India Direct,6943.0,1
2026-09-27,BOM_MAA,7,Cleartrip,13770.5,88
2026-09-27,BOM_MAA,7,EaseMyTrip,14000.0,73
2026-09-27,BOM_MAA,7,Goibibo,10296.0,29
2026-09-27,BOM_MAA,7,IndiGo Direct,11570.0,57
2026-09-27,BOM_MAA,7,Ixigo,16696.0,98
2026-09-27,BOM_MAA,7,MakeMyTrip,8504.0,33
2026-09-27,BOM_MAA,7,Yatra,15331.0,90
2026-09-27,BOM_MAA,15,Air India Direct,6943.0,1
2026-09-27,BOM_MAA,15,Akasa Direct,6575.0,1
2026-09-27,BOM_MAA,15,Cleartrip,8815.0,84
2026-09-27,BOM_MAA,15,EaseMyTrip,8815.0,70
2026-09-27,BOM_MAA,15,Goibibo,6651.0,22
2026-09-27,BOM_MAA,15,IndiGo Direct,8302.0,52
2026-09-27,BOM_MAA,15,Ixigo,13679.0,111
2026-09-27,BOM_MAA,15,MakeMyTrip,6651.0,25
2026-09-27,BOM_MAA,15,Yatra,10612.0,78
2026-09-27,BOM_MAA,30,Air India Direct,6799.0,1
2026-09-27,BOM_MAA,30,Akasa Direct,6118.0,1
2026-09-27,BOM_MAA,30,Cleartrip,8302.0,59
2026-09-27,BOM_MAA,30,EaseMyTrip,8446.5,68
2026-09-27,BOM_MAA,30,Goibibo,6651.0,21
2026-09-27,BOM_MAA,30,IndiGo Direct,8302.0,44
2026-09-27,BOM_MAA,30,Ixigo,16975.0,107
2026-09-27,BOM_MAA,30,MakeMyTrip,6651.0,22
2026-09-27,BOM_MAA,30,Yatra,8302.0,61
2026-09-27,BOM_MAA,45,Air India Direct,9830.0,1
2026-09-27,BOM_MAA,45,Cleartrip,11727.0,62
2026-09-27,BOM_MAA,45,EaseMyTrip,13947.0,67
2026-09-27,BOM_MAA,45,Goibibo,10036.0,29
2026-09-27,BOM_MAA,45,IndiGo Direct,10414.0,46
2026-09-27,BOM_MAA,45,Ixigo,14382.0,91
2026-09-27,BOM_MAA,45,MakeMyTrip,9519.0,29
2026-09-27,BOM_MAA,45,Yatra,11494.5,56
2026-09-27,CCU_DEL,1,Air India Direct,9107.0,1
2026-09-27,CCU_DEL,1,Akasa Direct,8181.0,3
2026-09-27,CCU_DEL,1,Cleartrip,9352.0,103
2026-09-27,CCU_DEL,1,EaseMyTrip,9162.0,72
2026-09-27,CCU_DEL,1,Goibibo,8849.0,26
2026-09-27,CCU_DEL,1,Ixigo,9553.0,82
2026-09-27,CCU_DEL,1,MakeMyTrip,8849.0,33
2026-09-27,CCU_DEL,1,Yatra,9247.0,76
2026-09-27,CCU_DEL,7,Air India Direct,9107.0,1
2026-09-27,CCU_DEL,7,Akasa Direct,8615.0,3
2026-09-27,CCU_DEL,7,Cleartrip,14863.0,112
2026-09-27,CCU_DEL,7,EaseMyTrip,11947.0,77
2026-09-27,CCU_DEL,7,Goibibo,9426.0,37
2026-09-27,CCU_DEL,7,Ixigo,19169.0,67
2026-09-27,CCU_DEL,7,MakeMyTrip,9158.0,41
2026-09-27,CCU_DEL,7,SpiceJet Direct,8428.0,1
2026-09-27,CCU_DEL,7,Yatra,12289.0,70
2026-09-27,CCU_DEL,15,Air India Direct,9141.0,1
2026-09-27,CCU_DEL,15,Akasa Direct,8324.0,3
2026-09-27,CCU_DEL,15,Cleartrip,9847.0,119
2026-09-27,CCU_DEL,15,EaseMyTrip,9162.0,81
2026-09-27,CCU_DEL,15,Goibibo,9162.0,35
2026-09-27,CCU_DEL,15,IndiGo Direct,7802.0,55
2026-09-27,CCU_DEL,15,Ixigo,9847.0,96
2026-09-27,CCU_DEL,15,MakeMyTrip,9162.0,34
2026-09-27,CCU_DEL,15,SpiceJet Direct,7771.0,3
2026-09-27,CCU_DEL,15,Yatra,9162.0,78
2026-09-27,CCU_DEL,30,Air India Direct,10878.0,1
2026-09-27,CCU_DEL,30,Akasa Direct,10639.0,3
2026-09-27,CCU_DEL,30,Cleartrip,12634.0,103
2026-09-27,CCU_DEL,30,EaseMyTrip,12302.0,81
2026-09-27,CCU_DEL,30,Goibibo,11483.0,35
2026-09-27,CCU_DEL,30,IndiGo Direct,11365.0,60
2026-09-27,CCU_DEL,30,Ixigo,14060.0,90
2026-09-27,CCU_DEL,30,MakeMyTrip,11782.0,39
2026-09-27,CCU_DEL,30,SpiceJet Direct,11782.0,1
2026-09-27,CCU_DEL,30,Yatra,11947.0,68
2026-09-27,CCU_DEL,45,Air India Direct,14112.0,1
2026-09-27,CCU_DEL,45,Akasa Direct,8766.0,1
2026-09-27,CCU_DEL,45,Cleartrip,14506.0,118
2026-09-27,CCU_DEL,45,EaseMyTrip,13522.0,78
2026-09-27,CCU_DEL,45,Goibibo,13522.0,31
2026-09-27,CCU_DEL,45,IndiGo Direct,12097.5,58
2026-09-27,CCU_DEL,45,Ixigo,14133.0,83
2026-09-27,CCU_DEL,45,MakeMyTrip,13522.0,35
2026-09-27,CCU_DEL,45,SpiceJet Direct,11098.0,1
2026-09-27,CCU_DEL,45,Yatra,13522.0,75
2026-09-27,DEL_AMD,1,Air India Direct,8240.0,1
2026-09-27,DEL_AMD,1,Akasa Direct,15125.0,7
2026-09-27,DEL_AMD,1,Cleartrip,12105.0,49
2026-09-27,DEL_AMD,1,EaseMyTrip,11829.0,41
2026-09-27,DEL_AMD,1,Goibibo,10206.0,25
2026-09-27,DEL_AMD,1,IndiGo Direct,9384.0,25
2026-09-27,DEL_AMD,1,Ixigo,17521.0,79
2026-09-27,DEL_AMD,1,MakeMyTrip,9626.0,29
2026-09-27,DEL_AMD,1,Yatra,13711.0,57
2026-09-27,DEL_AMD,7,Air India Direct,5882.0,1
2026-09-27,DEL_AMD,7,Akasa Direct,20623.0,8
2026-09-27,DEL_AMD,7,Cleartrip,15938.0,56
2026-09-27,DEL_AMD,7,EaseMyTrip,13931.0,41
2026-09-27,DEL_AMD,7,Goibibo,12891.5,20
2026-09-27,DEL_AMD,7,IndiGo Direct,12534.0,23
2026-09-27,DEL_AMD,7,Ixigo,18144.0,91
2026-09-27,DEL_AMD,7,MakeMyTrip,10836.0,23
2026-09-27,DEL_AMD,7,Yatra,15869.0,73
2026-09-27,DEL_AMD,15,Air India Direct,5882.0,1
2026-09-27,DEL_AMD,15,Akasa Direct,16755.0,7
2026-09-27,DEL_AMD,15,Cleartrip,12406.0,69
2026-09-27,DEL_AMD,15,EaseMyTrip,7806.0,43
2026-09-27,DEL_AMD,15,Goibibo,5798.0,21
2026-09-27,DEL_AMD,15,IndiGo Direct,6827.0,21
2026-09-27,DEL_AMD,15,Ixigo,12908.0,87
2026-09-27,DEL_AMD,15,MakeMyTrip,5790.0,24
2026-09-27,DEL_AMD,15,Yatra,12749.0,80
2026-09-27,DEL_AMD,30,Air India Direct,5935.0,1
2026-09-27,DEL_AMD,30,Akasa Direct,12644.0,7
2026-09-27,DEL_AMD,30,Cleartrip,12789.0,73
2026-09-27,DEL_AMD,30,EaseMyTrip,12789.0,54
2026-09-27,DEL_AMD,30,Goibibo,5790.0,19
2026-09-27,DEL_AMD,30,IndiGo Direct,6695.0,23
2026-09-27,DEL_AMD,30,Ixigo,13291.0,91
2026-09-27,DEL_AMD,30,MakeMyTrip,5790.0,21
2026-09-27,DEL_AMD,30,Yatra,12789.0,77
2026-09-27,DEL_AMD,45,Air India Direct,6482.0,1
2026-09-27,DEL_AMD,45,Akasa Direct,21945.5,2
2026-09-27,DEL_AMD,45,Cleartrip,18397.0,80
2026-09-27,DEL_AMD,45,EaseMyTrip,17378.5,56
2026-09-27,DEL_AMD,45,Goibibo,7251.0,19
2026-09-27,DEL_AMD,45,IndiGo Direct,9357.0,31
2026-09-27,DEL_AMD,45,Ixigo,18397.0,85
2026-09-27,DEL_AMD,45,MakeMyTrip,6486.5,20
2026-09-27,DEL_AMD,45,SpiceJet Direct,6351.5,2
2026-09-27,DEL_AMD,45,Yatra,18206.0,92
2026-09-27,DEL_BLR,1,Air India Direct,9121.0,1
2026-09-27,DEL_BLR,1,Akasa Direct,8910.5,6
2026-09-27,DEL_BLR,1,Cleartrip,13963.0,177
2026-09-27,DEL_BLR,1,EaseMyTrip,11053.0,117
2026-09-27,DEL_BLR,1,Goibibo,9858.5,46
2026-09-27,DEL_BLR,1,IndiGo Direct,10221.5,66
2026-09-27,DEL_BLR,1,Ixigo,15470.0,151
2026-09-27,DEL_BLR,1,MakeMyTrip,9599.0,51
2026-09-27,DEL_BLR,1,Yatra,10415.5,88
2026-09-27,DEL_BLR,7,Air India Direct,9655.0,1
2026-09-27,DEL_BLR,7,Akasa Direct,12096.0,5
2026-09-27,DEL_BLR,7,Cleartrip,16628.0,187
2026-09-27,DEL_BLR,7,EaseMyTrip,15604.0,140
2026-09-27,DEL_BLR,7,Goibibo,13438.0,71
2026-09-27,DEL_BLR,7,IndiGo Direct,13225.0,68
2026-09-27,DEL_BLR,7,Ixigo,17858.0,175
2026-09-27,DEL_BLR,7,MakeMyTrip,13160.0,75
2026-09-27,DEL_BLR,7,Yatra,14424.5,104
2026-09-27,DEL_BLR,15,Air India Direct,9223.0,1
2026-09-27,DEL_BLR,15,Akasa Direct,9329.5,6
2026-09-27,DEL_BLR,15,Cleartrip,11784.0,213
2026-09-27,DEL_BLR,15,EaseMyTrip,10156.0,135
2026-09-27,DEL_BLR,15,Goibibo,8836.5,48
2026-09-27,DEL_BLR,15,IndiGo Direct,10077.0,69
2026-09-27,DEL_BLR,15,Ixigo,12333.0,181
2026-09-27,DEL_BLR,15,MakeMyTrip,8829.0,55
2026-09-27,DEL_BLR,15,Yatra,10077.0,97
2026-09-27,DEL_BLR,30,Air India Direct,10235.0,1
2026-09-27,DEL_BLR,30,Akasa Direct,9859.0,6
2026-09-27,DEL_BLR,30,Cleartrip,14338.0,220
2026-09-27,DEL_BLR,30,EaseMyTrip,10692.0,135
2026-09-27,DEL_BLR,30,Goibibo,9936.0,51
2026-09-27,DEL_BLR,30,IndiGo Direct,10116.5,68
2026-09-27,DEL_BLR,30,Ixigo,14068.0,156
2026-09-27,DEL_BLR,30,MakeMyTrip,9936.0,47
2026-09-27,DEL_BLR,30,SpiceJet Direct,11109.0,3
2026-09-27,DEL_BLR,30,Yatra,10515.0,104
2026-09-27,DEL_BLR,45,Air India Direct,13797.0,1
2026-09-27,DEL_BLR,45,Akasa Direct,13285.0,5
2026-09-27,DEL_BLR,45,Cleartrip,17072.0,212
2026-09-27,DEL_BLR,45,EaseMyTrip,15523.0,145
2026-09-27,DEL_BLR,45,Goibibo,13618.0,54
2026-09-27,DEL_BLR,45,IndiGo Direct,14113.0,69
2026-09-27,DEL_BLR,45,Ixigo,16462.0,155
2026-09-27,DEL_BLR,45,MakeMyTrip,13618.0,49
2026-09-27,DEL_BLR,45,SpiceJet Direct,13530.5,4
2026-09-27,DEL_BLR,45,Yatra,14117.0,92
2026-09-27,DEL_BOM,1,Air India Direct,6822.0,1
2026-09-27,DEL_BOM,1,Akasa Direct,7128.0,10
2026-09-27,DEL_BOM,1,Cleartrip,14241.0,166
2026-09-27,DEL_BOM,1,EaseMyTrip,11678.0,92
2026-09-27,DEL_BOM,1,Goibibo,7001.0,40
2026-09-27,DEL_BOM,1,IndiGo Direct,9047.0,74
2026-09-27,DEL_BOM,1,Ixigo,15788.0,168
2026-09-27,DEL_BOM,1,MakeMyTrip,7788.0,79
2026-09-27,DEL_BOM,1,SpiceJet Direct,12162.0,1
2026-09-27,DEL_BOM,1,Yatra,9929.0,99
2026-09-27,DEL_BOM,7,Air India Direct,12962.0,1
2026-09-27,DEL_BOM,7,Akasa Direct,9334.0,6
2026-09-27,DEL_BOM,7,Cleartrip,14121.0,159
2026-09-27,DEL_BOM,7,EaseMyTrip,11694.0,79
2026-09-27,DEL_BOM,7,Goibibo,11225.0,75
2026-09-27,DEL_BOM,7,IndiGo Direct,11644.0,74
2026-09-27,DEL_BOM,7,Ixigo,14241.0,141
2026-09-27,DEL_BOM,7,MakeMyTrip,9988.0,80
2026-09-27,DEL_BOM,7,SpiceJet Direct,10299.0,2
2026-09-27,DEL_BOM,7,Yatra,11539.0,93
2026-09-27,DEL_BOM,15,Air India Direct,6822.0,1
2026-09-27,DEL_BOM,15,Akasa Direct,6530.0,6
2026-09-27,DEL_BOM,15,Cleartrip,7352.0,181
2026-09-27,DEL_BOM,15,EaseMyTrip,6843.0,106
2026-09-27,DEL_BOM,15,Goibibo,6530.0,29
2026-09-27,DEL_BOM,15,IndiGo Direct,6708.5,74
2026-09-27,DEL_BOM,15,Ixigo,9929.0,158
2026-09-27,DEL_BOM,15,MakeMyTrip,6688.0,75
2026-09-27,DEL_BOM,15,SpiceJet Direct,6447.0,1
2026-09-27,DEL_BOM,15,Yatra,6843.0,105
2026-09-27,DEL_BOM,30,Air India Direct,6922.0,1
2026-09-27,DEL_BOM,30,Akasa Direct,6790.0,8
2026-09-27,DEL_BOM,30,Cleartrip,7515.0,178
2026-09-27,DEL_BOM,30,EaseMyTrip,7332.0,127
2026-09-27,DEL_BOM,30,Goibibo,7019.0,75
2026-09-27,DEL_BOM,30,IndiGo Direct,7120.0,75
2026-09-27,DEL_BOM,30,Ixigo,7782.0,161
2026-09-27,DEL_BOM,30,MakeMyTrip,7019.0,81
2026-09-27,DEL_BOM,30,SpiceJet Direct,6341.0,3
2026-09-27,DEL_BOM,30,Yatra,7252.0,96
2026-09-27,DEL_BOM,45,Air India Direct,9409.0,1
2026-09-27,DEL_BOM,45,Akasa Direct,11264.0,2
2026-09-27,DEL_BOM,45,Cleartrip,13459.0,186
2026-09-27,DEL_BOM,45,EaseMyTrip,10388.0,132
2026-09-27,DEL_BOM,45,Goibibo,9665.0,89
2026-09-27,DEL_BOM,45,IndiGo Direct,9192.0,75
2026-09-27,DEL_BOM,45,Ixigo,12763.0,155
2026-09-27,DEL_BOM,45,MakeMyTrip,9430.0,94
2026-09-27,DEL_BOM,45,SpiceJet Direct,7612.0,7
2026-09-27,DEL_BOM,45,Yatra,10069.0,99
2026-09-27,DEL_CCU,1,Air India Direct,9121.0,1
2026-09-27,DEL_CCU,1,Akasa Direct,9526.0,3
2026-09-27,DEL_CCU,1,Cleartrip,13032.0,113
2026-09-27,DEL_CCU,1,EaseMyTrip,12698.0,93
2026-09-27,DEL_CCU,1,Goibibo,9235.0,30
2026-09-27,DEL_CCU,1,Ixigo,17886.0,124
2026-09-27,DEL_CCU,1,MakeMyTrip,8922.0,36
2026-09-27,DEL_CCU,1,Yatra,13751.5,102
2026-09-27,DEL_CCU,7,Air India Direct,9121.0,1
2026-09-27,DEL_CCU,7,Akasa Direct,8517.0,3
2026-09-27,DEL_CCU,7,Cleartrip,10497.0,99
2026-09-27,DEL_CCU,7,EaseMyTrip,9972.0,83
2026-09-27,DEL_CCU,7,Goibibo,9619.0,34
2026-09-27,DEL_CCU,7,Ixigo,14310.0,112
2026-09-27,DEL_CCU,7,MakeMyTrip,9206.0,40
2026-09-27,DEL_CCU,7,SpiceJet Direct,8187.0,1
2026-09-27,DEL_CCU,7,Yatra,10615.0,91
2026-09-27,DEL_CCU,15,Air India Direct,9444.0,1
2026-09-27,DEL_CCU,15,Akasa Direct,9008.0,3
2026-09-27,DEL_CCU,15,Cleartrip,14666.5,142
2026-09-27,DEL_CCU,15,EaseMyTrip,10736.5,102
2026-09-27,DEL_CCU,15,Goibibo,9498.0,42
2026-09-27,DEL_CCU,15,Ixigo,17806.0,128
2026-09-27,DEL_CCU,15,MakeMyTrip,9347.5,48
2026-09-27,DEL_CCU,15,SpiceJet Direct,11449.5,4
2026-09-27,DEL_CCU,15,Yatra,12646.0,105
2026-09-27,DEL_CCU,30,Air India Direct,13541.0,1
2026-09-27,DEL_CCU,30,Akasa Direct,14090.0,3
2026-09-27,DEL_CCU,30,Cleartrip,17951.0,149
2026-09-27,DEL_CCU,30,EaseMyTrip,15586.0,97
2026-09-27,DEL_CCU,30,Goibibo,14277.0,29
2026-09-27,DEL_CCU,30,Ixigo,18057.0,123
2026-09-27,DEL_CCU,30,MakeMyTrip,13604.0,33
2026-09-27,DEL_CCU,30,SpiceJet Direct,10359.0,1
2026-09-27,DEL_CCU,30,Yatra,16116.0,96
2026-09-27,DEL_CCU,45,Air India Direct,11379.0,1
2026-09-27,DEL_CCU,45,Akasa Direct,9008.0,1
2026-09-27,DEL_CCU,45,Cleartrip,13753.0,132
2026-09-27,DEL_CCU,45,EaseMyTrip,11632.0,78
2026-09-27,DEL_CCU,45,Goibibo,11127.0,37
2026-09-27,DEL_CCU,45,Ixigo,14956.0,111
2026-09-27,DEL_CCU,45,MakeMyTrip,11127.0,37
2026-09-27,DEL_CCU,45,SpiceJet Direct,10941.0,1
2026-09-27,DEL_CCU,45,Yatra,13160.0,99
2026-09-27,DEL_GOI,1,Air India Direct,7714.0,1
2026-09-27,DEL_GOI,1,Cleartrip,13282.0,88
2026-09-27,DEL_GOI,1,EaseMyTrip,12564.5,70
2026-09-27,DEL_GOI,1,Goibibo,11693.5,94
2026-09-27,DEL_GOI,1,IndiGo Direct,12661.5,56
2026-09-27,DEL_GOI,1,Ixigo,15939.0,92
2026-09-27,DEL_GOI,1,MakeMyTrip,9149.0,31
2026-09-27,DEL_GOI,1,Yatra,8888.0,11
2026-09-27,DEL_GOI,7,Air India Direct,8453.0,1
2026-09-27,DEL_GOI,7,Cleartrip,11795.0,101
2026-09-27,DEL_GOI,7,EaseMyTrip,10535.0,69
2026-09-27,DEL_GOI,7,Goibibo,8717.5,28
2026-09-27,DEL_GOI,7,IndiGo Direct,10216.0,56
2026-09-27,DEL_GOI,7,Ixigo,12021.0,112
2026-09-27,DEL_GOI,7,MakeMyTrip,7948.0,23
2026-09-27,DEL_GOI,7,Yatra,11165.0,75
2026-09-27,DEL_GOI,15,Air India Direct,7550.0,1
2026-09-27,DEL_GOI,15,Cleartrip,10693.0,97
2026-09-27,DEL_GOI,15,EaseMyTrip,9149.0,78
2026-09-27,DEL_GOI,15,Goibibo,7517.0,21
2026-09-27,DEL_GOI,15,IndiGo Direct,9608.0,50
2026-09-27,DEL_GOI,15,Ixigo,10703.0,84
2026-09-27,DEL_GOI,15,MakeMyTrip,7321.0,13
2026-09-27,DEL_GOI,15,Yatra,9350.0,34
2026-09-27,DEL_GOI,30,Air India Direct,7613.0,1
2026-09-27,DEL_GOI,30,Cleartrip,12524.0,137
2026-09-27,DEL_GOI,30,EaseMyTrip,9651.0,80
2026-09-27,DEL_GOI,30,Goibibo,7634.0,21
2026-09-27,DEL_GOI,30,IndiGo Direct,9651.0,54
2026-09-27,DEL_GOI,30,Ixigo,12021.0,109
2026-09-27,DEL_GOI,30,MakeMyTrip,7581.0,16
2026-09-27,DEL_GOI,30,Yatra,9687.0,54
2026-09-27,DEL_GOI,45,Air India Direct,10003.0,1
2026-09-27,DEL_GOI,45,Cleartrip,14822.5,122
2026-09-27,DEL_GOI,45,EaseMyTrip,14038.0,87
2026-09-27,DEL_GOI,45,Goibibo,13187.0,96
2026-09-27,DEL_GOI,45,IndiGo Direct,11221.0,55
2026-09-27,DEL_GOI,45,Ixigo,15261.0,108
2026-09-27,DEL_GOI,45,MakeMyTrip,10363.0,19
2026-09-27,DEL_GOI,45,Yatra,14483.5,70
2026-09-27,DEL_HYD,1,Air India Direct,9074.0,1
2026-09-27,DEL_HYD,1,Akasa Direct,8470.0,2
2026-09-27,DEL_HYD,1,Cleartrip,16871.0,121
2026-09-27,DEL_HYD,1,EaseMyTrip,16136.0,91
2026-09-27,DEL_HYD,1,Goibibo,9160.0,36
2026-09-27,DEL_HYD,1,IndiGo Direct,9931.5,60
2026-09-27,DEL_HYD,1,Ixigo,18030.0,93
2026-09-27,DEL_HYD,1,MakeMyTrip,9053.5,40
2026-09-27,DEL_HYD,1,Yatra,17928.0,101
2026-09-27,DEL_HYD,7,Air India Direct,9109.0,1
2026-09-27,DEL_HYD,7,Akasa Direct,11746.5,2
2026-09-27,DEL_HYD,7,Cleartrip,16519.0,133
2026-09-27,DEL_HYD,7,EaseMyTrip,14679.0,89
2026-09-27,DEL_HYD,7,Goibibo,12963.0,41
2026-09-27,DEL_HYD,7,Ixigo,8930.0,10
2026-09-27,DEL_HYD,7,MakeMyTrip,12112.5,52
2026-09-27,DEL_HYD,7,Yatra,15305.5,88
2026-09-27,DEL_HYD,15,Air India Direct,9169.0,1
2026-09-27,DEL_HYD,15,Akasa Direct,8950.5,2
2026-09-27,DEL_HYD,15,Cleartrip,10465.0,136
2026-09-27,DEL_HYD,15,EaseMyTrip,9666.0,93
2026-09-27,DEL_HYD,15,Goibibo,9406.0,31
2026-09-27,DEL_HYD,15,IndiGo Direct,8409.0,64
2026-09-27,DEL_HYD,15,Ixigo,11657.0,113
2026-09-27,DEL_HYD,15,MakeMyTrip,9190.0,37
2026-09-27,DEL_HYD,15,Yatra,10465.0,97
2026-09-27,DEL_HYD,30,Air India Direct,9697.0,1
2026-09-27,DEL_HYD,30,Akasa Direct,9516.0,2
2026-09-27,DEL_HYD,30,Cleartrip,12729.0,143
2026-09-27,DEL_HYD,30,EaseMyTrip,9914.0,82
2026-09-27,DEL_HYD,30,Goibibo,9914.0,29
2026-09-27,DEL_HYD,30,IndiGo Direct,9035.0,62
2026-09-27,DEL_HYD,30,Ixigo,8904.0,30
2026-09-27,DEL_HYD,30,MakeMyTrip,9914.0,33
2026-09-27,DEL_HYD,30,Yatra,10228.0,94
2026-09-27,DEL_HYD,45,Air India Direct,11474.0,1
2026-09-27,DEL_HYD,45,Akasa Direct,9177.0,1
2026-09-27,DEL_HYD,45,Cleartrip,17564.0,148
2026-09-27,DEL_HYD,45,EaseMyTrip,13101.0,89
2026-09-27,DEL_HYD,45,Goibibo,11104.0,35
2026-09-27,DEL_HYD,45,IndiGo Direct,11991.0,64
2026-09-27,DEL_HYD,45,Ixigo,8825.0,3
2026-09-27,DEL_HYD,45,MakeMyTrip,11024.0,38
2026-09-27,DEL_HYD,45,SpiceJet Direct,13032.0,5
2026-09-27,DEL_HYD,45,Yatra,13044.0,80
2026-09-27,DEL_MAA,1,Air India Direct,10242.0,1
2026-09-27,DEL_MAA,1,Cleartrip,14679.5,122
2026-09-27,DEL_MAA,1,EaseMyTrip,13502.0,78
2026-09-27,DEL_MAA,1,Goibibo,10720.0,23
2026-09-27,DEL_MAA,1,IndiGo Direct,10633.0,53
2026-09-27,DEL_MAA,1,Ixigo,15444.0,131
2026-09-27,DEL_MAA,1,MakeMyTrip,10263.0,25
2026-09-27,DEL_MAA,1,Yatra,12182.0,61
2026-09-27,DEL_MAA,7,Air India Direct,13471.0,1
2026-09-27,DEL_MAA,7,Akasa Direct,20115.0,1
2026-09-27,DEL_MAA,7,Cleartrip,18083.0,157
2026-09-27,DEL_MAA,7,EaseMyTrip,15464.0,87
2026-09-27,DEL_MAA,7,Goibibo,13812.0,24
2026-09-27,DEL_MAA,7,IndiGo Direct,14576.0,61
2026-09-27,DEL_MAA,7,Ixigo,18171.0,156
2026-09-27,DEL_MAA,7,MakeMyTrip,13682.0,35
2026-09-27,DEL_MAA,7,Yatra,15464.0,95
2026-09-27,DEL_MAA,15,Air India Direct,10242.0,1
2026-09-27,DEL_MAA,15,Akasa Direct,10406.0,1
2026-09-27,DEL_MAA,15,Cleartrip,14037.5,170
2026-09-27,DEL_MAA,15,EaseMyTrip,10563.0,103
2026-09-27,DEL_MAA,15,Goibibo,10066.0,22
2026-09-27,DEL_MAA,15,IndiGo Direct,9999.0,54
2026-09-27,DEL_MAA,15,Ixigo,15310.0,166
2026-09-27,DEL_MAA,15,MakeMyTrip,10002.0,27
2026-09-27,DEL_MAA,15,Yatra,11749.0,101
2026-09-27,DEL_MAA,30,Air India Direct,10294.0,1
2026-09-27,DEL_MAA,30,Akasa Direct,10597.5,2
2026-09-27,DEL_MAA,30,Cleartrip,13763.0,127
2026-09-27,DEL_MAA,30,EaseMyTrip,10315.0,76
2026-09-27,DEL_MAA,30,Goibibo,10315.0,24
2026-09-27,DEL_MAA,30,IndiGo Direct,9999.0,54
2026-09-27,DEL_MAA,30,Ixigo,14395.0,125
2026-09-27,DEL_MAA,30,MakeMyTrip,10002.0,26
2026-09-27,DEL_MAA,30,Yatra,10315.0,66
2026-09-27,DEL_MAA,45,Air India Direct,13028.0,1
2026-09-27,DEL_MAA,45,Akasa Direct,24920.0,1
2026-09-27,DEL_MAA,45,Cleartrip,17528.0,136
2026-09-27,DEL_MAA,45,EaseMyTrip,13414.5,88
2026-09-27,DEL_MAA,45,Goibibo,13049.0,21
2026-09-27,DEL_MAA,45,IndiGo Direct,11749.0,57
2026-09-27,DEL_MAA,45,Ixigo,18779.0,112
2026-09-27,DEL_MAA,45,MakeMyTrip,13049.0,27
2026-09-27,DEL_MAA,45,Yatra,13114.0,74
2026-09-27,HYD_BLR,1,Air India Direct,7846.0,1
2026-09-27,HYD_BLR,1,Akasa Direct,16505.0,1
2026-09-27,HYD_BLR,1,Cleartrip,12714.0,101
2026-09-27,HYD_BLR,1,EaseMyTrip,9027.0,62
2026-09-27,HYD_BLR,1,Goibibo,8309.0,23
2026-09-27,HYD_BLR,1,IndiGo Direct,9114.0,83
2026-09-27,HYD_BLR,1,Ixigo,14768.0,111
2026-09-27,HYD_BLR,1,MakeMyTrip,8211.5,28
2026-09-27,HYD_BLR,1,Yatra,10223.0,72
2026-09-27,HYD_BLR,7,Air India Direct,9421.0,1
2026-09-27,HYD_BLR,7,Akasa Direct,22595.0,1
2026-09-27,HYD_BLR,7,Cleartrip,15935.5,100
2026-09-27,HYD_BLR,7,EaseMyTrip,12714.5,64
2026-09-27,HYD_BLR,7,Goibibo,11162.0,21
2026-09-27,HYD_BLR,7,IndiGo Direct,11258.5,86
2026-09-27,HYD_BLR,7,Ixigo,16943.5,96
2026-09-27,HYD_BLR,7,MakeMyTrip,9044.0,25
2026-09-27,HYD_BLR,7,Yatra,16172.0,91
2026-09-27,HYD_BLR,15,Air India Direct,5613.0,1
2026-09-27,HYD_BLR,15,Akasa Direct,18652.0,2
2026-09-27,HYD_BLR,15,Cleartrip,6506.0,89
2026-09-27,HYD_BLR,15,EaseMyTrip,6118.0,65
2026-09-27,HYD_BLR,15,Goibibo,5568.0,23
2026-09-27,HYD_BLR,15,IndiGo Direct,5987.0,70
2026-09-27,HYD_BLR,15,Ixigo,7895.0,73
2026-09-27,HYD_BLR,15,MakeMyTrip,5220.0,24
2026-09-27,HYD_BLR,15,Yatra,6929.0,79
2026-09-27,HYD_BLR,30,Air India Direct,5613.0,1
2026-09-27,HYD_BLR,30,Akasa Direct,17644.0,1
2026-09-27,HYD_BLR,30,Cleartrip,7072.0,87
2026-09-27,HYD_BLR,30,EaseMyTrip,5836.0,58
2026-09-27,HYD_BLR,30,Goibibo,5484.5,22
2026-09-27,HYD_BLR,30,IndiGo Direct,5898.0,60
2026-09-27,HYD_BLR,30,Ixigo,14775.5,114
2026-09-27,HYD_BLR,30,MakeMyTrip,5220.0,24
2026-09-27,HYD_BLR,30,Yatra,13079.0,88
2026-09-27,HYD_BLR,45,Air India Direct,6949.0,1
2026-09-27,HYD_BLR,45,Akasa Direct,21401.0,1
2026-09-27,HYD_BLR,45,Cleartrip,12107.0,76
2026-09-27,HYD_BLR,45,EaseMyTrip,7895.0,57
2026-09-27,HYD_BLR,45,Goibibo,6986.0,25
2026-09-27,HYD_BLR,45,IndiGo Direct,8152.0,79
2026-09-27,HYD_BLR,45,Ixigo,17132.0,96
2026-09-27,HYD_BLR,45,MakeMyTrip,6506.0,31
2026-09-27,HYD_BLR,45,Yatra,14026.5,72
2026-09-27,HYD_DEL,1,Air India Direct,8554.0,1
2026-09-27,HYD_DEL,1,Akasa Direct,9169.5,2
2026-09-27,HYD_DEL,1,Cleartrip,14083.5,128
2026-09-27,HYD_DEL,1,EaseMyTrip,9296.0,79
2026-09-27,HYD_DEL,1,Goibibo,8655.0,36
2026-09-27,HYD_DEL,1,Ixigo,8393.0,3
2026-09-27,HYD_DEL,1,MakeMyTrip,8584.0,40
2026-09-27,HYD_DEL,1,Yatra,10493.0,85
2026-09-27,HYD_DEL,7,Air India Direct,9309.0,1
2026-09-27,HYD_DEL,7,Akasa Direct,10402.0,2
2026-09-27,HYD_DEL,7,Cleartrip,15578.5,134
2026-09-27,HYD_DEL,7,EaseMyTrip,13025.0,91
2026-09-27,HYD_DEL,7,Goibibo,11547.0,40
2026-09-27,HYD_DEL,7,Ixigo,8868.0,3
2026-09-27,HYD_DEL,7,MakeMyTrip,11072.0,44
2026-09-27,HYD_DEL,7,Yatra,13024.0,83
2026-09-27,HYD_DEL,15,Air India Direct,8634.0,1
2026-09-27,HYD_DEL,15,Akasa Direct,9938.5,2
2026-09-27,HYD_DEL,15,Cleartrip,12041.0,135
2026-09-27,HYD_DEL,15,EaseMyTrip,9636.0,85
2026-09-27,HYD_DEL,15,Goibibo,9636.0,36
2026-09-27,HYD_DEL,15,Ixigo,11205.0,87
2026-09-27,HYD_DEL,15,MakeMyTrip,9083.0,42
2026-09-27,HYD_DEL,15,Yatra,10916.0,88
2026-09-27,HYD_DEL,30,Air India Direct,8687.0,1
2026-09-27,HYD_DEL,30,Akasa Direct,8726.5,2
2026-09-27,HYD_DEL,30,Cleartrip,11910.0,139
2026-09-27,HYD_DEL,30,EaseMyTrip,8992.0,85
2026-09-27,HYD_DEL,30,Goibibo,9069.5,32
2026-09-27,HYD_DEL,30,Ixigo,9965.5,88
2026-09-27,HYD_DEL,30,MakeMyTrip,8868.0,35
2026-09-27,HYD_DEL,30,Yatra,9086.5,76
2026-09-27,HYD_DEL,45,Air India Direct,8844.0,1
2026-09-27,HYD_DEL,45,Akasa Direct,8647.0,1
2026-09-27,HYD_DEL,45,Cleartrip,13746.0,141
2026-09-27,HYD_DEL,45,EaseMyTrip,9375.0,84
2026-09-27,HYD_DEL,45,Goibibo,9375.0,33
2026-09-27,HYD_DEL,45,Ixigo,12984.0,97
2026-09-27,HYD_DEL,45,MakeMyTrip,9375.0,39
2026-09-27,HYD_DEL,45,SpiceJet Direct,12031.0,1
2026-09-27,HYD_DEL,45,Yatra,9375.0,77
2026-09-27,MAA_BOM,1,Air India Direct,7832.0,1
2026-09-27,MAA_BOM,1,Akasa Direct,7436.0,1
2026-09-27,MAA_BOM,1,Cleartrip,12060.0,89
2026-09-27,MAA_BOM,1,EaseMyTrip,10558.0,53
2026-09-27,MAA_BOM,1,Goibibo,8805.0,26
2026-09-27,MAA_BOM,1,IndiGo Direct,11615.0,58
2026-09-27,MAA_BOM,1,Ixigo,16692.0,99
2026-09-27,MAA_BOM,1,MakeMyTrip,8407.0,29
2026-09-27,MAA_BOM,1,Yatra,11640.0,89
2026-09-27,MAA_BOM,7,Air India Direct,7779.0,1
2026-09-27,MAA_BOM,7,Akasa Direct,10592.0,1
2026-09-27,MAA_BOM,7,Cleartrip,14804.0,107
2026-09-27,MAA_BOM,7,EaseMyTrip,10817.0,49
2026-09-27,MAA_BOM,7,Goibibo,10232.0,27
2026-09-27,MAA_BOM,7,IndiGo Direct,10664.0,53
2026-09-27,MAA_BOM,7,Ixigo,15090.0,109
2026-09-27,MAA_BOM,7,MakeMyTrip,9410.5,30
2026-09-27,MAA_BOM,7,Yatra,14517.0,79
2026-09-27,MAA_BOM,15,Air India Direct,7832.0,1
2026-09-27,MAA_BOM,15,Akasa Direct,7061.0,1
2026-09-27,MAA_BOM,15,Cleartrip,9841.0,94
2026-09-27,MAA_BOM,15,EaseMyTrip,9211.0,55
2026-09-27,MAA_BOM,15,Goibibo,7853.0,24
2026-09-27,MAA_BOM,15,IndiGo Direct,9211.0,52
2026-09-27,MAA_BOM,15,Ixigo,11805.0,100
2026-09-27,MAA_BOM,15,MakeMyTrip,7540.0,28
2026-09-27,MAA_BOM,15,Yatra,9841.0,84
2026-09-27,MAA_BOM,30,Air India Direct,7832.0,1
2026-09-27,MAA_BOM,30,Akasa Direct,7566.0,1
2026-09-27,MAA_BOM,30,Cleartrip,9290.0,77
2026-09-27,MAA_BOM,30,EaseMyTrip,9080.0,38
2026-09-27,MAA_BOM,30,Goibibo,7540.0,20
2026-09-27,MAA_BOM,30,IndiGo Direct,9084.0,54
2026-09-27,MAA_BOM,30,Ixigo,12686.0,102
2026-09-27,MAA_BOM,30,MakeMyTrip,7540.0,22
2026-09-27,MAA_BOM,30,Yatra,10213.0,77
2026-09-27,MAA_BOM,45,Air India Direct,7989.0,1
2026-09-27,MAA_BOM,45,Cleartrip,10536.0,79
2026-09-27,MAA_BOM,45,EaseMyTrip,9211.0,38
2026-09-27,MAA_BOM,45,Goibibo,8865.0,20
2026-09-27,MAA_BOM,45,IndiGo Direct,9088.0,50
2026-09-27,MAA_BOM,45,Ixigo,13164.5,94
2026-09-27,MAA_BOM,45,MakeMyTrip,8139.5,22
2026-09-27,MAA_BOM,45,Yatra,12640.0,80
2026-09-27,MAA_DEL,1,Air India Direct,10442.0,1
2026-09-27,MAA_DEL,1,Akasa Direct,12423.0,1
2026-09-27,MAA_DEL,1,Cleartrip,13290.0,101
2026-09-27,MAA_DEL,1,EaseMyTrip,12363.0,70
2026-09-27,MAA_DEL,1,Goibibo,10463.0,22
2026-09-27,MAA_DEL,1,IndiGo Direct,11445.0,57
2026-09-27,MAA_DEL,1,Ixigo,14066.5,88
2026-09-27,MAA_DEL,1,MakeMyTrip,10463.0,27
2026-09-27,MAA_DEL,1,Yatra,10615.0,51
2026-09-27,MAA_DEL,7,Air India Direct,10442.0,1
2026-09-27,MAA_DEL,7,Akasa Direct,19362.0,1
2026-09-27,MAA_DEL,7,Cleartrip,15217.0,127
2026-09-27,MAA_DEL,7,EaseMyTrip,12780.5,76
2026-09-27,MAA_DEL,7,Goibibo,11623.0,24
2026-09-27,MAA_DEL,7,IndiGo Direct,11787.5,60
2026-09-27,MAA_DEL,7,Ixigo,16816.0,113
2026-09-27,MAA_DEL,7,MakeMyTrip,10745.0,29
2026-09-27,MAA_DEL,7,Yatra,13420.0,91
2026-09-27,MAA_DEL,15,Air India Direct,20218.0,1
2026-09-27,MAA_DEL,15,Akasa Direct,11187.0,1
2026-09-27,MAA_DEL,15,Cleartrip,11431.0,117
2026-09-27,MAA_DEL,15,EaseMyTrip,10463.0,77
2026-09-27,MAA_DEL,15,Goibibo,10150.0,20
2026-09-27,MAA_DEL,15,IndiGo Direct,9857.0,57
2026-09-27,MAA_DEL,15,Ixigo,12349.0,92
2026-09-27,MAA_DEL,15,MakeMyTrip,10150.0,25
2026-09-27,MAA_DEL,15,Yatra,10150.0,64
2026-09-27,MAA_DEL,30,Air India Direct,10442.0,1
2026-09-27,MAA_DEL,30,Akasa Direct,12864.0,1
2026-09-27,MAA_DEL,30,Cleartrip,12737.0,113
2026-09-27,MAA_DEL,30,EaseMyTrip,10463.0,75
2026-09-27,MAA_DEL,30,Goibibo,10463.0,23
2026-09-27,MAA_DEL,30,IndiGo Direct,9857.0,56
2026-09-27,MAA_DEL,30,Ixigo,13173.0,96
2026-09-27,MAA_DEL,30,MakeMyTrip,10463.0,28
2026-09-27,MAA_DEL,30,Yatra,10463.0,71
2026-09-27,MAA_DEL,45,Air India Direct,12620.0,1
2026-09-27,MAA_DEL,45,Cleartrip,12737.0,101
2026-09-27,MAA_DEL,45,EaseMyTrip,11105.0,68
2026-09-27,MAA_DEL,45,Goibibo,11364.0,20
2026-09-27,MAA_DEL,45,IndiGo Direct,9988.0,56
2026-09-27,MAA_DEL,45,Ixigo,13319.5,90
2026-09-27,MAA_DEL,45,MakeMyTrip,11105.0,25
2026-09-27,MAA_DEL,45,Yatra,11623.0,69
2026-09-28,AMD_DEL,1,Air India Direct,6324.0,1
2026-09-28,AMD_DEL,1,Akasa Direct,12337.0,2
2026-09-28,AMD_DEL,1,EaseMyTrip,7577.5,26
2026-09-28,AMD_DEL,1,Goibibo,7100.0,23
2026-09-28,AMD_DEL,1,Ixigo,16589.5,58
2026-09-28,AMD_DEL,1,MakeMyTrip,7092.0,29
2026-09-28,AMD_DEL,1,Yatra,14660.0,53
2026-09-28,AMD_DEL,7,Air India Direct,6324.0,1
2026-09-28,AMD_DEL,7,Akasa Direct,10116.0,5
2026-09-28,AMD_DEL,7,EaseMyTrip,6776.5,28
2026-09-28,AMD_DEL,7,Goibibo,6470.0,21
2026-09-28,AMD_DEL,7,Ixigo,11201.0,57
2026-09-28,AMD_DEL,7,MakeMyTrip,6351.0,25
2026-09-28,AMD_DEL,7,Yatra,10797.5,50
2026-09-28,AMD_DEL,15,Air India Direct,6382.0,1
2026-09-28,AMD_DEL,15,Akasa Direct,11387.0,4
2026-09-28,AMD_DEL,15,EaseMyTrip,6678.0,29
2026-09-28,AMD_DEL,15,Goibibo,6351.0,19
2026-09-28,AMD_DEL,15,Ixigo,12512.0,50
2026-09-28,AMD_DEL,15,MakeMyTrip,6290.0,21
2026-09-28,AMD_DEL,15,Yatra,7098.0,39
2026-09-28,AMD_DEL,30,Air India Direct,6435.0,1
2026-09-28,AMD_DEL,30,Akasa Direct,14271.0,4
2026-09-28,AMD_DEL,30,EaseMyTrip,6351.0,24
2026-09-28,AMD_DEL,30,Goibibo,6351.0,18
2026-09-28,AMD_DEL,30,Ixigo,13411.0,55
2026-09-28,AMD_DEL,30,MakeMyTrip,6290.0,20
2026-09-28,AMD_DEL,30,Yatra,12891.0,53
2026-09-28,AMD_DEL,45,Air India Direct,6540.0,1
2026-09-28,AMD_DEL,45,EaseMyTrip,8726.0,31
2026-09-28,AMD_DEL,45,Goibibo,8674.0,25
2026-09-28,AMD_DEL,45,Ixigo,16777.0,63
2026-09-28,AMD_DEL,45,MakeMyTrip,8096.0,29
2026-09-28,AMD_DEL,45,SpiceJet Direct,7076.0,2
2026-09-28,AMD_DEL,45,Yatra,16537.0,60
2026-09-28,BLR_BOM,1,Air India Direct,4928.0,1
2026-09-28,BLR_BOM,1,Akasa Direct,5874.0,8
2026-09-28,BLR_BOM,1,Cleartrip,11297.0,108
2026-09-28,BLR_BOM,1,EaseMyTrip,7649.0,80
2026-09-28,BLR_BOM,1,Goibibo,7439.0,45
2026-09-28,BLR_BOM,1,Ixigo,12477.0,121
2026-09-28,BLR_BOM,1,MakeMyTrip,6982.0,50
2026-09-28,BLR_BOM,1,Yatra,7819.0,95
2026-09-28,BLR_BOM,7,Air India Direct,6841.0,1
2026-09-28,BLR_BOM,7,Akasa Direct,8913.0,4
2026-09-28,BLR_BOM,7,Cleartrip,11127.0,125
2026-09-28,BLR_BOM,7,EaseMyTrip,9502.0,83
2026-09-28,BLR_BOM,7,Goibibo,7546.0,42
2026-09-28,BLR_BOM,7,Ixigo,13096.0,115
2026-09-28,BLR_BOM,7,MakeMyTrip,7362.0,44
2026-09-28,BLR_BOM,7,Yatra,10927.5,96
2026-09-28,BLR_BOM,15,Air India Direct,5363.0,1
2026-09-28,BLR_BOM,15,Akasa Direct,5562.5,6
2026-09-28,BLR_BOM,15,Cleartrip,9217.0,138
2026-09-28,BLR_BOM,15,EaseMyTrip,7630.5,84
2026-09-28,BLR_BOM,15,Goibibo,6982.0,47
2026-09-28,BLR_BOM,15,Ixigo,11127.0,132
2026-09-28,BLR_BOM,15,MakeMyTrip,6982.0,48
2026-09-28,BLR_BOM,15,Yatra,7649.0,91
2026-09-28,BLR_BOM,30,Air India Direct,8004.0,1
2026-09-28,BLR_BOM,30,Akasa Direct,7583.0,7
2026-09-28,BLR_BOM,30,Cleartrip,9400.0,151
2026-09-28,BLR_BOM,30,EaseMyTrip,8032.0,94
2026-09-28,BLR_BOM,30,Goibibo,8031.5,48
2026-09-28,BLR_BOM,30,Ixigo,8866.0,127
2026-09-28,BLR_BOM,30,MakeMyTrip,7907.5,50
2026-09-28,BLR_BOM,30,Yatra,8051.0,101
2026-09-28,BLR_BOM,45,Air India Direct,8751.0,1
2026-09-28,BLR_BOM,45,Akasa Direct,5761.0,1
2026-09-28,BLR_BOM,45,Cleartrip,11250.5,152
2026-09-28,BLR_BOM,45,EaseMyTrip,8954.0,92
2026-09-28,BLR_BOM,45,Goibibo,8197.0,31
2026-09-28,BLR_BOM,45,Ixigo,10674.0,120
2026-09-28,BLR_BOM,45,MakeMyTrip,8452.0,50
2026-09-28,BLR_BOM,45,Yatra,8954.0,96
2026-09-28,BLR_DEL,1,Air India Direct,8656.0,1
2026-09-28,BLR_DEL,1,Akasa Direct,10351.0,7
2026-09-28,BLR_DEL,1,Cleartrip,12989.0,147
2026-09-28,BLR_DEL,1,EaseMyTrip,10039.0,112
2026-09-28,BLR_DEL,1,Goibibo,8677.0,38
2026-09-28,BLR_DEL,1,Ixigo,13570.0,154
2026-09-28,BLR_DEL,1,MakeMyTrip,8677.0,48
2026-09-28,BLR_DEL,1,Yatra,9908.0,84
2026-09-28,BLR_DEL,7,Air India Direct,8656.0,1
2026-09-28,BLR_DEL,7,Akasa Direct,8364.0,6
2026-09-28,BLR_DEL,7,Cleartrip,13076.0,161
2026-09-28,BLR_DEL,7,EaseMyTrip,8854.0,116
2026-09-28,BLR_DEL,7,Goibibo,8677.0,57
2026-09-28,BLR_DEL,7,Ixigo,14382.5,156
2026-09-28,BLR_DEL,7,MakeMyTrip,8380.0,61
2026-09-28,BLR_DEL,7,Yatra,8677.0,88
2026-09-28,BLR_DEL,15,Air India Direct,9896.0,1
2026-09-28,BLR_DEL,15,Akasa Direct,8791.0,5
2026-09-28,BLR_DEL,15,EaseMyTrip,10118.0,121
2026-09-28,BLR_DEL,15,Goibibo,9470.0,53
2026-09-28,BLR_DEL,15,Ixigo,11548.0,142
2026-09-28,BLR_DEL,15,MakeMyTrip,9306.0,57
2026-09-28,BLR_DEL,15,Yatra,10118.0,97
2026-09-28,BLR_DEL,30,Air India Direct,10522.0,1
2026-09-28,BLR_DEL,30,Akasa Direct,10351.0,7
2026-09-28,BLR_DEL,30,EaseMyTrip,10552.0,122
2026-09-28,BLR_DEL,30,Goibibo,10244.0,49
2026-09-28,BLR_DEL,30,Ixigo,12754.0,151
2026-09-28,BLR_DEL,30,MakeMyTrip,10220.0,55
2026-09-28,BLR_DEL,30,Yatra,10552.0,97
2026-09-28,BLR_DEL,45,Air India Direct,10054.0,1
2026-09-28,BLR_DEL,45,Akasa Direct,10351.0,1
2026-09-28,BLR_DEL,45,EaseMyTrip,10314.5,124
2026-09-28,BLR_DEL,45,Goibibo,9906.0,50
2026-09-28,BLR_DEL,45,Ixigo,13850.0,139
2026-09-28,BLR_DEL,45,MakeMyTrip,9605.0,57
2026-09-28,BLR_DEL,45,SpiceJet Direct,12213.5,4
2026-09-28,BLR_DEL,45,Yatra,10118.0,101
2026-09-28,BLR_HYD,1,Air India Direct,9279.0,1
2026-09-28,BLR_HYD,1,Akasa Direct,17882.0,3
2026-09-28,BLR_HYD,1,EaseMyTrip,12798.5,72
2026-09-28,BLR_HYD,1,Goibibo,13583.0,18
2026-09-28,BLR_HYD,1,Ixigo,14910.5,88
2026-09-28,BLR_HYD,1,MakeMyTrip,12573.0,22
2026-09-28,BLR_HYD,1,Yatra,12940.5,78
2026-09-28,BLR_HYD,7,Air India Direct,8561.0,1
2026-09-28,BLR_HYD,7,Akasa Direct,16218.0,5
2026-09-28,BLR_HYD,7,EaseMyTrip,13515.0,76
2026-09-28,BLR_HYD,7,Goibibo,9756.0,26
2026-09-28,BLR_HYD,7,Ixigo,14274.0,97
2026-09-28,BLR_HYD,7,MakeMyTrip,8885.0,33
2026-09-28,BLR_HYD,7,Yatra,13735.0,87
2026-09-28,BLR_HYD,15,Air India Direct,8965.0,1
2026-09-28,BLR_HYD,15,Akasa Direct,16663.0,4
2026-09-28,BLR_HYD,15,EaseMyTrip,9674.0,73
2026-09-28,BLR_HYD,15,Goibibo,8885.0,20
2026-09-28,BLR_HYD,15,Ixigo,14112.0,107
2026-09-28,BLR_HYD,15,MakeMyTrip,7935.0,25
2026-09-28,BLR_HYD,15,Yatra,11113.5,82
2026-09-28,BLR_HYD,30,Air India Direct,6306.0,1
2026-09-28,BLR_HYD,30,Akasa Direct,19068.5,4
2026-09-28,BLR_HYD,30,EaseMyTrip,6396.0,73
2026-09-28,BLR_HYD,30,Goibibo,6396.0,24
2026-09-28,BLR_HYD,30,Ixigo,14641.0,98
2026-09-28,BLR_HYD,30,MakeMyTrip,5913.0,28
2026-09-28,BLR_HYD,30,Yatra,10230.0,89
2026-09-28,BLR_HYD,45,Air India Direct,6789.0,1
2026-09-28,BLR_HYD,45,EaseMyTrip,6969.0,67
2026-09-28,BLR_HYD,45,Goibibo,5047.0,18
2026-09-28,BLR_HYD,45,Ixigo,15734.0,91
2026-09-28,BLR_HYD,45,MakeMyTrip,4996.0,22
2026-09-28,BLR_HYD,45,Yatra,14915.0,87
2026-09-28,BOM_BLR,1,Air India Direct,5292.0,1
2026-09-28,BOM_BLR,1,Akasa Direct,6914.0,7
2026-09-28,BOM_BLR,1,EaseMyTrip,7638.0,82
2026-09-28,BOM_BLR,1,Goibibo,7322.0,45
2026-09-28,BOM_BLR,1,Ixigo,12385.0,123
2026-09-28,BOM_BLR,1,MakeMyTrip,7243.0,50
2026-09-28,BOM_BLR,1,Yatra,7715.0,83
2026-09-28,BOM_BLR,7,Air India Direct,7353.0,1
2026-09-28,BOM_BLR,7,Akasa Direct,8501.5,4
2026-09-28,BOM_BLR,7,Cleartrip,11779.0,128
2026-09-28,BOM_BLR,7,EaseMyTrip,8796.5,80
2026-09-28,BOM_BLR,7,Goibibo,8025.0,43
2026-09-28,BOM_BLR,7,Ixigo,14190.0,123
2026-09-28,BOM_BLR,7,MakeMyTrip,7930.5,42
2026-09-28,BOM_BLR,7,Yatra,10461.0,98
2026-09-28,BOM_BLR,15,Air India Direct,5238.0,1
2026-09-28,BOM_BLR,15,Akasa Direct,5050.0,6
2026-09-28,BOM_BLR,15,Cleartrip,7715.0,124
2026-09-28,BOM_BLR,15,EaseMyTrip,7584.0,83
2026-09-28,BOM_BLR,15,Goibibo,7062.0,46
2026-09-28,BOM_BLR,15,Ixigo,7958.5,114
2026-09-28,BOM_BLR,15,MakeMyTrip,7062.0,49
2026-09-28,BOM_BLR,15,Yatra,7584.0,86
2026-09-28,BOM_BLR,30,Air India Direct,7149.0,1
2026-09-28,BOM_BLR,30,Akasa Direct,5731.0,8
2026-09-28,BOM_BLR,30,Cleartrip,10103.5,156
2026-09-28,BOM_BLR,30,EaseMyTrip,7856.0,92
2026-09-28,BOM_BLR,30,Goibibo,7692.0,54
2026-09-28,BOM_BLR,30,Ixigo,10691.0,131
2026-09-28,BOM_BLR,30,MakeMyTrip,7692.0,61
2026-09-28,BOM_BLR,30,SpiceJet Direct,5190.0,3
2026-09-28,BOM_BLR,30,Yatra,7715.0,87
2026-09-28,BOM_BLR,45,Air India Direct,9272.0,1
2026-09-28,BOM_BLR,45,Akasa Direct,6779.0,4
2026-09-28,BOM_BLR,45,Cleartrip,13275.0,153
2026-09-28,BOM_BLR,45,EaseMyTrip,10744.0,90
2026-09-28,BOM_BLR,45,Goibibo,9588.0,57
2026-09-28,BOM_BLR,45,Ixigo,13856.5,132
2026-09-28,BOM_BLR,45,MakeMyTrip,9585.0,60
2026-09-28,BOM_BLR,45,SpiceJet Direct,6261.0,3
2026-09-28,BOM_BLR,45,Yatra,10744.0,96
2026-09-28,BOM_DEL,1,Air India Direct,6741.0,1
2026-09-28,BOM_DEL,1,Akasa Direct,6523.0,9
2026-09-28,BOM_DEL,1,Cleartrip,12117.0,162
2026-09-28,BOM_DEL,1,EaseMyTrip,7033.0,122
2026-09-28,BOM_DEL,1,Goibibo,6989.0,76
2026-09-28,BOM_DEL,1,Ixigo,12635.0,125
2026-09-28,BOM_DEL,1,MakeMyTrip,6762.0,80
2026-09-28,BOM_DEL,1,Yatra,6875.0,94
2026-09-28,BOM_DEL,7,Air India Direct,6741.0,1
2026-09-28,BOM_DEL,7,Akasa Direct,6523.0,6
2026-09-28,BOM_DEL,7,Cleartrip,9701.0,152
2026-09-28,BOM_DEL,7,EaseMyTrip,7528.0,118
2026-09-28,BOM_DEL,7,Goibibo,6875.0,77
2026-09-28,BOM_DEL,7,Ixigo,9765.0,141
2026-09-28,BOM_DEL,7,MakeMyTrip,6782.0,79
2026-09-28,BOM_DEL,7,SpiceJet Direct,6983.0,2
2026-09-28,BOM_DEL,7,Yatra,7243.0,101
2026-09-28,BOM_DEL,15,Air India Direct,6854.0,1
2026-09-28,BOM_DEL,15,Akasa Direct,6523.0,8
2026-09-28,BOM_DEL,15,Cleartrip,7243.0,168
2026-09-28,BOM_DEL,15,EaseMyTrip,6786.0,83
2026-09-28,BOM_DEL,15,Goibibo,6875.0,74
2026-09-28,BOM_DEL,15,Ixigo,7243.0,149
2026-09-28,BOM_DEL,15,MakeMyTrip,6562.0,79
2026-09-28,BOM_DEL,15,SpiceJet Direct,6472.0,2
2026-09-28,BOM_DEL,15,Yatra,6875.0,100
2026-09-28,BOM_DEL,30,Air India Direct,6917.0,1
2026-09-28,BOM_DEL,30,Akasa Direct,7009.0,8
2026-09-28,BOM_DEL,30,Cleartrip,9194.5,176
2026-09-28,BOM_DEL,30,EaseMyTrip,7548.0,128
2026-09-28,BOM_DEL,30,Goibibo,7326.5,72
2026-09-28,BOM_DEL,30,Ixigo,9381.0,161
2026-09-28,BOM_DEL,30,MakeMyTrip,7051.0,82
2026-09-28,BOM_DEL,30,SpiceJet Direct,6472.0,3
2026-09-28,BOM_DEL,30,Yatra,7501.0,103
2026-09-28,BOM_DEL,45,Air India Direct,8143.0,1
2026-09-28,BOM_DEL,45,Akasa Direct,6523.0,2
2026-09-28,BOM_DEL,45,Cleartrip,11000.0,183
2026-09-28,BOM_DEL,45,EaseMyTrip,9302.5,102
2026-09-28,BOM_DEL,45,Goibibo,7449.5,28
2026-09-28,BOM_DEL,45,Ixigo,10676.5,156
2026-09-28,BOM_DEL,45,MakeMyTrip,7912.0,87
2026-09-28,BOM_DEL,45,Yatra,8704.0,101
2026-09-28,BOM_GOI,1,Air India Direct,5244.0,1
2026-09-28,BOM_GOI,1,Cleartrip,13813.0,47
2026-09-28,BOM_GOI,1,EaseMyTrip,11932.0,44
2026-09-28,BOM_GOI,1,Goibibo,6255.0,21
2026-09-28,BOM_GOI,1,Ixigo,12453.0,43
2026-09-28,BOM_GOI,1,MakeMyTrip,6157.5,20
2026-09-28,BOM_GOI,1,Yatra,14498.0,59
2026-09-28,BOM_GOI,7,Air India Direct,4413.0,1
2026-09-28,BOM_GOI,7,Cleartrip,13943.0,60
2026-09-28,BOM_GOI,7,EaseMyTrip,5687.0,43
2026-09-28,BOM_GOI,7,Goibibo,4286.0,30
2026-09-28,BOM_GOI,7,Ixigo,4224.0,7
2026-09-28,BOM_GOI,7,MakeMyTrip,4119.0,25
2026-09-28,BOM_GOI,7,Yatra,11957.0,54
2026-09-28,BOM_GOI,15,Air India Direct,4413.0,1
2026-09-28,BOM_GOI,15,Cleartrip,13735.0,74
2026-09-28,BOM_GOI,15,EaseMyTrip,7477.0,45
2026-09-28,BOM_GOI,15,Goibibo,4019.0,24
2026-09-28,BOM_GOI,15,Ixigo,4068.0,1
2026-09-28,BOM_GOI,15,MakeMyTrip,3699.0,18
2026-09-28,BOM_GOI,15,Yatra,10766.0,69
2026-09-28,BOM_GOI,30,Air India Direct,4413.0,1
2026-09-28,BOM_GOI,30,Cleartrip,13200.0,73
2026-09-28,BOM_GOI,30,EaseMyTrip,7477.0,47
2026-09-28,BOM_GOI,30,Goibibo,4113.0,25
2026-09-28,BOM_GOI,30,Ixigo,12575.0,69
2026-09-28,BOM_GOI,30,MakeMyTrip,4068.0,20
2026-09-28,BOM_GOI,30,Yatra,12448.0,74
2026-09-28,BOM_GOI,45,Air India Direct,6204.0,1
2026-09-28,BOM_GOI,45,Cleartrip,14612.0,66
2026-09-28,BOM_GOI,45,EaseMyTrip,7937.0,46
2026-09-28,BOM_GOI,45,Goibibo,6500.5,30
2026-09-28,BOM_GOI,45,Ixigo,14612.0,63
2026-09-28,BOM_GOI,45,MakeMyTrip,5562.0,24
2026-09-28,BOM_GOI,45,SpiceJet Direct,4360.0,2
2026-09-28,BOM_GOI,45,Yatra,13630.5,54
2026-09-28,BOM_MAA,1,Air India Direct,6943.0,1
2026-09-28,BOM_MAA,1,Cleartrip,8946.0,63
2026-09-28,BOM_MAA,1,EaseMyTrip,8302.0,53
2026-09-28,BOM_MAA,1,Goibibo,7221.0,22
2026-09-28,BOM_MAA,1,Ixigo,11623.0,79
2026-09-28,BOM_MAA,1,MakeMyTrip,6807.5,24
2026-09-28,BOM_MAA,1,Yatra,10241.0,67
2026-09-28,BOM_MAA,7,Air India Direct,6943.0,1
2026-09-28,BOM_MAA,7,Akasa Direct,8811.0,1
2026-09-28,BOM_MAA,7,EaseMyTrip,9660.0,55
2026-09-28,BOM_MAA,7,Goibibo,7510.0,44
2026-09-28,BOM_MAA,7,Ixigo,12905.5,88
2026-09-28,BOM_MAA,7,MakeMyTrip,7510.0,55
2026-09-28,BOM_MAA,7,Yatra,12071.5,84
2026-09-28,BOM_MAA,15,Air India Direct,6943.0,1
2026-09-28,BOM_MAA,15,Akasa Direct,6575.0,1
2026-09-28,BOM_MAA,15,EaseMyTrip,8302.0,66
2026-09-28,BOM_MAA,15,Goibibo,6651.0,27
2026-09-28,BOM_MAA,15,Ixigo,11440.0,78
2026-09-28,BOM_MAA,15,MakeMyTrip,6651.0,24
2026-09-28,BOM_MAA,15,Yatra,8302.0,65
2026-09-28,BOM_MAA,30,Air India Direct,6943.0,1
2026-09-28,BOM_MAA,30,Akasa Direct,6575.0,1
2026-09-28,BOM_MAA,30,EaseMyTrip,8302.0,52
2026-09-28,BOM_MAA,30,Goibibo,6651.0,21
2026-09-28,BOM_MAA,30,Ixigo,11679.5,82
2026-09-28,BOM_MAA,30,MakeMyTrip,6651.0,21
2026-09-28,BOM_MAA,30,Yatra,8443.5,60
2026-09-28,BOM_MAA,45,Air India Direct,7514.0,1
2026-09-28,BOM_MAA,45,EaseMyTrip,12627.0,65
2026-09-28,BOM_MAA,45,Goibibo,8591.5,24
2026-09-28,BOM_MAA,45,Ixigo,14000.0,74
2026-09-28,BOM_MAA,45,MakeMyTrip,8381.0,28
2026-09-28,BOM_MAA,45,Yatra,11341.0,59
2026-09-28,CCU_DEL,1,Air India Direct,9107.0,1
2026-09-28,CCU_DEL,1,Akasa Direct,9076.0,3
2026-09-28,CCU_DEL,1,Cleartrip,9562.0,94
2026-09-28,CCU_DEL,1,EaseMyTrip,9112.0,60
2026-09-28,CCU_DEL,1,Goibibo,8849.0,29
2026-09-28,CCU_DEL,1,Ixigo,13649.0,80
2026-09-28,CCU_DEL,1,MakeMyTrip,8849.0,34
2026-09-28,CCU_DEL,1,Yatra,9331.5,78
2026-09-28,CCU_DEL,7,Air India Direct,9107.0,1
2026-09-28,CCU_DEL,7,Akasa Direct,8042.0,3
2026-09-28,CCU_DEL,7,Cleartrip,9427.0,95
2026-09-28,CCU_DEL,7,EaseMyTrip,9128.0,73
2026-09-28,CCU_DEL,7,Goibibo,9128.0,29
2026-09-28,CCU_DEL,7,Ixigo,9554.0,84
2026-09-28,CCU_DEL,7,MakeMyTrip,8849.0,34
2026-09-28,CCU_DEL,7,SpiceJet Direct,8085.0,1
2026-09-28,CCU_DEL,7,Yatra,9554.0,83
2026-09-28,CCU_DEL,15,Air India Direct,9141.0,1
2026-09-28,CCU_DEL,15,Akasa Direct,8042.0,3
2026-09-28,CCU_DEL,15,Cleartrip,9589.0,101
2026-09-28,CCU_DEL,15,EaseMyTrip,9162.0,78
2026-09-28,CCU_DEL,15,Goibibo,9112.0,32
2026-09-28,CCU_DEL,15,Ixigo,9805.5,84
2026-09-28,CCU_DEL,15,MakeMyTrip,8849.0,35
2026-09-28,CCU_DEL,15,SpiceJet Direct,7981.0,2
2026-09-28,CCU_DEL,15,Yatra,9676.5,86
2026-09-28,CCU_DEL,30,Air India Direct,10878.0,1
2026-09-28,CCU_DEL,30,Akasa Direct,10267.0,3
2026-09-28,CCU_DEL,30,Cleartrip,11365.0,101
2026-09-28,CCU_DEL,30,EaseMyTrip,10792.0,77
2026-09-28,CCU_DEL,30,Goibibo,10792.0,31
2026-09-28,CCU_DEL,30,Ixigo,15994.0,109
2026-09-28,CCU_DEL,30,MakeMyTrip,10442.0,35
2026-09-28,CCU_DEL,30,Yatra,11359.0,83
2026-09-28,CCU_DEL,45,Air India Direct,14112.0,1
2026-09-28,CCU_DEL,45,Akasa Direct,8921.0,1
2026-09-28,CCU_DEL,45,Cleartrip,14099.5,106
2026-09-28,CCU_DEL,45,EaseMyTrip,13522.0,79
2026-09-28,CCU_DEL,45,Goibibo,13522.0,31
2026-09-28,CCU_DEL,45,Ixigo,14223.0,81
2026-09-28,CCU_DEL,45,MakeMyTrip,13522.0,33
2026-09-28,CCU_DEL,45,Yatra,14133.0,85
2026-09-28,DEL_AMD,1,Air India Direct,6350.0,1
2026-09-28,DEL_AMD,1,Akasa Direct,13103.0,8
2026-09-28,DEL_AMD,1,EaseMyTrip,9366.0,27
2026-09-28,DEL_AMD,1,Goibibo,9626.0,25
2026-09-28,DEL_AMD,1,Ixigo,17858.0,71
2026-09-28,DEL_AMD,1,MakeMyTrip,9206.0,28
2026-09-28,DEL_AMD,1,Yatra,13247.5,70
2026-09-28,DEL_AMD,7,Air India Direct,5882.0,1
2026-09-28,DEL_AMD,7,Akasa Direct,14590.0,7
2026-09-28,DEL_AMD,7,EaseMyTrip,9076.0,40
2026-09-28,DEL_AMD,7,Goibibo,7526.0,25
2026-09-28,DEL_AMD,7,Ixigo,14308.0,71
2026-09-28,DEL_AMD,7,MakeMyTrip,7106.0,26
2026-09-28,DEL_AMD,7,Yatra,13694.0,73
2026-09-28,DEL_AMD,15,Air India Direct,5882.0,1
2026-09-28,DEL_AMD,15,Akasa Direct,16554.0,7
2026-09-28,DEL_AMD,15,EaseMyTrip,11445.0,46
2026-09-28,DEL_AMD,15,Goibibo,5851.0,19
2026-09-28,DEL_AMD,15,Ixigo,13552.0,71
2026-09-28,DEL_AMD,15,MakeMyTrip,5790.0,22
2026-09-28,DEL_AMD,15,Yatra,13552.0,91
2026-09-28,DEL_AMD,30,Air India Direct,5935.0,1
2026-09-28,DEL_AMD,30,Akasa Direct,13195.0,7
2026-09-28,DEL_AMD,30,EaseMyTrip,12789.0,45
2026-09-28,DEL_AMD,30,Goibibo,5790.0,15
2026-09-28,DEL_AMD,30,Ixigo,12890.0,67
2026-09-28,DEL_AMD,30,MakeMyTrip,5790.0,18
2026-09-28,DEL_AMD,30,Yatra,12890.0,80
2026-09-28,DEL_AMD,45,Air India Direct,6455.0,1
2026-09-28,DEL_AMD,45,Akasa Direct,16796.5,2
2026-09-28,DEL_AMD,45,EaseMyTrip,16040.5,60
2026-09-28,DEL_AMD,45,Goibibo,6716.0,22
2026-09-28,DEL_AMD,45,Ixigo,18206.0,75
2026-09-28,DEL_AMD,45,MakeMyTrip,6486.5,24
2026-09-28,DEL_AMD,45,Yatra,18354.0,92
2026-09-28,DEL_BLR,1,Air India Direct,9121.0,1
2026-09-28,DEL_BLR,1,Akasa Direct,8829.0,5
2026-09-28,DEL_BLR,1,Cleartrip,13405.5,170
2026-09-28,DEL_BLR,1,EaseMyTrip,10156.0,118
2026-09-28,DEL_BLR,1,Goibibo,9770.5,50
2026-09-28,DEL_BLR,1,Ixigo,14957.0,168
2026-09-28,DEL_BLR,1,MakeMyTrip,9391.5,52
2026-09-28,DEL_BLR,1,Yatra,10156.0,102
2026-09-28,DEL_BLR,7,Air India Direct,9223.0,1
2026-09-28,DEL_BLR,7,Akasa Direct,9078.5,6
2026-09-28,DEL_BLR,7,Cleartrip,13731.0,170
2026-09-28,DEL_BLR,7,EaseMyTrip,10457.0,133
2026-09-28,DEL_BLR,7,Goibibo,9771.0,52
2026-09-28,DEL_BLR,7,Ixigo,14303.0,158
2026-09-28,DEL_BLR,7,MakeMyTrip,9029.0,23
2026-09-28,DEL_BLR,7,Yatra,10084.0,107
2026-09-28,DEL_BLR,15,Air India Direct,10235.0,1
2026-09-28,DEL_BLR,15,Akasa Direct,8829.0,5
2026-09-28,DEL_BLR,15,Cleartrip,10314.0,185
2026-09-28,DEL_BLR,15,EaseMyTrip,10077.0,133
2026-09-28,DEL_BLR,15,Goibibo,8829.0,48
2026-09-28,DEL_BLR,15,Ixigo,10818.0,163
2026-09-28,DEL_BLR,15,MakeMyTrip,8829.0,53
2026-09-28,DEL_BLR,15,Yatra,10077.0,104
2026-09-28,DEL_BLR,30,Air India Direct,10235.0,1
2026-09-28,DEL_BLR,30,Akasa Direct,9501.0,7
2026-09-28,DEL_BLR,30,Cleartrip,13313.0,194
2026-09-28,DEL_BLR,30,EaseMyTrip,10256.0,130
2026-09-28,DEL_BLR,30,Goibibo,9936.0,50
2026-09-28,DEL_BLR,30,Ixigo,13543.0,156
2026-09-28,DEL_BLR,30,MakeMyTrip,9936.0,63
2026-09-28,DEL_BLR,30,Yatra,10156.0,105
2026-09-28,DEL_BLR,45,Air India Direct,12862.0,1
2026-09-28,DEL_BLR,45,Akasa Direct,8829.0,5
2026-09-28,DEL_BLR,45,Cleartrip,16859.5,200
2026-09-28,DEL_BLR,45,EaseMyTrip,13818.0,131
2026-09-28,DEL_BLR,45,Goibibo,12830.0,55
2026-09-28,DEL_BLR,45,Ixigo,16462.0,175
2026-09-28,DEL_BLR,45,MakeMyTrip,12388.5,58
2026-09-28,DEL_BLR,45,SpiceJet Direct,12799.0,4
2026-09-28,DEL_BLR,45,Yatra,13052.5,98
2026-09-28,DEL_BOM,1,Air India Direct,6822.0,1
2026-09-28,DEL_BOM,1,Akasa Direct,6530.0,10
2026-09-28,DEL_BOM,1,Cleartrip,12525.0,164
2026-09-28,DEL_BOM,1,EaseMyTrip,7373.5,116
2026-09-28,DEL_BOM,1,Goibibo,7494.0,70
2026-09-28,DEL_BOM,1,Ixigo,11019.0,164
2026-09-28,DEL_BOM,1,MakeMyTrip,7001.0,83
2026-09-28,DEL_BOM,1,Yatra,7160.0,103
2026-09-28,DEL_BOM,7,Air India Direct,6922.0,1
2026-09-28,DEL_BOM,7,Akasa Direct,7597.0,6
2026-09-28,DEL_BOM,7,Cleartrip,10468.0,164
2026-09-28,DEL_BOM,7,EaseMyTrip,8330.0,91
2026-09-28,DEL_BOM,7,Goibibo,7790.0,75
2026-09-28,DEL_BOM,7,Ixigo,13429.0,161
2026-09-28,DEL_BOM,7,MakeMyTrip,7475.0,80
2026-09-28,DEL_BOM,7,SpiceJet Direct,6551.0,2
2026-09-28,DEL_BOM,7,Yatra,8103.0,103
2026-09-28,DEL_BOM,15,Air India Direct,13187.0,1
2026-09-28,DEL_BOM,15,Akasa Direct,6530.0,7
2026-09-28,DEL_BOM,15,Cleartrip,7001.0,171
2026-09-28,DEL_BOM,15,EaseMyTrip,6870.5,98
2026-09-28,DEL_BOM,15,Goibibo,6739.0,71
2026-09-28,DEL_BOM,15,Ixigo,7589.5,162
2026-09-28,DEL_BOM,15,MakeMyTrip,6618.0,75
2026-09-28,DEL_BOM,15,SpiceJet Direct,6447.0,2
2026-09-28,DEL_BOM,15,Yatra,6843.0,101
2026-09-28,DEL_BOM,30,Air India Direct,6922.0,1
2026-09-28,DEL_BOM,30,Akasa Direct,6851.0,7
2026-09-28,DEL_BOM,30,Cleartrip,7880.5,180
2026-09-28,DEL_BOM,30,EaseMyTrip,7332.0,120
2026-09-28,DEL_BOM,30,Goibibo,7019.0,75
2026-09-28,DEL_BOM,30,Ixigo,8330.0,161
2026-09-28,DEL_BOM,30,MakeMyTrip,7019.0,84
2026-09-28,DEL_BOM,30,SpiceJet Direct,6551.0,3
2026-09-28,DEL_BOM,30,Yatra,7330.0,95
2026-09-28,DEL_BOM,45,Air India Direct,8233.0,1
2026-09-28,DEL_BOM,45,Akasa Direct,7366.0,3
2026-09-28,DEL_BOM,45,Cleartrip,11919.5,180
2026-09-28,DEL_BOM,45,EaseMyTrip,10155.5,86
2026-09-28,DEL_BOM,45,Goibibo,9665.0,83
2026-09-28,DEL_BOM,45,Ixigo,13258.0,131
2026-09-28,DEL_BOM,45,MakeMyTrip,9665.0,92
2026-09-28,DEL_BOM,45,SpiceJet Direct,8387.0,7
2026-09-28,DEL_BOM,45,Yatra,10289.0,100
2026-09-28,DEL_CCU,1,Air India Direct,9121.0,1
2026-09-28,DEL_CCU,1,Akasa Direct,8362.0,3
2026-09-28,DEL_CCU,1,Cleartrip,11632.0,101
2026-09-28,DEL_CCU,1,EaseMyTrip,8922.0,77
2026-09-28,DEL_CCU,1,Goibibo,9311.0,30
2026-09-28,DEL_CCU,1,Ixigo,13278.0,110
2026-09-28,DEL_CCU,1,MakeMyTrip,9235.0,39
2026-09-28,DEL_CCU,1,Yatra,11142.5,106
2026-09-28,DEL_CCU,7,Air India Direct,9700.0,1
2026-09-28,DEL_CCU,7,Akasa Direct,8517.0,3
2026-09-28,DEL_CCU,7,Cleartrip,10735.0,107
2026-09-28,DEL_CCU,7,EaseMyTrip,9893.0,84
2026-09-28,DEL_CCU,7,Goibibo,9730.0,41
2026-09-28,DEL_CCU,7,Ixigo,13508.0,114
2026-09-28,DEL_CCU,7,MakeMyTrip,9500.0,47
2026-09-28,DEL_CCU,7,Yatra,10315.0,87
2026-09-28,DEL_CCU,15,Air India Direct,9477.0,1
2026-09-28,DEL_CCU,15,Akasa Direct,8678.0,3
2026-09-28,DEL_CCU,15,Cleartrip,13926.5,110
2026-09-28,DEL_CCU,15,EaseMyTrip,13748.5,100
2026-09-28,DEL_CCU,15,Goibibo,11014.5,38
2026-09-28,DEL_CCU,15,Ixigo,14607.0,99
2026-09-28,DEL_CCU,15,MakeMyTrip,10780.0,47
2026-09-28,DEL_CCU,15,SpiceJet Direct,8986.5,2
2026-09-28,DEL_CCU,15,Yatra,14395.0,102
2026-09-28,DEL_CCU,30,Air India Direct,10582.0,1
2026-09-28,DEL_CCU,30,Akasa Direct,10002.0,3
2026-09-28,DEL_CCU,30,Cleartrip,14322.0,131
2026-09-28,DEL_CCU,30,EaseMyTrip,11430.0,82
2026-09-28,DEL_CCU,30,Goibibo,10956.0,35
2026-09-28,DEL_CCU,30,Ixigo,15586.0,111
2026-09-28,DEL_CCU,30,MakeMyTrip,10497.0,41
2026-09-28,DEL_CCU,30,SpiceJet Direct,9140.0,1
2026-09-28,DEL_CCU,30,Yatra,14080.0,97
2026-09-28,DEL_CCU,45,Air India Direct,11729.0,1
2026-09-28,DEL_CCU,45,Akasa Direct,8678.0,1
2026-09-28,DEL_CCU,45,Cleartrip,13590.0,133
2026-09-28,DEL_CCU,45,EaseMyTrip,11396.0,79
2026-09-28,DEL_CCU,45,Goibibo,11127.0,36
2026-09-28,DEL_CCU,45,Ixigo,15226.0,109
2026-09-28,DEL_CCU,45,MakeMyTrip,11127.0,39
2026-09-28,DEL_CCU,45,Yatra,12236.0,97
2026-09-28,DEL_GOI,1,Air India Direct,9287.0,1
2026-09-28,DEL_GOI,1,Cleartrip,13295.0,83
2026-09-28,DEL_GOI,1,EaseMyTrip,10790.5,62
2026-09-28,DEL_GOI,1,Goibibo,9687.0,21
2026-09-28,DEL_GOI,1,Ixigo,13259.0,85
2026-09-28,DEL_GOI,1,MakeMyTrip,9103.0,16
2026-09-28,DEL_GOI,1,Yatra,12630.0,71
2026-09-28,DEL_GOI,7,Air India Direct,7541.0,1
2026-09-28,DEL_GOI,7,Cleartrip,12013.0,87
2026-09-28,DEL_GOI,7,EaseMyTrip,9761.0,62
2026-09-28,DEL_GOI,7,Goibibo,7380.0,29
2026-09-28,DEL_GOI,7,Ixigo,13084.0,80
2026-09-28,DEL_GOI,7,MakeMyTrip,7321.0,18
2026-09-28,DEL_GOI,7,Yatra,10585.0,49
2026-09-28,DEL_GOI,15,Air India Direct,7550.0,1
2026-09-28,DEL_GOI,15,Cleartrip,10535.0,97
2026-09-28,DEL_GOI,15,EaseMyTrip,9009.0,76
2026-09-28,DEL_GOI,15,Goibibo,7320.5,22
2026-09-28,DEL_GOI,15,Ixigo,10693.0,82
2026-09-28,DEL_GOI,15,MakeMyTrip,7321.0,15
2026-09-28,DEL_GOI,15,Yatra,9687.0,51
2026-09-28,DEL_GOI,30,Air India Direct,17173.0,1
2026-09-28,DEL_GOI,30,Cleartrip,11606.0,99
2026-09-28,DEL_GOI,30,EaseMyTrip,9687.0,73
2026-09-28,DEL_GOI,30,Goibibo,7778.0,21
2026-09-28,DEL_GOI,30,Ixigo,12021.0,97
2026-09-28,DEL_GOI,30,MakeMyTrip,7321.0,15
2026-09-28,DEL_GOI,30,Yatra,10348.0,61
2026-09-28,DEL_GOI,45,Air India Direct,10955.0,1
2026-09-28,DEL_GOI,45,Cleartrip,15413.0,104
2026-09-28,DEL_GOI,45,EaseMyTrip,12367.0,77
2026-09-28,DEL_GOI,45,Goibibo,10244.0,27
2026-09-28,DEL_GOI,45,Ixigo,15661.0,90
2026-09-28,DEL_GOI,45,MakeMyTrip,9710.0,20
2026-09-28,DEL_GOI,45,SpiceJet Direct,12025.0,4
2026-09-28,DEL_GOI,45,Yatra,14938.5,66
2026-09-28,DEL_HYD,1,Air India Direct,9074.0,1
2026-09-28,DEL_HYD,1,Akasa Direct,8781.0,2
2026-09-28,DEL_HYD,1,Cleartrip,13061.5,104
2026-09-28,DEL_HYD,1,EaseMyTrip,9190.0,95
2026-09-28,DEL_HYD,1,Goibibo,9186.5,34
2026-09-28,DEL_HYD,1,Ixigo,16567.0,122
2026-09-28,DEL_HYD,1,MakeMyTrip,9012.5,36
2026-09-28,DEL_HYD,1,Yatra,12530.0,103
2026-09-28,DEL_HYD,7,Air India Direct,9109.0,1
2026-09-28,DEL_HYD,7,Akasa Direct,8698.5,2
2026-09-28,DEL_HYD,7,Cleartrip,12300.0,112
2026-09-28,DEL_HYD,7,EaseMyTrip,10489.0,80
2026-09-28,DEL_HYD,7,Goibibo,9718.0,39
2026-09-28,DEL_HYD,7,Ixigo,16140.0,105
2026-09-28,DEL_HYD,7,MakeMyTrip,9355.0,42
2026-09-28,DEL_HYD,7,Yatra,12899.0,95
2026-09-28,DEL_HYD,15,Air India Direct,9169.0,1
2026-09-28,DEL_HYD,15,Akasa Direct,8617.5,2
2026-09-28,DEL_HYD,15,Cleartrip,9718.0,127
2026-09-28,DEL_HYD,15,EaseMyTrip,8930.0,77
2026-09-28,DEL_HYD,15,Goibibo,9343.5,32
2026-09-28,DEL_HYD,15,Ixigo,10228.0,101
2026-09-28,DEL_HYD,15,MakeMyTrip,9173.0,39
2026-09-28,DEL_HYD,15,Yatra,9406.0,90
2026-09-28,DEL_HYD,30,Air India Direct,9697.0,1
2026-09-28,DEL_HYD,30,Akasa Direct,9261.0,2
2026-09-28,DEL_HYD,30,Cleartrip,11289.5,134
2026-09-28,DEL_HYD,30,EaseMyTrip,9593.0,80
2026-09-28,DEL_HYD,30,Goibibo,9914.0,31
2026-09-28,DEL_HYD,30,Ixigo,15393.0,105
2026-09-28,DEL_HYD,30,MakeMyTrip,9718.0,34
2026-09-28,DEL_HYD,30,Yatra,10310.5,98
2026-09-28,DEL_HYD,45,Air India Direct,10899.0,1
2026-09-28,DEL_HYD,45,Akasa Direct,9012.0,1
2026-09-28,DEL_HYD,45,Cleartrip,14000.5,126
2026-09-28,DEL_HYD,45,EaseMyTrip,12313.5,90
2026-09-28,DEL_HYD,45,Goibibo,10972.0,34
2026-09-28,DEL_HYD,45,Ixigo,15738.0,111
2026-09-28,DEL_HYD,45,MakeMyTrip,10920.0,41
2026-09-28,DEL_HYD,45,SpiceJet Direct,13701.0,5
2026-09-28,DEL_HYD,45,Yatra,12656.0,88
2026-09-28,DEL_MAA,1,Air India Direct,10242.0,1
2026-09-28,DEL_MAA,1,Akasa Direct,13886.0,1
2026-09-28,DEL_MAA,1,Cleartrip,13713.0,120
2026-09-28,DEL_MAA,1,EaseMyTrip,10880.0,83
2026-09-28,DEL_MAA,1,Goibibo,10563.0,23
2026-09-28,DEL_MAA,1,Ixigo,14335.0,135
2026-09-28,DEL_MAA,1,MakeMyTrip,10065.0,26
2026-09-28,DEL_MAA,1,Yatra,12182.0,83
2026-09-28,DEL_MAA,7,Air India Direct,10242.0,1
2026-09-28,DEL_MAA,7,Akasa Direct,12374.0,1
2026-09-28,DEL_MAA,7,Cleartrip,14578.0,118
2026-09-28,DEL_MAA,7,EaseMyTrip,13898.0,94
2026-09-28,DEL_MAA,7,Goibibo,11467.0,23
2026-09-28,DEL_MAA,7,Ixigo,15169.0,119
2026-09-28,DEL_MAA,7,MakeMyTrip,10784.5,28
2026-09-28,DEL_MAA,7,Yatra,14425.0,101
2026-09-28,DEL_MAA,15,Air India Direct,10242.0,1
2026-09-28,DEL_MAA,15,Akasa Direct,10406.0,1
2026-09-28,DEL_MAA,15,Cleartrip,13356.0,133
2026-09-28,DEL_MAA,15,EaseMyTrip,10406.0,101
2026-09-28,DEL_MAA,15,Goibibo,10002.0,20
2026-09-28,DEL_MAA,15,Ixigo,13556.0,116
2026-09-28,DEL_MAA,15,MakeMyTrip,10002.0,24
2026-09-28,DEL_MAA,15,Yatra,12353.0,94
2026-09-28,DEL_MAA,30,Air India Direct,10294.0,1
2026-09-28,DEL_MAA,30,Akasa Direct,10413.0,2
2026-09-28,DEL_MAA,30,Cleartrip,10315.0,97
2026-09-28,DEL_MAA,30,EaseMyTrip,10002.0,74
2026-09-28,DEL_MAA,30,Goibibo,10066.0,22
2026-09-28,DEL_MAA,30,Ixigo,12095.0,8
2026-09-28,DEL_MAA,30,MakeMyTrip,10002.0,25
2026-09-28,DEL_MAA,30,Yatra,10315.0,74
2026-09-28,DEL_MAA,45,Air India Direct,13028.0,1
2026-09-28,DEL_MAA,45,Cleartrip,13472.0,108
2026-09-28,DEL_MAA,45,EaseMyTrip,12625.5,72
2026-09-28,DEL_MAA,45,Goibibo,12579.0,23
2026-09-28,DEL_MAA,45,Ixigo,17074.0,97
2026-09-28,DEL_MAA,45,MakeMyTrip,12560.0,28
2026-09-28,DEL_MAA,45,Yatra,13049.0,76
2026-09-28,HYD_BLR,1,Air India Direct,6448.0,1
2026-09-28,HYD_BLR,1,Akasa Direct,16505.0,1
2026-09-28,HYD_BLR,1,EaseMyTrip,10667.0,57
2026-09-28,HYD_BLR,1,Goibibo,11653.0,19
2026-09-28,HYD_BLR,1,Ixigo,14862.0,94
2026-09-28,HYD_BLR,1,MakeMyTrip,10994.0,25
2026-09-28,HYD_BLR,1,Yatra,12007.0,71
2026-09-28,HYD_BLR,7,Air India Direct,6448.0,1
2026-09-28,HYD_BLR,7,Akasa Direct,17399.5,2
2026-09-28,HYD_BLR,7,EaseMyTrip,7601.0,65
2026-09-28,HYD_BLR,7,Goibibo,7190.5,26
2026-09-28,HYD_BLR,7,Ixigo,14188.0,106
2026-09-28,HYD_BLR,7,MakeMyTrip,6841.5,32
2026-09-28,HYD_BLR,7,Yatra,11546.0,95
2026-09-28,HYD_BLR,15,Air India Direct,5613.0,1
2026-09-28,HYD_BLR,15,Akasa Direct,17252.0,1
2026-09-28,HYD_BLR,15,EaseMyTrip,5617.0,60
2026-09-28,HYD_BLR,15,Goibibo,5617.0,22
2026-09-28,HYD_BLR,15,Ixigo,11539.5,90
2026-09-28,HYD_BLR,15,MakeMyTrip,5616.0,26
2026-09-28,HYD_BLR,15,Yatra,10490.0,90
2026-09-28,HYD_BLR,30,Air India Direct,5613.0,1
2026-09-28,HYD_BLR,30,Akasa Direct,18171.5,2
2026-09-28,HYD_BLR,30,EaseMyTrip,5437.0,60
2026-09-28,HYD_BLR,30,Goibibo,5220.0,21
2026-09-28,HYD_BLR,30,Ixigo,14507.0,96
2026-09-28,HYD_BLR,30,MakeMyTrip,5220.0,24
2026-09-28,HYD_BLR,30,Yatra,6538.0,82
2026-09-28,HYD_BLR,45,Air India Direct,6949.0,1
2026-09-28,HYD_BLR,45,Akasa Direct,16795.0,1
2026-09-28,HYD_BLR,45,EaseMyTrip,7661.0,55
2026-09-28,HYD_BLR,45,Goibibo,6496.0,23
2026-09-28,HYD_BLR,45,Ixigo,15784.0,77
2026-09-28,HYD_BLR,45,MakeMyTrip,5220.0,26
2026-09-28,HYD_BLR,45,Yatra,14649.0,77
2026-09-28,HYD_DEL,1,Air India Direct,8572.0,1
2026-09-28,HYD_DEL,1,Akasa Direct,8354.0,2
2026-09-28,HYD_DEL,1,Cleartrip,11782.0,98
2026-09-28,HYD_DEL,1,EaseMyTrip,8866.0,83
2026-09-28,HYD_DEL,1,Goibibo,8655.0,41
2026-09-28,HYD_DEL,1,Ixigo,13178.0,101
2026-09-28,HYD_DEL,1,MakeMyTrip,8593.0,42
2026-09-28,HYD_DEL,1,Yatra,10995.0,91
2026-09-28,HYD_DEL,7,Air India Direct,9108.0,1
2026-09-28,HYD_DEL,7,Akasa Direct,8854.0,2
2026-09-28,HYD_DEL,7,Cleartrip,10602.0,115
2026-09-28,HYD_DEL,7,EaseMyTrip,9411.0,82
2026-09-28,HYD_DEL,7,Goibibo,8664.5,32
2026-09-28,HYD_DEL,7,Ixigo,11878.0,99
2026-09-28,HYD_DEL,7,MakeMyTrip,8655.0,38
2026-09-28,HYD_DEL,7,Yatra,9916.0,90
2026-09-28,HYD_DEL,15,Air India Direct,9108.0,1
2026-09-28,HYD_DEL,15,Akasa Direct,8800.0,2
2026-09-28,HYD_DEL,15,Cleartrip,10351.0,112
2026-09-28,HYD_DEL,15,EaseMyTrip,9129.0,81
2026-09-28,HYD_DEL,15,Goibibo,9566.5,32
2026-09-28,HYD_DEL,15,Ixigo,11780.0,69
2026-09-28,HYD_DEL,15,MakeMyTrip,8795.0,37
2026-09-28,HYD_DEL,15,Yatra,9716.0,92
2026-09-28,HYD_DEL,30,Air India Direct,9302.0,1
2026-09-28,HYD_DEL,30,Akasa Direct,9203.5,2
2026-09-28,HYD_DEL,30,Cleartrip,10463.0,128
2026-09-28,HYD_DEL,30,EaseMyTrip,9436.0,82
2026-09-28,HYD_DEL,30,Goibibo,9688.0,30
2026-09-28,HYD_DEL,30,Ixigo,10306.5,92
2026-09-28,HYD_DEL,30,MakeMyTrip,9440.5,36
2026-09-28,HYD_DEL,30,Yatra,9688.0,78
2026-09-28,HYD_DEL,45,Air India Direct,8980.0,1
2026-09-28,HYD_DEL,45,Akasa Direct,8499.0,1
2026-09-28,HYD_DEL,45,Cleartrip,11074.0,119
2026-09-28,HYD_DEL,45,EaseMyTrip,9846.0,81
2026-09-28,HYD_DEL,45,Goibibo,9375.0,31
2026-09-28,HYD_DEL,45,Ixigo,11815.0,90
2026-09-28,HYD_DEL,45,MakeMyTrip,9375.0,37
2026-09-28,HYD_DEL,45,Yatra,10041.0,85
2026-09-28,MAA_BOM,1,Air India Direct,7832.0,1
2026-09-28,MAA_BOM,1,EaseMyTrip,9841.0,50
2026-09-28,MAA_BOM,1,Goibibo,8340.0,22
2026-09-28,MAA_BOM,1,Ixigo,11386.0,83
2026-09-28,MAA_BOM,1,MakeMyTrip,7853.0,23
2026-09-28,MAA_BOM,1,Yatra,10927.0,91
2026-09-28,MAA_BOM,7,Air India Direct,7832.0,1
2026-09-28,MAA_BOM,7,Akasa Direct,7436.0,1
2026-09-28,MAA_BOM,7,EaseMyTrip,8440.5,56
2026-09-28,MAA_BOM,7,Goibibo,8119.0,24
2026-09-28,MAA_BOM,7,Ixigo,10961.5,80
2026-09-28,MAA_BOM,7,MakeMyTrip,8231.0,29
2026-09-28,MAA_BOM,7,Yatra,10847.0,87
2026-09-28,MAA_BOM,15,Air India Direct,7832.0,1
2026-09-28,MAA_BOM,15,Akasa Direct,7061.0,1
2026-09-28,MAA_BOM,15,EaseMyTrip,9080.0,46
2026-09-28,MAA_BOM,15,Goibibo,7540.0,21
2026-09-28,MAA_BOM,15,Ixigo,9421.0,77
2026-09-28,MAA_BOM,15,MakeMyTrip,7540.0,24
2026-09-28,MAA_BOM,15,Yatra,9631.0,82
2026-09-28,MAA_BOM,30,Air India Direct,7832.0,1
2026-09-28,MAA_BOM,30,Akasa Direct,7436.0,1
2026-09-28,MAA_BOM,30,EaseMyTrip,9211.0,44
2026-09-28,MAA_BOM,30,Goibibo,7540.0,23
2026-09-28,MAA_BOM,30,Ixigo,12232.5,86
2026-09-28,MAA_BOM,30,MakeMyTrip,7540.0,21
2026-09-28,MAA_BOM,30,Yatra,12055.0,88
2026-09-28,MAA_BOM,45,Air India Direct,8351.0,1
2026-09-28,MAA_BOM,45,EaseMyTrip,9211.0,44
2026-09-28,MAA_BOM,45,Goibibo,8407.0,19
2026-09-28,MAA_BOM,45,Ixigo,12869.5,86
2026-09-28,MAA_BOM,45,MakeMyTrip,8139.0,21
2026-09-28,MAA_BOM,45,Yatra,12160.0,85
2026-09-28,MAA_DEL,1,Air India Direct,10442.0,1
2026-09-28,MAA_DEL,1,Cleartrip,12818.0,105
2026-09-28,MAA_DEL,1,EaseMyTrip,10463.0,71
2026-09-28,MAA_DEL,1,Goibibo,10614.0,23
2026-09-28,MAA_DEL,1,Ixigo,14117.0,92
2026-09-28,MAA_DEL,1,MakeMyTrip,10463.0,24
2026-09-28,MAA_DEL,1,Yatra,11263.0,70
2026-09-28,MAA_DEL,7,Air India Direct,10442.0,1
2026-09-28,MAA_DEL,7,Akasa Direct,12423.0,1
2026-09-28,MAA_DEL,7,Cleartrip,12429.5,104
2026-09-28,MAA_DEL,7,EaseMyTrip,11220.0,74
2026-09-28,MAA_DEL,7,Goibibo,11083.5,24
2026-09-28,MAA_DEL,7,Ixigo,13290.0,54
2026-09-28,MAA_DEL,7,MakeMyTrip,10463.0,24
2026-09-28,MAA_DEL,7,Yatra,10539.0,56
2026-09-28,MAA_DEL,15,Air India Direct,10442.0,1
2026-09-28,MAA_DEL,15,Akasa Direct,11187.0,1
2026-09-28,MAA_DEL,15,Cleartrip,10463.0,102
2026-09-28,MAA_DEL,15,EaseMyTrip,10150.0,74
2026-09-28,MAA_DEL,15,Goibibo,10150.0,18
2026-09-28,MAA_DEL,15,Ixigo,10463.0,86
2026-09-28,MAA_DEL,15,MakeMyTrip,10150.0,22
2026-09-28,MAA_DEL,15,Yatra,10463.0,81
2026-09-28,MAA_DEL,30,Air India Direct,10442.0,1
2026-09-28,MAA_DEL,30,Akasa Direct,12423.0,1
2026-09-28,MAA_DEL,30,Cleartrip,13644.0,107
2026-09-28,MAA_DEL,30,EaseMyTrip,10538.5,70
2026-09-28,MAA_DEL,30,Goibibo,10463.0,24
2026-09-28,MAA_DEL,30,Ixigo,13905.0,88
2026-09-28,MAA_DEL,30,MakeMyTrip,10463.0,29
2026-09-28,MAA_DEL,30,Yatra,10615.0,73
2026-09-28,MAA_DEL,45,Air India Direct,11554.0,1
2026-09-28,MAA_DEL,45,Cleartrip,13277.0,113
2026-09-28,MAA_DEL,45,EaseMyTrip,11105.0,68
2026-09-28,MAA_DEL,45,Goibibo,11366.0,22
2026-09-28,MAA_DEL,45,Ixigo,13187.0,85
2026-09-28,MAA_DEL,45,MakeMyTrip,11105.0,27
2026-09-28,MAA_DEL,45,Yatra,11470.5,68
2026-09-29,AMD_DEL,1,Air India Direct,6324.0,1
2026-09-29,AMD_DEL,1,Akasa Direct,13686.0,1
2026-09-29,AMD_DEL,1,Cleartrip,14891.0,41
2026-09-29,AMD_DEL,1,EaseMyTrip,8805.5,26
2026-09-29,AMD_DEL,1,Goibibo,8805.5,24
2026-09-29,AMD_DEL,1,IndiGo Direct,7441.5,18
2026-09-29,AMD_DEL,1,Ixigo,18892.0,56
2026-09-29,AMD_DEL,1,MakeMyTrip,7411.0,24
2026-09-29,AMD_DEL,1,Yatra,16395.0,58
2026-09-29,AMD_DEL,7,Air India Direct,6324.0,1
2026-09-29,AMD_DEL,7,Akasa Direct,9955.5,4
2026-09-29,AMD_DEL,7,Cleartrip,8638.0,53
2026-09-29,AMD_DEL,7,EaseMyTrip,6351.0,29
2026-09-29,AMD_DEL,7,Goibibo,6290.0,19
2026-09-29,AMD_DEL,7,IndiGo Direct,5418.0,18
2026-09-29,AMD_DEL,7,Ixigo,10074.5,56
2026-09-29,AMD_DEL,7,MakeMyTrip,6290.0,22
2026-09-29,AMD_DEL,7,Yatra,10279.0,61
2026-09-29,AMD_DEL,15,Air India Direct,6435.0,1
2026-09-29,AMD_DEL,15,Akasa Direct,12151.0,5
2026-09-29,AMD_DEL,15,Cleartrip,12855.5,40
2026-09-29,AMD_DEL,15,EaseMyTrip,7151.0,23
2026-09-29,AMD_DEL,15,Goibibo,6731.0,16
2026-09-29,AMD_DEL,15,IndiGo Direct,6348.0,14
2026-09-29,AMD_DEL,15,Ixigo,13090.0,47
2026-09-29,AMD_DEL,15,MakeMyTrip,6575.0,20
2026-09-29,AMD_DEL,15,Yatra,13085.0,53
2026-09-29,AMD_DEL,30,Air India Direct,6435.0,1
2026-09-29,AMD_DEL,30,Akasa Direct,14106.0,4
2026-09-29,AMD_DEL,30,Cleartrip,11673.5,52
2026-09-29,AMD_DEL,30,EaseMyTrip,6351.0,31
2026-09-29,AMD_DEL,30,Goibibo,6320.5,24
2026-09-29,AMD_DEL,30,IndiGo Direct,5802.0,22
2026-09-29,AMD_DEL,30,Ixigo,12368.5,50
2026-09-29,AMD_DEL,30,MakeMyTrip,6290.0,27
2026-09-29,AMD_DEL,30,Yatra,10710.5,44
2026-09-29,AMD_DEL,45,Air India Direct,7340.0,1
2026-09-29,AMD_DEL,45,Akasa Direct,13686.0,1
2026-09-29,AMD_DEL,45,Cleartrip,14698.0,57
2026-09-29,AMD_DEL,45,EaseMyTrip,9036.0,32
2026-09-29,AMD_DEL,45,Goibibo,8929.5,28
2026-09-29,AMD_DEL,45,IndiGo Direct,8238.0,25
2026-09-29,AMD_DEL,45,Ixigo,15621.0,61
2026-09-29,AMD_DEL,45,MakeMyTrip,8096.0,33
2026-09-29,AMD_DEL,45,Yatra,15957.0,70
2026-09-29,BLR_BOM,1,Air India Direct,6841.0,1
2026-09-29,BLR_BOM,1,Akasa Direct,7583.0,5
2026-09-29,BLR_BOM,1,Cleartrip,11644.0,118
2026-09-29,BLR_BOM,1,EaseMyTrip,9234.0,93
2026-09-29,BLR_BOM,1,Goibibo,7297.0,49
2026-09-29,BLR_BOM,1,IndiGo Direct,7649.0,57
2026-09-29,BLR_BOM,1,Ixigo,12631.0,121
2026-09-29,BLR_BOM,1,MakeMyTrip,7002.0,51
2026-09-29,BLR_BOM,1,Yatra,9793.0,97
2026-09-29,BLR_BOM,7,Air India Direct,4875.0,1
2026-09-29,BLR_BOM,7,Akasa Direct,5874.0,6
2026-09-29,BLR_BOM,7,Cleartrip,9002.0,147
2026-09-29,BLR_BOM,7,EaseMyTrip,6982.0,92
2026-09-29,BLR_BOM,7,Goibibo,6163.0,44
2026-09-29,BLR_BOM,7,IndiGo Direct,5642.5,62
2026-09-29,BLR_BOM,7,Ixigo,9793.0,123
2026-09-29,BLR_BOM,7,MakeMyTrip,6073.0,52
2026-09-29,BLR_BOM,7,Yatra,7362.0,104
2026-09-29,BLR_BOM,15,Air India Direct,6417.0,1
2026-09-29,BLR_BOM,15,Akasa Direct,6602.5,6
2026-09-29,BLR_BOM,15,Cleartrip,10306.0,138
2026-09-29,BLR_BOM,15,EaseMyTrip,7649.0,79
2026-09-29,BLR_BOM,15,Goibibo,7064.0,46
2026-09-29,BLR_BOM,15,IndiGo Direct,7439.0,58
2026-09-29,BLR_BOM,15,Ixigo,10796.0,114
2026-09-29,BLR_BOM,15,MakeMyTrip,7033.0,47
2026-09-29,BLR_BOM,15,Yatra,8216.5,92
2026-09-29,BLR_BOM,30,Air India Direct,8751.0,1
2026-09-29,BLR_BOM,30,Akasa Direct,8218.0,8
2026-09-29,BLR_BOM,30,Cleartrip,10027.0,152
2026-09-29,BLR_BOM,30,EaseMyTrip,8452.0,91
2026-09-29,BLR_BOM,30,Goibibo,8452.0,47
2026-09-29,BLR_BOM,30,IndiGo Direct,7649.0,57
2026-09-29,BLR_BOM,30,Ixigo,9502.0,127
2026-09-29,BLR_BOM,30,MakeMyTrip,8452.0,51
2026-09-29,BLR_BOM,30,Yatra,8452.0,91
2026-09-29,BLR_BOM,45,Air India Direct,8238.0,1
2026-09-29,BLR_BOM,45,Akasa Direct,7583.0,5
2026-09-29,BLR_BOM,45,Cleartrip,11214.0,141
2026-09-29,BLR_BOM,45,EaseMyTrip,8980.0,99
2026-09-29,BLR_BOM,45,Goibibo,8452.0,52
2026-09-29,BLR_BOM,45,IndiGo Direct,7981.0,57
2026-09-29,BLR_BOM,45,Ixigo,12116.0,112
2026-09-29,BLR_BOM,45,MakeMyTrip,8218.0,53
2026-09-29,BLR_BOM,45,SpiceJet Direct,6288.0,3
2026-09-29,BLR_BOM,45,Yatra,9162.5,100
2026-09-29,BLR_DEL,1,Air India Direct,8656.0,1
2026-09-29,BLR_DEL,1,Akasa Direct,8577.5,2
2026-09-29,BLR_DEL,1,Cleartrip,15552.0,163
2026-09-29,BLR_DEL,1,EaseMyTrip,13538.0,121
2026-09-29,BLR_DEL,1,Goibibo,11632.0,57
2026-09-29,BLR_DEL,1,IndiGo Direct,10597.0,67
2026-09-29,BLR_DEL,1,Ixigo,16153.5,156
2026-09-29,BLR_DEL,1,MakeMyTrip,10275.0,57
2026-09-29,BLR_DEL,1,Yatra,13090.5,96
2026-09-29,BLR_DEL,7,Air India Direct,8656.0,1
2026-09-29,BLR_DEL,7,Akasa Direct,8364.0,5
2026-09-29,BLR_DEL,7,Cleartrip,9613.0,158
2026-09-29,BLR_DEL,7,EaseMyTrip,8677.0,107
2026-09-29,BLR_DEL,7,Goibibo,8590.0,52
2026-09-29,BLR_DEL,7,IndiGo Direct,8380.0,70
2026-09-29,BLR_DEL,7,Ixigo,11912.0,141
2026-09-29,BLR_DEL,7,MakeMyTrip,8364.0,59
2026-09-29,BLR_DEL,7,Yatra,8677.0,97
2026-09-29,BLR_DEL,15,Air India Direct,9749.0,1
2026-09-29,BLR_DEL,15,Akasa Direct,9621.0,7
2026-09-29,BLR_DEL,15,Cleartrip,12355.5,164
2026-09-29,BLR_DEL,15,EaseMyTrip,10969.0,117
2026-09-29,BLR_DEL,15,Goibibo,10963.0,53
2026-09-29,BLR_DEL,15,IndiGo Direct,10245.0,68
2026-09-29,BLR_DEL,15,Ixigo,12914.0,141
2026-09-29,BLR_DEL,15,MakeMyTrip,10449.5,64
2026-09-29,BLR_DEL,15,Yatra,10963.0,96
2026-09-29,BLR_DEL,30,Air India Direct,10772.0,1
2026-09-29,BLR_DEL,30,Akasa Direct,11347.0,6
2026-09-29,BLR_DEL,30,Cleartrip,13463.0,177
2026-09-29,BLR_DEL,30,EaseMyTrip,11549.0,123
2026-09-29,BLR_DEL,30,Goibibo,11548.0,46
2026-09-29,BLR_DEL,30,IndiGo Direct,10118.0,68
2026-09-29,BLR_DEL,30,Ixigo,12573.0,137
2026-09-29,BLR_DEL,30,MakeMyTrip,11297.0,61
2026-09-29,BLR_DEL,30,Yatra,11548.0,98
2026-09-29,BLR_DEL,45,Air India Direct,9864.0,1
2026-09-29,BLR_DEL,45,Akasa Direct,8577.5,2
2026-09-29,BLR_DEL,45,Cleartrip,14188.0,175
2026-09-29,BLR_DEL,45,EaseMyTrip,10209.0,124
2026-09-29,BLR_DEL,45,Goibibo,9907.0,54
2026-09-29,BLR_DEL,45,IndiGo Direct,10039.0,66
2026-09-29,BLR_DEL,45,Ixigo,14106.0,144
2026-09-29,BLR_DEL,45,MakeMyTrip,9829.0,57
2026-09-29,BLR_DEL,45,Yatra,10118.0,98
2026-09-29,BLR_HYD,1,Air India Direct,5937.0,1
2026-09-29,BLR_HYD,1,Akasa Direct,16068.0,1
2026-09-29,BLR_HYD,1,Cleartrip,12417.0,97
2026-09-29,BLR_HYD,1,EaseMyTrip,12573.0,69
2026-09-29,BLR_HYD,1,Goibibo,8983.0,24
2026-09-29,BLR_HYD,1,IndiGo Direct,11353.0,84
2026-09-29,BLR_HYD,1,Ixigo,14667.0,91
2026-09-29,BLR_HYD,1,MakeMyTrip,8167.0,29
2026-09-29,BLR_HYD,1,Yatra,12564.0,85
2026-09-29,BLR_HYD,7,Air India Direct,5868.0,1
2026-09-29,BLR_HYD,7,Akasa Direct,16817.5,4
2026-09-29,BLR_HYD,7,Cleartrip,7519.0,81
2026-09-29,BLR_HYD,7,EaseMyTrip,9756.0,77
2026-09-29,BLR_HYD,7,Goibibo,7327.0,22
2026-09-29,BLR_HYD,7,IndiGo Direct,6271.0,77
2026-09-29,BLR_HYD,7,Ixigo,13420.0,100
2026-09-29,BLR_HYD,7,MakeMyTrip,6396.0,27
2026-09-29,BLR_HYD,7,Yatra,11129.0,92
2026-09-29,BLR_HYD,15,Air India Direct,5937.0,1
2026-09-29,BLR_HYD,15,Akasa Direct,17473.0,5
2026-09-29,BLR_HYD,15,Cleartrip,9592.0,83
2026-09-29,BLR_HYD,15,EaseMyTrip,10491.5,74
2026-09-29,BLR_HYD,15,Goibibo,8885.0,21
2026-09-29,BLR_HYD,15,IndiGo Direct,7935.0,72
2026-09-29,BLR_HYD,15,Ixigo,15420.0,93
2026-09-29,BLR_HYD,15,MakeMyTrip,8484.0,25
2026-09-29,BLR_HYD,15,Yatra,12041.0,87
2026-09-29,BLR_HYD,30,Air India Direct,4787.0,1
2026-09-29,BLR_HYD,30,Akasa Direct,20095.5,4
2026-09-29,BLR_HYD,30,Cleartrip,6396.0,81
2026-09-29,BLR_HYD,30,EaseMyTrip,6543.0,71
2026-09-29,BLR_HYD,30,Goibibo,6882.0,23
2026-09-29,BLR_HYD,30,IndiGo Direct,5793.0,65
2026-09-29,BLR_HYD,30,Ixigo,15643.0,118
2026-09-29,BLR_HYD,30,MakeMyTrip,6274.0,28
2026-09-29,BLR_HYD,30,Yatra,14610.0,94
2026-09-29,BLR_HYD,45,Air India Direct,5471.0,1
2026-09-29,BLR_HYD,45,Akasa Direct,16068.0,1
2026-09-29,BLR_HYD,45,Cleartrip,12470.0,85
2026-09-29,BLR_HYD,45,EaseMyTrip,8660.0,65
2026-09-29,BLR_HYD,45,Goibibo,5044.5,22
2026-09-29,BLR_HYD,45,IndiGo Direct,6726.5,60
2026-09-29,BLR_HYD,45,Ixigo,15713.0,96
2026-09-29,BLR_HYD,45,MakeMyTrip,5078.0,25
2026-09-29,BLR_HYD,45,Yatra,14607.0,88
2026-09-29,BOM_BLR,1,Air India Direct,5345.0,1
2026-09-29,BOM_BLR,1,Akasa Direct,6914.0,6
2026-09-29,BOM_BLR,1,Cleartrip,11779.0,133
2026-09-29,BOM_BLR,1,EaseMyTrip,8718.0,79
2026-09-29,BOM_BLR,1,Goibibo,7610.5,52
2026-09-29,BOM_BLR,1,IndiGo Direct,9364.0,58
2026-09-29,BOM_BLR,1,Ixigo,12306.0,118
2026-09-29,BOM_BLR,1,MakeMyTrip,7322.0,59
2026-09-29,BOM_BLR,1,Yatra,9364.0,91
2026-09-29,BOM_BLR,7,Air India Direct,5443.0,1
2026-09-29,BOM_BLR,7,Akasa Direct,7204.5,6
2026-09-29,BOM_BLR,7,Cleartrip,7895.0,131
2026-09-29,BOM_BLR,7,EaseMyTrip,7062.0,81
2026-09-29,BOM_BLR,7,Goibibo,7062.0,51
2026-09-29,BOM_BLR,7,IndiGo Direct,6255.0,61
2026-09-29,BOM_BLR,7,Ixigo,9584.0,117
2026-09-29,BOM_BLR,7,MakeMyTrip,7062.0,50
2026-09-29,BOM_BLR,7,Yatra,7349.5,88
2026-09-29,BOM_BLR,15,Air India Direct,5238.0,1
2026-09-29,BOM_BLR,15,Akasa Direct,6137.0,7
2026-09-29,BOM_BLR,15,Cleartrip,8646.0,134
2026-09-29,BOM_BLR,15,EaseMyTrip,7584.0,83
2026-09-29,BOM_BLR,15,Goibibo,7062.0,52
2026-09-29,BOM_BLR,15,IndiGo Direct,7374.0,53
2026-09-29,BOM_BLR,15,Ixigo,9357.0,118
2026-09-29,BOM_BLR,15,MakeMyTrip,7062.0,59
2026-09-29,BOM_BLR,15,Yatra,7584.0,88
2026-09-29,BOM_BLR,30,Air India Direct,7751.0,1
2026-09-29,BOM_BLR,30,Akasa Direct,6087.0,6
2026-09-29,BOM_BLR,30,Cleartrip,9556.0,131
2026-09-29,BOM_BLR,30,EaseMyTrip,8532.0,92
2026-09-29,BOM_BLR,30,Goibibo,8532.0,47
2026-09-29,BOM_BLR,30,IndiGo Direct,7584.0,53
2026-09-29,BOM_BLR,30,Ixigo,10744.0,127
2026-09-29,BOM_BLR,30,MakeMyTrip,8532.0,64
2026-09-29,BOM_BLR,30,SpiceJet Direct,5190.0,3
2026-09-29,BOM_BLR,30,Yatra,8532.0,81
2026-09-29,BOM_BLR,45,Air India Direct,8345.0,1
2026-09-29,BOM_BLR,45,Akasa Direct,6914.0,6
2026-09-29,BOM_BLR,45,Cleartrip,14633.0,161
2026-09-29,BOM_BLR,45,EaseMyTrip,10500.0,101
2026-09-29,BOM_BLR,45,Goibibo,8713.0,60
2026-09-29,BOM_BLR,45,IndiGo Direct,9267.0,57
2026-09-29,BOM_BLR,45,Ixigo,14213.0,133
2026-09-29,BOM_BLR,45,MakeMyTrip,8590.0,63
2026-09-29,BOM_BLR,45,SpiceJet Direct,6721.0,3
2026-09-29,BOM_BLR,45,Yatra,9582.0,91
2026-09-29,BOM_DEL,1,Air India Direct,6854.0,1
2026-09-29,BOM_DEL,1,Akasa Direct,6523.0,9
2026-09-29,BOM_DEL,1,Cleartrip,14168.0,149
2026-09-29,BOM_DEL,1,EaseMyTrip,10693.0,87
2026-09-29,BOM_DEL,1,Goibibo,7722.5,72
2026-09-29,BOM_DEL,1,IndiGo Direct,9427.0,75
2026-09-29,BOM_DEL,1,Ixigo,15303.5,140
2026-09-29,BOM_DEL,1,MakeMyTrip,7033.0,75
2026-09-29,BOM_DEL,1,SpiceJet Direct,18072.0,1
2026-09-29,BOM_DEL,1,Yatra,9952.0,84
2026-09-29,BOM_DEL,7,Air India Direct,6741.0,1
2026-09-29,BOM_DEL,7,Akasa Direct,6523.0,7
2026-09-29,BOM_DEL,7,Cleartrip,7243.0,158
2026-09-29,BOM_DEL,7,EaseMyTrip,6913.0,114
2026-09-29,BOM_DEL,7,Goibibo,6875.0,73
2026-09-29,BOM_DEL,7,IndiGo Direct,6457.0,75
2026-09-29,BOM_DEL,7,Ixigo,7723.0,145
2026-09-29,BOM_DEL,7,MakeMyTrip,6720.0,83
2026-09-29,BOM_DEL,7,SpiceJet Direct,6472.0,3
2026-09-29,BOM_DEL,7,Yatra,6875.0,98
2026-09-29,BOM_DEL,15,Air India Direct,6854.0,1
2026-09-29,BOM_DEL,15,Akasa Direct,6523.0,7
2026-09-29,BOM_DEL,15,Cleartrip,7482.0,168
2026-09-29,BOM_DEL,15,EaseMyTrip,6930.0,108
2026-09-29,BOM_DEL,15,Goibibo,6875.0,77
2026-09-29,BOM_DEL,15,IndiGo Direct,6786.0,73
2026-09-29,BOM_DEL,15,Ixigo,7820.0,139
2026-09-29,BOM_DEL,15,MakeMyTrip,6687.5,82
2026-09-29,BOM_DEL,15,SpiceJet Direct,6472.0,2
2026-09-29,BOM_DEL,15,Yatra,6930.0,101
2026-09-29,BOM_DEL,30,Air India Direct,7114.0,1
2026-09-29,BOM_DEL,30,Akasa Direct,7398.0,8
2026-09-29,BOM_DEL,30,Cleartrip,9302.0,174
2026-09-29,BOM_DEL,30,EaseMyTrip,8024.0,115
2026-09-29,BOM_DEL,30,Goibibo,7544.0,73
2026-09-29,BOM_DEL,30,IndiGo Direct,7361.5,70
2026-09-29,BOM_DEL,30,Ixigo,9302.0,154
2026-09-29,BOM_DEL,30,MakeMyTrip,7544.0,78
2026-09-29,BOM_DEL,30,SpiceJet Direct,6472.0,3
2026-09-29,BOM_DEL,30,Yatra,8024.0,99
2026-09-29,BOM_DEL,45,Air India Direct,6917.0,1
2026-09-29,BOM_DEL,45,Akasa Direct,6523.0,9
2026-09-29,BOM_DEL,45,Cleartrip,9907.0,180
2026-09-29,BOM_DEL,45,EaseMyTrip,8370.0,115
2026-09-29,BOM_DEL,45,Goibibo,7655.0,68
2026-09-29,BOM_DEL,45,IndiGo Direct,7902.5,74
2026-09-29,BOM_DEL,45,Ixigo,11820.0,145
2026-09-29,BOM_DEL,45,MakeMyTrip,7912.0,98
2026-09-29,BOM_DEL,45,Yatra,8248.0,102
2026-09-29,BOM_GOI,1,Air India Direct,7216.0,1
2026-09-29,BOM_GOI,1,Cleartrip,13501.0,43
2026-09-29,BOM_GOI,1,EaseMyTrip,14395.5,48
2026-09-29,BOM_GOI,1,Goibibo,9498.0,26
2026-09-29,BOM_GOI,1,IndiGo Direct,12668.0,23
2026-09-29,BOM_GOI,1,Ixigo,17810.5,50
2026-09-29,BOM_GOI,1,MakeMyTrip,8197.0,23
2026-09-29,BOM_GOI,1,Yatra,13389.0,36
2026-09-29,BOM_GOI,7,Air India Direct,4413.0,1
2026-09-29,BOM_GOI,7,Cleartrip,11082.5,56
2026-09-29,BOM_GOI,7,EaseMyTrip,6814.0,50
2026-09-29,BOM_GOI,7,Goibibo,4326.5,28
2026-09-29,BOM_GOI,7,IndiGo Direct,5693.5,32
2026-09-29,BOM_GOI,7,Ixigo,11082.5,52
2026-09-29,BOM_GOI,7,MakeMyTrip,3936.0,22
2026-09-29,BOM_GOI,7,Yatra,10568.0,54
2026-09-29,BOM_GOI,15,Air India Direct,4413.0,1
2026-09-29,BOM_GOI,15,Cleartrip,13943.0,81
2026-09-29,BOM_GOI,15,EaseMyTrip,9294.0,54
2026-09-29,BOM_GOI,15,Goibibo,4407.0,25
2026-09-29,BOM_GOI,15,IndiGo Direct,7477.0,28
2026-09-29,BOM_GOI,15,Ixigo,13943.0,70
2026-09-29,BOM_GOI,15,MakeMyTrip,3699.0,18
2026-09-29,BOM_GOI,15,Yatra,10747.5,48
2026-09-29,BOM_GOI,30,Air India Direct,4463.0,1
2026-09-29,BOM_GOI,30,Cleartrip,14612.0,74
2026-09-29,BOM_GOI,30,EaseMyTrip,7477.0,50
2026-09-29,BOM_GOI,30,Goibibo,4323.0,25
2026-09-29,BOM_GOI,30,IndiGo Direct,7477.0,27
2026-09-29,BOM_GOI,30,Ixigo,14612.0,66
2026-09-29,BOM_GOI,30,MakeMyTrip,3699.0,20
2026-09-29,BOM_GOI,30,Yatra,13855.5,62
2026-09-29,BOM_GOI,45,Air India Direct,5956.0,1
2026-09-29,BOM_GOI,45,Cleartrip,10968.0,65
2026-09-29,BOM_GOI,45,EaseMyTrip,8533.5,52
2026-09-29,BOM_GOI,45,Goibibo,7147.0,33
2026-09-29,BOM_GOI,45,IndiGo Direct,7937.0,32
2026-09-29,BOM_GOI,45,Ixigo,14009.5,68
2026-09-29,BOM_GOI,45,MakeMyTrip,5562.0,26
2026-09-29,BOM_GOI,45,Yatra,13930.0,72
2026-09-29,BOM_MAA,1,Air India Direct,6943.0,1
2026-09-29,BOM_MAA,1,Cleartrip,11037.0,78
2026-09-29,BOM_MAA,1,EaseMyTrip,10851.0,64
2026-09-29,BOM_MAA,1,Goibibo,8075.0,25
2026-09-29,BOM_MAA,1,IndiGo Direct,8722.0,51
2026-09-29,BOM_MAA,1,Ixigo,14236.5,76
2026-09-29,BOM_MAA,1,MakeMyTrip,7171.0,30
2026-09-29,BOM_MAA,1,Yatra,10986.0,73
2026-09-29,BOM_MAA,7,Air India Direct,6943.0,1
2026-09-29,BOM_MAA,7,Akasa Direct,6008.0,1
2026-09-29,BOM_MAA,7,Cleartrip,8303.0,79
2026-09-29,BOM_MAA,7,EaseMyTrip,8263.5,68
2026-09-29,BOM_MAA,7,Goibibo,7064.0,27
2026-09-29,BOM_MAA,7,IndiGo Direct,10717.0,37
2026-09-29,BOM_MAA,7,Ixigo,10926.0,82
2026-09-29,BOM_MAA,7,MakeMyTrip,7378.0,31
2026-09-29,BOM_MAA,7,Yatra,11555.0,98
2026-09-29,BOM_MAA,15,Air India Direct,6943.0,1
2026-09-29,BOM_MAA,15,Akasa Direct,6575.0,1
2026-09-29,BOM_MAA,15,Cleartrip,8302.0,71
2026-09-29,BOM_MAA,15,EaseMyTrip,8171.0,56
2026-09-29,BOM_MAA,15,Goibibo,6651.0,29
2026-09-29,BOM_MAA,15,IndiGo Direct,8317.0,51
2026-09-29,BOM_MAA,15,Ixigo,10953.0,77
2026-09-29,BOM_MAA,15,MakeMyTrip,6651.0,29
2026-09-29,BOM_MAA,15,Yatra,10241.0,79
2026-09-29,BOM_MAA,30,Air India Direct,6943.0,1
2026-09-29,BOM_MAA,30,Akasa Direct,6229.0,1
2026-09-29,BOM_MAA,30,Cleartrip,8512.0,60
2026-09-29,BOM_MAA,30,EaseMyTrip,8815.0,68
2026-09-29,BOM_MAA,30,Goibibo,6807.5,20
2026-09-29,BOM_MAA,30,IndiGo Direct,8880.5,46
2026-09-29,BOM_MAA,30,Ixigo,12530.0,79
2026-09-29,BOM_MAA,30,MakeMyTrip,6651.0,21
2026-09-29,BOM_MAA,30,Yatra,8946.0,71
2026-09-29,BOM_MAA,45,Air India Direct,8576.0,1
2026-09-29,BOM_MAA,45,Cleartrip,9232.5,58
2026-09-29,BOM_MAA,45,EaseMyTrip,11643.0,65
2026-09-29,BOM_MAA,45,Goibibo,8504.0,24
2026-09-29,BOM_MAA,45,IndiGo Direct,10137.0,44
2026-09-29,BOM_MAA,45,Ixigo,14382.0,86
2026-09-29,BOM_MAA,45,MakeMyTrip,7510.0,25
2026-09-29,BOM_MAA,45,Yatra,8946.0,53
2026-09-29,CCU_DEL,1,Air India Direct,9107.0,1
2026-09-29,CCU_DEL,1,Akasa Direct,8998.5,2
2026-09-29,CCU_DEL,1,Cleartrip,9145.0,94
2026-09-29,CCU_DEL,1,EaseMyTrip,9024.0,72
2026-09-29,CCU_DEL,1,Goibibo,8980.5,30
2026-09-29,CCU_DEL,1,IndiGo Direct,8316.0,51
2026-09-29,CCU_DEL,1,Ixigo,11134.5,102
2026-09-29,CCU_DEL,1,MakeMyTrip,8921.0,35
2026-09-29,CCU_DEL,1,SpiceJet Direct,8749.0,1
2026-09-29,CCU_DEL,1,Yatra,10067.0,102
2026-09-29,CCU_DEL,7,Air India Direct,9107.0,1
2026-09-29,CCU_DEL,7,Akasa Direct,8042.0,3
2026-09-29,CCU_DEL,7,Cleartrip,8892.5,96
2026-09-29,CCU_DEL,7,EaseMyTrip,8849.0,74
2026-09-29,CCU_DEL,7,Goibibo,8849.0,29
2026-09-29,CCU_DEL,7,IndiGo Direct,7873.5,56
2026-09-29,CCU_DEL,7,Ixigo,9143.0,78
2026-09-29,CCU_DEL,7,MakeMyTrip,8849.0,35
2026-09-29,CCU_DEL,7,SpiceJet Direct,7981.0,1
2026-09-29,CCU_DEL,7,Yatra,9162.0,89
2026-09-29,CCU_DEL,15,Air India Direct,10126.0,1
2026-09-29,CCU_DEL,15,Akasa Direct,9595.0,3
2026-09-29,CCU_DEL,15,Cleartrip,11947.0,97
2026-09-29,CCU_DEL,15,EaseMyTrip,11522.5,74
2026-09-29,CCU_DEL,15,Goibibo,10899.0,39
2026-09-29,CCU_DEL,15,IndiGo Direct,10753.0,57
2026-09-29,CCU_DEL,15,Ixigo,12965.5,96
2026-09-29,CCU_DEL,15,MakeMyTrip,10792.0,42
2026-09-29,CCU_DEL,15,Yatra,11947.0,85
2026-09-29,CCU_DEL,30,Air India Direct,9141.0,1
2026-09-29,CCU_DEL,30,Akasa Direct,9076.0,3
2026-09-29,CCU_DEL,30,Cleartrip,10551.0,98
2026-09-29,CCU_DEL,30,EaseMyTrip,10204.5,82
2026-09-29,CCU_DEL,30,Goibibo,9427.0,35
2026-09-29,CCU_DEL,30,IndiGo Direct,9236.0,53
2026-09-29,CCU_DEL,30,Ixigo,10899.0,91
2026-09-29,CCU_DEL,30,MakeMyTrip,9427.0,39
2026-09-29,CCU_DEL,30,SpiceJet Direct,9195.0,1
2026-09-29,CCU_DEL,30,Yatra,10532.0,79
2026-09-29,CCU_DEL,45,Air India Direct,14112.0,1
2026-09-29,CCU_DEL,45,Akasa Direct,8998.5,2
2026-09-29,CCU_DEL,45,Cleartrip,15108.5,112
2026-09-29,CCU_DEL,45,EaseMyTrip,13933.5,78
2026-09-29,CCU_DEL,45,Goibibo,13522.0,31
2026-09-29,CCU_DEL,45,IndiGo Direct,13331.0,59
2026-09-29,CCU_DEL,45,Ixigo,15909.5,100
2026-09-29,CCU_DEL,45,MakeMyTrip,13522.0,37
2026-09-29,CCU_DEL,45,SpiceJet Direct,11407.0,1
2026-09-29,CCU_DEL,45,Yatra,14506.0,87
2026-09-29,DEL_AMD,1,Air India Direct,8240.0,1
2026-09-29,DEL_AMD,1,Akasa Direct,13825.0,8
2026-09-29,DEL_AMD,1,Cleartrip,13642.0,50
2026-09-29,DEL_AMD,1,EaseMyTrip,10206.0,25
2026-09-29,DEL_AMD,1,Goibibo,9626.0,19
2026-09-29,DEL_AMD,1,IndiGo Direct,8142.0,23
2026-09-29,DEL_AMD,1,Ixigo,15479.0,63
2026-09-29,DEL_AMD,1,MakeMyTrip,8156.0,20
2026-09-29,DEL_AMD,1,Yatra,14362.0,73
2026-09-29,DEL_AMD,7,Air India Direct,5935.0,1
2026-09-29,DEL_AMD,7,Akasa Direct,14974.0,7
2026-09-29,DEL_AMD,7,Cleartrip,12802.0,61
2026-09-29,DEL_AMD,7,EaseMyTrip,6072.0,26
2026-09-29,DEL_AMD,7,Goibibo,6006.0,21
2026-09-29,DEL_AMD,7,IndiGo Direct,5289.0,24
2026-09-29,DEL_AMD,7,Ixigo,12802.0,62
2026-09-29,DEL_AMD,7,MakeMyTrip,5851.0,25
2026-09-29,DEL_AMD,7,Yatra,12802.0,68
2026-09-29,DEL_AMD,15,Air India Direct,5935.0,1
2026-09-29,DEL_AMD,15,Akasa Direct,18337.0,8
2026-09-29,DEL_AMD,15,Cleartrip,12384.0,60
2026-09-29,DEL_AMD,15,EaseMyTrip,11607.0,46
2026-09-29,DEL_AMD,15,Goibibo,6980.5,16
2026-09-29,DEL_AMD,15,IndiGo Direct,6827.0,21
2026-09-29,DEL_AMD,15,Ixigo,13605.0,68
2026-09-29,DEL_AMD,15,MakeMyTrip,6094.0,17
2026-09-29,DEL_AMD,15,Yatra,13233.5,82
2026-09-29,DEL_AMD,30,Air India Direct,5935.0,1
2026-09-29,DEL_AMD,30,Akasa Direct,12819.0,7
2026-09-29,DEL_AMD,30,Cleartrip,12900.5,70
2026-09-29,DEL_AMD,30,EaseMyTrip,5851.0,27
2026-09-29,DEL_AMD,30,Goibibo,5851.0,21
2026-09-29,DEL_AMD,30,IndiGo Direct,5865.0,22
2026-09-29,DEL_AMD,30,Ixigo,12890.0,67
2026-09-29,DEL_AMD,30,MakeMyTrip,5790.0,23
2026-09-29,DEL_AMD,30,Yatra,12839.5,80
2026-09-29,DEL_AMD,45,Air India Direct,7715.0,1
2026-09-29,DEL_AMD,45,Akasa Direct,13825.0,8
2026-09-29,DEL_AMD,45,Cleartrip,18354.0,67
2026-09-29,DEL_AMD,45,EaseMyTrip,15698.0,56
2026-09-29,DEL_AMD,45,Goibibo,8857.0,25
2026-09-29,DEL_AMD,45,IndiGo Direct,8857.0,39
2026-09-29,DEL_AMD,45,Ixigo,18913.0,62
2026-09-29,DEL_AMD,45,MakeMyTrip,8078.5,28
2026-09-29,DEL_AMD,45,SpiceJet Direct,6765.5,2
2026-09-29,DEL_AMD,45,Yatra,18913.0,72
2026-09-29,DEL_BLR,1,Air India Direct,9121.0,1
2026-09-29,DEL_BLR,1,Akasa Direct,8829.0,5
2026-09-29,DEL_BLR,1,Cleartrip,14262.0,170
2026-09-29,DEL_BLR,1,EaseMyTrip,11735.5,118
2026-09-29,DEL_BLR,1,Goibibo,9599.0,49
2026-09-29,DEL_BLR,1,IndiGo Direct,10287.0,67
2026-09-29,DEL_BLR,1,Ixigo,15424.0,161
2026-09-29,DEL_BLR,1,MakeMyTrip,9286.0,61
2026-09-29,DEL_BLR,1,Yatra,11872.0,101
2026-09-29,DEL_BLR,7,Air India Direct,9121.0,1
2026-09-29,DEL_BLR,7,Akasa Direct,8829.0,5
2026-09-29,DEL_BLR,7,Cleartrip,10284.0,181
2026-09-29,DEL_BLR,7,EaseMyTrip,9286.0,133
2026-09-29,DEL_BLR,7,Goibibo,8829.0,45
2026-09-29,DEL_BLR,7,IndiGo Direct,8671.0,69
2026-09-29,DEL_BLR,7,Ixigo,12495.0,160
2026-09-29,DEL_BLR,7,MakeMyTrip,8829.0,59
2026-09-29,DEL_BLR,7,Yatra,9161.0,106
2026-09-29,DEL_BLR,15,Air India Direct,9121.0,1
2026-09-29,DEL_BLR,15,Akasa Direct,8829.0,7
2026-09-29,DEL_BLR,15,Cleartrip,10937.5,190
2026-09-29,DEL_BLR,15,EaseMyTrip,10077.0,141
2026-09-29,DEL_BLR,15,Goibibo,9142.0,53
2026-09-29,DEL_BLR,15,IndiGo Direct,10077.0,68
2026-09-29,DEL_BLR,15,Ixigo,11961.5,150
2026-09-29,DEL_BLR,15,MakeMyTrip,8829.0,59
2026-09-29,DEL_BLR,15,Yatra,9946.0,102
2026-09-29,DEL_BLR,30,Air India Direct,10235.0,1
2026-09-29,DEL_BLR,30,Akasa Direct,9502.5,6
2026-09-29,DEL_BLR,30,Cleartrip,13556.0,198
2026-09-29,DEL_BLR,30,EaseMyTrip,10287.0,132
2026-09-29,DEL_BLR,30,Goibibo,9936.0,53
2026-09-29,DEL_BLR,30,IndiGo Direct,10077.0,66
2026-09-29,DEL_BLR,30,Ixigo,11844.0,157
2026-09-29,DEL_BLR,30,MakeMyTrip,9936.0,61
2026-09-29,DEL_BLR,30,Yatra,10156.0,99
2026-09-29,DEL_BLR,45,Air India Direct,11225.0,1
2026-09-29,DEL_BLR,45,Akasa Direct,8829.0,5
2026-09-29,DEL_BLR,45,Cleartrip,16753.0,196
2026-09-29,DEL_BLR,45,EaseMyTrip,13841.0,137
2026-09-29,DEL_BLR,45,Goibibo,12967.5,60
2026-09-29,DEL_BLR,45,IndiGo Direct,12255.0,69
2026-09-29,DEL_BLR,45,Ixigo,16492.5,158
2026-09-29,DEL_BLR,45,MakeMyTrip,12413.0,67
2026-09-29,DEL_BLR,45,SpiceJet Direct,13013.0,4
2026-09-29,DEL_BLR,45,Yatra,13414.0,104
2026-09-29,DEL_BOM,1,Air India Direct,6709.0,1
2026-09-29,DEL_BOM,1,Akasa Direct,6618.0,9
2026-09-29,DEL_BOM,1,Cleartrip,10994.0,163
2026-09-29,DEL_BOM,1,EaseMyTrip,8482.0,115
2026-09-29,DEL_BOM,1,Goibibo,6843.0,75
2026-09-29,DEL_BOM,1,IndiGo Direct,7296.5,74
2026-09-29,DEL_BOM,1,Ixigo,12593.0,150
2026-09-29,DEL_BOM,1,MakeMyTrip,6843.0,80
2026-09-29,DEL_BOM,1,Yatra,8059.0,105
2026-09-29,DEL_BOM,7,Air India Direct,6709.0,1
2026-09-29,DEL_BOM,7,Akasa Direct,6530.0,7
2026-09-29,DEL_BOM,7,Cleartrip,7211.0,167
2026-09-29,DEL_BOM,7,EaseMyTrip,6530.0,83
2026-09-29,DEL_BOM,7,Goibibo,6843.0,67
2026-09-29,DEL_BOM,7,IndiGo Direct,6292.5,76
2026-09-29,DEL_BOM,7,Ixigo,8972.0,161
2026-09-29,DEL_BOM,7,MakeMyTrip,6688.0,73
2026-09-29,DEL_BOM,7,SpiceJet Direct,7919.5,2
2026-09-29,DEL_BOM,7,Yatra,6843.0,103
2026-09-29,DEL_BOM,15,Air India Direct,6822.0,1
2026-09-29,DEL_BOM,15,Akasa Direct,6530.0,6
2026-09-29,DEL_BOM,15,Cleartrip,7211.0,182
2026-09-29,DEL_BOM,15,EaseMyTrip,6898.0,87
2026-09-29,DEL_BOM,15,Goibibo,6530.0,49
2026-09-29,DEL_BOM,15,IndiGo Direct,6750.0,75
2026-09-29,DEL_BOM,15,Ixigo,7928.0,157
2026-09-29,DEL_BOM,15,MakeMyTrip,6688.0,82
2026-09-29,DEL_BOM,15,SpiceJet Direct,6447.0,3
2026-09-29,DEL_BOM,15,Yatra,6843.0,100
2026-09-29,DEL_BOM,30,Air India Direct,7239.0,1
2026-09-29,DEL_BOM,30,Akasa Direct,6977.0,8
2026-09-29,DEL_BOM,30,Cleartrip,7979.0,173
2026-09-29,DEL_BOM,30,EaseMyTrip,7332.0,111
2026-09-29,DEL_BOM,30,Goibibo,7047.0,72
2026-09-29,DEL_BOM,30,IndiGo Direct,7120.0,72
2026-09-29,DEL_BOM,30,Ixigo,8330.0,160
2026-09-29,DEL_BOM,30,MakeMyTrip,7019.0,81
2026-09-29,DEL_BOM,30,Yatra,7292.0,98
2026-09-29,DEL_BOM,45,Air India Direct,8778.0,1
2026-09-29,DEL_BOM,45,Akasa Direct,6618.0,9
2026-09-29,DEL_BOM,45,Cleartrip,10190.0,100
2026-09-29,DEL_BOM,45,EaseMyTrip,10760.5,128
2026-09-29,DEL_BOM,45,Goibibo,9698.5,82
2026-09-29,DEL_BOM,45,IndiGo Direct,9717.0,77
2026-09-29,DEL_BOM,45,Ixigo,13665.0,155
2026-09-29,DEL_BOM,45,MakeMyTrip,9665.0,86
2026-09-29,DEL_BOM,45,Yatra,10388.0,98
2026-09-29,DEL_CCU,1,Air India Direct,9121.0,1
2026-09-29,DEL_CCU,1,Akasa Direct,9177.0,3
2026-09-29,DEL_CCU,1,Cleartrip,10628.5,108
2026-09-29,DEL_CCU,1,EaseMyTrip,9383.0,82
2026-09-29,DEL_CCU,1,Goibibo,8944.5,28
2026-09-29,DEL_CCU,1,IndiGo Direct,8272.0,60
2026-09-29,DEL_CCU,1,Ixigo,14161.5,104
2026-09-29,DEL_CCU,1,MakeMyTrip,8922.0,34
2026-09-29,DEL_CCU,1,SpiceJet Direct,9369.0,1
2026-09-29,DEL_CCU,1,Yatra,13278.0,103
2026-09-29,DEL_CCU,7,Air India Direct,9121.0,1
2026-09-29,DEL_CCU,7,Akasa Direct,7909.0,3
2026-09-29,DEL_CCU,7,Cleartrip,9587.0,107
2026-09-29,DEL_CCU,7,EaseMyTrip,9508.0,101
2026-09-29,DEL_CCU,7,Goibibo,9781.5,34
2026-09-29,DEL_CCU,7,IndiGo Direct,9718.0,61
2026-09-29,DEL_CCU,7,Ixigo,10195.0,104
2026-09-29,DEL_CCU,7,MakeMyTrip,8922.0,45
2026-09-29,DEL_CCU,7,SpiceJet Direct,8609.0,1
2026-09-29,DEL_CCU,7,Yatra,9733.5,100
2026-09-29,DEL_CCU,15,Air India Direct,10318.0,1
2026-09-29,DEL_CCU,15,Akasa Direct,10080.0,3
2026-09-29,DEL_CCU,15,Cleartrip,16493.5,120
2026-09-29,DEL_CCU,15,EaseMyTrip,15131.5,102
2026-09-29,DEL_CCU,15,Goibibo,13437.0,40
2026-09-29,DEL_CCU,15,IndiGo Direct,13854.0,61
2026-09-29,DEL_CCU,15,Ixigo,17577.0,107
2026-09-29,DEL_CCU,15,MakeMyTrip,12650.0,43
2026-09-29,DEL_CCU,15,SpiceJet Direct,10250.0,3
2026-09-29,DEL_CCU,15,Yatra,14956.0,91
2026-09-29,DEL_CCU,30,Air India Direct,10041.0,1
2026-09-29,DEL_CCU,30,Akasa Direct,9177.0,3
2026-09-29,DEL_CCU,30,Cleartrip,14241.0,114
2026-09-29,DEL_CCU,30,EaseMyTrip,11632.0,83
2026-09-29,DEL_CCU,30,Goibibo,10745.0,33
2026-09-29,DEL_CCU,30,IndiGo Direct,9280.0,57
2026-09-29,DEL_CCU,30,Ixigo,14405.0,101
2026-09-29,DEL_CCU,30,MakeMyTrip,10075.0,39
2026-09-29,DEL_CCU,30,SpiceJet Direct,9140.0,1
2026-09-29,DEL_CCU,30,Yatra,13522.0,87
2026-09-29,DEL_CCU,45,Air India Direct,10744.0,1
2026-09-29,DEL_CCU,45,Akasa Direct,9177.0,3
2026-09-29,DEL_CCU,45,Cleartrip,13534.5,122
2026-09-29,DEL_CCU,45,EaseMyTrip,11514.0,84
2026-09-29,DEL_CCU,45,Goibibo,11127.0,35
2026-09-29,DEL_CCU,45,IndiGo Direct,10908.0,55
2026-09-29,DEL_CCU,45,Ixigo,14166.0,106
2026-09-29,DEL_CCU,45,MakeMyTrip,11127.0,40
2026-09-29,DEL_CCU,45,SpiceJet Direct,9551.0,1
2026-09-29,DEL_CCU,45,Yatra,13534.5,104
2026-09-29,DEL_GOI,1,Air India Direct,9642.0,1
2026-09-29,DEL_GOI,1,Cleartrip,15769.0,88
2026-09-29,DEL_GOI,1,EaseMyTrip,15528.0,91
2026-09-29,DEL_GOI,1,Goibibo,11221.0,23
2026-09-29,DEL_GOI,1,IndiGo Direct,14583.0,56
2026-09-29,DEL_GOI,1,Ixigo,15801.0,79
2026-09-29,DEL_GOI,1,MakeMyTrip,10582.5,18
2026-09-29,DEL_GOI,1,Yatra,15528.0,78
2026-09-29,DEL_GOI,7,Air India Direct,7542.0,1
2026-09-29,DEL_GOI,7,Cleartrip,10422.0,101
2026-09-29,DEL_GOI,7,EaseMyTrip,8621.0,69
2026-09-29,DEL_GOI,7,Goibibo,8461.0,85
2026-09-29,DEL_GOI,7,IndiGo Direct,9156.0,55
2026-09-29,DEL_GOI,7,Ixigo,10535.0,85
2026-09-29,DEL_GOI,7,MakeMyTrip,7613.0,93
2026-09-29,DEL_GOI,7,Yatra,9585.5,58
2026-09-29,DEL_GOI,15,Air India Direct,7542.0,1
2026-09-29,DEL_GOI,15,Cleartrip,10640.5,96
2026-09-29,DEL_GOI,15,EaseMyTrip,9482.0,78
2026-09-29,DEL_GOI,15,Goibibo,7423.5,22
2026-09-29,DEL_GOI,15,IndiGo Direct,10147.0,53
2026-09-29,DEL_GOI,15,Ixigo,10824.0,87
2026-09-29,DEL_GOI,15,MakeMyTrip,7321.0,14
2026-09-29,DEL_GOI,15,Yatra,10535.0,59
2026-09-29,DEL_GOI,30,Air India Direct,7542.0,1
2026-09-29,DEL_GOI,30,Cleartrip,11578.0,98
2026-09-29,DEL_GOI,30,EaseMyTrip,9687.0,84
2026-09-29,DEL_GOI,30,Goibibo,7653.5,24
2026-09-29,DEL_GOI,30,IndiGo Direct,9687.0,54
2026-09-29,DEL_GOI,30,Ixigo,13490.0,84
2026-09-29,DEL_GOI,30,MakeMyTrip,7321.0,16
2026-09-29,DEL_GOI,30,Yatra,9804.0,56
2026-09-29,DEL_GOI,45,Air India Direct,18480.0,1
2026-09-29,DEL_GOI,45,Cleartrip,15507.0,100
2026-09-29,DEL_GOI,45,EaseMyTrip,13404.5,82
2026-09-29,DEL_GOI,45,Goibibo,12389.0,89
2026-09-29,DEL_GOI,45,IndiGo Direct,11475.5,54
2026-09-29,DEL_GOI,45,Ixigo,16392.5,88
2026-09-29,DEL_GOI,45,MakeMyTrip,12222.0,91
2026-09-29,DEL_GOI,45,Yatra,13992.0,61
2026-09-29,DEL_HYD,1,Air India Direct,9074.0,1
2026-09-29,DEL_HYD,1,Akasa Direct,8385.0,2
2026-09-29,DEL_HYD,1,Cleartrip,12681.0,121
2026-09-29,DEL_HYD,1,EaseMyTrip,9912.0,97
2026-09-29,DEL_HYD,1,Goibibo,9035.0,35
2026-09-29,DEL_HYD,1,IndiGo Direct,8694.0,63
2026-09-29,DEL_HYD,1,Ixigo,14972.0,100
2026-09-29,DEL_HYD,1,MakeMyTrip,8930.0,40
2026-09-29,DEL_HYD,1,Yatra,12583.0,99
2026-09-29,DEL_HYD,7,Air India Direct,9109.0,1
2026-09-29,DEL_HYD,7,Akasa Direct,9018.5,2
2026-09-29,DEL_HYD,7,Cleartrip,9243.0,119
2026-09-29,DEL_HYD,7,EaseMyTrip,8930.0,77
2026-09-29,DEL_HYD,7,Goibibo,8930.0,32
2026-09-29,DEL_HYD,7,IndiGo Direct,8571.0,64
2026-09-29,DEL_HYD,7,Ixigo,14252.0,104
2026-09-29,DEL_HYD,7,MakeMyTrip,8930.0,37
2026-09-29,DEL_HYD,7,Yatra,9130.0,84
2026-09-29,DEL_HYD,15,Air India Direct,9222.0,1
2026-09-29,DEL_HYD,15,Akasa Direct,9501.5,2
2026-09-29,DEL_HYD,15,Cleartrip,10762.0,139
2026-09-29,DEL_HYD,15,EaseMyTrip,9120.0,77
2026-09-29,DEL_HYD,15,Goibibo,9243.0,33
2026-09-29,DEL_HYD,15,IndiGo Direct,8610.0,63
2026-09-29,DEL_HYD,15,Ixigo,11475.0,110
2026-09-29,DEL_HYD,15,MakeMyTrip,9243.0,37
2026-09-29,DEL_HYD,15,Yatra,9593.0,91
2026-09-29,DEL_HYD,30,Air India Direct,9697.0,1
2026-09-29,DEL_HYD,30,Akasa Direct,9433.5,2
2026-09-29,DEL_HYD,30,Cleartrip,9914.0,114
2026-09-29,DEL_HYD,30,EaseMyTrip,9914.0,94
2026-09-29,DEL_HYD,30,Goibibo,9914.0,32
2026-09-29,DEL_HYD,30,IndiGo Direct,8864.5,64
2026-09-29,DEL_HYD,30,Ixigo,13075.0,103
2026-09-29,DEL_HYD,30,MakeMyTrip,9816.0,36
2026-09-29,DEL_HYD,30,Yatra,10228.0,100
2026-09-29,DEL_HYD,45,Air India Direct,10899.0,1
2026-09-29,DEL_HYD,45,Akasa Direct,8385.0,2
2026-09-29,DEL_HYD,45,Cleartrip,14206.0,127
2026-09-29,DEL_HYD,45,EaseMyTrip,12665.0,92
2026-09-29,DEL_HYD,45,Goibibo,11024.0,33
2026-09-29,DEL_HYD,45,IndiGo Direct,13101.0,65
2026-09-29,DEL_HYD,45,Ixigo,15143.0,107
2026-09-29,DEL_HYD,45,MakeMyTrip,10920.0,38
2026-09-29,DEL_HYD,45,SpiceJet Direct,13156.0,5
2026-09-29,DEL_HYD,45,Yatra,13136.0,99
2026-09-29,DEL_MAA,1,Air India Direct,10044.0,1
2026-09-29,DEL_MAA,1,Akasa Direct,14809.0,1
2026-09-29,DEL_MAA,1,Cleartrip,13828.5,118
2026-09-29,DEL_MAA,1,EaseMyTrip,11905.5,70
2026-09-29,DEL_MAA,1,Goibibo,10694.0,21
2026-09-29,DEL_MAA,1,IndiGo Direct,10130.0,55
2026-09-29,DEL_MAA,1,Ixigo,14578.0,117
2026-09-29,DEL_MAA,1,MakeMyTrip,10065.0,26
2026-09-29,DEL_MAA,1,Yatra,13688.0,98
2026-09-29,DEL_MAA,7,Air India Direct,10294.0,1
2026-09-29,DEL_MAA,7,Akasa Direct,12374.0,1
2026-09-29,DEL_MAA,7,Cleartrip,13555.5,124
2026-09-29,DEL_MAA,7,EaseMyTrip,10315.0,77
2026-09-29,DEL_MAA,7,Goibibo,10315.0,19
2026-09-29,DEL_MAA,7,IndiGo Direct,9270.0,58
2026-09-29,DEL_MAA,7,Ixigo,13953.5,104
2026-09-29,DEL_MAA,7,MakeMyTrip,10002.0,24
2026-09-29,DEL_MAA,7,Yatra,13634.5,104
2026-09-29,DEL_MAA,15,Air India Direct,10294.0,1
2026-09-29,DEL_MAA,15,Akasa Direct,10406.0,1
2026-09-29,DEL_MAA,15,Cleartrip,13721.0,138
2026-09-29,DEL_MAA,15,EaseMyTrip,10315.0,84
2026-09-29,DEL_MAA,15,Goibibo,10002.0,19
2026-09-29,DEL_MAA,15,IndiGo Direct,10130.0,58
2026-09-29,DEL_MAA,15,Ixigo,15904.0,104
2026-09-29,DEL_MAA,15,MakeMyTrip,10002.0,23
2026-09-29,DEL_MAA,15,Yatra,10773.0,81
2026-09-29,DEL_MAA,30,Air India Direct,10294.0,1
2026-09-29,DEL_MAA,30,Akasa Direct,10597.5,2
2026-09-29,DEL_MAA,30,Cleartrip,10435.5,108
2026-09-29,DEL_MAA,30,EaseMyTrip,10285.0,71
2026-09-29,DEL_MAA,30,Goibibo,11608.5,20
2026-09-29,DEL_MAA,30,IndiGo Direct,9999.0,53
2026-09-29,DEL_MAA,30,Ixigo,13512.0,97
2026-09-29,DEL_MAA,30,MakeMyTrip,10002.0,25
2026-09-29,DEL_MAA,30,Yatra,10315.0,78
2026-09-29,DEL_MAA,45,Air India Direct,13028.0,1
2026-09-29,DEL_MAA,45,Akasa Direct,14809.0,1
2026-09-29,DEL_MAA,45,Cleartrip,16414.0,109
2026-09-29,DEL_MAA,45,EaseMyTrip,13700.0,85
2026-09-29,DEL_MAA,45,Goibibo,12293.5,20
2026-09-29,DEL_MAA,45,IndiGo Direct,10773.0,55
2026-09-29,DEL_MAA,45,Ixigo,17074.0,88
2026-09-29,DEL_MAA,45,MakeMyTrip,12008.0,24
2026-09-29,DEL_MAA,45,Yatra,13341.5,78
2026-09-29,HYD_BLR,1,Air India Direct,8490.0,1
2026-09-29,HYD_BLR,1,Akasa Direct,16795.0,1
2026-09-29,HYD_BLR,1,Cleartrip,12209.5,90
2026-09-29,HYD_BLR,1,EaseMyTrip,12209.5,64
2026-09-29,HYD_BLR,1,Goibibo,12118.0,25
2026-09-29,HYD_BLR,1,IndiGo Direct,9700.0,69
2026-09-29,HYD_BLR,1,Ixigo,14765.0,87
2026-09-29,HYD_BLR,1,MakeMyTrip,11653.0,30
2026-09-29,HYD_BLR,1,Yatra,13180.0,83
2026-09-29,HYD_BLR,7,Air India Direct,4929.0,1
2026-09-29,HYD_BLR,7,Akasa Direct,15702.0,1
2026-09-29,HYD_BLR,7,Cleartrip,6181.0,84
2026-09-29,HYD_BLR,7,EaseMyTrip,5791.0,60
2026-09-29,HYD_BLR,7,Goibibo,5220.0,23
2026-09-29,HYD_BLR,7,IndiGo Direct,5791.0,73
2026-09-29,HYD_BLR,7,Ixigo,13361.0,101
2026-09-29,HYD_BLR,7,MakeMyTrip,5220.0,29
2026-09-29,HYD_BLR,7,Yatra,11333.0,95
2026-09-29,HYD_BLR,15,Air India Direct,5613.0,1
2026-09-29,HYD_BLR,15,Akasa Direct,17751.0,2
2026-09-29,HYD_BLR,15,Cleartrip,7895.0,88
2026-09-29,HYD_BLR,15,EaseMyTrip,7060.0,65
2026-09-29,HYD_BLR,15,Goibibo,6587.5,24
2026-09-29,HYD_BLR,15,IndiGo Direct,6246.0,74
2026-09-29,HYD_BLR,15,Ixigo,13945.0,101
2026-09-29,HYD_BLR,15,MakeMyTrip,6055.0,29
2026-09-29,HYD_BLR,15,Yatra,11191.0,96
2026-09-29,HYD_BLR,30,Air India Direct,4929.0,1
2026-09-29,HYD_BLR,30,Akasa Direct,18101.0,1
2026-09-29,HYD_BLR,30,Cleartrip,6118.0,85
2026-09-29,HYD_BLR,30,EaseMyTrip,5617.0,57
2026-09-29,HYD_BLR,30,Goibibo,5527.0,22
2026-09-29,HYD_BLR,30,IndiGo Direct,5437.0,55
2026-09-29,HYD_BLR,30,Ixigo,14651.5,86
2026-09-29,HYD_BLR,30,MakeMyTrip,5138.0,26
2026-09-29,HYD_BLR,30,Yatra,13931.0,85
2026-09-29,HYD_BLR,45,Air India Direct,5613.0,1
2026-09-29,HYD_BLR,45,Akasa Direct,16795.0,1
2026-09-29,HYD_BLR,45,Cleartrip,9700.0,71
2026-09-29,HYD_BLR,45,EaseMyTrip,8308.5,54
2026-09-29,HYD_BLR,45,Goibibo,6496.0,24
2026-09-29,HYD_BLR,45,IndiGo Direct,7391.0,69
2026-09-29,HYD_BLR,45,Ixigo,16987.0,76
2026-09-29,HYD_BLR,45,MakeMyTrip,6086.5,28
2026-09-29,HYD_BLR,45,Yatra,15561.0,78
2026-09-29,HYD_DEL,1,Air India Direct,8572.0,1
2026-09-29,HYD_DEL,1,Akasa Direct,8886.5,2
2026-09-29,HYD_DEL,1,Cleartrip,14105.0,112
2026-09-29,HYD_DEL,1,EaseMyTrip,10650.5,80
2026-09-29,HYD_DEL,1,Goibibo,9168.0,37
2026-09-29,HYD_DEL,1,IndiGo Direct,10179.0,62
2026-09-29,HYD_DEL,1,Ixigo,17387.0,109
2026-09-29,HYD_DEL,1,MakeMyTrip,8866.0,42
2026-09-29,HYD_DEL,1,Yatra,14046.0,102
2026-09-29,HYD_DEL,7,Air India Direct,8572.0,1
2026-09-29,HYD_DEL,7,Akasa Direct,7736.5,2
2026-09-29,HYD_DEL,7,Cleartrip,8708.0,111
2026-09-29,HYD_DEL,7,EaseMyTrip,8395.0,86
2026-09-29,HYD_DEL,7,Goibibo,8395.0,31
2026-09-29,HYD_DEL,7,IndiGo Direct,8009.0,62
2026-09-29,HYD_DEL,7,Ixigo,8826.5,90
2026-09-29,HYD_DEL,7,MakeMyTrip,8395.0,36
2026-09-29,HYD_DEL,7,Yatra,8395.0,71
2026-09-29,HYD_DEL,15,Air India Direct,9108.0,1
2026-09-29,HYD_DEL,15,Akasa Direct,9453.0,2
2026-09-29,HYD_DEL,15,Cleartrip,11689.5,126
2026-09-29,HYD_DEL,15,EaseMyTrip,9816.0,82
2026-09-29,HYD_DEL,15,Goibibo,9688.0,34
2026-09-29,HYD_DEL,15,IndiGo Direct,9232.0,64
2026-09-29,HYD_DEL,15,Ixigo,11780.0,93
2026-09-29,HYD_DEL,15,MakeMyTrip,9533.0,40
2026-09-29,HYD_DEL,15,Yatra,11402.0,98
2026-09-29,HYD_DEL,30,Air India Direct,9667.0,1
2026-09-29,HYD_DEL,30,Akasa Direct,9033.0,2
2026-09-29,HYD_DEL,30,Cleartrip,9849.0,117
2026-09-29,HYD_DEL,30,EaseMyTrip,9375.0,82
2026-09-29,HYD_DEL,30,Goibibo,9375.0,28
2026-09-29,HYD_DEL,30,IndiGo Direct,8859.5,62
2026-09-29,HYD_DEL,30,Ixigo,9941.0,90
2026-09-29,HYD_DEL,30,MakeMyTrip,9375.0,35
2026-09-29,HYD_DEL,30,Yatra,9782.5,84
2026-09-29,HYD_DEL,45,Air India Direct,9318.0,1
2026-09-29,HYD_DEL,45,Akasa Direct,8886.5,2
2026-09-29,HYD_DEL,45,Cleartrip,11297.0,118
2026-09-29,HYD_DEL,45,EaseMyTrip,9861.5,88
2026-09-29,HYD_DEL,45,Goibibo,9375.0,32
2026-09-29,HYD_DEL,45,IndiGo Direct,9602.0,62
2026-09-29,HYD_DEL,45,Ixigo,13166.0,96
2026-09-29,HYD_DEL,45,MakeMyTrip,9375.0,38
2026-09-29,HYD_DEL,45,SpiceJet Direct,12031.0,1
2026-09-29,HYD_DEL,45,Yatra,9963.0,82
2026-09-29,MAA_BOM,1,Air India Direct,7779.0,1
2026-09-29,MAA_BOM,1,Cleartrip,12019.0,87
2026-09-29,MAA_BOM,1,EaseMyTrip,9789.5,46
2026-09-29,MAA_BOM,1,Goibibo,8273.0,23
2026-09-29,MAA_BOM,1,IndiGo Direct,9290.0,53
2026-09-29,MAA_BOM,1,Ixigo,13872.0,81
2026-09-29,MAA_BOM,1,MakeMyTrip,7540.0,25
2026-09-29,MAA_BOM,1,Yatra,12118.0,94
2026-09-29,MAA_BOM,7,Air India Direct,7779.0,1
2026-09-29,MAA_BOM,7,Akasa Direct,7061.0,1
2026-09-29,MAA_BOM,7,Cleartrip,8827.5,92
2026-09-29,MAA_BOM,7,EaseMyTrip,7905.5,44
2026-09-29,MAA_BOM,7,Goibibo,7853.0,25
2026-09-29,MAA_BOM,7,IndiGo Direct,11347.0,41
2026-09-29,MAA_BOM,7,Ixigo,10083.0,64
2026-09-29,MAA_BOM,7,MakeMyTrip,7566.0,29
2026-09-29,MAA_BOM,7,Yatra,8768.0,75
2026-09-29,MAA_BOM,15,Air India Direct,7832.0,1
2026-09-29,MAA_BOM,15,Akasa Direct,7061.0,1
2026-09-29,MAA_BOM,15,Cleartrip,9841.0,91
2026-09-29,MAA_BOM,15,EaseMyTrip,9211.0,49
2026-09-29,MAA_BOM,15,Goibibo,7540.0,24
2026-09-29,MAA_BOM,15,IndiGo Direct,22060.0,52
2026-09-29,MAA_BOM,15,Ixigo,9660.5,80
2026-09-29,MAA_BOM,15,MakeMyTrip,7540.0,24
2026-09-29,MAA_BOM,15,Yatra,9841.0,85
2026-09-29,MAA_BOM,30,Air India Direct,7832.0,1
2026-09-29,MAA_BOM,30,Akasa Direct,7698.0,1
2026-09-29,MAA_BOM,30,Cleartrip,10499.0,94
2026-09-29,MAA_BOM,30,EaseMyTrip,9211.0,46
2026-09-29,MAA_BOM,30,Goibibo,7540.0,20
2026-09-29,MAA_BOM,30,IndiGo Direct,9290.0,54
2026-09-29,MAA_BOM,30,Ixigo,12761.5,90
2026-09-29,MAA_BOM,30,MakeMyTrip,7540.0,23
2026-09-29,MAA_BOM,30,Yatra,9738.0,76
2026-09-29,MAA_BOM,45,Air India Direct,7989.0,1
2026-09-29,MAA_BOM,45,Cleartrip,10201.0,76
2026-09-29,MAA_BOM,45,EaseMyTrip,9250.5,44
2026-09-29,MAA_BOM,45,Goibibo,8843.0,19
2026-09-29,MAA_BOM,45,IndiGo Direct,10454.0,53
2026-09-29,MAA_BOM,45,Ixigo,12640.0,83
2026-09-29,MAA_BOM,45,MakeMyTrip,8407.0,23
2026-09-29,MAA_BOM,45,Yatra,12369.5,82
2026-09-29,MAA_DEL,1,Air India Direct,10442.0,1
2026-09-29,MAA_DEL,1,Cleartrip,13951.5,114
2026-09-29,MAA_DEL,1,EaseMyTrip,12053.0,66
2026-09-29,MAA_DEL,1,Goibibo,10615.0,20
2026-09-29,MAA_DEL,1,IndiGo Direct,12539.5,54
2026-09-29,MAA_DEL,1,Ixigo,14784.0,100
2026-09-29,MAA_DEL,1,MakeMyTrip,10463.0,25
2026-09-29,MAA_DEL,1,Yatra,14377.0,93
2026-09-29,MAA_DEL,7,Air India Direct,10442.0,1
2026-09-29,MAA_DEL,7,Akasa Direct,11187.0,1
2026-09-29,MAA_DEL,7,Cleartrip,11418.0,99
2026-09-29,MAA_DEL,7,EaseMyTrip,10306.5,64
2026-09-29,MAA_DEL,7,Goibibo,10463.0,18
2026-09-29,MAA_DEL,7,IndiGo Direct,10792.0,54
2026-09-29,MAA_DEL,7,Ixigo,11418.0,75
2026-09-29,MAA_DEL,7,MakeMyTrip,10306.5,22
2026-09-29,MAA_DEL,7,Yatra,11083.5,70
2026-09-29,MAA_DEL,15,Air India Direct,10442.0,1
2026-09-29,MAA_DEL,15,Akasa Direct,11187.0,1
2026-09-29,MAA_DEL,15,Cleartrip,13464.0,108
2026-09-29,MAA_DEL,15,EaseMyTrip,11187.0,75
2026-09-29,MAA_DEL,15,Goibibo,10463.0,18
2026-09-29,MAA_DEL,15,IndiGo Direct,11366.0,56
2026-09-29,MAA_DEL,15,Ixigo,13838.0,96
2026-09-29,MAA_DEL,15,MakeMyTrip,11392.0,24
2026-09-29,MAA_DEL,15,Yatra,13464.0,83
2026-09-29,MAA_DEL,30,Air India Direct,10442.0,1
2026-09-29,MAA_DEL,30,Akasa Direct,13323.0,1
2026-09-29,MAA_DEL,30,Cleartrip,12356.0,115
2026-09-29,MAA_DEL,30,EaseMyTrip,10463.0,70
2026-09-29,MAA_DEL,30,Goibibo,10463.0,22
2026-09-29,MAA_DEL,30,IndiGo Direct,9988.0,58
2026-09-29,MAA_DEL,30,Ixigo,12263.0,90
2026-09-29,MAA_DEL,30,MakeMyTrip,10463.0,27
2026-09-29,MAA_DEL,30,Yatra,12263.0,94
2026-09-29,MAA_DEL,45,Air India Direct,12570.0,1
2026-09-29,MAA_DEL,45,Cleartrip,13244.0,101
2026-09-29,MAA_DEL,45,EaseMyTrip,10745.0,69
2026-09-29,MAA_DEL,45,Goibibo,11105.0,21
2026-09-29,MAA_DEL,45,IndiGo Direct,9988.0,57
2026-09-29,MAA_DEL,45,Ixigo,14098.0,69
2026-09-29,MAA_DEL,45,MakeMyTrip,10615.0,26
2026-09-29,MAA_DEL,45,Yatra,12849.0,76
2026-09-30,AMD_DEL,1,Air India Direct,9335.0,1
2026-09-30,AMD_DEL,1,Akasa Direct,22097.0,5
2026-09-30,AMD_DEL,1,Cleartrip,19994.0,44
2026-09-30,AMD_DEL,1,EaseMyTrip,12191.5,26
2026-09-30,AMD_DEL,1,Goibibo,11127.5,26
2026-09-30,AMD_DEL,1,IndiGo Direct,9603.0,24
2026-09-30,AMD_DEL,1,Ixigo,21534.0,49
2026-09-30,AMD_DEL,1,MakeMyTrip,9731.5,26
2026-09-30,AMD_DEL,1,Yatra,19529.0,59
2026-09-30,AMD_DEL,7,Air India Direct,6324.0,1
2026-09-30,AMD_DEL,7,Akasa Direct,10116.0,5
2026-09-30,AMD_DEL,7,Cleartrip,9955.5,46
2026-09-30,AMD_DEL,7,EaseMyTrip,7302.0,21
2026-09-30,AMD_DEL,7,Goibibo,7096.0,20
2026-09-30,AMD_DEL,7,IndiGo Direct,7087.5,20
2026-09-30,AMD_DEL,7,Ixigo,11816.0,62
2026-09-30,AMD_DEL,7,MakeMyTrip,6818.0,23
2026-09-30,AMD_DEL,7,Yatra,11152.0,68
2026-09-30,AMD_DEL,15,Air India Direct,6435.0,1
2026-09-30,AMD_DEL,15,Akasa Direct,12240.0,5
2026-09-30,AMD_DEL,15,Cleartrip,12922.0,57
2026-09-30,AMD_DEL,15,EaseMyTrip,6510.0,26
2026-09-30,AMD_DEL,15,Goibibo,6351.0,18
2026-09-30,AMD_DEL,15,IndiGo Direct,6033.0,20
2026-09-30,AMD_DEL,15,Ixigo,12922.0,63
2026-09-30,AMD_DEL,15,MakeMyTrip,6351.0,20
2026-09-30,AMD_DEL,15,Yatra,12621.0,55
2026-09-30,AMD_DEL,30,Air India Direct,6435.0,1
2026-09-30,AMD_DEL,30,Akasa Direct,16019.5,4
2026-09-30,AMD_DEL,30,Cleartrip,13093.0,52
2026-09-30,AMD_DEL,30,EaseMyTrip,6680.0,32
2026-09-30,AMD_DEL,30,Goibibo,6351.0,24
2026-09-30,AMD_DEL,30,IndiGo Direct,5903.5,22
2026-09-30,AMD_DEL,30,Ixigo,14334.0,63
2026-09-30,AMD_DEL,30,MakeMyTrip,6320.5,28
2026-09-30,AMD_DEL,30,Yatra,6351.0,22
2026-09-30,AMD_DEL,45,Air India Direct,6540.0,1
2026-09-30,AMD_DEL,45,Cleartrip,10250.0,44
2026-09-30,AMD_DEL,45,EaseMyTrip,8990.0,37
2026-09-30,AMD_DEL,45,Goibibo,7703.0,28
2026-09-30,AMD_DEL,45,IndiGo Direct,8238.0,27
2026-09-30,AMD_DEL,45,Ixigo,14520.5,58
2026-09-30,AMD_DEL,45,MakeMyTrip,7256.0,33
2026-09-30,AMD_DEL,45,SpiceJet Direct,6687.0,2
2026-09-30,AMD_DEL,45,Yatra,12668.5,54
2026-09-30,BLR_BOM,1,Air India Direct,7326.0,1
2026-09-30,BLR_BOM,1,Akasa Direct,7144.5,6
2026-09-30,BLR_BOM,1,Cleartrip,14267.5,112
2026-09-30,BLR_BOM,1,EaseMyTrip,12115.0,93
2026-09-30,BLR_BOM,1,Goibibo,8321.5,52
2026-09-30,BLR_BOM,1,IndiGo Direct,9443.5,62
2026-09-30,BLR_BOM,1,Ixigo,16802.0,124
2026-09-30,BLR_BOM,1,MakeMyTrip,7525.0,56
2026-09-30,BLR_BOM,1,Yatra,12847.5,98
2026-09-30,BLR_BOM,7,Air India Direct,4614.0,1
2026-09-30,BLR_BOM,7,Akasa Direct,5015.0,6
2026-09-30,BLR_BOM,7,Cleartrip,12193.0,131
2026-09-30,BLR_BOM,7,EaseMyTrip,7872.0,87
2026-09-30,BLR_BOM,7,Goibibo,6982.0,49
2026-09-30,BLR_BOM,7,IndiGo Direct,6751.5,62
2026-09-30,BLR_BOM,7,Ixigo,15434.0,128
2026-09-30,BLR_BOM,7,MakeMyTrip,6982.0,55
2026-09-30,BLR_BOM,7,Yatra,8902.5,102
2026-09-30,BLR_BOM,15,Air India Direct,7179.0,1
2026-09-30,BLR_BOM,15,Akasa Direct,6741.5,6
2026-09-30,BLR_BOM,15,Cleartrip,15946.0,137
2026-09-30,BLR_BOM,15,EaseMyTrip,10901.0,83
2026-09-30,BLR_BOM,15,Goibibo,7302.5,50
2026-09-30,BLR_BOM,15,IndiGo Direct,7714.5,62
2026-09-30,BLR_BOM,15,Ixigo,17530.5,128
2026-09-30,BLR_BOM,15,MakeMyTrip,7048.5,52
2026-09-30,BLR_BOM,15,Yatra,13092.0,99
2026-09-30,BLR_BOM,30,Air India Direct,8751.0,1
2026-09-30,BLR_BOM,30,Akasa Direct,9284.0,5
2026-09-30,BLR_BOM,30,Cleartrip,11298.0,156
2026-09-30,BLR_BOM,30,EaseMyTrip,9838.5,92
2026-09-30,BLR_BOM,30,Goibibo,9638.5,44
2026-09-30,BLR_BOM,30,IndiGo Direct,8662.0,60
2026-09-30,BLR_BOM,30,Ixigo,11287.0,129
2026-09-30,BLR_BOM,30,MakeMyTrip,9502.0,47
2026-09-30,BLR_BOM,30,SpiceJet Direct,7341.0,3
2026-09-30,BLR_BOM,30,Yatra,9928.0,101
2026-09-30,BLR_BOM,45,Air India Direct,8834.0,1
2026-09-30,BLR_BOM,45,Akasa Direct,7287.0,7
2026-09-30,BLR_BOM,45,Cleartrip,11287.0,133
2026-09-30,BLR_BOM,45,EaseMyTrip,10131.0,94
2026-09-30,BLR_BOM,45,Goibibo,9217.0,47
2026-09-30,BLR_BOM,45,IndiGo Direct,9217.0,61
2026-09-30,BLR_BOM,45,Ixigo,11922.0,116
2026-09-30,BLR_BOM,45,MakeMyTrip,9375.5,54
2026-09-30,BLR_BOM,45,SpiceJet Direct,6785.0,3
2026-09-30,BLR_BOM,45,Yatra,10079.0,94
2026-09-30,BLR_DEL,1,Air India Direct,11261.0,1
2026-09-30,BLR_DEL,1,Akasa Direct,10936.0,5
2026-09-30,BLR_DEL,1,Cleartrip,18986.0,167
2026-09-30,BLR_DEL,1,EaseMyTrip,15275.0,123
2026-09-30,BLR_DEL,1,Goibibo,12405.0,58
2026-09-30,BLR_DEL,1,IndiGo Direct,14834.0,70
2026-09-30,BLR_DEL,1,Ixigo,18986.0,145
2026-09-30,BLR_DEL,1,MakeMyTrip,12301.5,66
2026-09-30,BLR_DEL,1,Yatra,14879.5,98
2026-09-30,BLR_DEL,7,Air India Direct,8656.0,1
2026-09-30,BLR_DEL,7,Akasa Direct,8364.0,7
2026-09-30,BLR_DEL,7,Cleartrip,12665.5,162
2026-09-30,BLR_DEL,7,EaseMyTrip,10365.0,118
2026-09-30,BLR_DEL,7,Goibibo,8677.0,55
2026-09-30,BLR_DEL,7,IndiGo Direct,9667.0,69
2026-09-30,BLR_DEL,7,Ixigo,14261.0,151
2026-09-30,BLR_DEL,7,MakeMyTrip,8677.0,60
2026-09-30,BLR_DEL,7,Yatra,9133.0,89
2026-09-30,BLR_DEL,15,Air India Direct,11539.0,1
2026-09-30,BLR_DEL,15,Akasa Direct,11774.0,5
2026-09-30,BLR_DEL,15,Cleartrip,15319.5,172
2026-09-30,BLR_DEL,15,EaseMyTrip,13642.0,117
2026-09-30,BLR_DEL,15,Goibibo,12403.0,57
2026-09-30,BLR_DEL,15,IndiGo Direct,12889.5,70
2026-09-30,BLR_DEL,15,Ixigo,16042.5,146
2026-09-30,BLR_DEL,15,MakeMyTrip,12273.0,66
2026-09-30,BLR_DEL,15,Yatra,12991.0,87
2026-09-30,BLR_DEL,30,Air India Direct,10772.0,1
2026-09-30,BLR_DEL,30,Akasa Direct,12797.5,6
2026-09-30,BLR_DEL,30,Cleartrip,16078.0,181
2026-09-30,BLR_DEL,30,EaseMyTrip,13688.5,124
2026-09-30,BLR_DEL,30,Goibibo,13123.0,50
2026-09-30,BLR_DEL,30,IndiGo Direct,12965.0,68
2026-09-30,BLR_DEL,30,Ixigo,15963.0,159
2026-09-30,BLR_DEL,30,MakeMyTrip,13123.0,56
2026-09-30,BLR_DEL,30,SpiceJet Direct,13455.0,4
2026-09-30,BLR_DEL,30,Yatra,13455.0,101
2026-09-30,BLR_DEL,45,Air India Direct,9864.0,1
2026-09-30,BLR_DEL,45,Akasa Direct,17900.0,5
2026-09-30,BLR_DEL,45,Cleartrip,14217.5,172
2026-09-30,BLR_DEL,45,EaseMyTrip,11716.0,123
2026-09-30,BLR_DEL,45,Goibibo,9605.0,13
2026-09-30,BLR_DEL,45,IndiGo Direct,10807.0,66
2026-09-30,BLR_DEL,45,Ixigo,14106.0,138
2026-09-30,BLR_DEL,45,MakeMyTrip,10142.5,62
2026-09-30,BLR_DEL,45,SpiceJet Direct,12897.0,6
2026-09-30,BLR_DEL,45,Yatra,10800.0,96
2026-09-30,BLR_HYD,1,Air India Direct,8278.0,1
2026-09-30,BLR_HYD,1,Akasa Direct,19198.0,4
2026-09-30,BLR_HYD,1,Cleartrip,14751.0,97
2026-09-30,BLR_HYD,1,EaseMyTrip,13935.0,76
2026-09-30,BLR_HYD,1,Goibibo,12573.0,26
2026-09-30,BLR_HYD,1,IndiGo Direct,12887.0,96
2026-09-30,BLR_HYD,1,Ixigo,16827.5,96
2026-09-30,BLR_HYD,1,MakeMyTrip,9702.5,32
2026-09-30,BLR_HYD,1,Yatra,15239.0,87
2026-09-30,BLR_HYD,7,Air India Direct,5742.0,1
2026-09-30,BLR_HYD,7,Akasa Direct,16525.0,5
2026-09-30,BLR_HYD,7,Cleartrip,11377.5,86
2026-09-30,BLR_HYD,7,EaseMyTrip,12573.0,77
2026-09-30,BLR_HYD,7,Goibibo,9675.0,21
2026-09-30,BLR_HYD,7,IndiGo Direct,9247.0,79
2026-09-30,BLR_HYD,7,Ixigo,14086.0,101
2026-09-30,BLR_HYD,7,MakeMyTrip,8167.0,29
2026-09-30,BLR_HYD,7,Yatra,11763.0,93
2026-09-30,BLR_HYD,15,Air India Direct,7913.0,1
2026-09-30,BLR_HYD,15,Akasa Direct,19933.0,6
2026-09-30,BLR_HYD,15,Cleartrip,12041.0,80
2026-09-30,BLR_HYD,15,EaseMyTrip,12597.5,72
2026-09-30,BLR_HYD,15,Goibibo,9590.0,25
2026-09-30,BLR_HYD,15,IndiGo Direct,10390.0,72
2026-09-30,BLR_HYD,15,Ixigo,17028.0,113
2026-09-30,BLR_HYD,15,MakeMyTrip,9507.5,30
2026-09-30,BLR_HYD,15,Yatra,13746.0,92
2026-09-30,BLR_HYD,30,Air India Direct,6306.0,1
2026-09-30,BLR_HYD,30,Akasa Direct,21723.0,4
2026-09-30,BLR_HYD,30,Cleartrip,8166.0,85
2026-09-30,BLR_HYD,30,EaseMyTrip,8884.0,73
2026-09-30,BLR_HYD,30,Goibibo,8885.0,23
2026-09-30,BLR_HYD,30,IndiGo Direct,6391.0,72
2026-09-30,BLR_HYD,30,Ixigo,15953.0,90
2026-09-30,BLR_HYD,30,MakeMyTrip,8166.0,26
2026-09-30,BLR_HYD,30,Yatra,10548.0,90
2026-09-30,BLR_HYD,45,Air India Direct,5471.0,1
2026-09-30,BLR_HYD,45,Akasa Direct,19350.0,1
2026-09-30,BLR_HYD,45,Cleartrip,9607.5,80
2026-09-30,BLR_HYD,45,EaseMyTrip,9523.0,65
2026-09-30,BLR_HYD,45,Goibibo,4997.0,20
2026-09-30,BLR_HYD,45,IndiGo Direct,9090.0,71
2026-09-30,BLR_HYD,45,Ixigo,16911.0,99
2026-09-30,BLR_HYD,45,MakeMyTrip,5078.0,23
2026-09-30,BLR_HYD,45,Yatra,14968.0,89
2026-09-30,BOM_BLR,1,Air India Direct,5723.0,1
2026-09-30,BOM_BLR,1,Akasa Direct,13171.0,4
2026-09-30,BOM_BLR,1,Cleartrip,15735.0,101
2026-09-30,BOM_BLR,1,EaseMyTrip,11468.0,79
2026-09-30,BOM_BLR,1,Goibibo,8223.0,43
2026-09-30,BOM_BLR,1,IndiGo Direct,10842.5,58
2026-09-30,BOM_BLR,1,Ixigo,20235.0,105
2026-09-30,BOM_BLR,1,MakeMyTrip,7952.0,47
2026-09-30,BOM_BLR,1,Yatra,14830.0,93
2026-09-30,BOM_BLR,7,Air India Direct,5238.0,1
2026-09-30,BOM_BLR,7,Akasa Direct,6644.0,7
2026-09-30,BOM_BLR,7,Cleartrip,10874.0,138
2026-09-30,BOM_BLR,7,EaseMyTrip,7322.0,80
2026-09-30,BOM_BLR,7,Goibibo,7062.0,54
2026-09-30,BOM_BLR,7,IndiGo Direct,6747.0,63
2026-09-30,BOM_BLR,7,Ixigo,12636.0,129
2026-09-30,BOM_BLR,7,MakeMyTrip,6972.5,58
2026-09-30,BOM_BLR,7,Yatra,8071.0,96
2026-09-30,BOM_BLR,15,Air India Direct,5238.0,1
2026-09-30,BOM_BLR,15,Akasa Direct,5673.0,5
2026-09-30,BOM_BLR,15,Cleartrip,10960.5,140
2026-09-30,BOM_BLR,15,EaseMyTrip,7796.0,94
2026-09-30,BOM_BLR,15,Goibibo,7062.0,47
2026-09-30,BOM_BLR,15,IndiGo Direct,7584.0,63
2026-09-30,BOM_BLR,15,Ixigo,11271.0,113
2026-09-30,BOM_BLR,15,MakeMyTrip,7062.0,50
2026-09-30,BOM_BLR,15,Yatra,7856.0,94
2026-09-30,BOM_BLR,30,Air India Direct,7751.0,1
2026-09-30,BOM_BLR,30,Akasa Direct,6808.0,6
2026-09-30,BOM_BLR,30,Cleartrip,10869.0,140
2026-09-30,BOM_BLR,30,EaseMyTrip,9582.0,94
2026-09-30,BOM_BLR,30,Goibibo,8532.0,54
2026-09-30,BOM_BLR,30,IndiGo Direct,8217.0,59
2026-09-30,BOM_BLR,30,Ixigo,11851.0,137
2026-09-30,BOM_BLR,30,MakeMyTrip,8771.5,58
2026-09-30,BOM_BLR,30,SpiceJet Direct,5490.0,3
2026-09-30,BOM_BLR,30,Yatra,9083.0,78
2026-09-30,BOM_BLR,45,Air India Direct,8345.0,1
2026-09-30,BOM_BLR,45,Akasa Direct,8825.0,6
2026-09-30,BOM_BLR,45,Cleartrip,13238.0,147
2026-09-30,BOM_BLR,45,EaseMyTrip,11030.5,94
2026-09-30,BOM_BLR,45,Goibibo,10321.5,60
2026-09-30,BOM_BLR,45,IndiGo Direct,11232.5,62
2026-09-30,BOM_BLR,45,Ixigo,12837.0,125
2026-09-30,BOM_BLR,45,MakeMyTrip,10107.0,64
2026-09-30,BOM_BLR,45,SpiceJet Direct,7234.0,3
2026-09-30,BOM_BLR,45,Yatra,10744.0,83
2026-09-30,BOM_DEL,1,Air India Direct,13318.0,1
2026-09-30,BOM_DEL,1,Akasa Direct,20801.0,6
2026-09-30,BOM_DEL,1,Cleartrip,20589.0,146
2026-09-30,BOM_DEL,1,EaseMyTrip,17460.0,87
2026-09-30,BOM_DEL,1,Goibibo,21109.0,66
2026-09-30,BOM_DEL,1,IndiGo Direct,16461.0,74
2026-09-30,BOM_DEL,1,Ixigo,20801.0,121
2026-09-30,BOM_DEL,1,MakeMyTrip,20794.0,71
2026-09-30,BOM_DEL,1,SpiceJet Direct,16864.0,3
2026-09-30,BOM_DEL,1,Yatra,17460.0,91
2026-09-30,BOM_DEL,7,Air India Direct,6741.0,1
2026-09-30,BOM_DEL,7,Akasa Direct,6523.0,6
2026-09-30,BOM_DEL,7,Cleartrip,8735.0,155
2026-09-30,BOM_DEL,7,EaseMyTrip,7820.0,125
2026-09-30,BOM_DEL,7,Goibibo,6894.0,80
2026-09-30,BOM_DEL,7,IndiGo Direct,6992.5,74
2026-09-30,BOM_DEL,7,Ixigo,9498.5,142
2026-09-30,BOM_DEL,7,MakeMyTrip,6875.0,88
2026-09-30,BOM_DEL,7,SpiceJet Direct,6472.0,2
2026-09-30,BOM_DEL,7,Yatra,7505.0,100
2026-09-30,BOM_DEL,15,Air India Direct,6854.0,1
2026-09-30,BOM_DEL,15,Akasa Direct,6523.0,7
2026-09-30,BOM_DEL,15,Cleartrip,9160.0,160
2026-09-30,BOM_DEL,15,EaseMyTrip,7289.0,113
2026-09-30,BOM_DEL,15,Goibibo,6930.0,72
2026-09-30,BOM_DEL,15,IndiGo Direct,7355.0,75
2026-09-30,BOM_DEL,15,Ixigo,9283.5,150
2026-09-30,BOM_DEL,15,MakeMyTrip,6930.0,81
2026-09-30,BOM_DEL,15,SpiceJet Direct,7752.0,3
2026-09-30,BOM_DEL,15,Yatra,7243.0,95
2026-09-30,BOM_DEL,30,Air India Direct,7114.0,1
2026-09-30,BOM_DEL,30,Akasa Direct,7954.0,9
2026-09-30,BOM_DEL,30,Cleartrip,11203.0,184
2026-09-30,BOM_DEL,30,EaseMyTrip,9116.0,104
2026-09-30,BOM_DEL,30,Goibibo,8332.0,63
2026-09-30,BOM_DEL,30,IndiGo Direct,8279.0,73
2026-09-30,BOM_DEL,30,Ixigo,12373.0,163
2026-09-30,BOM_DEL,30,MakeMyTrip,8494.0,93
2026-09-30,BOM_DEL,30,SpiceJet Direct,6832.0,3
2026-09-30,BOM_DEL,30,Yatra,8752.0,93
2026-09-30,BOM_DEL,45,Air India Direct,7114.0,1
2026-09-30,BOM_DEL,45,Akasa Direct,7398.0,7
2026-09-30,BOM_DEL,45,Cleartrip,12554.0,184
2026-09-30,BOM_DEL,45,EaseMyTrip,9302.5,130
2026-09-30,BOM_DEL,45,Goibibo,7994.0,85
2026-09-30,BOM_DEL,45,IndiGo Direct,8752.0,75
2026-09-30,BOM_DEL,45,Ixigo,14036.0,171
2026-09-30,BOM_DEL,45,MakeMyTrip,7912.0,93
2026-09-30,BOM_DEL,45,SpiceJet Direct,6832.0,7
2026-09-30,BOM_DEL,45,Yatra,8370.0,101
2026-09-30,BOM_GOI,1,Air India Direct,10693.0,1
2026-09-30,BOM_GOI,1,Cleartrip,22077.0,43
2026-09-30,BOM_GOI,1,EaseMyTrip,20098.0,46
2026-09-30,BOM_GOI,1,Goibibo,14917.0,23
2026-09-30,BOM_GOI,1,IndiGo Direct,20712.0,29
2026-09-30,BOM_GOI,1,Ixigo,26959.5,60
2026-09-30,BOM_GOI,1,MakeMyTrip,15117.0,15
2026-09-30,BOM_GOI,1,Yatra,23757.0,47
2026-09-30,BOM_GOI,7,Air India Direct,4048.0,1
2026-09-30,BOM_GOI,7,Cleartrip,11884.0,56
2026-09-30,BOM_GOI,7,EaseMyTrip,11662.5,52
2026-09-30,BOM_GOI,7,Goibibo,4544.0,29
2026-09-30,BOM_GOI,7,IndiGo Direct,11548.0,31
2026-09-30,BOM_GOI,7,Ixigo,11606.0,52
2026-09-30,BOM_GOI,7,MakeMyTrip,4329.0,21
2026-09-30,BOM_GOI,7,Yatra,11503.0,50
2026-09-30,BOM_GOI,15,Air India Direct,4463.0,1
2026-09-30,BOM_GOI,15,Cleartrip,15252.0,71
2026-09-30,BOM_GOI,15,EaseMyTrip,12771.0,54
2026-09-30,BOM_GOI,15,Goibibo,4020.0,24
2026-09-30,BOM_GOI,15,IndiGo Direct,10947.0,34
2026-09-30,BOM_GOI,15,Ixigo,11262.0,23
2026-09-30,BOM_GOI,15,MakeMyTrip,3699.0,16
2026-09-30,BOM_GOI,15,Yatra,15226.0,65
2026-09-30,BOM_GOI,30,Air India Direct,4869.0,1
2026-09-30,BOM_GOI,30,Cleartrip,13637.0,70
2026-09-30,BOM_GOI,30,EaseMyTrip,7477.0,47
2026-09-30,BOM_GOI,30,Goibibo,5772.0,29
2026-09-30,BOM_GOI,30,IndiGo Direct,7707.0,32
2026-09-30,BOM_GOI,30,Ixigo,14328.5,72
2026-09-30,BOM_GOI,30,MakeMyTrip,5562.0,23
2026-09-30,BOM_GOI,30,Yatra,13990.5,70
2026-09-30,BOM_GOI,45,Air India Direct,4906.0,1
2026-09-30,BOM_GOI,45,Cleartrip,14963.0,71
2026-09-30,BOM_GOI,45,EaseMyTrip,7477.0,51
2026-09-30,BOM_GOI,45,Goibibo,5272.5,30
2026-09-30,BOM_GOI,45,IndiGo Direct,7477.0,32
2026-09-30,BOM_GOI,45,Ixigo,15154.0,66
2026-09-30,BOM_GOI,45,MakeMyTrip,4436.0,26
2026-09-30,BOM_GOI,45,SpiceJet Direct,4228.0,2
2026-09-30,BOM_GOI,45,Yatra,8420.0,53
2026-09-30,BOM_MAA,1,Air India Direct,7530.0,1
2026-09-30,BOM_MAA,1,Akasa Direct,7332.0,1
2026-09-30,BOM_MAA,1,Cleartrip,13378.0,73
2026-09-30,BOM_MAA,1,EaseMyTrip,12291.5,50
2026-09-30,BOM_MAA,1,Goibibo,8302.0,21
2026-09-30,BOM_MAA,1,IndiGo Direct,13487.5,56
2026-09-30,BOM_MAA,1,Ixigo,18309.5,78
2026-09-30,BOM_MAA,1,MakeMyTrip,7536.5,24
2026-09-30,BOM_MAA,1,Yatra,14306.0,78
2026-09-30,BOM_MAA,7,Air India Direct,6943.0,1
2026-09-30,BOM_MAA,7,Akasa Direct,6008.0,1
2026-09-30,BOM_MAA,7,Cleartrip,12125.0,87
2026-09-30,BOM_MAA,7,EaseMyTrip,10500.0,55
2026-09-30,BOM_MAA,7,Goibibo,7064.0,25
2026-09-30,BOM_MAA,7,IndiGo Direct,9660.0,59
2026-09-30,BOM_MAA,7,Ixigo,13634.0,83
2026-09-30,BOM_MAA,7,MakeMyTrip,7064.0,27
2026-09-30,BOM_MAA,7,Yatra,13143.0,87
2026-09-30,BOM_MAA,15,Air India Direct,6943.0,1
2026-09-30,BOM_MAA,15,Akasa Direct,6575.0,1
2026-09-30,BOM_MAA,15,Cleartrip,11240.0,80
2026-09-30,BOM_MAA,15,EaseMyTrip,10977.0,65
2026-09-30,BOM_MAA,15,Goibibo,6964.0,27
2026-09-30,BOM_MAA,15,IndiGo Direct,10895.0,57
2026-09-30,BOM_MAA,15,Ixigo,14039.0,90
2026-09-30,BOM_MAA,15,MakeMyTrip,6651.0,29
2026-09-30,BOM_MAA,15,Yatra,11240.0,73
2026-09-30,BOM_MAA,30,Air India Direct,6943.0,1
2026-09-30,BOM_MAA,30,Akasa Direct,6575.0,1
2026-09-30,BOM_MAA,30,Cleartrip,9860.0,69
2026-09-30,BOM_MAA,30,EaseMyTrip,9025.0,53
2026-09-30,BOM_MAA,30,Goibibo,6651.0,18
2026-09-30,BOM_MAA,30,IndiGo Direct,8946.0,51
2026-09-30,BOM_MAA,30,Ixigo,14000.0,82
2026-09-30,BOM_MAA,30,MakeMyTrip,6651.0,22
2026-09-30,BOM_MAA,30,Yatra,11651.0,73
2026-09-30,BOM_MAA,45,Air India Direct,7514.0,1
2026-09-30,BOM_MAA,45,Cleartrip,11846.5,58
2026-09-30,BOM_MAA,45,EaseMyTrip,12575.0,63
2026-09-30,BOM_MAA,45,Goibibo,7700.5,22
2026-09-30,BOM_MAA,45,IndiGo Direct,11231.0,45
2026-09-30,BOM_MAA,45,Ixigo,14069.0,76
2026-09-30,BOM_MAA,45,MakeMyTrip,7092.5,22
2026-09-30,BOM_MAA,45,Yatra,11387.0,52
2026-09-30,CCU_DEL,1,Air India Direct,9048.0,1
2026-09-30,CCU_DEL,1,Akasa Direct,8324.0,3
2026-09-30,CCU_DEL,1,Cleartrip,9285.0,98
2026-09-30,CCU_DEL,1,EaseMyTrip,8849.0,77
2026-09-30,CCU_DEL,1,Goibibo,8849.0,33
2026-09-30,CCU_DEL,1,IndiGo Direct,8658.0,59
2026-09-30,CCU_DEL,1,Ixigo,9964.0,89
2026-09-30,CCU_DEL,1,MakeMyTrip,8849.0,37
2026-09-30,CCU_DEL,1,SpiceJet Direct,8085.0,1
2026-09-30,CCU_DEL,1,Yatra,10135.0,94
2026-09-30,CCU_DEL,7,Air India Direct,9048.0,1
2026-09-30,CCU_DEL,7,Akasa Direct,8042.0,3
2026-09-30,CCU_DEL,7,Cleartrip,9247.0,95
2026-09-30,CCU_DEL,7,EaseMyTrip,9065.0,76
2026-09-30,CCU_DEL,7,Goibibo,8964.0,32
2026-09-30,CCU_DEL,7,IndiGo Direct,8592.0,55
2026-09-30,CCU_DEL,7,Ixigo,9426.0,86
2026-09-30,CCU_DEL,7,MakeMyTrip,8849.0,36
2026-09-30,CCU_DEL,7,Yatra,9427.0,91
2026-09-30,CCU_DEL,15,Air India Direct,11216.0,1
2026-09-30,CCU_DEL,15,Akasa Direct,13360.0,3
2026-09-30,CCU_DEL,15,Cleartrip,16083.0,105
2026-09-30,CCU_DEL,15,EaseMyTrip,15657.0,81
2026-09-30,CCU_DEL,15,Goibibo,14467.0,43
2026-09-30,CCU_DEL,15,IndiGo Direct,14333.0,62
2026-09-30,CCU_DEL,15,Ixigo,18446.0,103
2026-09-30,CCU_DEL,15,MakeMyTrip,14046.5,46
2026-09-30,CCU_DEL,15,SpiceJet Direct,13310.0,4
2026-09-30,CCU_DEL,15,Yatra,15835.0,82
2026-09-30,CCU_DEL,30,Air India Direct,9851.0,1
2026-09-30,CCU_DEL,30,Akasa Direct,9400.0,3
2026-09-30,CCU_DEL,30,Cleartrip,14066.0,113
2026-09-30,CCU_DEL,30,EaseMyTrip,10319.0,78
2026-09-30,CCU_DEL,30,Goibibo,9847.0,35
2026-09-30,CCU_DEL,30,IndiGo Direct,9656.0,55
2026-09-30,CCU_DEL,30,Ixigo,14774.0,99
2026-09-30,CCU_DEL,30,MakeMyTrip,9823.5,40
2026-09-30,CCU_DEL,30,SpiceJet Direct,10197.0,1
2026-09-30,CCU_DEL,30,Yatra,10978.0,82
2026-09-30,CCU_DEL,45,Air India Direct,14112.0,1
2026-09-30,CCU_DEL,45,Akasa Direct,8766.0,3
2026-09-30,CCU_DEL,45,Cleartrip,14382.0,98
2026-09-30,CCU_DEL,45,EaseMyTrip,14133.0,80
2026-09-30,CCU_DEL,45,Goibibo,13522.0,32
2026-09-30,CCU_DEL,45,IndiGo Direct,13331.0,57
2026-09-30,CCU_DEL,45,Ixigo,14774.0,85
2026-09-30,CCU_DEL,45,MakeMyTrip,13522.0,39
2026-09-30,CCU_DEL,45,SpiceJet Direct,12093.0,1
2026-09-30,CCU_DEL,45,Yatra,14382.0,87
2026-09-30,DEL_AMD,1,Air India Direct,6162.0,1
2026-09-30,DEL_AMD,1,Akasa Direct,14396.0,7
2026-09-30,DEL_AMD,1,Cleartrip,14634.5,50
2026-09-30,DEL_AMD,1,EaseMyTrip,7536.0,24
2026-09-30,DEL_AMD,1,Goibibo,9022.0,26
2026-09-30,DEL_AMD,1,IndiGo Direct,10557.0,29
2026-09-30,DEL_AMD,1,Ixigo,20179.0,65
2026-09-30,DEL_AMD,1,MakeMyTrip,6556.0,28
2026-09-30,DEL_AMD,1,Yatra,14634.5,66
2026-09-30,DEL_AMD,7,Air India Direct,7039.0,1
2026-09-30,DEL_AMD,7,Akasa Direct,19871.0,7
2026-09-30,DEL_AMD,7,Cleartrip,13432.0,52
2026-09-30,DEL_AMD,7,EaseMyTrip,10206.0,31
2026-09-30,DEL_AMD,7,Goibibo,9366.0,20
2026-09-30,DEL_AMD,7,IndiGo Direct,8246.0,28
2026-09-30,DEL_AMD,7,Ixigo,13432.0,52
2026-09-30,DEL_AMD,7,MakeMyTrip,9366.0,23
2026-09-30,DEL_AMD,7,Yatra,9366.0,22
2026-09-30,DEL_AMD,15,Air India Direct,5935.0,1
2026-09-30,DEL_AMD,15,Akasa Direct,11568.0,7
2026-09-30,DEL_AMD,15,Cleartrip,11318.0,59
2026-09-30,DEL_AMD,15,EaseMyTrip,7316.0,38
2026-09-30,DEL_AMD,15,Goibibo,6006.0,21
2026-09-30,DEL_AMD,15,IndiGo Direct,5919.0,22
2026-09-30,DEL_AMD,15,Ixigo,11785.0,75
2026-09-30,DEL_AMD,15,MakeMyTrip,5851.0,25
2026-09-30,DEL_AMD,15,Yatra,11568.0,65
2026-09-30,DEL_AMD,30,Air India Direct,5935.0,1
2026-09-30,DEL_AMD,30,Akasa Direct,13676.0,7
2026-09-30,DEL_AMD,30,Cleartrip,13291.0,75
2026-09-30,DEL_AMD,30,EaseMyTrip,9237.5,42
2026-09-30,DEL_AMD,30,Goibibo,5851.0,21
2026-09-30,DEL_AMD,30,IndiGo Direct,6291.0,30
2026-09-30,DEL_AMD,30,Ixigo,13291.0,71
2026-09-30,DEL_AMD,30,MakeMyTrip,5820.5,22
2026-09-30,DEL_AMD,30,Yatra,13291.0,78
2026-09-30,DEL_AMD,45,Air India Direct,9815.0,1
2026-09-30,DEL_AMD,45,Akasa Direct,15330.5,8
2026-09-30,DEL_AMD,45,Cleartrip,21075.0,65
2026-09-30,DEL_AMD,45,EaseMyTrip,17081.0,47
2026-09-30,DEL_AMD,45,Goibibo,15367.0,28
2026-09-30,DEL_AMD,45,IndiGo Direct,15054.0,35
2026-09-30,DEL_AMD,45,Ixigo,19853.0,64
2026-09-30,DEL_AMD,45,MakeMyTrip,13671.0,32
2026-09-30,DEL_AMD,45,Yatra,21480.0,74
2026-09-30,DEL_BLR,1,Air India Direct,9121.0,1
2026-09-30,DEL_BLR,1,Akasa Direct,11018.0,5
2026-09-30,DEL_BLR,1,Cleartrip,15875.5,176
2026-09-30,DEL_BLR,1,EaseMyTrip,12687.0,131
2026-09-30,DEL_BLR,1,Goibibo,10257.0,57
2026-09-30,DEL_BLR,1,IndiGo Direct,10851.0,69
2026-09-30,DEL_BLR,1,Ixigo,16203.0,159
2026-09-30,DEL_BLR,1,MakeMyTrip,9680.0,62
2026-09-30,DEL_BLR,1,Yatra,12333.0,103
2026-09-30,DEL_BLR,7,Air India Direct,9121.0,1
2026-09-30,DEL_BLR,7,Akasa Direct,8829.0,7
2026-09-30,DEL_BLR,7,Cleartrip,14050.0,190
2026-09-30,DEL_BLR,7,EaseMyTrip,9386.0,125
2026-09-30,DEL_BLR,7,Goibibo,8829.0,53
2026-09-30,DEL_BLR,7,IndiGo Direct,8671.0,69
2026-09-30,DEL_BLR,7,Ixigo,14984.0,159
2026-09-30,DEL_BLR,7,MakeMyTrip,8829.0,61
2026-09-30,DEL_BLR,7,Yatra,9286.0,105
2026-09-30,DEL_BLR,15,Air India Direct,10235.0,1
2026-09-30,DEL_BLR,15,Akasa Direct,8829.0,5
2026-09-30,DEL_BLR,15,Cleartrip,13118.0,189
2026-09-30,DEL_BLR,15,EaseMyTrip,10691.0,138
2026-09-30,DEL_BLR,15,Goibibo,9936.0,50
2026-09-30,DEL_BLR,15,IndiGo Direct,10156.0,69
2026-09-30,DEL_BLR,15,Ixigo,14018.0,151
2026-09-30,DEL_BLR,15,MakeMyTrip,8829.0,59
2026-09-30,DEL_BLR,15,Yatra,10662.0,107
2026-09-30,DEL_BLR,30,Air India Direct,10235.0,1
2026-09-30,DEL_BLR,30,Akasa Direct,9501.0,6
2026-09-30,DEL_BLR,30,Cleartrip,14260.0,190
2026-09-30,DEL_BLR,30,EaseMyTrip,11100.0,138
2026-09-30,DEL_BLR,30,Goibibo,10256.0,53
2026-09-30,DEL_BLR,30,IndiGo Direct,10192.0,67
2026-09-30,DEL_BLR,30,Ixigo,14018.0,157
2026-09-30,DEL_BLR,30,MakeMyTrip,9936.0,63
2026-09-30,DEL_BLR,30,SpiceJet Direct,11319.0,3
2026-09-30,DEL_BLR,30,Yatra,10515.0,95
2026-09-30,DEL_BLR,45,Air India Direct,15502.0,1
2026-09-30,DEL_BLR,45,Akasa Direct,13537.0,5
2026-09-30,DEL_BLR,45,Cleartrip,20274.0,180
2026-09-30,DEL_BLR,45,EaseMyTrip,16213.0,132
2026-09-30,DEL_BLR,45,Goibibo,14931.5,54
2026-09-30,DEL_BLR,45,IndiGo Direct,15523.0,69
2026-09-30,DEL_BLR,45,Ixigo,18622.0,156
2026-09-30,DEL_BLR,45,MakeMyTrip,14957.0,58
2026-09-30,DEL_BLR,45,SpiceJet Direct,15615.0,6
2026-09-30,DEL_BLR,45,Yatra,15523.0,88
2026-09-30,DEL_BOM,1,Air India Direct,16620.0,1
2026-09-30,DEL_BOM,1,Akasa Direct,6916.0,6
2026-09-30,DEL_BOM,1,Cleartrip,14293.0,152
2026-09-30,DEL_BOM,1,EaseMyTrip,12480.0,113
2026-09-30,DEL_BOM,1,Goibibo,7174.0,75
2026-09-30,DEL_BOM,1,IndiGo Direct,9258.5,78
2026-09-30,DEL_BOM,1,Ixigo,15193.0,137
2026-09-30,DEL_BOM,1,MakeMyTrip,6901.5,82
2026-09-30,DEL_BOM,1,Yatra,10737.0,102
2026-09-30,DEL_BOM,7,Air India Direct,6709.0,1
2026-09-30,DEL_BOM,7,Akasa Direct,6569.5,6
2026-09-30,DEL_BOM,7,Cleartrip,8724.5,160
2026-09-30,DEL_BOM,7,EaseMyTrip,7540.0,84
2026-09-30,DEL_BOM,7,Goibibo,7167.0,74
2026-09-30,DEL_BOM,7,IndiGo Direct,7080.0,77
2026-09-30,DEL_BOM,7,Ixigo,10188.0,158
2026-09-30,DEL_BOM,7,MakeMyTrip,7008.0,84
2026-09-30,DEL_BOM,7,SpiceJet Direct,6447.0,4
2026-09-30,DEL_BOM,7,Yatra,7473.0,102
2026-09-30,DEL_BOM,15,Air India Direct,6822.0,1
2026-09-30,DEL_BOM,15,Akasa Direct,6530.0,6
2026-09-30,DEL_BOM,15,Cleartrip,7600.0,168
2026-09-30,DEL_BOM,15,EaseMyTrip,7252.0,112
2026-09-30,DEL_BOM,15,Goibibo,6843.0,71
2026-09-30,DEL_BOM,15,IndiGo Direct,7252.0,75
2026-09-30,DEL_BOM,15,Ixigo,8982.5,158
2026-09-30,DEL_BOM,15,MakeMyTrip,6843.0,79
2026-09-30,DEL_BOM,15,SpiceJet Direct,7869.0,2
2026-09-30,DEL_BOM,15,Yatra,7120.0,94
2026-09-30,DEL_BOM,30,Air India Direct,6922.0,1
2026-09-30,DEL_BOM,30,Akasa Direct,6851.0,7
2026-09-30,DEL_BOM,30,Cleartrip,9885.0,172
2026-09-30,DEL_BOM,30,EaseMyTrip,7469.0,89
2026-09-30,DEL_BOM,30,Goibibo,7169.0,76
2026-09-30,DEL_BOM,30,IndiGo Direct,7120.0,75
2026-09-30,DEL_BOM,30,Ixigo,10788.0,166
2026-09-30,DEL_BOM,30,MakeMyTrip,7103.0,84
2026-09-30,DEL_BOM,30,SpiceJet Direct,6551.0,3
2026-09-30,DEL_BOM,30,Yatra,7332.0,96
2026-09-30,DEL_BOM,45,Air India Direct,10367.0,1
2026-09-30,DEL_BOM,45,Akasa Direct,6530.0,9
2026-09-30,DEL_BOM,45,Cleartrip,15956.0,174
2026-09-30,DEL_BOM,45,EaseMyTrip,13307.0,121
2026-09-30,DEL_BOM,45,Goibibo,11345.0,83
2026-09-30,DEL_BOM,45,IndiGo Direct,11607.0,78
2026-09-30,DEL_BOM,45,Ixigo,16189.0,163
2026-09-30,DEL_BOM,45,MakeMyTrip,10715.0,87
2026-09-30,DEL_BOM,45,SpiceJet Direct,8989.0,9
2026-09-30,DEL_BOM,45,Yatra,12920.0,97
2026-09-30,DEL_CCU,1,Air India Direct,9121.0,1
2026-09-30,DEL_CCU,1,Akasa Direct,7765.0,3
2026-09-30,DEL_CCU,1,Cleartrip,9938.0,100
2026-09-30,DEL_CCU,1,EaseMyTrip,9498.0,85
2026-09-30,DEL_CCU,1,Goibibo,9172.5,38
2026-09-30,DEL_CCU,1,IndiGo Direct,8703.0,59
2026-09-30,DEL_CCU,1,Ixigo,14583.0,104
2026-09-30,DEL_CCU,1,MakeMyTrip,8922.0,42
2026-09-30,DEL_CCU,1,SpiceJet Direct,10857.0,1
2026-09-30,DEL_CCU,1,Yatra,12373.0,97
2026-09-30,DEL_CCU,7,Air India Direct,9121.0,1
2026-09-30,DEL_CCU,7,Akasa Direct,8678.0,3
2026-09-30,DEL_CCU,7,Cleartrip,10497.5,110
2026-09-30,DEL_CCU,7,EaseMyTrip,9364.0,83
2026-09-30,DEL_CCU,7,Goibibo,9587.0,33
2026-09-30,DEL_CCU,7,IndiGo Direct,8813.5,58
2026-09-30,DEL_CCU,7,Ixigo,13278.0,110
2026-09-30,DEL_CCU,7,MakeMyTrip,9364.0,35
2026-09-30,DEL_CCU,7,SpiceJet Direct,9364.0,1
2026-09-30,DEL_CCU,7,Yatra,11494.0,106
2026-09-30,DEL_CCU,15,Air India Direct,13912.0,1
2026-09-30,DEL_CCU,15,Akasa Direct,12644.0,3
2026-09-30,DEL_CCU,15,Cleartrip,18648.0,112
2026-09-30,DEL_CCU,15,EaseMyTrip,17853.0,104
2026-09-30,DEL_CCU,15,Goibibo,14277.0,42
2026-09-30,DEL_CCU,15,IndiGo Direct,16864.5,60
2026-09-30,DEL_CCU,15,Ixigo,19714.0,112
2026-09-30,DEL_CCU,15,MakeMyTrip,14180.0,46
2026-09-30,DEL_CCU,15,SpiceJet Direct,13227.0,3
2026-09-30,DEL_CCU,15,Yatra,17649.5,92
2026-09-30,DEL_CCU,30,Air India Direct,9578.0,1
2026-09-30,DEL_CCU,30,Akasa Direct,9008.0,3
2026-09-30,DEL_CCU,30,Cleartrip,13930.0,109
2026-09-30,DEL_CCU,30,EaseMyTrip,11201.5,90
2026-09-30,DEL_CCU,30,Goibibo,9814.0,37
2026-09-30,DEL_CCU,30,IndiGo Direct,9753.0,59
2026-09-30,DEL_CCU,30,Ixigo,14455.0,103
2026-09-30,DEL_CCU,30,MakeMyTrip,9702.0,37
2026-09-30,DEL_CCU,30,SpiceJet Direct,9140.0,1
2026-09-30,DEL_CCU,30,Yatra,12036.0,91
2026-09-30,DEL_CCU,45,Air India Direct,9893.0,1
2026-09-30,DEL_CCU,45,Akasa Direct,12157.0,2
2026-09-30,DEL_CCU,45,Cleartrip,13639.5,112
2026-09-30,DEL_CCU,45,EaseMyTrip,12762.0,87
2026-09-30,DEL_CCU,45,Goibibo,11127.0,36
2026-09-30,DEL_CCU,45,IndiGo Direct,11514.0,60
2026-09-30,DEL_CCU,45,Ixigo,13826.0,96
2026-09-30,DEL_CCU,45,MakeMyTrip,11127.0,39
2026-09-30,DEL_CCU,45,SpiceJet Direct,10575.0,1
2026-09-30,DEL_CCU,45,Yatra,13706.0,94
2026-09-30,DEL_GOI,1,Air India Direct,14157.0,1
2026-09-30,DEL_GOI,1,Cleartrip,20946.5,74
2026-09-30,DEL_GOI,1,EaseMyTrip,19564.0,88
2026-09-30,DEL_GOI,1,Goibibo,16243.0,29
2026-09-30,DEL_GOI,1,IndiGo Direct,18147.0,59
2026-09-30,DEL_GOI,1,Ixigo,22024.0,71
2026-09-30,DEL_GOI,1,MakeMyTrip,15298.0,22
2026-09-30,DEL_GOI,1,Yatra,20065.0,67
2026-09-30,DEL_GOI,7,Air India Direct,7542.0,1
2026-09-30,DEL_GOI,7,Cleartrip,11939.5,104
2026-09-30,DEL_GOI,7,EaseMyTrip,10553.0,86
2026-09-30,DEL_GOI,7,Goibibo,9733.0,25
2026-09-30,DEL_GOI,7,IndiGo Direct,10905.0,59
2026-09-30,DEL_GOI,7,Ixigo,12901.0,86
2026-09-30,DEL_GOI,7,MakeMyTrip,10201.5,102
2026-09-30,DEL_GOI,7,Yatra,11965.0,71
2026-09-30,DEL_GOI,15,Air India Direct,7794.0,1
2026-09-30,DEL_GOI,15,Cleartrip,11875.0,90
2026-09-30,DEL_GOI,15,EaseMyTrip,9445.0,84
2026-09-30,DEL_GOI,15,Goibibo,8179.0,26
2026-09-30,DEL_GOI,15,IndiGo Direct,9645.0,53
2026-09-30,DEL_GOI,15,Ixigo,12067.0,81
2026-09-30,DEL_GOI,15,MakeMyTrip,8264.0,13
2026-09-30,DEL_GOI,15,Yatra,10012.0,44
2026-09-30,DEL_GOI,30,Air India Direct,7922.0,1
2026-09-30,DEL_GOI,30,Cleartrip,13149.0,114
2026-09-30,DEL_GOI,30,EaseMyTrip,10130.0,74
2026-09-30,DEL_GOI,30,Goibibo,9329.0,24
2026-09-30,DEL_GOI,30,IndiGo Direct,10147.0,55
2026-09-30,DEL_GOI,30,Ixigo,13802.0,102
2026-09-30,DEL_GOI,30,MakeMyTrip,9290.5,18
2026-09-30,DEL_GOI,30,Yatra,11966.0,55
2026-09-30,DEL_GOI,45,Air India Direct,9432.0,1
2026-09-30,DEL_GOI,45,Cleartrip,16398.0,106
2026-09-30,DEL_GOI,45,EaseMyTrip,14673.0,84
2026-09-30,DEL_GOI,45,Goibibo,13651.5,82
2026-09-30,DEL_GOI,45,IndiGo Direct,14637.0,56
2026-09-30,DEL_GOI,45,Ixigo,16295.0,97
2026-09-30,DEL_GOI,45,MakeMyTrip,11194.0,22
2026-09-30,DEL_GOI,45,SpiceJet Direct,12025.0,7
2026-09-30,DEL_GOI,45,Yatra,14638.0,63
2026-09-30,DEL_HYD,1,Air India Direct,9109.0,1
2026-09-30,DEL_HYD,1,Akasa Direct,8694.0,2
2026-09-30,DEL_HYD,1,Cleartrip,16088.5,108
2026-09-30,DEL_HYD,1,EaseMyTrip,13907.0,83
2026-09-30,DEL_HYD,1,Goibibo,8997.0,34
2026-09-30,DEL_HYD,1,IndiGo Direct,13912.0,64
2026-09-30,DEL_HYD,1,Ixigo,17751.0,105
2026-09-30,DEL_HYD,1,MakeMyTrip,8930.0,39
2026-09-30,DEL_HYD,1,Yatra,15163.0,101
2026-09-30,DEL_HYD,7,Air India Direct,8757.0,1
2026-09-30,DEL_HYD,7,Akasa Direct,8852.0,2
2026-09-30,DEL_HYD,7,Cleartrip,14733.0,123
2026-09-30,DEL_HYD,7,EaseMyTrip,11891.0,92
2026-09-30,DEL_HYD,7,Goibibo,8930.0,33
2026-09-30,DEL_HYD,7,IndiGo Direct,11399.0,65
2026-09-30,DEL_HYD,7,Ixigo,16150.0,107
2026-09-30,DEL_HYD,7,MakeMyTrip,8930.0,36
2026-09-30,DEL_HYD,7,Yatra,11890.5,90
2026-09-30,DEL_HYD,15,Air India Direct,9222.0,1
2026-09-30,DEL_HYD,15,Akasa Direct,9280.0,2
2026-09-30,DEL_HYD,15,Cleartrip,13427.5,122
2026-09-30,DEL_HYD,15,EaseMyTrip,11606.0,93
2026-09-30,DEL_HYD,15,Goibibo,9672.0,34
2026-09-30,DEL_HYD,15,IndiGo Direct,10131.0,62
2026-09-30,DEL_HYD,15,Ixigo,16680.0,107
2026-09-30,DEL_HYD,15,MakeMyTrip,9460.0,38
2026-09-30,DEL_HYD,15,Yatra,12847.0,104
2026-09-30,DEL_HYD,30,Air India Direct,9222.0,1
2026-09-30,DEL_HYD,30,Akasa Direct,9603.0,2
2026-09-30,DEL_HYD,30,Cleartrip,13195.5,132
2026-09-30,DEL_HYD,30,EaseMyTrip,10228.0,85
2026-09-30,DEL_HYD,30,Goibibo,10140.0,36
2026-09-30,DEL_HYD,30,IndiGo Direct,9594.0,64
2026-09-30,DEL_HYD,30,Ixigo,15042.5,112
2026-09-30,DEL_HYD,30,MakeMyTrip,9914.0,41
2026-09-30,DEL_HYD,30,Yatra,12801.0,98
2026-09-30,DEL_HYD,45,Air India Direct,11474.0,1
2026-09-30,DEL_HYD,45,Akasa Direct,8461.5,2
2026-09-30,DEL_HYD,45,Cleartrip,17793.0,127
2026-09-30,DEL_HYD,45,EaseMyTrip,14848.0,106
2026-09-30,DEL_HYD,45,Goibibo,11654.0,36
2026-09-30,DEL_HYD,45,IndiGo Direct,13469.5,64
2026-09-30,DEL_HYD,45,Ixigo,15930.0,103
2026-09-30,DEL_HYD,45,MakeMyTrip,11632.0,39
2026-09-30,DEL_HYD,45,SpiceJet Direct,13701.0,7
2026-09-30,DEL_HYD,45,Yatra,15369.5,100
2026-09-30,DEL_MAA,1,Air India Direct,10294.0,1
2026-09-30,DEL_MAA,1,Akasa Direct,20617.0,1
2026-09-30,DEL_MAA,1,Cleartrip,15063.5,118
2026-09-30,DEL_MAA,1,EaseMyTrip,13691.5,86
2026-09-30,DEL_MAA,1,Goibibo,12294.5,26
2026-09-30,DEL_MAA,1,IndiGo Direct,12967.0,57
2026-09-30,DEL_MAA,1,Ixigo,15317.0,114
2026-09-30,DEL_MAA,1,MakeMyTrip,10315.0,31
2026-09-30,DEL_MAA,1,Yatra,14756.0,106
2026-09-30,DEL_MAA,7,Air India Direct,10294.0,1
2026-09-30,DEL_MAA,7,Akasa Direct,12374.0,1
2026-09-30,DEL_MAA,7,Cleartrip,14837.5,128
2026-09-30,DEL_MAA,7,EaseMyTrip,13556.0,79
2026-09-30,DEL_MAA,7,Goibibo,10006.5,22
2026-09-30,DEL_MAA,7,IndiGo Direct,12976.0,59
2026-09-30,DEL_MAA,7,Ixigo,15285.5,120
2026-09-30,DEL_MAA,7,MakeMyTrip,10002.0,26
2026-09-30,DEL_MAA,7,Yatra,14584.0,103
2026-09-30,DEL_MAA,15,Air India Direct,20337.0,1
2026-09-30,DEL_MAA,15,Akasa Direct,10406.0,1
2026-09-30,DEL_MAA,15,Cleartrip,14956.5,124
2026-09-30,DEL_MAA,15,EaseMyTrip,13512.0,84
2026-09-30,DEL_MAA,15,Goibibo,10002.0,21
2026-09-30,DEL_MAA,15,IndiGo Direct,12895.0,59
2026-09-30,DEL_MAA,15,Ixigo,17492.0,93
2026-09-30,DEL_MAA,15,MakeMyTrip,10002.0,24
2026-09-30,DEL_MAA,15,Yatra,13918.0,96
2026-09-30,DEL_MAA,30,Air India Direct,10294.0,1
2026-09-30,DEL_MAA,30,Akasa Direct,10413.0,2
2026-09-30,DEL_MAA,30,Cleartrip,13664.0,113
2026-09-30,DEL_MAA,30,EaseMyTrip,13025.0,73
2026-09-30,DEL_MAA,30,Goibibo,10066.0,22
2026-09-30,DEL_MAA,30,IndiGo Direct,12871.5,58
2026-09-30,DEL_MAA,30,Ixigo,14395.0,101
2026-09-30,DEL_MAA,30,MakeMyTrip,10002.0,26
2026-09-30,DEL_MAA,30,Yatra,13595.0,87
2026-09-30,DEL_MAA,45,Air India Direct,13028.0,1
2026-09-30,DEL_MAA,45,Akasa Direct,24026.0,1
2026-09-30,DEL_MAA,45,Cleartrip,18496.0,104
2026-09-30,DEL_MAA,45,EaseMyTrip,18330.5,90
2026-09-30,DEL_MAA,45,Goibibo,10465.0,24
2026-09-30,DEL_MAA,45,IndiGo Direct,16310.5,54
2026-09-30,DEL_MAA,45,Ixigo,18496.0,87
2026-09-30,DEL_MAA,45,MakeMyTrip,10002.0,27
2026-09-30,DEL_MAA,45,Yatra,17963.5,72
2026-09-30,HYD_BLR,1,Air India Direct,11180.0,1
2026-09-30,HYD_BLR,1,Akasa Direct,19038.0,1
2026-09-30,HYD_BLR,1,Cleartrip,16610.0,85
2026-09-30,HYD_BLR,1,EaseMyTrip,14622.0,61
2026-09-30,HYD_BLR,1,Goibibo,14622.0,22
2026-09-30,HYD_BLR,1,IndiGo Direct,10057.0,76
2026-09-30,HYD_BLR,1,Ixigo,19031.0,103
2026-09-30,HYD_BLR,1,MakeMyTrip,13888.0,27
2026-09-30,HYD_BLR,1,Yatra,18376.0,87
2026-09-30,HYD_BLR,7,Air India Direct,5378.0,1
2026-09-30,HYD_BLR,7,Akasa Direct,16724.0,2
2026-09-30,HYD_BLR,7,Cleartrip,9699.0,103
2026-09-30,HYD_BLR,7,EaseMyTrip,7661.0,62
2026-09-30,HYD_BLR,7,Goibibo,7643.0,24
2026-09-30,HYD_BLR,7,IndiGo Direct,6914.0,83
2026-09-30,HYD_BLR,7,Ixigo,14790.0,97
2026-09-30,HYD_BLR,7,MakeMyTrip,6611.0,29
2026-09-30,HYD_BLR,7,Yatra,10690.0,87
2026-09-30,HYD_BLR,15,Air India Direct,5378.0,1
2026-09-30,HYD_BLR,15,Akasa Direct,18428.0,1
2026-09-30,HYD_BLR,15,Cleartrip,6522.0,84
2026-09-30,HYD_BLR,15,EaseMyTrip,6506.0,62
2026-09-30,HYD_BLR,15,Goibibo,6055.0,23
2026-09-30,HYD_BLR,15,IndiGo Direct,5969.0,66
2026-09-30,HYD_BLR,15,Ixigo,13888.0,109
2026-09-30,HYD_BLR,15,MakeMyTrip,5616.5,26
2026-09-30,HYD_BLR,15,Yatra,11095.5,90
2026-09-30,HYD_BLR,30,Air India Direct,5128.0,1
2026-09-30,HYD_BLR,30,Akasa Direct,18922.0,1
2026-09-30,HYD_BLR,30,Cleartrip,6522.0,96
2026-09-30,HYD_BLR,30,EaseMyTrip,6055.0,59
2026-09-30,HYD_BLR,30,Goibibo,5568.0,25
2026-09-30,HYD_BLR,30,IndiGo Direct,5898.0,66
2026-09-30,HYD_BLR,30,Ixigo,15562.0,95
2026-09-30,HYD_BLR,30,MakeMyTrip,5328.5,28
2026-09-30,HYD_BLR,30,Yatra,13312.0,93
2026-09-30,HYD_BLR,45,Air India Direct,5613.0,1
2026-09-30,HYD_BLR,45,Akasa Direct,21523.5,2
2026-09-30,HYD_BLR,45,Cleartrip,13888.0,81
2026-09-30,HYD_BLR,45,EaseMyTrip,11854.5,56
2026-09-30,HYD_BLR,45,Goibibo,9732.0,29
2026-09-30,HYD_BLR,45,IndiGo Direct,10763.0,86
2026-09-30,HYD_BLR,45,Ixigo,17191.0,81
2026-09-30,HYD_BLR,45,MakeMyTrip,7895.0,33
2026-09-30,HYD_BLR,45,Yatra,16666.0,79
2026-09-30,HYD_DEL,1,Air India Direct,8687.0,1
2026-09-30,HYD_DEL,1,Akasa Direct,8653.0,2
2026-09-30,HYD_DEL,1,Cleartrip,17972.0,108
2026-09-30,HYD_DEL,1,EaseMyTrip,13865.5,84
2026-09-30,HYD_DEL,1,Goibibo,8868.0,36
2026-09-30,HYD_DEL,1,IndiGo Direct,13099.0,65
2026-09-30,HYD_DEL,1,Ixigo,20461.0,104
2026-09-30,HYD_DEL,1,MakeMyTrip,8868.0,41
2026-09-30,HYD_DEL,1,Yatra,18078.0,95
2026-09-30,HYD_DEL,7,Air India Direct,8572.0,1
2026-09-30,HYD_DEL,7,Akasa Direct,8428.0,2
2026-09-30,HYD_DEL,7,Cleartrip,12966.5,116
2026-09-30,HYD_DEL,7,EaseMyTrip,9711.0,82
2026-09-30,HYD_DEL,7,Goibibo,8464.0,35
2026-09-30,HYD_DEL,7,IndiGo Direct,10591.5,64
2026-09-30,HYD_DEL,7,Ixigo,12762.0,91
2026-09-30,HYD_DEL,7,MakeMyTrip,8395.0,40
2026-09-30,HYD_DEL,7,Yatra,12762.0,95
2026-09-30,HYD_DEL,15,Air India Direct,9667.0,1
2026-09-30,HYD_DEL,15,Akasa Direct,9784.5,2
2026-09-30,HYD_DEL,15,Cleartrip,13377.0,124
2026-09-30,HYD_DEL,15,EaseMyTrip,11037.0,84
2026-09-30,HYD_DEL,15,Goibibo,10400.0,35
2026-09-30,HYD_DEL,15,IndiGo Direct,10379.0,65
2026-09-30,HYD_DEL,15,Ixigo,13709.5,96
2026-09-30,HYD_DEL,15,MakeMyTrip,10110.0,42
2026-09-30,HYD_DEL,15,Yatra,13162.0,99
2026-09-30,HYD_DEL,30,Air India Direct,10208.0,1
2026-09-30,HYD_DEL,30,Akasa Direct,10041.0,2
2026-09-30,HYD_DEL,30,Cleartrip,14974.0,121
2026-09-30,HYD_DEL,30,EaseMyTrip,11099.5,82
2026-09-30,HYD_DEL,30,Goibibo,10495.0,30
2026-09-30,HYD_DEL,30,IndiGo Direct,11253.0,63
2026-09-30,HYD_DEL,30,Ixigo,14974.0,95
2026-09-30,HYD_DEL,30,MakeMyTrip,10495.0,33
2026-09-30,HYD_DEL,30,Yatra,12658.0,82
2026-09-30,HYD_DEL,45,Air India Direct,9318.0,1
2026-09-30,HYD_DEL,45,Akasa Direct,10358.5,2
2026-09-30,HYD_DEL,45,Cleartrip,13131.0,117
2026-09-30,HYD_DEL,45,EaseMyTrip,10425.0,88
2026-09-30,HYD_DEL,45,Goibibo,9375.0,35
2026-09-30,HYD_DEL,45,IndiGo Direct,9572.0,63
2026-09-30,HYD_DEL,45,Ixigo,14182.0,97
2026-09-30,HYD_DEL,45,MakeMyTrip,9375.0,43
2026-09-30,HYD_DEL,45,SpiceJet Direct,12463.0,1
2026-09-30,HYD_DEL,45,Yatra,11542.5,90
2026-09-30,MAA_BOM,1,Air India Direct,7779.0,1
2026-09-30,MAA_BOM,1,Akasa Direct,7436.0,1
2026-09-30,MAA_BOM,1,Cleartrip,15949.5,90
2026-09-30,MAA_BOM,1,EaseMyTrip,11267.0,45
2026-09-30,MAA_BOM,1,Goibibo,8887.0,23
2026-09-30,MAA_BOM,1,IndiGo Direct,11922.0,56
2026-09-30,MAA_BOM,1,Ixigo,17412.5,80
2026-09-30,MAA_BOM,1,MakeMyTrip,7540.0,25
2026-09-30,MAA_BOM,1,Yatra,18267.0,95
2026-09-30,MAA_BOM,7,Air India Direct,7276.0,1
2026-09-30,MAA_BOM,7,Akasa Direct,7061.0,1
2026-09-30,MAA_BOM,7,Cleartrip,11274.0,92
2026-09-30,MAA_BOM,7,EaseMyTrip,8407.0,48
2026-09-30,MAA_BOM,7,Goibibo,7931.5,28
2026-09-30,MAA_BOM,7,IndiGo Direct,8320.5,54
2026-09-30,MAA_BOM,7,Ixigo,11317.0,85
2026-09-30,MAA_BOM,7,MakeMyTrip,7683.0,32
2026-09-30,MAA_BOM,7,Yatra,11047.0,86
2026-09-30,MAA_BOM,15,Air India Direct,7832.0,1
2026-09-30,MAA_BOM,15,Akasa Direct,7061.0,1
2026-09-30,MAA_BOM,15,Cleartrip,12470.5,90
2026-09-30,MAA_BOM,15,EaseMyTrip,9421.0,48
2026-09-30,MAA_BOM,15,Goibibo,7540.0,20
2026-09-30,MAA_BOM,15,IndiGo Direct,9908.5,54
2026-09-30,MAA_BOM,15,Ixigo,12785.5,82
2026-09-30,MAA_BOM,15,MakeMyTrip,7540.0,21
2026-09-30,MAA_BOM,15,Yatra,11619.0,83
2026-09-30,MAA_BOM,30,Air India Direct,7832.0,1
2026-09-30,MAA_BOM,30,Akasa Direct,7698.0,1
2026-09-30,MAA_BOM,30,Cleartrip,12085.0,91
2026-09-30,MAA_BOM,30,EaseMyTrip,9211.0,40
2026-09-30,MAA_BOM,30,Goibibo,7540.0,20
2026-09-30,MAA_BOM,30,IndiGo Direct,9290.0,58
2026-09-30,MAA_BOM,30,Ixigo,14899.0,96
2026-09-30,MAA_BOM,30,MakeMyTrip,7540.0,23
2026-09-30,MAA_BOM,30,Yatra,12085.0,75
2026-09-30,MAA_BOM,45,Air India Direct,8409.0,1
2026-09-30,MAA_BOM,45,Akasa Direct,7436.0,1
2026-09-30,MAA_BOM,45,Cleartrip,14517.0,82
2026-09-30,MAA_BOM,45,EaseMyTrip,13316.0,54
2026-09-30,MAA_BOM,45,Goibibo,9080.0,19
2026-09-30,MAA_BOM,45,IndiGo Direct,14895.0,61
2026-09-30,MAA_BOM,45,Ixigo,14708.0,79
2026-09-30,MAA_BOM,45,MakeMyTrip,9015.0,21
2026-09-30,MAA_BOM,45,Yatra,14726.0,89
2026-09-30,MAA_DEL,1,Air India Direct,10442.0,1
2026-09-30,MAA_DEL,1,Cleartrip,18102.0,106
2026-09-30,MAA_DEL,1,EaseMyTrip,17644.0,71
2026-09-30,MAA_DEL,1,Goibibo,13954.0,47
2026-09-30,MAA_DEL,1,IndiGo Direct,15700.5,60
2026-09-30,MAA_DEL,1,Ixigo,18569.0,72
2026-09-30,MAA_DEL,1,MakeMyTrip,13367.0,55
2026-09-30,MAA_DEL,1,Yatra,18284.0,97
2026-09-30,MAA_DEL,7,Air India Direct,10442.0,1
2026-09-30,MAA_DEL,7,Akasa Direct,11187.0,1
2026-09-30,MAA_DEL,7,Cleartrip,13221.0,110
2026-09-30,MAA_DEL,7,EaseMyTrip,12321.5,68
2026-09-30,MAA_DEL,7,Goibibo,10729.0,45
2026-09-30,MAA_DEL,7,IndiGo Direct,12068.5,56
2026-09-30,MAA_DEL,7,Ixigo,12936.0,92
2026-09-30,MAA_DEL,7,MakeMyTrip,10158.0,30
2026-09-30,MAA_DEL,7,Yatra,12408.0,81
2026-09-30,MAA_DEL,15,Air India Direct,10442.0,1
2026-09-30,MAA_DEL,15,Akasa Direct,11187.0,1
2026-09-30,MAA_DEL,15,Cleartrip,15745.0,112
2026-09-30,MAA_DEL,15,EaseMyTrip,14517.0,71
2026-09-30,MAA_DEL,15,Goibibo,10150.0,21
2026-09-30,MAA_DEL,15,IndiGo Direct,14016.0,58
2026-09-30,MAA_DEL,15,Ixigo,15893.5,100
2026-09-30,MAA_DEL,15,MakeMyTrip,10150.0,26
2026-09-30,MAA_DEL,15,Yatra,15402.5,90
2026-09-30,MAA_DEL,30,Air India Direct,10442.0,1
2026-09-30,MAA_DEL,30,Akasa Direct,13323.0,1
2026-09-30,MAA_DEL,30,Cleartrip,16614.0,109
2026-09-30,MAA_DEL,30,EaseMyTrip,15804.0,70
2026-09-30,MAA_DEL,30,Goibibo,10463.0,21
2026-09-30,MAA_DEL,30,IndiGo Direct,15080.0,59
2026-09-30,MAA_DEL,30,Ixigo,16883.0,86
2026-09-30,MAA_DEL,30,MakeMyTrip,10150.0,26
2026-09-30,MAA_DEL,30,Yatra,16898.0,89
2026-09-30,MAA_DEL,45,Air India Direct,11554.0,1
2026-09-30,MAA_DEL,45,Akasa Direct,27626.0,1
2026-09-30,MAA_DEL,45,Cleartrip,13760.0,107
2026-09-30,MAA_DEL,45,EaseMyTrip,13487.0,67
2026-09-30,MAA_DEL,45,Goibibo,10615.0,23
2026-09-30,MAA_DEL,45,IndiGo Direct,13213.0,59
2026-09-30,MAA_DEL,45,Ixigo,13851.0,89
2026-09-30,MAA_DEL,45,MakeMyTrip,10150.0,29
2026-09-30,MAA_DEL,45,Yatra,13760.0,89
2026-10-01,AMD_DEL,1,Air India Direct,6190.0,1
2026-10-01,AMD_DEL,1,Akasa Direct,13611.0,5
2026-10-01,AMD_DEL,1,Cleartrip,10388.5,44
2026-10-01,AMD_DEL,1,EaseMyTrip,7730.0,27
2026-10-01,AMD_DEL,1,Goibibo,7098.0,19
2026-10-01,AMD_DEL,1,IndiGo Direct,7556.0,25
2026-10-01,AMD_DEL,1,Ixigo,12223.5,56
2026-10-01,AMD_DEL,1,MakeMyTrip,6298.0,23
2026-10-01,AMD_DEL,1,Yatra,11590.0,50
2026-10-01,AMD_DEL,7,Air India Direct,6435.0,1
2026-10-01,AMD_DEL,7,Akasa Direct,10141.0,5
2026-10-01,AMD_DEL,7,Cleartrip,9593.5,50
2026-10-01,AMD_DEL,7,EaseMyTrip,6680.0,29
2026-10-01,AMD_DEL,7,Goibibo,6428.5,20
2026-10-01,AMD_DEL,7,IndiGo Direct,5823.0,21
2026-10-01,AMD_DEL,7,Ixigo,10374.0,65
2026-10-01,AMD_DEL,7,MakeMyTrip,6298.0,23
2026-10-01,AMD_DEL,7,Yatra,10013.5,58
2026-10-01,AMD_DEL,15,Air India Direct,6435.0,1
2026-10-01,AMD_DEL,15,Akasa Direct,14239.0,5
2026-10-01,AMD_DEL,15,Cleartrip,13919.0,63
2026-10-01,AMD_DEL,15,EaseMyTrip,7098.0,27
2026-10-01,AMD_DEL,15,Goibibo,6298.0,19
2026-10-01,AMD_DEL,15,IndiGo Direct,6033.0,23
2026-10-01,AMD_DEL,15,Ixigo,14016.5,70
2026-10-01,AMD_DEL,15,MakeMyTrip,6298.0,21
2026-10-01,AMD_DEL,15,Yatra,14239.0,81
2026-10-01,AMD_DEL,30,Air India Direct,6435.0,1
2026-10-01,AMD_DEL,30,Akasa Direct,12729.0,5
2026-10-01,AMD_DEL,30,Cleartrip,12119.5,48
2026-10-01,AMD_DEL,30,EaseMyTrip,8451.0,32
2026-10-01,AMD_DEL,30,Goibibo,6680.0,23
2026-10-01,AMD_DEL,30,IndiGo Direct,8238.0,29
2026-10-01,AMD_DEL,30,Ixigo,13659.5,58
2026-10-01,AMD_DEL,30,MakeMyTrip,6470.0,27
2026-10-01,AMD_DEL,30,Yatra,13666.0,65
2026-10-01,AMD_DEL,45,Air India Direct,6540.0,1
2026-10-01,AMD_DEL,45,Akasa Direct,14698.0,5
2026-10-01,AMD_DEL,45,Cleartrip,14249.5,62
2026-10-01,AMD_DEL,45,EaseMyTrip,8990.0,39
2026-10-01,AMD_DEL,45,Goibibo,8574.5,28
2026-10-01,AMD_DEL,45,IndiGo Direct,8238.0,27
2026-10-01,AMD_DEL,45,Ixigo,16484.0,64
2026-10-01,AMD_DEL,45,MakeMyTrip,6687.0,35
2026-10-01,AMD_DEL,45,Yatra,15775.0,68
2026-10-01,BLR_BOM,1,Air India Direct,6028.0,1
2026-10-01,BLR_BOM,1,Akasa Direct,7287.0,4
2026-10-01,BLR_BOM,1,Cleartrip,10820.0,104
2026-10-01,BLR_BOM,1,EaseMyTrip,8452.0,77
2026-10-01,BLR_BOM,1,Goibibo,6982.0,40
2026-10-01,BLR_BOM,1,IndiGo Direct,7266.0,59
2026-10-01,BLR_BOM,1,Ixigo,11562.5,98
2026-10-01,BLR_BOM,1,MakeMyTrip,6982.0,46
2026-10-01,BLR_BOM,1,Yatra,11022.0,97
2026-10-01,BLR_BOM,7,Air India Direct,4980.0,1
2026-10-01,BLR_BOM,7,Akasa Direct,6613.5,6
2026-10-01,BLR_BOM,7,Cleartrip,11350.0,113
2026-10-01,BLR_BOM,7,EaseMyTrip,9014.5,86
2026-10-01,BLR_BOM,7,Goibibo,4590.0,1
2026-10-01,BLR_BOM,7,IndiGo Direct,6798.0,61
2026-10-01,BLR_BOM,7,Ixigo,16474.5,124
2026-10-01,BLR_BOM,7,MakeMyTrip,6982.0,50
2026-10-01,BLR_BOM,7,Yatra,11492.0,104
2026-10-01,BLR_BOM,15,Air India Direct,8751.0,1
2026-10-01,BLR_BOM,15,Akasa Direct,7484.0,4
2026-10-01,BLR_BOM,15,Cleartrip,17179.5,130
2026-10-01,BLR_BOM,15,EaseMyTrip,12880.0,86
2026-10-01,BLR_BOM,15,Goibibo,9236.0,49
2026-10-01,BLR_BOM,15,IndiGo Direct,8696.5,64
2026-10-01,BLR_BOM,15,Ixigo,19733.0,123
2026-10-01,BLR_BOM,15,MakeMyTrip,8888.0,49
2026-10-01,BLR_BOM,15,Yatra,13881.0,89
2026-10-01,BLR_BOM,30,Air India Direct,8751.0,1
2026-10-01,BLR_BOM,30,Akasa Direct,9672.0,7
2026-10-01,BLR_BOM,30,Cleartrip,10872.0,141
2026-10-01,BLR_BOM,30,EaseMyTrip,10657.0,98
2026-10-01,BLR_BOM,30,Goibibo,10657.0,46
2026-10-01,BLR_BOM,30,IndiGo Direct,8673.0,60
2026-10-01,BLR_BOM,30,Ixigo,10979.0,121
2026-10-01,BLR_BOM,30,MakeMyTrip,9849.5,52
2026-10-01,BLR_BOM,30,SpiceJet Direct,7341.0,3
2026-10-01,BLR_BOM,30,Yatra,8862.0,77
2026-10-01,BLR_BOM,45,Air India Direct,9708.0,1
2026-10-01,BLR_BOM,45,Akasa Direct,9333.5,6
2026-10-01,BLR_BOM,45,Cleartrip,13893.0,122
2026-10-01,BLR_BOM,45,EaseMyTrip,12056.0,90
2026-10-01,BLR_BOM,45,Goibibo,10872.0,55
2026-10-01,BLR_BOM,45,IndiGo Direct,11707.0,66
2026-10-01,BLR_BOM,45,Ixigo,15487.0,119
2026-10-01,BLR_BOM,45,MakeMyTrip,10779.0,58
2026-10-01,BLR_BOM,45,SpiceJet Direct,7964.0,3
2026-10-01,BLR_BOM,45,Yatra,12757.0,102
2026-10-01,BLR_DEL,1,Air India Direct,8649.0,1
2026-10-01,BLR_DEL,1,Akasa Direct,11368.5,6
2026-10-01,BLR_DEL,1,Cleartrip,14577.0,149
2026-10-01,BLR_DEL,1,EaseMyTrip,11909.0,110
2026-10-01,BLR_DEL,1,Goibibo,10969.0,53
2026-10-01,BLR_DEL,1,IndiGo Direct,11442.0,68
2026-10-01,BLR_DEL,1,Ixigo,14704.5,148
2026-10-01,BLR_DEL,1,MakeMyTrip,10033.0,61
2026-10-01,BLR_DEL,1,Yatra,10969.0,78
2026-10-01,BLR_DEL,7,Air India Direct,8656.0,1
2026-10-01,BLR_DEL,7,Akasa Direct,9800.0,5
2026-10-01,BLR_DEL,7,Cleartrip,14855.0,163
2026-10-01,BLR_DEL,7,EaseMyTrip,13199.0,116
2026-10-01,BLR_DEL,7,Goibibo,11012.0,56
2026-10-01,BLR_DEL,7,IndiGo Direct,12025.0,69
2026-10-01,BLR_DEL,7,Ixigo,15752.0,150
2026-10-01,BLR_DEL,7,MakeMyTrip,10639.5,68
2026-10-01,BLR_DEL,7,Yatra,11003.0,71
2026-10-01,BLR_DEL,15,Air India Direct,13873.0,1
2026-10-01,BLR_DEL,15,Akasa Direct,14047.5,6
2026-10-01,BLR_DEL,15,Cleartrip,18372.0,165
2026-10-01,BLR_DEL,15,EaseMyTrip,17706.0,117
2026-10-01,BLR_DEL,15,Goibibo,15407.0,59
2026-10-01,BLR_DEL,15,IndiGo Direct,17307.0,70
2026-10-01,BLR_DEL,15,Ixigo,18832.0,146
2026-10-01,BLR_DEL,15,MakeMyTrip,14639.0,67
2026-10-01,BLR_DEL,15,Yatra,16892.5,98
2026-10-01,BLR_DEL,30,Air India Direct,11362.0,1
2026-10-01,BLR_DEL,30,Akasa Direct,13787.0,6
2026-10-01,BLR_DEL,30,Cleartrip,15703.0,178
2026-10-01,BLR_DEL,30,EaseMyTrip,14400.0,123
2026-10-01,BLR_DEL,30,Goibibo,13804.0,50
2026-10-01,BLR_DEL,30,IndiGo Direct,13647.0,69
2026-10-01,BLR_DEL,30,Ixigo,14903.0,141
2026-10-01,BLR_DEL,30,MakeMyTrip,13804.0,68
2026-10-01,BLR_DEL,30,Yatra,13917.0,103
2026-10-01,BLR_DEL,45,Air India Direct,8757.0,1
2026-10-01,BLR_DEL,45,Akasa Direct,9415.5,6
2026-10-01,BLR_DEL,45,Cleartrip,15182.0,181
2026-10-01,BLR_DEL,45,EaseMyTrip,13711.0,125
2026-10-01,BLR_DEL,45,Goibibo,10755.0,55
2026-10-01,BLR_DEL,45,IndiGo Direct,10925.0,68
2026-10-01,BLR_DEL,45,Ixigo,14798.5,144
2026-10-01,BLR_DEL,45,MakeMyTrip,10243.0,65
2026-10-01,BLR_DEL,45,Yatra,12594.5,102
2026-10-01,BLR_HYD,1,Air India Direct,7324.0,1
2026-10-01,BLR_HYD,1,Akasa Direct,19748.0,5
2026-10-01,BLR_HYD,1,Cleartrip,12097.0,80
2026-10-01,BLR_HYD,1,EaseMyTrip,12573.0,69
2026-10-01,BLR_HYD,1,Goibibo,8119.5,28
2026-10-01,BLR_HYD,1,IndiGo Direct,11214.5,84
2026-10-01,BLR_HYD,1,Ixigo,13270.0,96
2026-10-01,BLR_HYD,1,MakeMyTrip,8162.0,38
2026-10-01,BLR_HYD,1,Yatra,12758.0,96
2026-10-01,BLR_HYD,7,Air India Direct,9871.0,1
2026-10-01,BLR_HYD,7,Akasa Direct,18107.5,4
2026-10-01,BLR_HYD,7,Cleartrip,12573.0,92
2026-10-01,BLR_HYD,7,EaseMyTrip,13070.0,75
2026-10-01,BLR_HYD,7,Goibibo,13347.5,18
2026-10-01,BLR_HYD,7,IndiGo Direct,9552.0,79
2026-10-01,BLR_HYD,7,Ixigo,14524.0,99
2026-10-01,BLR_HYD,7,MakeMyTrip,12463.0,22
2026-10-01,BLR_HYD,7,Yatra,13608.5,102
2026-10-01,BLR_HYD,15,Air India Direct,9279.0,1
2026-10-01,BLR_HYD,15,Akasa Direct,22564.0,5
2026-10-01,BLR_HYD,15,Cleartrip,14918.0,87
2026-10-01,BLR_HYD,15,EaseMyTrip,15071.0,74
2026-10-01,BLR_HYD,15,Goibibo,13746.0,23
2026-10-01,BLR_HYD,15,IndiGo Direct,12581.5,88
2026-10-01,BLR_HYD,15,Ixigo,19936.0,115
2026-10-01,BLR_HYD,15,MakeMyTrip,11832.5,28
2026-10-01,BLR_HYD,15,Yatra,16785.0,89
2026-10-01,BLR_HYD,30,Air India Direct,5471.0,1
2026-10-01,BLR_HYD,30,Akasa Direct,22770.0,4
2026-10-01,BLR_HYD,30,Cleartrip,7606.0,81
2026-10-01,BLR_HYD,30,EaseMyTrip,8761.0,73
2026-10-01,BLR_HYD,30,Goibibo,8761.0,25
2026-10-01,BLR_HYD,30,IndiGo Direct,6642.0,72
2026-10-01,BLR_HYD,30,Ixigo,16785.0,97
2026-10-01,BLR_HYD,30,MakeMyTrip,7886.0,30
2026-10-01,BLR_HYD,30,Yatra,16470.0,101
2026-10-01,BLR_HYD,45,Air India Direct,5471.0,1
2026-10-01,BLR_HYD,45,Akasa Direct,23932.5,4
2026-10-01,BLR_HYD,45,Cleartrip,9605.0,67
2026-10-01,BLR_HYD,45,EaseMyTrip,11048.0,66
2026-10-01,BLR_HYD,45,Goibibo,5475.0,21
2026-10-01,BLR_HYD,45,IndiGo Direct,9605.0,81
2026-10-01,BLR_HYD,45,Ixigo,17860.0,101
2026-10-01,BLR_HYD,45,MakeMyTrip,5474.5,24
2026-10-01,BLR_HYD,45,Yatra,14833.0,83
2026-10-01,BOM_BLR,1,Air India Direct,5166.0,1
2026-10-01,BOM_BLR,1,Akasa Direct,7387.0,4
2026-10-01,BOM_BLR,1,Cleartrip,10654.0,106
2026-10-01,BOM_BLR,1,EaseMyTrip,9504.0,80
2026-10-01,BOM_BLR,1,Goibibo,8035.5,42
2026-10-01,BOM_BLR,1,IndiGo Direct,9036.0,60
2026-10-01,BOM_BLR,1,Ixigo,12291.0,100
2026-10-01,BOM_BLR,1,MakeMyTrip,7269.0,49
2026-10-01,BOM_BLR,1,Yatra,9921.0,82
2026-10-01,BOM_BLR,7,Air India Direct,5238.0,1
2026-10-01,BOM_BLR,7,Akasa Direct,6644.0,5
2026-10-01,BOM_BLR,7,Cleartrip,11427.0,134
2026-10-01,BOM_BLR,7,EaseMyTrip,7712.5,82
2026-10-01,BOM_BLR,7,Goibibo,7212.5,50
2026-10-01,BOM_BLR,7,IndiGo Direct,6945.5,66
2026-10-01,BOM_BLR,7,Ixigo,13571.5,128
2026-10-01,BOM_BLR,7,MakeMyTrip,7062.0,53
2026-10-01,BOM_BLR,7,Yatra,8644.0,88
2026-10-01,BOM_BLR,15,Air India Direct,5443.0,1
2026-10-01,BOM_BLR,15,Akasa Direct,6759.5,4
2026-10-01,BOM_BLR,15,Cleartrip,11759.0,139
2026-10-01,BOM_BLR,15,EaseMyTrip,7687.0,82
2026-10-01,BOM_BLR,15,Goibibo,7062.0,45
2026-10-01,BOM_BLR,15,IndiGo Direct,6747.0,64
2026-10-01,BOM_BLR,15,Ixigo,12071.0,119
2026-10-01,BOM_BLR,15,MakeMyTrip,7062.0,48
2026-10-01,BOM_BLR,15,Yatra,10329.0,103
2026-10-01,BOM_BLR,30,Air India Direct,7751.0,1
2026-10-01,BOM_BLR,30,Akasa Direct,7691.5,6
2026-10-01,BOM_BLR,30,Cleartrip,10881.0,149
2026-10-01,BOM_BLR,30,EaseMyTrip,9221.0,97
2026-10-01,BOM_BLR,30,Goibibo,9057.0,53
2026-10-01,BOM_BLR,30,IndiGo Direct,6349.0,53
2026-10-01,BOM_BLR,30,Ixigo,11023.5,130
2026-10-01,BOM_BLR,30,MakeMyTrip,8532.0,47
2026-10-01,BOM_BLR,30,SpiceJet Direct,7234.0,3
2026-10-01,BOM_BLR,30,Yatra,8825.0,87
2026-10-01,BOM_BLR,45,Air India Direct,7751.0,1
2026-10-01,BOM_BLR,45,Akasa Direct,8751.0,7
2026-10-01,BOM_BLR,45,Cleartrip,13345.0,144
2026-10-01,BOM_BLR,45,EaseMyTrip,11367.0,89
2026-10-01,BOM_BLR,45,Goibibo,10691.0,58
2026-10-01,BOM_BLR,45,IndiGo Direct,11550.0,62
2026-10-01,BOM_BLR,45,Ixigo,15131.0,134
2026-10-01,BOM_BLR,45,MakeMyTrip,9495.0,66
2026-10-01,BOM_BLR,45,SpiceJet Direct,7807.0,3
2026-10-01,BOM_BLR,45,Yatra,12080.0,106
2026-10-01,BOM_DEL,1,Air India Direct,6741.0,1
2026-10-01,BOM_DEL,1,Akasa Direct,9346.5,6
2026-10-01,BOM_DEL,1,Cleartrip,13650.0,138
2026-10-01,BOM_DEL,1,EaseMyTrip,13339.0,116
2026-10-01,BOM_DEL,1,Goibibo,9573.5,70
2026-10-01,BOM_DEL,1,IndiGo Direct,11309.0,73
2026-10-01,BOM_DEL,1,Ixigo,14910.0,132
2026-10-01,BOM_DEL,1,MakeMyTrip,8438.5,76
2026-10-01,BOM_DEL,1,Yatra,12390.0,89
2026-10-01,BOM_DEL,7,Air India Direct,6741.0,1
2026-10-01,BOM_DEL,7,Akasa Direct,6523.0,6
2026-10-01,BOM_DEL,7,Cleartrip,10466.0,145
2026-10-01,BOM_DEL,7,EaseMyTrip,7584.0,103
2026-10-01,BOM_DEL,7,Goibibo,6837.5,68
2026-10-01,BOM_DEL,7,IndiGo Direct,9932.0,75
2026-10-01,BOM_DEL,7,Ixigo,10443.0,130
2026-10-01,BOM_DEL,7,MakeMyTrip,6720.0,76
2026-10-01,BOM_DEL,7,SpiceJet Direct,6472.0,4
2026-10-01,BOM_DEL,7,Yatra,7507.0,93
2026-10-01,BOM_DEL,15,Air India Direct,7114.0,1
2026-10-01,BOM_DEL,15,Akasa Direct,7032.0,7
2026-10-01,BOM_DEL,15,Cleartrip,11142.0,156
2026-10-01,BOM_DEL,15,EaseMyTrip,8554.0,107
2026-10-01,BOM_DEL,15,Goibibo,7762.0,72
2026-10-01,BOM_DEL,15,IndiGo Direct,8554.0,74
2026-10-01,BOM_DEL,15,Ixigo,11309.0,143
2026-10-01,BOM_DEL,15,MakeMyTrip,7259.0,76
2026-10-01,BOM_DEL,15,Yatra,8344.0,83
2026-10-01,BOM_DEL,30,Air India Direct,7655.0,1
2026-10-01,BOM_DEL,30,Akasa Direct,8101.0,8
2026-10-01,BOM_DEL,30,Cleartrip,10695.0,168
2026-10-01,BOM_DEL,30,EaseMyTrip,9224.0,110
2026-10-01,BOM_DEL,30,Goibibo,8332.0,73
2026-10-01,BOM_DEL,30,IndiGo Direct,8758.0,72
2026-10-01,BOM_DEL,30,Ixigo,12243.0,158
2026-10-01,BOM_DEL,30,MakeMyTrip,8101.0,85
2026-10-01,BOM_DEL,30,SpiceJet Direct,7508.0,4
2026-10-01,BOM_DEL,30,Yatra,9224.0,103
2026-10-01,BOM_DEL,45,Air India Direct,6953.0,1
2026-10-01,BOM_DEL,45,Akasa Direct,7740.5,10
2026-10-01,BOM_DEL,45,Cleartrip,15433.0,192
2026-10-01,BOM_DEL,45,EaseMyTrip,8685.0,115
2026-10-01,BOM_DEL,45,Goibibo,7889.0,73
2026-10-01,BOM_DEL,45,IndiGo Direct,10146.0,74
2026-10-01,BOM_DEL,45,Ixigo,15430.0,161
2026-10-01,BOM_DEL,45,MakeMyTrip,7544.0,80
2026-10-01,BOM_DEL,45,SpiceJet Direct,6832.0,6
2026-10-01,BOM_DEL,45,Yatra,8287.0,105
2026-10-01,BOM_GOI,1,Air India Direct,10693.0,1
2026-10-01,BOM_GOI,1,Cleartrip,15511.0,36
2026-10-01,BOM_GOI,1,EaseMyTrip,17897.0,50
2026-10-01,BOM_GOI,1,Goibibo,12398.0,34
2026-10-01,BOM_GOI,1,IndiGo Direct,18455.0,28
2026-10-01,BOM_GOI,1,Ixigo,18455.0,45
2026-10-01,BOM_GOI,1,MakeMyTrip,11138.0,27
2026-10-01,BOM_GOI,1,Yatra,12938.0,51
2026-10-01,BOM_GOI,7,Air India Direct,5914.0,1
2026-10-01,BOM_GOI,7,Cleartrip,13730.0,57
2026-10-01,BOM_GOI,7,EaseMyTrip,12637.0,51
2026-10-01,BOM_GOI,7,Goibibo,9110.0,29
2026-10-01,BOM_GOI,7,IndiGo Direct,12429.0,35
2026-10-01,BOM_GOI,7,Ixigo,14461.0,58
2026-10-01,BOM_GOI,7,MakeMyTrip,6238.0,18
2026-10-01,BOM_GOI,7,Yatra,13287.0,51
2026-10-01,BOM_GOI,15,Air India Direct,4484.0,1
2026-10-01,BOM_GOI,15,Cleartrip,17195.0,61
2026-10-01,BOM_GOI,15,EaseMyTrip,13310.0,51
2026-10-01,BOM_GOI,15,Goibibo,5710.0,26
2026-10-01,BOM_GOI,15,IndiGo Direct,11840.0,36
2026-10-01,BOM_GOI,15,Ixigo,17253.5,60
2026-10-01,BOM_GOI,15,MakeMyTrip,5949.0,20
2026-10-01,BOM_GOI,15,Yatra,14318.0,39
2026-10-01,BOM_GOI,30,Air India Direct,4463.0,1
2026-10-01,BOM_GOI,30,Cleartrip,12412.0,62
2026-10-01,BOM_GOI,30,EaseMyTrip,8302.0,60
2026-10-01,BOM_GOI,30,Goibibo,4854.0,29
2026-10-01,BOM_GOI,30,IndiGo Direct,5552.0,26
2026-10-01,BOM_GOI,30,Ixigo,14315.0,65
2026-10-01,BOM_GOI,30,MakeMyTrip,4683.0,22
2026-10-01,BOM_GOI,30,Yatra,12321.0,57
2026-10-01,BOM_GOI,45,Air India Direct,4518.0,1
2026-10-01,BOM_GOI,45,Cleartrip,5552.0,40
2026-10-01,BOM_GOI,45,EaseMyTrip,8269.0,61
2026-10-01,BOM_GOI,45,Goibibo,4534.0,30
2026-10-01,BOM_GOI,45,IndiGo Direct,5552.0,28
2026-10-01,BOM_GOI,45,Ixigo,13790.0,68
2026-10-01,BOM_GOI,45,MakeMyTrip,4069.0,25
2026-10-01,BOM_GOI,45,SpiceJet Direct,4096.0,2
2026-10-01,BOM_GOI,45,Yatra,9512.0,51
2026-10-01,BOM_MAA,1,Air India Direct,6941.0,1
2026-10-01,BOM_MAA,1,Akasa Direct,8036.0,1
2026-10-01,BOM_MAA,1,Cleartrip,11655.0,68
2026-10-01,BOM_MAA,1,EaseMyTrip,11424.0,67
2026-10-01,BOM_MAA,1,Goibibo,7988.0,23
2026-10-01,BOM_MAA,1,IndiGo Direct,9956.0,50
2026-10-01,BOM_MAA,1,Ixigo,12196.0,67
2026-10-01,BOM_MAA,1,MakeMyTrip,7988.0,26
2026-10-01,BOM_MAA,1,Yatra,10890.0,59
2026-10-01,BOM_MAA,7,Air India Direct,7357.0,1
2026-10-01,BOM_MAA,7,Akasa Direct,6008.0,1
2026-10-01,BOM_MAA,7,Cleartrip,11696.0,79
2026-10-01,BOM_MAA,7,EaseMyTrip,11052.0,53
2026-10-01,BOM_MAA,7,Goibibo,7988.0,23
2026-10-01,BOM_MAA,7,IndiGo Direct,11570.0,59
2026-10-01,BOM_MAA,7,Ixigo,13628.0,83
2026-10-01,BOM_MAA,7,MakeMyTrip,7510.0,27
2026-10-01,BOM_MAA,7,Yatra,11840.0,90
2026-10-01,BOM_MAA,15,Air India Direct,6943.0,1
2026-10-01,BOM_MAA,15,Akasa Direct,6575.0,1
2026-10-01,BOM_MAA,15,Cleartrip,11696.0,78
2026-10-01,BOM_MAA,15,EaseMyTrip,11264.0,55
2026-10-01,BOM_MAA,15,Goibibo,6859.0,25
2026-10-01,BOM_MAA,15,IndiGo Direct,11306.0,57
2026-10-01,BOM_MAA,15,Ixigo,13220.5,78
2026-10-01,BOM_MAA,15,MakeMyTrip,6651.0,27
2026-10-01,BOM_MAA,15,Yatra,11970.0,93
2026-10-01,BOM_MAA,30,Air India Direct,6943.0,1
2026-10-01,BOM_MAA,30,Akasa Direct,6457.0,1
2026-10-01,BOM_MAA,30,Cleartrip,9243.0,71
2026-10-01,BOM_MAA,30,EaseMyTrip,8718.5,54
2026-10-01,BOM_MAA,30,Goibibo,6651.0,18
2026-10-01,BOM_MAA,30,IndiGo Direct,8664.0,54
2026-10-01,BOM_MAA,30,Ixigo,13395.0,84
2026-10-01,BOM_MAA,30,MakeMyTrip,6651.0,21
2026-10-01,BOM_MAA,30,Yatra,9243.0,63
2026-10-01,BOM_MAA,45,Air India Direct,7692.0,1
2026-10-01,BOM_MAA,45,Akasa Direct,7200.0,1
2026-10-01,BOM_MAA,45,Cleartrip,13012.0,66
2026-10-01,BOM_MAA,45,EaseMyTrip,12564.0,51
2026-10-01,BOM_MAA,45,Goibibo,8504.0,19
2026-10-01,BOM_MAA,45,IndiGo Direct,12994.0,52
2026-10-01,BOM_MAA,45,Ixigo,14511.0,70
2026-10-01,BOM_MAA,45,MakeMyTrip,8215.0,21
2026-10-01,BOM_MAA,45,Yatra,13373.5,62
2026-10-01,CCU_DEL,1,Air India Direct,9108.0,1
2026-10-01,CCU_DEL,1,Akasa Direct,7906.0,3
2026-10-01,CCU_DEL,1,Cleartrip,11473.0,102
2026-10-01,CCU_DEL,1,EaseMyTrip,11158.0,74
2026-10-01,CCU_DEL,1,Goibibo,8849.0,29
2026-10-01,CCU_DEL,1,IndiGo Direct,11285.0,58
2026-10-01,CCU_DEL,1,Ixigo,12601.0,92
2026-10-01,CCU_DEL,1,MakeMyTrip,8849.0,34
2026-10-01,CCU_DEL,1,SpiceJet Direct,8085.0,1
2026-10-01,CCU_DEL,1,Yatra,12027.0,87
2026-10-01,CCU_DEL,7,Air India Direct,9108.0,1
2026-10-01,CCU_DEL,7,Akasa Direct,8042.0,3
2026-10-01,CCU_DEL,7,Cleartrip,11710.0,103
2026-10-01,CCU_DEL,7,EaseMyTrip,10792.5,74
2026-10-01,CCU_DEL,7,Goibibo,8849.0,32
2026-10-01,CCU_DEL,7,IndiGo Direct,11014.0,58
2026-10-01,CCU_DEL,7,Ixigo,11290.0,91
2026-10-01,CCU_DEL,7,MakeMyTrip,8849.0,37
2026-10-01,CCU_DEL,7,SpiceJet Direct,7981.0,1
2026-10-01,CCU_DEL,7,Yatra,11014.0,76
2026-10-01,CCU_DEL,15,Air India Direct,17241.0,1
2026-10-01,CCU_DEL,15,Akasa Direct,16730.0,3
2026-10-01,CCU_DEL,15,Cleartrip,22394.0,105
2026-10-01,CCU_DEL,15,EaseMyTrip,22394.0,80
2026-10-01,CCU_DEL,15,Goibibo,18767.5,42
2026-10-01,CCU_DEL,15,IndiGo Direct,20541.0,61
2026-10-01,CCU_DEL,15,Ixigo,23102.0,98
2026-10-01,CCU_DEL,15,MakeMyTrip,17929.5,48
2026-10-01,CCU_DEL,15,Yatra,22394.0,95
2026-10-01,CCU_DEL,30,Air India Direct,9274.0,1
2026-10-01,CCU_DEL,30,Akasa Direct,8766.0,3
2026-10-01,CCU_DEL,30,Cleartrip,12564.0,96
2026-10-01,CCU_DEL,30,EaseMyTrip,11014.0,82
2026-10-01,CCU_DEL,30,Goibibo,10319.0,39
2026-10-01,CCU_DEL,30,IndiGo Direct,11027.0,57
2026-10-01,CCU_DEL,30,Ixigo,13566.0,94
2026-10-01,CCU_DEL,30,MakeMyTrip,9962.0,45
2026-10-01,CCU_DEL,30,SpiceJet Direct,9671.0,1
2026-10-01,CCU_DEL,30,Yatra,12629.0,88
2026-10-01,CCU_DEL,45,Air India Direct,11216.0,1
2026-10-01,CCU_DEL,45,Akasa Direct,11632.0,3
2026-10-01,CCU_DEL,45,Cleartrip,16498.5,108
2026-10-01,CCU_DEL,45,EaseMyTrip,14399.0,79
2026-10-01,CCU_DEL,45,Goibibo,12682.0,39
2026-10-01,CCU_DEL,45,IndiGo Direct,14260.0,59
2026-10-01,CCU_DEL,45,Ixigo,17154.0,95
2026-10-01,CCU_DEL,45,MakeMyTrip,12682.0,46
2026-10-01,CCU_DEL,45,SpiceJet Direct,12840.0,1
2026-10-01,CCU_DEL,45,Yatra,16868.0,97
2026-10-01,DEL_AMD,1,Air India Direct,5935.0,1
2026-10-01,DEL_AMD,1,Akasa Direct,11960.0,7
2026-10-01,DEL_AMD,1,Cleartrip,10320.0,41
2026-10-01,DEL_AMD,1,EaseMyTrip,9932.0,33
2026-10-01,DEL_AMD,1,Goibibo,6425.0,20
2026-10-01,DEL_AMD,1,IndiGo Direct,7835.0,27
2026-10-01,DEL_AMD,1,Ixigo,11294.0,54
2026-10-01,DEL_AMD,1,MakeMyTrip,6214.0,23
2026-10-01,DEL_AMD,1,Yatra,11295.0,72
2026-10-01,DEL_AMD,7,Air India Direct,5935.0,1
2026-10-01,DEL_AMD,7,Akasa Direct,11492.0,7
2026-10-01,DEL_AMD,7,Cleartrip,12595.0,67
2026-10-01,DEL_AMD,7,EaseMyTrip,11948.0,48
2026-10-01,DEL_AMD,7,Goibibo,5798.0,19
2026-10-01,DEL_AMD,7,IndiGo Direct,8310.0,27
2026-10-01,DEL_AMD,7,Ixigo,12825.0,76
2026-10-01,DEL_AMD,7,MakeMyTrip,5798.0,22
2026-10-01,DEL_AMD,7,Yatra,13050.5,82
2026-10-01,DEL_AMD,15,Air India Direct,6162.0,1
2026-10-01,DEL_AMD,15,Akasa Direct,13302.0,7
2026-10-01,DEL_AMD,15,Cleartrip,14169.0,60
2026-10-01,DEL_AMD,15,EaseMyTrip,12648.0,42
2026-10-01,DEL_AMD,15,Goibibo,7160.0,18
2026-10-01,DEL_AMD,15,IndiGo Direct,7022.0,26
2026-10-01,DEL_AMD,15,Ixigo,14440.0,65
2026-10-01,DEL_AMD,15,MakeMyTrip,6846.0,21
2026-10-01,DEL_AMD,15,Yatra,14317.0,73
2026-10-01,DEL_AMD,30,Air India Direct,5935.0,1
2026-10-01,DEL_AMD,30,Akasa Direct,15532.0,8
2026-10-01,DEL_AMD,30,Cleartrip,11994.0,71
2026-10-01,DEL_AMD,30,EaseMyTrip,6942.0,36
2026-10-01,DEL_AMD,30,Goibibo,5798.0,21
2026-10-01,DEL_AMD,30,IndiGo Direct,6729.0,28
2026-10-01,DEL_AMD,30,Ixigo,12684.0,63
2026-10-01,DEL_AMD,30,MakeMyTrip,5794.0,26
2026-10-01,DEL_AMD,30,Yatra,12684.0,71
2026-10-01,DEL_AMD,45,Air India Direct,17165.0,1
2026-10-01,DEL_AMD,45,Akasa Direct,30482.0,8
2026-10-01,DEL_AMD,45,Cleartrip,24920.5,70
2026-10-01,DEL_AMD,45,EaseMyTrip,20126.0,46
2026-10-01,DEL_AMD,45,Goibibo,17029.0,22
2026-10-01,DEL_AMD,45,IndiGo Direct,19410.0,31
2026-10-01,DEL_AMD,45,Ixigo,24323.0,61
2026-10-01,DEL_AMD,45,MakeMyTrip,16716.0,26
2026-10-01,DEL_AMD,45,Yatra,24966.0,73
2026-10-01,DEL_BLR,1,Air India Direct,9118.0,1
2026-10-01,DEL_BLR,1,Akasa Direct,8829.0,6
2026-10-01,DEL_BLR,1,Cleartrip,13265.0,165
2026-10-01,DEL_BLR,1,EaseMyTrip,11342.0,131
2026-10-01,DEL_BLR,1,Goibibo,9037.0,49
2026-10-01,DEL_BLR,1,IndiGo Direct,10684.0,68
2026-10-01,DEL_BLR,1,Ixigo,14779.5,136
2026-10-01,DEL_BLR,1,MakeMyTrip,9037.0,56
2026-10-01,DEL_BLR,1,Yatra,10684.0,95
2026-10-01,DEL_BLR,7,Air India Direct,9121.0,1
2026-10-01,DEL_BLR,7,Akasa Direct,8829.0,5
2026-10-01,DEL_BLR,7,Cleartrip,14143.0,189
2026-10-01,DEL_BLR,7,EaseMyTrip,11095.0,135
2026-10-01,DEL_BLR,7,Goibibo,8995.5,48
2026-10-01,DEL_BLR,7,IndiGo Direct,10763.0,69
2026-10-01,DEL_BLR,7,Ixigo,14407.0,176
2026-10-01,DEL_BLR,7,MakeMyTrip,8829.0,56
2026-10-01,DEL_BLR,7,Yatra,10763.0,107
2026-10-01,DEL_BLR,15,Air India Direct,10235.0,1
2026-10-01,DEL_BLR,15,Akasa Direct,10424.0,6
2026-10-01,DEL_BLR,15,Cleartrip,14264.0,179
2026-10-01,DEL_BLR,15,EaseMyTrip,12163.0,139
2026-10-01,DEL_BLR,15,Goibibo,10557.0,58
2026-10-01,DEL_BLR,15,IndiGo Direct,11407.5,70
2026-10-01,DEL_BLR,15,Ixigo,14376.0,157
2026-10-01,DEL_BLR,15,MakeMyTrip,10151.0,64
2026-10-01,DEL_BLR,15,Yatra,11931.0,96
2026-10-01,DEL_BLR,30,Air India Direct,10235.0,1
2026-10-01,DEL_BLR,30,Akasa Direct,9769.5,6
2026-10-01,DEL_BLR,30,Cleartrip,13737.0,183
2026-10-01,DEL_BLR,30,EaseMyTrip,11010.0,133
2026-10-01,DEL_BLR,30,Goibibo,10411.5,54
2026-10-01,DEL_BLR,30,IndiGo Direct,10684.0,66
2026-10-01,DEL_BLR,30,Ixigo,13897.0,161
2026-10-01,DEL_BLR,30,MakeMyTrip,9936.0,59
2026-10-01,DEL_BLR,30,SpiceJet Direct,12550.0,4
2026-10-01,DEL_BLR,30,Yatra,10763.0,102
2026-10-01,DEL_BLR,45,Air India Direct,16836.0,1
2026-10-01,DEL_BLR,45,Akasa Direct,18648.5,6
2026-10-01,DEL_BLR,45,Cleartrip,22841.0,178
2026-10-01,DEL_BLR,45,EaseMyTrip,19430.0,126
2026-10-01,DEL_BLR,45,Goibibo,18608.5,94
2026-10-01,DEL_BLR,45,IndiGo Direct,18830.5,68
2026-10-01,DEL_BLR,45,Ixigo,21978.0,152
2026-10-01,DEL_BLR,45,MakeMyTrip,17754.0,66
2026-10-01,DEL_BLR,45,Yatra,18548.0,103
2026-10-01,DEL_BOM,1,Air India Direct,6822.0,1
2026-10-01,DEL_BOM,1,Akasa Direct,6816.5,6
2026-10-01,DEL_BOM,1,Cleartrip,12413.0,148
2026-10-01,DEL_BOM,1,EaseMyTrip,8158.0,86
2026-10-01,DEL_BOM,1,Goibibo,6895.5,66
2026-10-01,DEL_BOM,1,IndiGo Direct,7685.0,74
2026-10-01,DEL_BOM,1,Ixigo,13561.0,139
2026-10-01,DEL_BOM,1,MakeMyTrip,6688.0,71
2026-10-01,DEL_BOM,1,Yatra,7579.0,100
2026-10-01,DEL_BOM,7,Air India Direct,13453.0,1
2026-10-01,DEL_BOM,7,Akasa Direct,6530.0,6
2026-10-01,DEL_BOM,7,Cleartrip,8809.0,159
2026-10-01,DEL_BOM,7,EaseMyTrip,7710.0,103
2026-10-01,DEL_BOM,7,Goibibo,7368.0,74
2026-10-01,DEL_BOM,7,IndiGo Direct,7710.0,75
2026-10-01,DEL_BOM,7,Ixigo,10250.0,151
2026-10-01,DEL_BOM,7,MakeMyTrip,7160.0,81
2026-10-01,DEL_BOM,7,SpiceJet Direct,6447.0,2
2026-10-01,DEL_BOM,7,Yatra,7962.0,113
2026-10-01,DEL_BOM,15,Air India Direct,7132.0,1
2026-10-01,DEL_BOM,15,Akasa Direct,6925.5,6
2026-10-01,DEL_BOM,15,Cleartrip,10477.0,165
2026-10-01,DEL_BOM,15,EaseMyTrip,8384.0,83
2026-10-01,DEL_BOM,15,Goibibo,7406.0,71
2026-10-01,DEL_BOM,15,IndiGo Direct,7587.5,74
2026-10-01,DEL_BOM,15,Ixigo,14241.0,150
2026-10-01,DEL_BOM,15,MakeMyTrip,7227.0,79
2026-10-01,DEL_BOM,15,Yatra,7677.0,98
2026-10-01,DEL_BOM,30,Air India Direct,6923.0,1
2026-10-01,DEL_BOM,30,Akasa Direct,6690.5,8
2026-10-01,DEL_BOM,30,Cleartrip,9672.0,179
2026-10-01,DEL_BOM,30,EaseMyTrip,7407.0,109
2026-10-01,DEL_BOM,30,Goibibo,7019.0,72
2026-10-01,DEL_BOM,30,IndiGo Direct,7500.0,75
2026-10-01,DEL_BOM,30,Ixigo,10466.0,165
2026-10-01,DEL_BOM,30,MakeMyTrip,7019.0,79
2026-10-01,DEL_BOM,30,Yatra,7369.0,99
2026-10-01,DEL_BOM,45,Air India Direct,13286.0,1
2026-10-01,DEL_BOM,45,Akasa Direct,18956.0,7
2026-10-01,DEL_BOM,45,Cleartrip,19375.0,175
2026-10-01,DEL_BOM,45,EaseMyTrip,17000.0,123
2026-10-01,DEL_BOM,45,Goibibo,16122.0,86
2026-10-01,DEL_BOM,45,IndiGo Direct,15650.0,76
2026-10-01,DEL_BOM,45,Ixigo,19717.0,153
2026-10-01,DEL_BOM,45,MakeMyTrip,13670.0,99
2026-10-01,DEL_BOM,45,SpiceJet Direct,11640.0,8
2026-10-01,DEL_BOM,45,Yatra,16122.0,101
2026-10-01,DEL_CCU,1,Air India Direct,9214.0,1
2026-10-01,DEL_CCU,1,Akasa Direct,8517.0,3
2026-10-01,DEL_CCU,1,Cleartrip,14230.0,105
2026-10-01,DEL_CCU,1,EaseMyTrip,11803.0,81
2026-10-01,DEL_CCU,1,Goibibo,9183.0,31
2026-10-01,DEL_CCU,1,IndiGo Direct,11698.0,60
2026-10-01,DEL_CCU,1,Ixigo,15628.0,98
2026-10-01,DEL_CCU,1,MakeMyTrip,8922.0,35
2026-10-01,DEL_CCU,1,SpiceJet Direct,8941.0,1
2026-10-01,DEL_CCU,1,Yatra,15214.5,96
2026-10-01,DEL_CCU,7,Air India Direct,9700.0,1
2026-10-01,DEL_CCU,7,Akasa Direct,8841.0,3
2026-10-01,DEL_CCU,7,Cleartrip,12547.0,108
2026-10-01,DEL_CCU,7,EaseMyTrip,12236.0,93
2026-10-01,DEL_CCU,7,Goibibo,10497.0,37
2026-10-01,DEL_CCU,7,IndiGo Direct,12282.0,62
2026-10-01,DEL_CCU,7,Ixigo,15833.5,110
2026-10-01,DEL_CCU,7,MakeMyTrip,9967.0,42
2026-10-01,DEL_CCU,7,SpiceJet Direct,8968.0,1
2026-10-01,DEL_CCU,7,Yatra,13278.0,108
2026-10-01,DEL_CCU,15,Air India Direct,15563.0,1
2026-10-01,DEL_CCU,15,Akasa Direct,14405.0,3
2026-10-01,DEL_CCU,15,Cleartrip,22310.0,117
2026-10-01,DEL_CCU,15,EaseMyTrip,20202.0,90
2026-10-01,DEL_CCU,15,Goibibo,18057.0,40
2026-10-01,DEL_CCU,15,IndiGo Direct,20144.5,62
2026-10-01,DEL_CCU,15,Ixigo,22960.0,107
2026-10-01,DEL_CCU,15,MakeMyTrip,17007.0,49
2026-10-01,DEL_CCU,15,SpiceJet Direct,14894.0,3
2026-10-01,DEL_CCU,15,Yatra,21414.0,95
2026-10-01,DEL_CCU,30,Air India Direct,9893.0,1
2026-10-01,DEL_CCU,30,Akasa Direct,9280.0,3
2026-10-01,DEL_CCU,30,Cleartrip,14365.5,120
2026-10-01,DEL_CCU,30,EaseMyTrip,13582.0,94
2026-10-01,DEL_CCU,30,Goibibo,10650.5,32
2026-10-01,DEL_CCU,30,IndiGo Direct,13582.0,59
2026-10-01,DEL_CCU,30,Ixigo,14609.0,109
2026-10-01,DEL_CCU,30,MakeMyTrip,10502.0,36
2026-10-01,DEL_CCU,30,Yatra,14277.0,99
2026-10-01,DEL_CCU,45,Air India Direct,10891.0,1
2026-10-01,DEL_CCU,45,Akasa Direct,10782.0,3
2026-10-01,DEL_CCU,45,Cleartrip,14255.0,107
2026-10-01,DEL_CCU,45,EaseMyTrip,13346.0,78
2026-10-01,DEL_CCU,45,Goibibo,11922.5,36
2026-10-01,DEL_CCU,45,IndiGo Direct,13346.0,60
2026-10-01,DEL_CCU,45,Ixigo,15124.0,104
2026-10-01,DEL_CCU,45,MakeMyTrip,11740.0,41
2026-10-01,DEL_CCU,45,SpiceJet Direct,11161.0,1
2026-10-01,DEL_CCU,45,Yatra,14852.0,105
2026-10-01,DEL_GOI,1,Air India Direct,12057.0,1
2026-10-01,DEL_GOI,1,Cleartrip,17003.0,73
2026-10-01,DEL_GOI,1,EaseMyTrip,15399.0,70
2026-10-01,DEL_GOI,1,Goibibo,14665.0,94
2026-10-01,DEL_GOI,1,IndiGo Direct,17848.5,56
2026-10-01,DEL_GOI,1,Ixigo,17458.0,86
2026-10-01,DEL_GOI,1,MakeMyTrip,14324.5,18
2026-10-01,DEL_GOI,1,Yatra,18385.0,75
2026-10-01,DEL_GOI,7,Air India Direct,7542.0,1
2026-10-01,DEL_GOI,7,Cleartrip,13530.0,97
2026-10-01,DEL_GOI,7,EaseMyTrip,11663.0,79
2026-10-01,DEL_GOI,7,Goibibo,10363.0,49
2026-10-01,DEL_GOI,7,IndiGo Direct,12434.0,57
2026-10-01,DEL_GOI,7,Ixigo,13672.0,85
2026-10-01,DEL_GOI,7,MakeMyTrip,11938.0,98
2026-10-01,DEL_GOI,7,Yatra,12028.5,58
2026-10-01,DEL_GOI,15,Air India Direct,11322.0,1
2026-10-01,DEL_GOI,15,Cleartrip,13109.0,94
2026-10-01,DEL_GOI,15,EaseMyTrip,11831.0,76
2026-10-01,DEL_GOI,15,Goibibo,11663.0,87
2026-10-01,DEL_GOI,15,IndiGo Direct,11488.0,53
2026-10-01,DEL_GOI,15,Ixigo,12628.0,77
2026-10-01,DEL_GOI,15,MakeMyTrip,11767.0,93
2026-10-01,DEL_GOI,15,Yatra,11891.0,73
2026-10-01,DEL_GOI,30,Air India Direct,7542.0,1
2026-10-01,DEL_GOI,30,Cleartrip,12191.0,115
2026-10-01,DEL_GOI,30,EaseMyTrip,9462.0,77
2026-10-01,DEL_GOI,30,Goibibo,9462.0,94
2026-10-01,DEL_GOI,30,IndiGo Direct,9002.0,55
2026-10-01,DEL_GOI,30,Ixigo,12577.0,104
2026-10-01,DEL_GOI,30,MakeMyTrip,9002.0,96
2026-10-01,DEL_GOI,30,Yatra,10919.0,68
2026-10-01,DEL_GOI,45,Air India Direct,10587.0,1
2026-10-01,DEL_GOI,45,Cleartrip,17696.5,84
2026-10-01,DEL_GOI,45,EaseMyTrip,17103.0,90
2026-10-01,DEL_GOI,45,Goibibo,11890.0,24
2026-10-01,DEL_GOI,45,IndiGo Direct,17897.0,55
2026-10-01,DEL_GOI,45,Ixigo,17816.5,84
2026-10-01,DEL_GOI,45,MakeMyTrip,11938.0,17
2026-10-01,DEL_GOI,45,SpiceJet Direct,14165.5,6
2026-10-01,DEL_GOI,45,Yatra,17224.5,56
2026-10-01,DEL_HYD,1,Air India Direct,9109.0,1
2026-10-01,DEL_HYD,1,Akasa Direct,9018.5,2
2026-10-01,DEL_HYD,1,Cleartrip,14160.0,109
2026-10-01,DEL_HYD,1,EaseMyTrip,12693.5,98
2026-10-01,DEL_HYD,1,Goibibo,9025.0,29
2026-10-01,DEL_HYD,1,IndiGo Direct,12362.0,63
2026-10-01,DEL_HYD,1,Ixigo,15931.0,103
2026-10-01,DEL_HYD,1,MakeMyTrip,8930.0,34
2026-10-01,DEL_HYD,1,Yatra,12690.0,99
2026-10-01,DEL_HYD,7,Air India Direct,9109.0,1
2026-10-01,DEL_HYD,7,Akasa Direct,8470.0,2
2026-10-01,DEL_HYD,7,Cleartrip,14063.0,121
2026-10-01,DEL_HYD,7,EaseMyTrip,11080.0,79
2026-10-01,DEL_HYD,7,Goibibo,8930.0,31
2026-10-01,DEL_HYD,7,IndiGo Direct,12953.0,63
2026-10-01,DEL_HYD,7,Ixigo,17986.0,108
2026-10-01,DEL_HYD,7,MakeMyTrip,8930.0,34
2026-10-01,DEL_HYD,7,Yatra,12792.0,97
2026-10-01,DEL_HYD,15,Air India Direct,9697.0,1
2026-10-01,DEL_HYD,15,Akasa Direct,9690.0,2
2026-10-01,DEL_HYD,15,Cleartrip,17027.0,133
2026-10-01,DEL_HYD,15,EaseMyTrip,13959.0,87
2026-10-01,DEL_HYD,15,Goibibo,10666.0,34
2026-10-01,DEL_HYD,15,IndiGo Direct,14120.0,64
2026-10-01,DEL_HYD,15,Ixigo,18199.0,114
2026-10-01,DEL_HYD,15,MakeMyTrip,10123.0,42
2026-10-01,DEL_HYD,15,Yatra,15819.0,107
2026-10-01,DEL_HYD,30,Air India Direct,9222.0,1
2026-10-01,DEL_HYD,30,Akasa Direct,9430.5,2
2026-10-01,DEL_HYD,30,Cleartrip,13245.5,128
2026-10-01,DEL_HYD,30,EaseMyTrip,11159.0,85
2026-10-01,DEL_HYD,30,Goibibo,9914.0,29
2026-10-01,DEL_HYD,30,IndiGo Direct,11080.0,63
2026-10-01,DEL_HYD,30,Ixigo,14452.5,108
2026-10-01,DEL_HYD,30,MakeMyTrip,9914.0,33
2026-10-01,DEL_HYD,30,Yatra,12723.0,95
2026-10-01,DEL_HYD,45,Air India Direct,12323.0,1
2026-10-01,DEL_HYD,45,Akasa Direct,13945.0,2
2026-10-01,DEL_HYD,45,Cleartrip,18300.0,117
2026-10-01,DEL_HYD,45,EaseMyTrip,17956.0,99
2026-10-01,DEL_HYD,45,Goibibo,13696.0,39
2026-10-01,DEL_HYD,45,IndiGo Direct,18292.0,64
2026-10-01,DEL_HYD,45,Ixigo,18071.5,96
2026-10-01,DEL_HYD,45,MakeMyTrip,13510.0,44
2026-10-01,DEL_HYD,45,SpiceJet Direct,16105.5,6
2026-10-01,DEL_HYD,45,Yatra,17917.0,102
2026-10-01,DEL_MAA,1,Air India Direct,10435.0,1
2026-10-01,DEL_MAA,1,Akasa Direct,12494.0,1
2026-10-01,DEL_MAA,1,Cleartrip,13380.5,102
2026-10-01,DEL_MAA,1,EaseMyTrip,12674.5,82
2026-10-01,DEL_MAA,1,Goibibo,10002.0,19
2026-10-01,DEL_MAA,1,IndiGo Direct,12674.5,56
2026-10-01,DEL_MAA,1,Ixigo,13949.0,93
2026-10-01,DEL_MAA,1,MakeMyTrip,10002.0,23
2026-10-01,DEL_MAA,1,Yatra,13715.0,95
2026-10-01,DEL_MAA,7,Air India Direct,21810.0,1
2026-10-01,DEL_MAA,7,Akasa Direct,11927.0,1
2026-10-01,DEL_MAA,7,Cleartrip,14578.0,126
2026-10-01,DEL_MAA,7,EaseMyTrip,14217.5,84
2026-10-01,DEL_MAA,7,Goibibo,12734.0,47
2026-10-01,DEL_MAA,7,IndiGo Direct,14361.0,59
2026-10-01,DEL_MAA,7,Ixigo,14618.0,116
2026-10-01,DEL_MAA,7,MakeMyTrip,10107.0,27
2026-10-01,DEL_MAA,7,Yatra,13921.0,111
2026-10-01,DEL_MAA,15,Air India Direct,10294.0,1
2026-10-01,DEL_MAA,15,Akasa Direct,12925.0,1
2026-10-01,DEL_MAA,15,Cleartrip,16056.0,129
2026-10-01,DEL_MAA,15,EaseMyTrip,14725.0,85
2026-10-01,DEL_MAA,15,Goibibo,10285.0,21
2026-10-01,DEL_MAA,15,IndiGo Direct,15441.0,59
2026-10-01,DEL_MAA,15,Ixigo,17179.0,116
2026-10-01,DEL_MAA,15,MakeMyTrip,10210.0,24
2026-10-01,DEL_MAA,15,Yatra,15653.0,97
2026-10-01,DEL_MAA,30,Air India Direct,10294.0,1
2026-10-01,DEL_MAA,30,Akasa Direct,13400.0,2
2026-10-01,DEL_MAA,30,Cleartrip,14223.0,109
2026-10-01,DEL_MAA,30,EaseMyTrip,11963.0,71
2026-10-01,DEL_MAA,30,Goibibo,10337.5,22
2026-10-01,DEL_MAA,30,IndiGo Direct,11963.0,54
2026-10-01,DEL_MAA,30,Ixigo,14277.5,88
2026-10-01,DEL_MAA,30,MakeMyTrip,10210.0,24
2026-10-01,DEL_MAA,30,Yatra,12828.0,82
2026-10-01,DEL_MAA,45,Air India Direct,11916.0,1
2026-10-01,DEL_MAA,45,Akasa Direct,26822.5,2
2026-10-01,DEL_MAA,45,Cleartrip,21681.0,103
2026-10-01,DEL_MAA,45,EaseMyTrip,19021.0,70
2026-10-01,DEL_MAA,45,Goibibo,12579.0,23
2026-10-01,DEL_MAA,45,IndiGo Direct,19236.0,57
2026-10-01,DEL_MAA,45,Ixigo,21988.0,85
2026-10-01,DEL_MAA,45,MakeMyTrip,12336.5,28
2026-10-01,DEL_MAA,45,Yatra,21958.5,86
2026-10-01,HYD_BLR,1,Air India Direct,4929.0,1
2026-10-01,HYD_BLR,1,Akasa Direct,17050.0,2
2026-10-01,HYD_BLR,1,Cleartrip,10945.0,79
2026-10-01,HYD_BLR,1,EaseMyTrip,10049.5,64
2026-10-01,HYD_BLR,1,Goibibo,7746.0,27
2026-10-01,HYD_BLR,1,IndiGo Direct,9692.0,88
2026-10-01,HYD_BLR,1,Ixigo,12838.5,82
2026-10-01,HYD_BLR,1,MakeMyTrip,6660.0,30
2026-10-01,HYD_BLR,1,Yatra,12685.5,90
2026-10-01,HYD_BLR,7,Air India Direct,4929.0,1
2026-10-01,HYD_BLR,7,Akasa Direct,18250.0,1
2026-10-01,HYD_BLR,7,Cleartrip,9282.5,84
2026-10-01,HYD_BLR,7,EaseMyTrip,8901.0,61
2026-10-01,HYD_BLR,7,Goibibo,7746.0,23
2026-10-01,HYD_BLR,7,IndiGo Direct,8297.0,82
2026-10-01,HYD_BLR,7,Ixigo,14391.0,87
2026-10-01,HYD_BLR,7,MakeMyTrip,6537.0,27
2026-10-01,HYD_BLR,7,Yatra,12887.0,85
2026-10-01,HYD_BLR,15,Air India Direct,5128.0,1
2026-10-01,HYD_BLR,15,Akasa Direct,20032.5,2
2026-10-01,HYD_BLR,15,Cleartrip,8414.0,88
2026-10-01,HYD_BLR,15,EaseMyTrip,7970.0,66
2026-10-01,HYD_BLR,15,Goibibo,7029.0,24
2026-10-01,HYD_BLR,15,IndiGo Direct,7300.5,82
2026-10-01,HYD_BLR,15,Ixigo,14761.0,99
2026-10-01,HYD_BLR,15,MakeMyTrip,6580.0,29
2026-10-01,HYD_BLR,15,Yatra,13525.0,99
2026-10-01,HYD_BLR,30,Air India Direct,4929.0,1
2026-10-01,HYD_BLR,30,Akasa Direct,19468.0,1
2026-10-01,HYD_BLR,30,Cleartrip,6192.0,82
2026-10-01,HYD_BLR,30,EaseMyTrip,5836.0,60
2026-10-01,HYD_BLR,30,Goibibo,5617.0,23
2026-10-01,HYD_BLR,30,IndiGo Direct,5836.0,64
2026-10-01,HYD_BLR,30,Ixigo,15755.0,94
2026-10-01,HYD_BLR,30,MakeMyTrip,5364.5,28
2026-10-01,HYD_BLR,30,Yatra,6791.5,84
2026-10-01,HYD_BLR,45,Air India Direct,5613.0,1
2026-10-01,HYD_BLR,45,Akasa Direct,24790.0,1
2026-10-01,HYD_BLR,45,Cleartrip,13888.0,78
2026-10-01,HYD_BLR,45,EaseMyTrip,12715.0,54
2026-10-01,HYD_BLR,45,Goibibo,9457.0,31
2026-10-01,HYD_BLR,45,IndiGo Direct,11798.0,91
2026-10-01,HYD_BLR,45,Ixigo,18131.0,84
2026-10-01,HYD_BLR,45,MakeMyTrip,9816.0,47
2026-10-01,HYD_BLR,45,Yatra,17309.0,79
2026-10-01,HYD_DEL,1,Air India Direct,8655.0,1
2026-10-01,HYD_DEL,1,Akasa Direct,8504.5,2
2026-10-01,HYD_DEL,1,Cleartrip,14022.0,104
2026-10-01,HYD_DEL,1,EaseMyTrip,12633.5,82
2026-10-01,HYD_DEL,1,Goibibo,8868.0,31
2026-10-01,HYD_DEL,1,IndiGo Direct,13267.0,63
2026-10-01,HYD_DEL,1,Ixigo,14204.0,98
2026-10-01,HYD_DEL,1,MakeMyTrip,8834.0,36
2026-10-01,HYD_DEL,1,Yatra,13082.0,89
2026-10-01,HYD_DEL,7,Air India Direct,8572.0,1
2026-10-01,HYD_DEL,7,Akasa Direct,9453.0,2
2026-10-01,HYD_DEL,7,Cleartrip,15125.0,114
2026-10-01,HYD_DEL,7,EaseMyTrip,12863.5,84
2026-10-01,HYD_DEL,7,Goibibo,9916.0,33
2026-10-01,HYD_DEL,7,IndiGo Direct,12728.0,63
2026-10-01,HYD_DEL,7,Ixigo,16133.0,97
2026-10-01,HYD_DEL,7,MakeMyTrip,9916.0,39
2026-10-01,HYD_DEL,7,Yatra,14610.5,88
2026-10-01,HYD_DEL,15,Air India Direct,10787.0,1
2026-10-01,HYD_DEL,15,Akasa Direct,10615.0,2
2026-10-01,HYD_DEL,15,Cleartrip,15981.5,124
2026-10-01,HYD_DEL,15,EaseMyTrip,13333.5,80
2026-10-01,HYD_DEL,15,Goibibo,11494.0,33
2026-10-01,HYD_DEL,15,IndiGo Direct,13820.0,64
2026-10-01,HYD_DEL,15,Ixigo,14661.0,85
2026-10-01,HYD_DEL,15,MakeMyTrip,11116.0,39
2026-10-01,HYD_DEL,15,Yatra,14530.0,95
2026-10-01,HYD_DEL,30,Air India Direct,9667.0,1
2026-10-01,HYD_DEL,30,Akasa Direct,10990.5,2
2026-10-01,HYD_DEL,30,Cleartrip,14740.0,123
2026-10-01,HYD_DEL,30,EaseMyTrip,12829.0,88
2026-10-01,HYD_DEL,30,Goibibo,10495.0,36
2026-10-01,HYD_DEL,30,IndiGo Direct,11745.0,63
2026-10-01,HYD_DEL,30,Ixigo,15705.0,112
2026-10-01,HYD_DEL,30,MakeMyTrip,10374.0,47
2026-10-01,HYD_DEL,30,Yatra,13693.5,96
2026-10-01,HYD_DEL,45,Air India Direct,9825.0,1
2026-10-01,HYD_DEL,45,Akasa Direct,9193.0,2
2026-10-01,HYD_DEL,45,Cleartrip,15975.0,123
2026-10-01,HYD_DEL,45,EaseMyTrip,12597.0,82
2026-10-01,HYD_DEL,45,Goibibo,9916.0,30
2026-10-01,HYD_DEL,45,IndiGo Direct,12597.0,63
2026-10-01,HYD_DEL,45,Ixigo,15622.5,104
2026-10-01,HYD_DEL,45,MakeMyTrip,9741.0,36
2026-10-01,HYD_DEL,45,SpiceJet Direct,12369.0,1
2026-10-01,HYD_DEL,45,Yatra,13733.0,89
2026-10-01,MAA_BOM,1,Air India Direct,7779.0,1
2026-10-01,MAA_BOM,1,Akasa Direct,7436.0,1
2026-10-01,MAA_BOM,1,Cleartrip,10506.5,94
2026-10-01,MAA_BOM,1,EaseMyTrip,9091.0,47
2026-10-01,MAA_BOM,1,Goibibo,7540.0,22
2026-10-01,MAA_BOM,1,IndiGo Direct,9334.0,54
2026-10-01,MAA_BOM,1,Ixigo,10511.0,91
2026-10-01,MAA_BOM,1,MakeMyTrip,7540.0,26
2026-10-01,MAA_BOM,1,Yatra,10075.0,88
2026-10-01,MAA_BOM,7,Air India Direct,7779.0,1
2026-10-01,MAA_BOM,7,Akasa Direct,7184.0,1
2026-10-01,MAA_BOM,7,Cleartrip,13195.5,100
2026-10-01,MAA_BOM,7,EaseMyTrip,10121.0,55
2026-10-01,MAA_BOM,7,Goibibo,8095.0,26
2026-10-01,MAA_BOM,7,IndiGo Direct,10121.0,56
2026-10-01,MAA_BOM,7,Ixigo,13186.0,89
2026-10-01,MAA_BOM,7,MakeMyTrip,7540.0,27
2026-10-01,MAA_BOM,7,Yatra,12050.0,89
2026-10-01,MAA_BOM,15,Air India Direct,7832.0,1
2026-10-01,MAA_BOM,15,Akasa Direct,7061.0,1
2026-10-01,MAA_BOM,15,Cleartrip,16355.0,103
2026-10-01,MAA_BOM,15,EaseMyTrip,9747.5,44
2026-10-01,MAA_BOM,15,Goibibo,7748.0,21
2026-10-01,MAA_BOM,15,IndiGo Direct,10776.0,58
2026-10-01,MAA_BOM,15,Ixigo,16355.0,87
2026-10-01,MAA_BOM,15,MakeMyTrip,7540.0,23
2026-10-01,MAA_BOM,15,Yatra,14465.0,88
2026-10-01,MAA_BOM,30,Air India Direct,7832.0,1
2026-10-01,MAA_BOM,30,Akasa Direct,7833.0,1
2026-10-01,MAA_BOM,30,Cleartrip,11164.0,87
2026-10-01,MAA_BOM,30,EaseMyTrip,9091.0,48
2026-10-01,MAA_BOM,30,Goibibo,7958.0,20
2026-10-01,MAA_BOM,30,IndiGo Direct,9170.0,54
2026-10-01,MAA_BOM,30,Ixigo,12482.0,79
2026-10-01,MAA_BOM,30,MakeMyTrip,7833.0,23
2026-10-01,MAA_BOM,30,Yatra,11804.0,80
2026-10-01,MAA_BOM,45,Air India Direct,9879.0,1
2026-10-01,MAA_BOM,45,Akasa Direct,14237.0,1
2026-10-01,MAA_BOM,45,Cleartrip,15566.0,81
2026-10-01,MAA_BOM,45,EaseMyTrip,15577.0,48
2026-10-01,MAA_BOM,45,Goibibo,12816.0,23
2026-10-01,MAA_BOM,45,IndiGo Direct,16556.5,62
2026-10-01,MAA_BOM,45,Ixigo,16147.0,86
2026-10-01,MAA_BOM,45,MakeMyTrip,12555.0,28
2026-10-01,MAA_BOM,45,Yatra,16370.0,86
2026-10-01,MAA_DEL,1,Air India Direct,10558.0,1
2026-10-01,MAA_DEL,1,Akasa Direct,14802.0,1
2026-10-01,MAA_DEL,1,Cleartrip,14553.0,107
2026-10-01,MAA_DEL,1,EaseMyTrip,12266.0,65
2026-10-01,MAA_DEL,1,Goibibo,10152.0,22
2026-10-01,MAA_DEL,1,IndiGo Direct,13531.0,57
2026-10-01,MAA_DEL,1,Ixigo,15020.0,100
2026-10-01,MAA_DEL,1,MakeMyTrip,10150.0,27
2026-10-01,MAA_DEL,1,Yatra,12396.0,83
2026-10-01,MAA_DEL,7,Air India Direct,10442.0,1
2026-10-01,MAA_DEL,7,Akasa Direct,11585.0,1
2026-10-01,MAA_DEL,7,Cleartrip,15449.0,113
2026-10-01,MAA_DEL,7,EaseMyTrip,14439.5,74
2026-10-01,MAA_DEL,7,Goibibo,11511.5,24
2026-10-01,MAA_DEL,7,IndiGo Direct,14200.0,57
2026-10-01,MAA_DEL,7,Ixigo,15493.0,95
2026-10-01,MAA_DEL,7,MakeMyTrip,11105.0,27
2026-10-01,MAA_DEL,7,Yatra,15449.0,91
2026-10-01,MAA_DEL,15,Air India Direct,11397.0,1
2026-10-01,MAA_DEL,15,Akasa Direct,15831.0,1
2026-10-01,MAA_DEL,15,Cleartrip,18827.0,113
2026-10-01,MAA_DEL,15,EaseMyTrip,18288.5,70
2026-10-01,MAA_DEL,15,Goibibo,14302.0,26
2026-10-01,MAA_DEL,15,IndiGo Direct,17777.0,60
2026-10-01,MAA_DEL,15,Ixigo,19365.0,97
2026-10-01,MAA_DEL,15,MakeMyTrip,12763.0,30
2026-10-01,MAA_DEL,15,Yatra,17253.5,96
2026-10-01,MAA_DEL,30,Air India Direct,11397.0,1
2026-10-01,MAA_DEL,30,Akasa Direct,13798.0,1
2026-10-01,MAA_DEL,30,Cleartrip,15168.0,112
2026-10-01,MAA_DEL,30,EaseMyTrip,13185.0,70
2026-10-01,MAA_DEL,30,Goibibo,12170.0,25
2026-10-01,MAA_DEL,30,IndiGo Direct,12081.0,56
2026-10-01,MAA_DEL,30,Ixigo,15122.0,91
2026-10-01,MAA_DEL,30,MakeMyTrip,11865.0,30
2026-10-01,MAA_DEL,30,Yatra,15122.0,98
2026-10-01,MAA_DEL,45,Air India Direct,11554.0,1
2026-10-01,MAA_DEL,45,Akasa Direct,21296.0,1
2026-10-01,MAA_DEL,45,Cleartrip,15760.5,114
2026-10-01,MAA_DEL,45,EaseMyTrip,14090.5,72
2026-10-01,MAA_DEL,45,Goibibo,11989.0,29
2026-10-01,MAA_DEL,45,IndiGo Direct,14207.0,59
2026-10-01,MAA_DEL,45,Ixigo,16008.0,91
2026-10-01,MAA_DEL,45,MakeMyTrip,11623.0,33
2026-10-01,MAA_DEL,45,Yatra,14571.0,86
2026-10-02,AMD_DEL,1,Air India Direct,6324.0,1
2026-10-02,AMD_DEL,1,Akasa Direct,11057.0,6
2026-10-02,AMD_DEL,1,Cleartrip,7785.0,43
2026-10-02,AMD_DEL,1,EaseMyTrip,6298.0,23
2026-10-02,AMD_DEL,1,Goibibo,6290.0,18
2026-10-02,AMD_DEL,1,IndiGo Direct,5418.0,18
2026-10-02,AMD_DEL,1,Ixigo,9632.0,49
2026-10-02,AMD_DEL,1,MakeMyTrip,6290.0,21
2026-10-02,AMD_DEL,1,Yatra,9604.0,55
2026-10-02,AMD_DEL,7,Air India Direct,6435.0,1
2026-10-02,AMD_DEL,7,Akasa Direct,9990.0,5
2026-10-02,AMD_DEL,7,Cleartrip,9312.0,46
2026-10-02,AMD_DEL,7,EaseMyTrip,7750.0,28
2026-10-02,AMD_DEL,7,Goibibo,6501.0,22
2026-10-02,AMD_DEL,7,IndiGo Direct,7407.5,22
2026-10-02,AMD_DEL,7,Ixigo,10524.0,63
2026-10-02,AMD_DEL,7,MakeMyTrip,6387.0,27
2026-10-02,AMD_DEL,7,Yatra,10401.0,65
2026-10-02,AMD_DEL,15,Air India Direct,6435.0,1
2026-10-02,AMD_DEL,15,Akasa Direct,11874.0,6
2026-10-02,AMD_DEL,15,Cleartrip,13857.0,55
2026-10-02,AMD_DEL,15,EaseMyTrip,6678.0,25
2026-10-02,AMD_DEL,15,Goibibo,6470.0,19
2026-10-02,AMD_DEL,15,IndiGo Direct,6794.5,22
2026-10-02,AMD_DEL,15,Ixigo,13125.5,54
2026-10-02,AMD_DEL,15,MakeMyTrip,6298.0,23
2026-10-02,AMD_DEL,15,Yatra,13486.0,61
2026-10-02,AMD_DEL,30,Air India Direct,6432.0,1
2026-10-02,AMD_DEL,30,Akasa Direct,13439.0,5
2026-10-02,AMD_DEL,30,Cleartrip,13526.0,53
2026-10-02,AMD_DEL,30,EaseMyTrip,7310.0,30
2026-10-02,AMD_DEL,30,Goibibo,6661.5,22
2026-10-02,AMD_DEL,30,IndiGo Direct,6873.0,29
2026-10-02,AMD_DEL,30,Ixigo,14048.5,64
2026-10-02,AMD_DEL,30,MakeMyTrip,6470.0,25
2026-10-02,AMD_DEL,30,Yatra,13948.0,75
2026-10-02,AMD_DEL,45,Air India Direct,6540.0,1
2026-10-02,AMD_DEL,45,Akasa Direct,16216.5,4
2026-10-02,AMD_DEL,45,Cleartrip,12224.0,48
2026-10-02,AMD_DEL,45,EaseMyTrip,8990.0,36
2026-10-02,AMD_DEL,45,Goibibo,7729.5,24
2026-10-02,AMD_DEL,45,IndiGo Direct,8917.0,26
2026-10-02,AMD_DEL,45,Ixigo,14362.0,57
2026-10-02,AMD_DEL,45,MakeMyTrip,6683.5,26
2026-10-02,AMD_DEL,45,SpiceJet Direct,6687.0,2
2026-10-02,AMD_DEL,45,Yatra,14122.5,58
2026-10-02,BLR_BOM,1,Air India Direct,4560.0,1
2026-10-02,BLR_BOM,1,Akasa Direct,5587.5,4
2026-10-02,BLR_BOM,1,Cleartrip,11550.0,129
2026-10-02,BLR_BOM,1,EaseMyTrip,6982.0,78
2026-10-02,BLR_BOM,1,Goibibo,6714.0,37
2026-10-02,BLR_BOM,1,IndiGo Direct,6700.0,61
2026-10-02,BLR_BOM,1,Ixigo,12156.5,126
2026-10-02,BLR_BOM,1,MakeMyTrip,6473.0,43
2026-10-02,BLR_BOM,1,Yatra,10330.0,86
2026-10-02,BLR_BOM,7,Air India Direct,9321.0,1
2026-10-02,BLR_BOM,7,Akasa Direct,7583.0,5
2026-10-02,BLR_BOM,7,Cleartrip,17179.5,110
2026-10-02,BLR_BOM,7,EaseMyTrip,15141.0,78
2026-10-02,BLR_BOM,7,Goibibo,10066.0,45
2026-10-02,BLR_BOM,7,IndiGo Direct,7297.0,65
2026-10-02,BLR_BOM,7,Ixigo,18512.0,111
2026-10-02,BLR_BOM,7,MakeMyTrip,7607.0,48
2026-10-02,BLR_BOM,7,Yatra,14997.0,83
2026-10-02,BLR_BOM,15,Air India Direct,7313.0,1
2026-10-02,BLR_BOM,15,Akasa Direct,7897.5,4
2026-10-02,BLR_BOM,15,Cleartrip,12669.0,107
2026-10-02,BLR_BOM,15,EaseMyTrip,11872.0,87
2026-10-02,BLR_BOM,15,Goibibo,8452.0,48
2026-10-02,BLR_BOM,15,IndiGo Direct,8137.0,61
2026-10-02,BLR_BOM,15,Ixigo,16969.0,109
2026-10-02,BLR_BOM,15,MakeMyTrip,8131.0,51
2026-10-02,BLR_BOM,15,SpiceJet Direct,7341.0,1
2026-10-02,BLR_BOM,15,Yatra,12076.0,88
2026-10-02,BLR_BOM,30,Air India Direct,8698.0,1
2026-10-02,BLR_BOM,30,Akasa Direct,8913.0,5
2026-10-02,BLR_BOM,30,Cleartrip,15401.5,162
2026-10-02,BLR_BOM,30,EaseMyTrip,11065.0,91
2026-10-02,BLR_BOM,30,Goibibo,9778.0,53
2026-10-02,BLR_BOM,30,IndiGo Direct,13162.0,64
2026-10-02,BLR_BOM,30,Ixigo,14732.0,138
2026-10-02,BLR_BOM,30,MakeMyTrip,9502.0,55
2026-10-02,BLR_BOM,30,SpiceJet Direct,7341.0,3
2026-10-02,BLR_BOM,30,Yatra,10877.5,96
2026-10-02,BLR_BOM,45,Air India Direct,9259.0,1
2026-10-02,BLR_BOM,45,Akasa Direct,8218.0,7
2026-10-02,BLR_BOM,45,Cleartrip,12678.0,128
2026-10-02,BLR_BOM,45,EaseMyTrip,11065.0,89
2026-10-02,BLR_BOM,45,Goibibo,9621.0,58
2026-10-02,BLR_BOM,45,IndiGo Direct,12117.0,65
2026-10-02,BLR_BOM,45,Ixigo,12678.0,113
2026-10-02,BLR_BOM,45,MakeMyTrip,9414.0,60
2026-10-02,BLR_BOM,45,SpiceJet Direct,6785.0,3
2026-10-02,BLR_BOM,45,Yatra,10541.5,92
2026-10-02,BLR_DEL,1,Air India Direct,8649.0,1
2026-10-02,BLR_DEL,1,Akasa Direct,8364.0,5
2026-10-02,BLR_DEL,1,Cleartrip,11853.0,147
2026-10-02,BLR_DEL,1,EaseMyTrip,11038.0,120
2026-10-02,BLR_DEL,1,Goibibo,8364.0,45
2026-10-02,BLR_DEL,1,IndiGo Direct,10913.0,66
2026-10-02,BLR_DEL,1,Ixigo,12767.0,141
2026-10-02,BLR_DEL,1,MakeMyTrip,8364.0,52
2026-10-02,BLR_DEL,1,Yatra,10090.0,94
2026-10-02,BLR_DEL,7,Air India Direct,12495.0,1
2026-10-02,BLR_DEL,7,Akasa Direct,10449.5,6
2026-10-02,BLR_DEL,7,Cleartrip,18950.5,152
2026-10-02,BLR_DEL,7,EaseMyTrip,18858.0,109
2026-10-02,BLR_DEL,7,Goibibo,14479.5,62
2026-10-02,BLR_DEL,7,IndiGo Direct,16552.0,69
2026-10-02,BLR_DEL,7,Ixigo,19043.0,142
2026-10-02,BLR_DEL,7,MakeMyTrip,12273.0,65
2026-10-02,BLR_DEL,7,Yatra,13475.5,64
2026-10-02,BLR_DEL,15,Air India Direct,13820.0,1
2026-10-02,BLR_DEL,15,Akasa Direct,17770.0,5
2026-10-02,BLR_DEL,15,Cleartrip,18109.0,159
2026-10-02,BLR_DEL,15,EaseMyTrip,17992.5,124
2026-10-02,BLR_DEL,15,Goibibo,14646.5,76
2026-10-02,BLR_DEL,15,IndiGo Direct,17557.5,70
2026-10-02,BLR_DEL,15,Ixigo,18213.0,138
2026-10-02,BLR_DEL,15,MakeMyTrip,15956.0,57
2026-10-02,BLR_DEL,15,Yatra,14797.0,66
2026-10-02,BLR_DEL,30,Air India Direct,12194.0,1
2026-10-02,BLR_DEL,30,Akasa Direct,12916.0,6
2026-10-02,BLR_DEL,30,Cleartrip,17391.0,187
2026-10-02,BLR_DEL,30,EaseMyTrip,14844.0,123
2026-10-02,BLR_DEL,30,Goibibo,13123.0,52
2026-10-02,BLR_DEL,30,IndiGo Direct,16369.5,68
2026-10-02,BLR_DEL,30,Ixigo,16846.0,144
2026-10-02,BLR_DEL,30,MakeMyTrip,12916.0,57
2026-10-02,BLR_DEL,30,SpiceJet Direct,15172.0,5
2026-10-02,BLR_DEL,30,Yatra,13310.0,87
2026-10-02,BLR_DEL,45,Air India Direct,9946.0,1
2026-10-02,BLR_DEL,45,Akasa Direct,9363.0,6
2026-10-02,BLR_DEL,45,Cleartrip,15602.5,182
2026-10-02,BLR_DEL,45,EaseMyTrip,13359.0,126
2026-10-02,BLR_DEL,45,Goibibo,9970.0,51
2026-10-02,BLR_DEL,45,IndiGo Direct,13430.0,68
2026-10-02,BLR_DEL,45,Ixigo,14444.0,151
2026-10-02,BLR_DEL,45,MakeMyTrip,9907.0,59
2026-10-02,BLR_DEL,45,SpiceJet Direct,13167.0,5
2026-10-02,BLR_DEL,45,Yatra,12174.0,90
2026-10-02,BLR_HYD,1,Air India Direct,5419.0,1
2026-10-02,BLR_HYD,1,Akasa Direct,17523.0,4
2026-10-02,BLR_HYD,1,Cleartrip,7103.0,78
2026-10-02,BLR_HYD,1,EaseMyTrip,8761.0,71
2026-10-02,BLR_HYD,1,Goibibo,5838.0,23
2026-10-02,BLR_HYD,1,IndiGo Direct,7103.0,78
2026-10-02,BLR_HYD,1,Ixigo,12704.0,95
2026-10-02,BLR_HYD,1,MakeMyTrip,5475.0,55
2026-10-02,BLR_HYD,1,Yatra,9094.5,76
2026-10-02,BLR_HYD,7,Air India Direct,8965.0,1
2026-10-02,BLR_HYD,7,Akasa Direct,19580.0,5
2026-10-02,BLR_HYD,7,Cleartrip,15349.0,101
2026-10-02,BLR_HYD,7,EaseMyTrip,14918.0,71
2026-10-02,BLR_HYD,7,Goibibo,12573.0,22
2026-10-02,BLR_HYD,7,IndiGo Direct,11982.0,77
2026-10-02,BLR_HYD,7,Ixigo,19585.5,102
2026-10-02,BLR_HYD,7,MakeMyTrip,12544.0,27
2026-10-02,BLR_HYD,7,Yatra,17554.0,101
2026-10-02,BLR_HYD,15,Air India Direct,11177.0,1
2026-10-02,BLR_HYD,15,Akasa Direct,27832.5,4
2026-10-02,BLR_HYD,15,Cleartrip,13902.0,84
2026-10-02,BLR_HYD,15,EaseMyTrip,14058.0,73
2026-10-02,BLR_HYD,15,Goibibo,12573.0,19
2026-10-02,BLR_HYD,15,IndiGo Direct,11485.0,71
2026-10-02,BLR_HYD,15,Ixigo,19764.0,109
2026-10-02,BLR_HYD,15,MakeMyTrip,12353.0,23
2026-10-02,BLR_HYD,15,Yatra,14398.5,88
2026-10-02,BLR_HYD,30,Air India Direct,6254.0,1
2026-10-02,BLR_HYD,30,Akasa Direct,21664.0,4
2026-10-02,BLR_HYD,30,Cleartrip,12250.0,88
2026-10-02,BLR_HYD,30,EaseMyTrip,12573.0,68
2026-10-02,BLR_HYD,30,Goibibo,9576.0,43
2026-10-02,BLR_HYD,30,IndiGo Direct,11239.0,109
2026-10-02,BLR_HYD,30,Ixigo,17620.0,101
2026-10-02,BLR_HYD,30,MakeMyTrip,8656.0,50
2026-10-02,BLR_HYD,30,Yatra,14223.0,95
2026-10-02,BLR_HYD,45,Air India Direct,5419.0,1
2026-10-02,BLR_HYD,45,Akasa Direct,19930.5,4
2026-10-02,BLR_HYD,45,Cleartrip,12828.0,84
2026-10-02,BLR_HYD,45,EaseMyTrip,11028.5,66
2026-10-02,BLR_HYD,45,Goibibo,5036.0,18
2026-10-02,BLR_HYD,45,IndiGo Direct,11028.5,70
2026-10-02,BLR_HYD,45,Ixigo,15702.5,94
2026-10-02,BLR_HYD,45,MakeMyTrip,4914.0,21
2026-10-02,BLR_HYD,45,Yatra,14999.0,88
2026-10-02,BOM_BLR,1,Air India Direct,5345.0,1
2026-10-02,BOM_BLR,1,Akasa Direct,6914.0,4
2026-10-02,BOM_BLR,1,Cleartrip,12292.0,131
2026-10-02,BOM_BLR,1,EaseMyTrip,8038.5,74
2026-10-02,BOM_BLR,1,Goibibo,7062.0,35
2026-10-02,BOM_BLR,1,IndiGo Direct,9299.5,62
2026-10-02,BOM_BLR,1,Ixigo,12853.0,104
2026-10-02,BOM_BLR,1,MakeMyTrip,7062.0,39
2026-10-02,BOM_BLR,1,Yatra,9839.0,81
2026-10-02,BOM_BLR,7,Air India Direct,5185.0,1
2026-10-02,BOM_BLR,7,Akasa Direct,6644.0,5
2026-10-02,BOM_BLR,7,Cleartrip,15349.0,131
2026-10-02,BOM_BLR,7,EaseMyTrip,8739.0,75
2026-10-02,BOM_BLR,7,Goibibo,6828.0,60
2026-10-02,BOM_BLR,7,IndiGo Direct,6747.0,57
2026-10-02,BOM_BLR,7,Ixigo,15914.0,119
2026-10-02,BOM_BLR,7,MakeMyTrip,7062.0,109
2026-10-02,BOM_BLR,7,Yatra,8324.0,73
2026-10-02,BOM_BLR,15,Air India Direct,5959.0,1
2026-10-02,BOM_BLR,15,Akasa Direct,6436.0,4
2026-10-02,BOM_BLR,15,Cleartrip,10983.5,134
2026-10-02,BOM_BLR,15,EaseMyTrip,7877.0,82
2026-10-02,BOM_BLR,15,Goibibo,7062.0,40
2026-10-02,BOM_BLR,15,IndiGo Direct,6747.0,61
2026-10-02,BOM_BLR,15,Ixigo,13027.0,107
2026-10-02,BOM_BLR,15,MakeMyTrip,7062.0,46
2026-10-02,BOM_BLR,15,SpiceJet Direct,6721.0,1
2026-10-02,BOM_BLR,15,Yatra,8142.0,88
2026-10-02,BOM_BLR,30,Air India Direct,7751.0,1
2026-10-02,BOM_BLR,30,Akasa Direct,7360.5,6
2026-10-02,BOM_BLR,30,Cleartrip,13043.0,161
2026-10-02,BOM_BLR,30,EaseMyTrip,11314.0,102
2026-10-02,BOM_BLR,30,Goibibo,9582.0,59
2026-10-02,BOM_BLR,30,IndiGo Direct,11631.0,64
2026-10-02,BOM_BLR,30,Ixigo,12430.0,137
2026-10-02,BOM_BLR,30,MakeMyTrip,9196.0,57
2026-10-02,BOM_BLR,30,Yatra,10201.0,80
2026-10-02,BOM_BLR,45,Air India Direct,7699.0,1
2026-10-02,BOM_BLR,45,Akasa Direct,7132.5,6
2026-10-02,BOM_BLR,45,Cleartrip,13500.0,145
2026-10-02,BOM_BLR,45,EaseMyTrip,10329.0,94
2026-10-02,BOM_BLR,45,Goibibo,8510.0,54
2026-10-02,BOM_BLR,45,IndiGo Direct,10569.0,54
2026-10-02,BOM_BLR,45,Ixigo,14192.0,131
2026-10-02,BOM_BLR,45,MakeMyTrip,8154.5,56
2026-10-02,BOM_BLR,45,Yatra,8954.0,85
2026-10-02,BOM_DEL,1,Air India Direct,6741.0,1
2026-10-02,BOM_DEL,1,Akasa Direct,6523.0,6
2026-10-02,BOM_DEL,1,Cleartrip,9121.0,140
2026-10-02,BOM_DEL,1,EaseMyTrip,8990.0,77
2026-10-02,BOM_DEL,1,Goibibo,6541.5,60
2026-10-02,BOM_DEL,1,IndiGo Direct,8990.0,74
2026-10-02,BOM_DEL,1,Ixigo,9694.0,130
2026-10-02,BOM_DEL,1,MakeMyTrip,6523.0,69
2026-10-02,BOM_DEL,1,SpiceJet Direct,6524.0,1
2026-10-02,BOM_DEL,1,Yatra,6380.0,88
2026-10-02,BOM_DEL,7,Air India Direct,6854.0,1
2026-10-02,BOM_DEL,7,Akasa Direct,7032.0,7
2026-10-02,BOM_DEL,7,Cleartrip,11589.5,152
2026-10-02,BOM_DEL,7,EaseMyTrip,8475.0,106
2026-10-02,BOM_DEL,7,Goibibo,7118.0,70
2026-10-02,BOM_DEL,7,IndiGo Direct,8619.5,74
2026-10-02,BOM_DEL,7,Ixigo,13650.0,143
2026-10-02,BOM_DEL,7,MakeMyTrip,6930.0,78
2026-10-02,BOM_DEL,7,Yatra,7948.0,90
2026-10-02,BOM_DEL,15,Air India Direct,6901.0,1
2026-10-02,BOM_DEL,15,Akasa Direct,8101.0,7
2026-10-02,BOM_DEL,15,Cleartrip,9471.0,152
2026-10-02,BOM_DEL,15,EaseMyTrip,8836.0,85
2026-10-02,BOM_DEL,15,Goibibo,7259.0,46
2026-10-02,BOM_DEL,15,IndiGo Direct,8554.0,75
2026-10-02,BOM_DEL,15,Ixigo,10801.0,149
2026-10-02,BOM_DEL,15,MakeMyTrip,7259.0,76
2026-10-02,BOM_DEL,15,SpiceJet Direct,8989.0,1
2026-10-02,BOM_DEL,15,Yatra,6661.0,23
2026-10-02,BOM_DEL,30,Air India Direct,7061.0,1
2026-10-02,BOM_DEL,30,Akasa Direct,7811.0,9
2026-10-02,BOM_DEL,30,Cleartrip,15331.0,191
2026-10-02,BOM_DEL,30,EaseMyTrip,9697.0,107
2026-10-02,BOM_DEL,30,Goibibo,8263.0,67
2026-10-02,BOM_DEL,30,IndiGo Direct,11999.0,70
2026-10-02,BOM_DEL,30,Ixigo,15331.0,169
2026-10-02,BOM_DEL,30,MakeMyTrip,8059.0,73
2026-10-02,BOM_DEL,30,SpiceJet Direct,7928.0,3
2026-10-02,BOM_DEL,30,Yatra,8139.0,93
2026-10-02,BOM_DEL,45,Air India Direct,6901.0,1
2026-10-02,BOM_DEL,45,Akasa Direct,7135.0,9
2026-10-02,BOM_DEL,45,Cleartrip,15213.0,190
2026-10-02,BOM_DEL,45,EaseMyTrip,11168.5,90
2026-10-02,BOM_DEL,45,Goibibo,7544.0,73
2026-10-02,BOM_DEL,45,IndiGo Direct,14280.0,73
2026-10-02,BOM_DEL,45,Ixigo,14515.0,161
2026-10-02,BOM_DEL,45,MakeMyTrip,7544.0,81
2026-10-02,BOM_DEL,45,SpiceJet Direct,7102.0,6
2026-10-02,BOM_DEL,45,Yatra,7499.0,93
2026-10-02,BOM_GOI,1,Air India Direct,6545.0,1
2026-10-02,BOM_GOI,1,Cleartrip,13761.5,48
2026-10-02,BOM_GOI,1,EaseMyTrip,10602.0,41
2026-10-02,BOM_GOI,1,Goibibo,10455.0,25
2026-10-02,BOM_GOI,1,IndiGo Direct,13665.0,27
2026-10-02,BOM_GOI,1,Ixigo,15675.0,59
2026-10-02,BOM_GOI,1,MakeMyTrip,8269.0,21
2026-10-02,BOM_GOI,1,Yatra,13401.0,48
2026-10-02,BOM_GOI,7,Air India Direct,5592.0,1
2026-10-02,BOM_GOI,7,Cleartrip,14781.0,48
2026-10-02,BOM_GOI,7,EaseMyTrip,13668.0,45
2026-10-02,BOM_GOI,7,Goibibo,6589.0,26
2026-10-02,BOM_GOI,7,IndiGo Direct,12825.0,34
2026-10-02,BOM_GOI,7,Ixigo,14621.0,45
2026-10-02,BOM_GOI,7,MakeMyTrip,5916.0,15
2026-10-02,BOM_GOI,7,Yatra,14101.5,46
2026-10-02,BOM_GOI,15,Air India Direct,4431.0,1
2026-10-02,BOM_GOI,15,Cleartrip,16164.0,54
2026-10-02,BOM_GOI,15,EaseMyTrip,12526.5,60
2026-10-02,BOM_GOI,15,Goibibo,7461.5,28
2026-10-02,BOM_GOI,15,IndiGo Direct,12405.0,34
2026-10-02,BOM_GOI,15,Ixigo,16164.0,43
2026-10-02,BOM_GOI,15,MakeMyTrip,4605.5,16
2026-10-02,BOM_GOI,15,Yatra,15674.0,57
2026-10-02,BOM_GOI,30,Air India Direct,4518.0,1
2026-10-02,BOM_GOI,30,Cleartrip,13742.0,63
2026-10-02,BOM_GOI,30,EaseMyTrip,10830.0,64
2026-10-02,BOM_GOI,30,Goibibo,4329.0,27
2026-10-02,BOM_GOI,30,IndiGo Direct,9844.0,32
2026-10-02,BOM_GOI,30,Ixigo,13742.0,65
2026-10-02,BOM_GOI,30,MakeMyTrip,4174.0,21
2026-10-02,BOM_GOI,30,Yatra,10090.0,48
2026-10-02,BOM_GOI,45,Air India Direct,4518.0,1
2026-10-02,BOM_GOI,45,Cleartrip,12223.0,66
2026-10-02,BOM_GOI,45,EaseMyTrip,9424.5,48
2026-10-02,BOM_GOI,45,Goibibo,4860.0,27
2026-10-02,BOM_GOI,45,IndiGo Direct,9845.0,33
2026-10-02,BOM_GOI,45,Ixigo,12186.0,59
2026-10-02,BOM_GOI,45,MakeMyTrip,4199.0,24
2026-10-02,BOM_GOI,45,SpiceJet Direct,5477.0,2
2026-10-02,BOM_GOI,45,Yatra,11733.0,60
2026-10-02,BOM_MAA,1,Air India Direct,6888.0,1
2026-10-02,BOM_MAA,1,Akasa Direct,6575.0,1
2026-10-02,BOM_MAA,1,Cleartrip,8982.0,64
2026-10-02,BOM_MAA,1,EaseMyTrip,8982.0,53
2026-10-02,BOM_MAA,1,Goibibo,6651.0,20
2026-10-02,BOM_MAA,1,IndiGo Direct,8982.0,52
2026-10-02,BOM_MAA,1,Ixigo,10331.5,66
2026-10-02,BOM_MAA,1,MakeMyTrip,6651.0,23
2026-10-02,BOM_MAA,1,Yatra,9911.0,67
2026-10-02,BOM_MAA,7,Air India Direct,7048.0,1
2026-10-02,BOM_MAA,7,Akasa Direct,6457.0,1
2026-10-02,BOM_MAA,7,Cleartrip,13072.0,78
2026-10-02,BOM_MAA,7,EaseMyTrip,14700.5,72
2026-10-02,BOM_MAA,7,Goibibo,7510.0,25
2026-10-02,BOM_MAA,7,IndiGo Direct,10940.5,52
2026-10-02,BOM_MAA,7,Ixigo,16275.0,65
2026-10-02,BOM_MAA,7,MakeMyTrip,6964.0,27
2026-10-02,BOM_MAA,7,Yatra,12833.0,63
2026-10-02,BOM_MAA,15,Air India Direct,7048.0,1
2026-10-02,BOM_MAA,15,Akasa Direct,6575.0,1
2026-10-02,BOM_MAA,15,Cleartrip,10600.5,70
2026-10-02,BOM_MAA,15,EaseMyTrip,9834.0,51
2026-10-02,BOM_MAA,15,Goibibo,6651.0,21
2026-10-02,BOM_MAA,15,IndiGo Direct,9757.0,54
2026-10-02,BOM_MAA,15,Ixigo,13407.0,72
2026-10-02,BOM_MAA,15,MakeMyTrip,6651.0,24
2026-10-02,BOM_MAA,15,Yatra,10771.0,72
2026-10-02,BOM_MAA,30,Air India Direct,7514.0,1
2026-10-02,BOM_MAA,30,Akasa Direct,7888.0,1
2026-10-02,BOM_MAA,30,Cleartrip,14013.0,72
2026-10-02,BOM_MAA,30,EaseMyTrip,13174.0,51
2026-10-02,BOM_MAA,30,Goibibo,7988.0,21
2026-10-02,BOM_MAA,30,IndiGo Direct,13562.5,60
2026-10-02,BOM_MAA,30,Ixigo,15505.0,87
2026-10-02,BOM_MAA,30,MakeMyTrip,7510.0,21
2026-10-02,BOM_MAA,30,Yatra,13852.5,74
2026-10-02,BOM_MAA,45,Air India Direct,7100.0,1
2026-10-02,BOM_MAA,45,Akasa Direct,6943.0,1
2026-10-02,BOM_MAA,45,Cleartrip,12102.0,62
2026-10-02,BOM_MAA,45,EaseMyTrip,11704.0,52
2026-10-02,BOM_MAA,45,Goibibo,7064.0,18
2026-10-02,BOM_MAA,45,IndiGo Direct,11693.0,42
2026-10-02,BOM_MAA,45,Ixigo,14105.0,79
2026-10-02,BOM_MAA,45,MakeMyTrip,7064.0,20
2026-10-02,BOM_MAA,45,Yatra,11612.0,59
2026-10-02,CCU_DEL,1,Air India Direct,9064.0,1
2026-10-02,CCU_DEL,1,Akasa Direct,8615.0,3
2026-10-02,CCU_DEL,1,Cleartrip,10883.5,100
2026-10-02,CCU_DEL,1,EaseMyTrip,11027.0,72
2026-10-02,CCU_DEL,1,Goibibo,8849.0,29
2026-10-02,CCU_DEL,1,IndiGo Direct,11343.5,58
2026-10-02,CCU_DEL,1,Ixigo,11238.0,78
2026-10-02,CCU_DEL,1,MakeMyTrip,8849.0,34
2026-10-02,CCU_DEL,1,Yatra,10878.0,81
2026-10-02,CCU_DEL,7,Air India Direct,9108.0,1
2026-10-02,CCU_DEL,7,Akasa Direct,8766.0,3
2026-10-02,CCU_DEL,7,Cleartrip,11473.0,95
2026-10-02,CCU_DEL,7,EaseMyTrip,11001.0,71
2026-10-02,CCU_DEL,7,Goibibo,9024.0,33
2026-10-02,CCU_DEL,7,IndiGo Direct,11329.0,58
2026-10-02,CCU_DEL,7,Ixigo,12027.0,85
2026-10-02,CCU_DEL,7,MakeMyTrip,8849.0,38
2026-10-02,CCU_DEL,7,SpiceJet Direct,8085.0,1
2026-10-02,CCU_DEL,7,Yatra,10839.0,76
2026-10-02,CCU_DEL,15,Air India Direct,14681.0,1
2026-10-02,CCU_DEL,15,Akasa Direct,23417.0,3
2026-10-02,CCU_DEL,15,Cleartrip,22394.0,87
2026-10-02,CCU_DEL,15,EaseMyTrip,22523.0,76
2026-10-02,CCU_DEL,15,Goibibo,22394.0,36
2026-10-02,CCU_DEL,15,IndiGo Direct,22203.0,61
2026-10-02,CCU_DEL,15,Ixigo,23102.0,87
2026-10-02,CCU_DEL,15,MakeMyTrip,20865.0,44
2026-10-02,CCU_DEL,15,Yatra,20172.0,63
2026-10-02,CCU_DEL,30,Air India Direct,9221.0,1
2026-10-02,CCU_DEL,30,Akasa Direct,8934.0,3
2026-10-02,CCU_DEL,30,Cleartrip,16612.0,101
2026-10-02,CCU_DEL,30,EaseMyTrip,13995.0,79
2026-10-02,CCU_DEL,30,Goibibo,10319.0,32
2026-10-02,CCU_DEL,30,IndiGo Direct,14289.0,55
2026-10-02,CCU_DEL,30,Ixigo,17091.0,97
2026-10-02,CCU_DEL,30,MakeMyTrip,10249.0,37
2026-10-02,CCU_DEL,30,Yatra,13792.5,80
2026-10-02,CCU_DEL,45,Air India Direct,10511.0,1
2026-10-02,CCU_DEL,45,Akasa Direct,9257.0,3
2026-10-02,CCU_DEL,45,Cleartrip,17954.0,112
2026-10-02,CCU_DEL,45,EaseMyTrip,15147.5,76
2026-10-02,CCU_DEL,45,Goibibo,10319.0,31
2026-10-02,CCU_DEL,45,IndiGo Direct,15920.0,60
2026-10-02,CCU_DEL,45,Ixigo,17839.0,96
2026-10-02,CCU_DEL,45,MakeMyTrip,9847.0,35
2026-10-02,CCU_DEL,45,SpiceJet Direct,13311.0,1
2026-10-02,CCU_DEL,45,Yatra,15327.0,79
2026-10-02,DEL_AMD,1,Air India Direct,5689.0,1
2026-10-02,DEL_AMD,1,Akasa Direct,11322.0,8
2026-10-02,DEL_AMD,1,Cleartrip,11124.0,71
2026-10-02,DEL_AMD,1,EaseMyTrip,8182.5,30
2026-10-02,DEL_AMD,1,Goibibo,7256.0,21
2026-10-02,DEL_AMD,1,IndiGo Direct,8086.5,28
2026-10-02,DEL_AMD,1,Ixigo,11124.0,71
2026-10-02,DEL_AMD,1,MakeMyTrip,5798.0,23
2026-10-02,DEL_AMD,1,Yatra,10718.0,79
2026-10-02,DEL_AMD,7,Air India Direct,5935.0,1
2026-10-02,DEL_AMD,7,Akasa Direct,13371.0,7
2026-10-02,DEL_AMD,7,Cleartrip,13627.0,59
2026-10-02,DEL_AMD,7,EaseMyTrip,8107.0,24
2026-10-02,DEL_AMD,7,Goibibo,8104.0,19
2026-10-02,DEL_AMD,7,IndiGo Direct,7835.0,25
2026-10-02,DEL_AMD,7,Ixigo,14129.0,68
2026-10-02,DEL_AMD,7,MakeMyTrip,5798.0,21
2026-10-02,DEL_AMD,7,Yatra,13848.0,79
2026-10-02,DEL_AMD,15,Air India Direct,5935.0,1
2026-10-02,DEL_AMD,15,Akasa Direct,11536.0,8
2026-10-02,DEL_AMD,15,Cleartrip,13329.0,73
2026-10-02,DEL_AMD,15,EaseMyTrip,6215.0,28
2026-10-02,DEL_AMD,15,Goibibo,6214.0,20
2026-10-02,DEL_AMD,15,IndiGo Direct,7835.0,30
2026-10-02,DEL_AMD,15,Ixigo,14751.0,77
2026-10-02,DEL_AMD,15,MakeMyTrip,6035.0,24
2026-10-02,DEL_AMD,15,Yatra,13292.0,78
2026-10-02,DEL_AMD,30,Air India Direct,5931.0,1
2026-10-02,DEL_AMD,30,Akasa Direct,12685.5,8
2026-10-02,DEL_AMD,30,Cleartrip,13999.0,72
2026-10-02,DEL_AMD,30,EaseMyTrip,12038.0,47
2026-10-02,DEL_AMD,30,Goibibo,6401.0,20
2026-10-02,DEL_AMD,30,IndiGo Direct,9411.0,35
2026-10-02,DEL_AMD,30,Ixigo,14102.0,77
2026-10-02,DEL_AMD,30,MakeMyTrip,6006.0,23
2026-10-02,DEL_AMD,30,Yatra,13612.0,80
2026-10-02,DEL_AMD,45,Air India Direct,11495.0,1
2026-10-02,DEL_AMD,45,Akasa Direct,21155.0,7
2026-10-02,DEL_AMD,45,Cleartrip,20126.0,59
2026-10-02,DEL_AMD,45,EaseMyTrip,16086.0,32
2026-10-02,DEL_AMD,45,Goibibo,13146.0,27
2026-10-02,DEL_AMD,45,IndiGo Direct,13352.0,32
2026-10-02,DEL_AMD,45,Ixigo,21347.5,76
2026-10-02,DEL_AMD,45,MakeMyTrip,13146.0,27
2026-10-02,DEL_AMD,45,SpiceJet Direct,11639.0,2
2026-10-02,DEL_AMD,45,Yatra,20678.0,69
2026-10-02,DEL_BLR,1,Air India Direct,9118.0,1
2026-10-02,DEL_BLR,1,Akasa Direct,8829.0,5
2026-10-02,DEL_BLR,1,Cleartrip,14103.0,164
2026-10-02,DEL_BLR,1,EaseMyTrip,11634.5,114
2026-10-02,DEL_BLR,1,Goibibo,9142.0,46
2026-10-02,DEL_BLR,1,IndiGo Direct,10979.0,67
2026-10-02,DEL_BLR,1,Ixigo,15259.0,144
2026-10-02,DEL_BLR,1,MakeMyTrip,8829.0,50
2026-10-02,DEL_BLR,1,Yatra,10299.0,84
2026-10-02,DEL_BLR,7,Air India Direct,9171.0,1
2026-10-02,DEL_BLR,7,Akasa Direct,9165.0,6
2026-10-02,DEL_BLR,7,Cleartrip,14105.0,191
2026-10-02,DEL_BLR,7,EaseMyTrip,10684.0,133
2026-10-02,DEL_BLR,7,Goibibo,9286.0,55
2026-10-02,DEL_BLR,7,IndiGo Direct,10684.0,67
2026-10-02,DEL_BLR,7,Ixigo,14867.5,168
2026-10-02,DEL_BLR,7,MakeMyTrip,9168.5,68
2026-10-02,DEL_BLR,7,Yatra,10194.0,95
2026-10-02,DEL_BLR,15,Air India Direct,10235.0,1
2026-10-02,DEL_BLR,15,Akasa Direct,10231.0,5
2026-10-02,DEL_BLR,15,Cleartrip,14513.0,174
2026-10-02,DEL_BLR,15,EaseMyTrip,11767.5,128
2026-10-02,DEL_BLR,15,Goibibo,10151.0,55
2026-10-02,DEL_BLR,15,IndiGo Direct,11683.0,68
2026-10-02,DEL_BLR,15,Ixigo,14770.5,150
2026-10-02,DEL_BLR,15,MakeMyTrip,9962.5,62
2026-10-02,DEL_BLR,15,Yatra,10273.0,91
2026-10-02,DEL_BLR,30,Air India Direct,10277.0,1
2026-10-02,DEL_BLR,30,Akasa Direct,10042.0,6
2026-10-02,DEL_BLR,30,Cleartrip,16039.0,197
2026-10-02,DEL_BLR,30,EaseMyTrip,14569.0,127
2026-10-02,DEL_BLR,30,Goibibo,11328.0,57
2026-10-02,DEL_BLR,30,IndiGo Direct,14966.0,68
2026-10-02,DEL_BLR,30,Ixigo,16304.0,158
2026-10-02,DEL_BLR,30,MakeMyTrip,10826.0,65
2026-10-02,DEL_BLR,30,SpiceJet Direct,12616.0,4
2026-10-02,DEL_BLR,30,Yatra,12268.0,85
2026-10-02,DEL_BLR,45,Air India Direct,13797.0,1
2026-10-02,DEL_BLR,45,Akasa Direct,14191.5,6
2026-10-02,DEL_BLR,45,Cleartrip,20442.0,194
2026-10-02,DEL_BLR,45,EaseMyTrip,18844.5,132
2026-10-02,DEL_BLR,45,Goibibo,14409.0,57
2026-10-02,DEL_BLR,45,IndiGo Direct,18559.0,65
2026-10-02,DEL_BLR,45,Ixigo,19691.0,163
2026-10-02,DEL_BLR,45,MakeMyTrip,14270.0,62
2026-10-02,DEL_BLR,45,SpiceJet Direct,16766.0,5
2026-10-02,DEL_BLR,45,Yatra,14975.0,84
2026-10-02,DEL_BOM,1,Air India Direct,6709.0,1
2026-10-02,DEL_BOM,1,Akasa Direct,6530.0,6
2026-10-02,DEL_BOM,1,Cleartrip,8615.0,158
2026-10-02,DEL_BOM,1,EaseMyTrip,7579.0,80
2026-10-02,DEL_BOM,1,Goibibo,6530.0,59
2026-10-02,DEL_BOM,1,IndiGo Direct,7599.0,76
2026-10-02,DEL_BOM,1,Ixigo,18299.5,8
2026-10-02,DEL_BOM,1,MakeMyTrip,6530.0,67
2026-10-02,DEL_BOM,1,SpiceJet Direct,6551.0,1
2026-10-02,DEL_BOM,1,Yatra,6506.0,94
2026-10-02,DEL_BOM,7,Air India Direct,12962.0,1
2026-10-02,DEL_BOM,7,Akasa Direct,6530.0,6
2026-10-02,DEL_BOM,7,Cleartrip,9636.5,164
2026-10-02,DEL_BOM,7,EaseMyTrip,7513.0,83
2026-10-02,DEL_BOM,7,Goibibo,7106.0,71
2026-10-02,DEL_BOM,7,IndiGo Direct,7579.0,75
2026-10-02,DEL_BOM,7,Ixigo,10230.0,149
2026-10-02,DEL_BOM,7,MakeMyTrip,6738.0,81
2026-10-02,DEL_BOM,7,SpiceJet Direct,7172.0,2
2026-10-02,DEL_BOM,7,Yatra,7032.0,94
2026-10-02,DEL_BOM,15,Air India Direct,6870.0,1
2026-10-02,DEL_BOM,15,Akasa Direct,6804.5,6
2026-10-02,DEL_BOM,15,Cleartrip,8173.0,162
2026-10-02,DEL_BOM,15,EaseMyTrip,7484.5,106
2026-10-02,DEL_BOM,15,Goibibo,7019.0,67
2026-10-02,DEL_BOM,15,IndiGo Direct,7500.0,75
2026-10-02,DEL_BOM,15,Ixigo,9456.5,152
2026-10-02,DEL_BOM,15,MakeMyTrip,7019.0,75
2026-10-02,DEL_BOM,15,Yatra,7016.0,93
2026-10-02,DEL_BOM,30,Air India Direct,7029.0,1
2026-10-02,DEL_BOM,30,Akasa Direct,7000.0,7
2026-10-02,DEL_BOM,30,Cleartrip,13405.0,181
2026-10-02,DEL_BOM,30,EaseMyTrip,10141.0,87
2026-10-02,DEL_BOM,30,Goibibo,7384.0,70
2026-10-02,DEL_BOM,30,IndiGo Direct,11810.0,75
2026-10-02,DEL_BOM,30,Ixigo,14163.0,162
2026-10-02,DEL_BOM,30,MakeMyTrip,7169.0,78
2026-10-02,DEL_BOM,30,SpiceJet Direct,7077.0,3
2026-10-02,DEL_BOM,30,Yatra,7371.5,88
2026-10-02,DEL_BOM,45,Air India Direct,12106.0,1
2026-10-02,DEL_BOM,45,Akasa Direct,10952.5,8
2026-10-02,DEL_BOM,45,Cleartrip,16678.0,174
2026-10-02,DEL_BOM,45,EaseMyTrip,13561.0,113
2026-10-02,DEL_BOM,45,Goibibo,11825.0,78
2026-10-02,DEL_BOM,45,IndiGo Direct,17336.0,75
2026-10-02,DEL_BOM,45,Ixigo,16315.0,158
2026-10-02,DEL_BOM,45,MakeMyTrip,11345.0,83
2026-10-02,DEL_BOM,45,SpiceJet Direct,10254.0,8
2026-10-02,DEL_BOM,45,Yatra,12681.5,92
2026-10-02,DEL_CCU,1,Air India Direct,9106.0,1
2026-10-02,DEL_CCU,1,Akasa Direct,8678.0,3
2026-10-02,DEL_CCU,1,Cleartrip,13053.5,118
2026-10-02,DEL_CCU,1,EaseMyTrip,11345.0,85
2026-10-02,DEL_CCU,1,Goibibo,8922.0,29
2026-10-02,DEL_CCU,1,IndiGo Direct,11109.0,59
2026-10-02,DEL_CCU,1,Ixigo,13278.0,108
2026-10-02,DEL_CCU,1,MakeMyTrip,8922.0,34
2026-10-02,DEL_CCU,1,SpiceJet Direct,8090.0,1
2026-10-02,DEL_CCU,1,Yatra,12774.0,100
2026-10-02,DEL_CCU,7,Air India Direct,9385.0,1
2026-10-02,DEL_CCU,7,Akasa Direct,8841.0,3
2026-10-02,DEL_CCU,7,Cleartrip,14477.0,112
2026-10-02,DEL_CCU,7,EaseMyTrip,12366.0,85
2026-10-02,DEL_CCU,7,Goibibo,10851.0,36
2026-10-02,DEL_CCU,7,IndiGo Direct,12144.0,59
2026-10-02,DEL_CCU,7,Ixigo,17123.5,106
2026-10-02,DEL_CCU,7,MakeMyTrip,10727.0,43
2026-10-02,DEL_CCU,7,SpiceJet Direct,10765.0,1
2026-10-02,DEL_CCU,7,Yatra,12947.0,92
2026-10-02,DEL_CCU,15,Air India Direct,13778.0,1
2026-10-02,DEL_CCU,15,Akasa Direct,12405.0,3
2026-10-02,DEL_CCU,15,Cleartrip,20975.0,116
2026-10-02,DEL_CCU,15,EaseMyTrip,18763.0,90
2026-10-02,DEL_CCU,15,Goibibo,16087.0,40
2026-10-02,DEL_CCU,15,IndiGo Direct,18470.0,65
2026-10-02,DEL_CCU,15,Ixigo,22014.0,114
2026-10-02,DEL_CCU,15,MakeMyTrip,16062.0,48
2026-10-02,DEL_CCU,15,SpiceJet Direct,19798.0,4
2026-10-02,DEL_CCU,15,Yatra,19277.0,98
2026-10-02,DEL_CCU,30,Air India Direct,9526.0,1
2026-10-02,DEL_CCU,30,Akasa Direct,9708.0,3
2026-10-02,DEL_CCU,30,Cleartrip,16264.0,111
2026-10-02,DEL_CCU,30,EaseMyTrip,15311.0,91
2026-10-02,DEL_CCU,30,Goibibo,12489.0,31
2026-10-02,DEL_CCU,30,IndiGo Direct,15675.0,61
2026-10-02,DEL_CCU,30,Ixigo,18478.0,116
2026-10-02,DEL_CCU,30,MakeMyTrip,11862.0,37
2026-10-02,DEL_CCU,30,SpiceJet Direct,9551.0,1
2026-10-02,DEL_CCU,30,Yatra,15574.0,98
2026-10-02,DEL_CCU,45,Air India Direct,9526.0,1
2026-10-02,DEL_CCU,45,Akasa Direct,9280.0,3
2026-10-02,DEL_CCU,45,Cleartrip,16322.0,109
2026-10-02,DEL_CCU,45,EaseMyTrip,13844.0,75
2026-10-02,DEL_CCU,45,Goibibo,10444.5,36
2026-10-02,DEL_CCU,45,IndiGo Direct,14904.0,59
2026-10-02,DEL_CCU,45,Ixigo,17809.0,99
2026-10-02,DEL_CCU,45,MakeMyTrip,9972.0,38
2026-10-02,DEL_CCU,45,Yatra,15147.0,90
2026-10-02,DEL_GOI,1,Air India Direct,8115.0,1
2026-10-02,DEL_GOI,1,Cleartrip,12681.0,98
2026-10-02,DEL_GOI,1,EaseMyTrip,12531.0,83
2026-10-02,DEL_GOI,1,Goibibo,10194.0,55
2026-10-02,DEL_GOI,1,IndiGo Direct,12883.0,58
2026-10-02,DEL_GOI,1,Ixigo,13123.5,88
2026-10-02,DEL_GOI,1,MakeMyTrip,9395.0,19
2026-10-02,DEL_GOI,1,Yatra,10570.0,75
2026-10-02,DEL_GOI,7,Air India Direct,7490.0,1
2026-10-02,DEL_GOI,7,Cleartrip,11902.0,95
2026-10-02,DEL_GOI,7,EaseMyTrip,11735.0,74
2026-10-02,DEL_GOI,7,Goibibo,8148.0,25
2026-10-02,DEL_GOI,7,IndiGo Direct,12246.0,56
2026-10-02,DEL_GOI,7,Ixigo,11576.0,83
2026-10-02,DEL_GOI,7,MakeMyTrip,8136.0,19
2026-10-02,DEL_GOI,7,Yatra,10737.0,68
2026-10-02,DEL_GOI,15,Air India Direct,9590.0,1
2026-10-02,DEL_GOI,15,Cleartrip,11524.5,108
2026-10-02,DEL_GOI,15,EaseMyTrip,13060.0,59
2026-10-02,DEL_GOI,15,Goibibo,13828.0,23
2026-10-02,DEL_GOI,15,IndiGo Direct,11081.0,57
2026-10-02,DEL_GOI,15,Ixigo,11515.0,77
2026-10-02,DEL_GOI,15,MakeMyTrip,10853.0,103
2026-10-02,DEL_GOI,15,Yatra,10768.5,74
2026-10-02,DEL_GOI,30,Air India Direct,7490.0,1
2026-10-02,DEL_GOI,30,Cleartrip,11624.0,97
2026-10-02,DEL_GOI,30,EaseMyTrip,10165.0,77
2026-10-02,DEL_GOI,30,Goibibo,7442.0,24
2026-10-02,DEL_GOI,30,IndiGo Direct,10165.0,58
2026-10-02,DEL_GOI,30,Ixigo,12439.0,89
2026-10-02,DEL_GOI,30,MakeMyTrip,7420.0,16
2026-10-02,DEL_GOI,30,Yatra,10543.0,64
2026-10-02,DEL_GOI,45,Air India Direct,7490.0,1
2026-10-02,DEL_GOI,45,Cleartrip,17293.0,101
2026-10-02,DEL_GOI,45,EaseMyTrip,15340.0,86
2026-10-02,DEL_GOI,45,Goibibo,14649.0,83
2026-10-02,DEL_GOI,45,IndiGo Direct,14367.0,58
2026-10-02,DEL_GOI,45,Ixigo,17334.0,85
2026-10-02,DEL_GOI,45,MakeMyTrip,14327.0,99
2026-10-02,DEL_GOI,45,Yatra,14277.0,55
2026-10-02,DEL_HYD,1,Air India Direct,9109.0,1
2026-10-02,DEL_HYD,1,Akasa Direct,9603.0,2
2026-10-02,DEL_HYD,1,Cleartrip,13408.5,116
2026-10-02,DEL_HYD,1,EaseMyTrip,12101.0,78
2026-10-02,DEL_HYD,1,Goibibo,8977.5,26
2026-10-02,DEL_HYD,1,IndiGo Direct,12323.0,60
2026-10-02,DEL_HYD,1,Ixigo,14465.0,106
2026-10-02,DEL_HYD,1,MakeMyTrip,8930.0,34
2026-10-02,DEL_HYD,1,Yatra,12909.0,96
2026-10-02,DEL_HYD,7,Air India Direct,9109.0,1
2026-10-02,DEL_HYD,7,Akasa Direct,9614.0,2
2026-10-02,DEL_HYD,7,Cleartrip,15796.0,135
2026-10-02,DEL_HYD,7,EaseMyTrip,11561.0,77
2026-10-02,DEL_HYD,7,Goibibo,9243.0,32
2026-10-02,DEL_HYD,7,IndiGo Direct,12195.0,63
2026-10-02,DEL_HYD,7,Ixigo,17089.5,116
2026-10-02,DEL_HYD,7,MakeMyTrip,9025.0,37
2026-10-02,DEL_HYD,7,Yatra,12863.0,95
2026-10-02,DEL_HYD,15,Air India Direct,10652.0,1
2026-10-02,DEL_HYD,15,Akasa Direct,11034.5,2
2026-10-02,DEL_HYD,15,Cleartrip,15865.0,123
2026-10-02,DEL_HYD,15,EaseMyTrip,13546.0,81
2026-10-02,DEL_HYD,15,Goibibo,11735.0,35
2026-10-02,DEL_HYD,15,IndiGo Direct,13376.0,62
2026-10-02,DEL_HYD,15,Ixigo,16495.0,125
2026-10-02,DEL_HYD,15,MakeMyTrip,11033.0,40
2026-10-02,DEL_HYD,15,Yatra,13206.0,88
2026-10-02,DEL_HYD,30,Air India Direct,10364.0,1
2026-10-02,DEL_HYD,30,Akasa Direct,9779.0,2
2026-10-02,DEL_HYD,30,Cleartrip,15902.0,126
2026-10-02,DEL_HYD,30,EaseMyTrip,14265.0,88
2026-10-02,DEL_HYD,30,Goibibo,10453.0,33
2026-10-02,DEL_HYD,30,IndiGo Direct,15430.5,64
2026-10-02,DEL_HYD,30,Ixigo,17635.0,112
2026-10-02,DEL_HYD,30,MakeMyTrip,10280.0,39
2026-10-02,DEL_HYD,30,Yatra,14426.5,92
2026-10-02,DEL_HYD,45,Air India Direct,11474.0,1
2026-10-02,DEL_HYD,45,Akasa Direct,10928.0,2
2026-10-02,DEL_HYD,45,Cleartrip,17635.0,126
2026-10-02,DEL_HYD,45,EaseMyTrip,17319.0,104
2026-10-02,DEL_HYD,45,Goibibo,11907.0,34
2026-10-02,DEL_HYD,45,IndiGo Direct,16648.0,62
2026-10-02,DEL_HYD,45,Ixigo,17970.0,102
2026-10-02,DEL_HYD,45,MakeMyTrip,11632.0,38
2026-10-02,DEL_HYD,45,Yatra,14832.0,69
2026-10-02,DEL_MAA,1,Air India Direct,10294.0,1
2026-10-02,DEL_MAA,1,Akasa Direct,12494.0,1
2026-10-02,DEL_MAA,1,Cleartrip,12813.5,108
2026-10-02,DEL_MAA,1,EaseMyTrip,12674.5,84
2026-10-02,DEL_MAA,1,Goibibo,10002.0,18
2026-10-02,DEL_MAA,1,IndiGo Direct,12649.0,56
2026-10-02,DEL_MAA,1,Ixigo,14768.0,105
2026-10-02,DEL_MAA,1,MakeMyTrip,10002.0,22
2026-10-02,DEL_MAA,1,Yatra,12266.0,79
2026-10-02,DEL_MAA,7,Air India Direct,10294.0,1
2026-10-02,DEL_MAA,7,Akasa Direct,14922.0,1
2026-10-02,DEL_MAA,7,Cleartrip,15469.0,117
2026-10-02,DEL_MAA,7,EaseMyTrip,14863.0,80
2026-10-02,DEL_MAA,7,Goibibo,10247.5,24
2026-10-02,DEL_MAA,7,IndiGo Direct,15513.5,58
2026-10-02,DEL_MAA,7,Ixigo,15789.0,117
2026-10-02,DEL_MAA,7,MakeMyTrip,10210.0,29
2026-10-02,DEL_MAA,7,Yatra,14723.5,92
2026-10-02,DEL_MAA,15,Air India Direct,10294.0,1
2026-10-02,DEL_MAA,15,Akasa Direct,10406.0,1
2026-10-02,DEL_MAA,15,Cleartrip,14477.0,129
2026-10-02,DEL_MAA,15,EaseMyTrip,13923.0,84
2026-10-02,DEL_MAA,15,Goibibo,10210.0,18
2026-10-02,DEL_MAA,15,IndiGo Direct,13831.0,59
2026-10-02,DEL_MAA,15,Ixigo,16997.0,103
2026-10-02,DEL_MAA,15,MakeMyTrip,10210.0,21
2026-10-02,DEL_MAA,15,Yatra,13367.0,82
2026-10-02,DEL_MAA,30,Air India Direct,21074.0,1
2026-10-02,DEL_MAA,30,Akasa Direct,13400.0,2
2026-10-02,DEL_MAA,30,Cleartrip,16147.0,116
2026-10-02,DEL_MAA,30,EaseMyTrip,14925.0,71
2026-10-02,DEL_MAA,30,Goibibo,11725.0,22
2026-10-02,DEL_MAA,30,IndiGo Direct,15086.0,59
2026-10-02,DEL_MAA,30,Ixigo,16756.0,83
2026-10-02,DEL_MAA,30,MakeMyTrip,11210.0,26
2026-10-02,DEL_MAA,30,Yatra,15149.5,82
2026-10-02,DEL_MAA,45,Air India Direct,10452.0,1
2026-10-02,DEL_MAA,45,Akasa Direct,17589.5,2
2026-10-02,DEL_MAA,45,Cleartrip,18088.0,112
2026-10-02,DEL_MAA,45,EaseMyTrip,17126.0,69
2026-10-02,DEL_MAA,45,Goibibo,10831.0,19
2026-10-02,DEL_MAA,45,IndiGo Direct,17163.0,56
2026-10-02,DEL_MAA,45,Ixigo,18219.0,89
2026-10-02,DEL_MAA,45,MakeMyTrip,10465.0,22
2026-10-02,DEL_MAA,45,Yatra,17042.0,79
2026-10-02,HYD_BLR,1,Air India Direct,5076.0,1
2026-10-02,HYD_BLR,1,Akasa Direct,17570.0,1
2026-10-02,HYD_BLR,1,Cleartrip,7661.0,75
2026-10-02,HYD_BLR,1,EaseMyTrip,7703.5,60
2026-10-02,HYD_BLR,1,Goibibo,6913.0,25
2026-10-02,HYD_BLR,1,IndiGo Direct,7503.0,87
2026-10-02,HYD_BLR,1,Ixigo,13020.0,87
2026-10-02,HYD_BLR,1,MakeMyTrip,6450.0,32
2026-10-02,HYD_BLR,1,Yatra,12617.0,101
2026-10-02,HYD_BLR,7,Air India Direct,9368.0,1
2026-10-02,HYD_BLR,7,Akasa Direct,21892.0,2
2026-10-02,HYD_BLR,7,Cleartrip,12714.0,89
2026-10-02,HYD_BLR,7,EaseMyTrip,11249.5,62
2026-10-02,HYD_BLR,7,Goibibo,13301.5,18
2026-10-02,HYD_BLR,7,IndiGo Direct,7614.0,77
2026-10-02,HYD_BLR,7,Ixigo,18269.0,103
2026-10-02,HYD_BLR,7,MakeMyTrip,12715.0,22
2026-10-02,HYD_BLR,7,Yatra,14233.0,86
2026-10-02,HYD_BLR,15,Air India Direct,6396.0,1
2026-10-02,HYD_BLR,15,Akasa Direct,19468.0,1
2026-10-02,HYD_BLR,15,Cleartrip,7970.0,81
2026-10-02,HYD_BLR,15,EaseMyTrip,7563.5,64
2026-10-02,HYD_BLR,15,Goibibo,6538.0,23
2026-10-02,HYD_BLR,15,IndiGo Direct,7003.0,78
2026-10-02,HYD_BLR,15,Ixigo,14230.0,104
2026-10-02,HYD_BLR,15,MakeMyTrip,6538.0,28
2026-10-02,HYD_BLR,15,Yatra,11682.5,84
2026-10-02,HYD_BLR,30,Air India Direct,4876.0,1
2026-10-02,HYD_BLR,30,Akasa Direct,19108.0,1
2026-10-02,HYD_BLR,30,Cleartrip,11126.0,87
2026-10-02,HYD_BLR,30,EaseMyTrip,11085.5,58
2026-10-02,HYD_BLR,30,Goibibo,5793.0,20
2026-10-02,HYD_BLR,30,IndiGo Direct,11189.0,96
2026-10-02,HYD_BLR,30,Ixigo,16256.5,90
2026-10-02,HYD_BLR,30,MakeMyTrip,5616.0,23
2026-10-02,HYD_BLR,30,Yatra,12326.5,78
2026-10-02,HYD_BLR,45,Air India Direct,5561.0,1
2026-10-02,HYD_BLR,45,Akasa Direct,21106.0,1
2026-10-02,HYD_BLR,45,Cleartrip,15467.0,86
2026-10-02,HYD_BLR,45,EaseMyTrip,10318.5,56
2026-10-02,HYD_BLR,45,Goibibo,8224.0,19
2026-10-02,HYD_BLR,45,IndiGo Direct,12543.0,86
2026-10-02,HYD_BLR,45,Ixigo,17829.0,90
2026-10-02,HYD_BLR,45,MakeMyTrip,6538.0,23
2026-10-02,HYD_BLR,45,Yatra,16228.0,87
2026-10-02,HYD_DEL,1,Air India Direct,8566.0,1
2026-10-02,HYD_DEL,1,Akasa Direct,8813.0,2
2026-10-02,HYD_DEL,1,Cleartrip,12546.0,104
2026-10-02,HYD_DEL,1,EaseMyTrip,10883.0,74
2026-10-02,HYD_DEL,1,Goibibo,8395.0,27
2026-10-02,HYD_DEL,1,IndiGo Direct,12087.5,62
2026-10-02,HYD_DEL,1,Ixigo,12765.0,92
2026-10-02,HYD_DEL,1,MakeMyTrip,8395.0,32
2026-10-02,HYD_DEL,1,Yatra,12056.0,87
2026-10-02,HYD_DEL,7,Air India Direct,11829.0,1
2026-10-02,HYD_DEL,7,Akasa Direct,13260.0,2
2026-10-02,HYD_DEL,7,Cleartrip,15663.0,112
2026-10-02,HYD_DEL,7,EaseMyTrip,14063.0,79
2026-10-02,HYD_DEL,7,Goibibo,13831.0,36
2026-10-02,HYD_DEL,7,IndiGo Direct,13654.0,64
2026-10-02,HYD_DEL,7,Ixigo,17573.0,101
2026-10-02,HYD_DEL,7,MakeMyTrip,12884.5,40
2026-10-02,HYD_DEL,7,Yatra,13572.5,74
2026-10-02,HYD_DEL,15,Air India Direct,10892.0,1
2026-10-02,HYD_DEL,15,Akasa Direct,10888.0,2
2026-10-02,HYD_DEL,15,Cleartrip,15160.0,117
2026-10-02,HYD_DEL,15,EaseMyTrip,13073.0,78
2026-10-02,HYD_DEL,15,Goibibo,11599.0,32
2026-10-02,HYD_DEL,15,IndiGo Direct,13523.0,63
2026-10-02,HYD_DEL,15,Ixigo,14661.0,89
2026-10-02,HYD_DEL,15,MakeMyTrip,11116.0,38
2026-10-02,HYD_DEL,15,Yatra,12993.5,88
2026-10-02,HYD_DEL,30,Air India Direct,9825.0,1
2026-10-02,HYD_DEL,30,Akasa Direct,9784.5,2
2026-10-02,HYD_DEL,30,Cleartrip,16346.0,135
2026-10-02,HYD_DEL,30,EaseMyTrip,14249.0,83
2026-10-02,HYD_DEL,30,Goibibo,10495.0,30
2026-10-02,HYD_DEL,30,IndiGo Direct,14481.5,62
2026-10-02,HYD_DEL,30,Ixigo,16317.0,108
2026-10-02,HYD_DEL,30,MakeMyTrip,10225.0,35
2026-10-02,HYD_DEL,30,Yatra,14518.0,95
2026-10-02,HYD_DEL,45,Air India Direct,9318.0,1
2026-10-02,HYD_DEL,45,Akasa Direct,8576.0,2
2026-10-02,HYD_DEL,45,Cleartrip,16236.0,119
2026-10-02,HYD_DEL,45,EaseMyTrip,13898.0,82
2026-10-02,HYD_DEL,45,Goibibo,9375.0,31
2026-10-02,HYD_DEL,45,IndiGo Direct,14954.5,60
2026-10-02,HYD_DEL,45,Ixigo,15923.0,101
2026-10-02,HYD_DEL,45,MakeMyTrip,9375.0,34
2026-10-02,HYD_DEL,45,Yatra,13638.0,76
2026-10-02,MAA_BOM,1,Air India Direct,7832.0,1
2026-10-02,MAA_BOM,1,Akasa Direct,7061.0,1
2026-10-02,MAA_BOM,1,Cleartrip,10669.0,93
2026-10-02,MAA_BOM,1,EaseMyTrip,9130.5,50
2026-10-02,MAA_BOM,1,Goibibo,7540.0,22
2026-10-02,MAA_BOM,1,IndiGo Direct,9170.0,53
2026-10-02,MAA_BOM,1,Ixigo,10557.0,81
2026-10-02,MAA_BOM,1,MakeMyTrip,7540.0,24
2026-10-02,MAA_BOM,1,Yatra,10073.0,85
2026-10-02,MAA_BOM,7,Air India Direct,7832.0,1
2026-10-02,MAA_BOM,7,Akasa Direct,7436.0,1
2026-10-02,MAA_BOM,7,Cleartrip,18253.0,92
2026-10-02,MAA_BOM,7,EaseMyTrip,15971.0,47
2026-10-02,MAA_BOM,7,Goibibo,11379.0,23
2026-10-02,MAA_BOM,7,IndiGo Direct,14844.0,57
2026-10-02,MAA_BOM,7,Ixigo,18942.5,76
2026-10-02,MAA_BOM,7,MakeMyTrip,8182.5,24
2026-10-02,MAA_BOM,7,Yatra,16489.0,75
2026-10-02,MAA_BOM,15,Air India Direct,7832.0,1
2026-10-02,MAA_BOM,15,Akasa Direct,7061.0,1
2026-10-02,MAA_BOM,15,Cleartrip,13152.0,95
2026-10-02,MAA_BOM,15,EaseMyTrip,9745.0,47
2026-10-02,MAA_BOM,15,Goibibo,7540.0,21
2026-10-02,MAA_BOM,15,IndiGo Direct,10706.5,58
2026-10-02,MAA_BOM,15,Ixigo,13245.0,83
2026-10-02,MAA_BOM,15,MakeMyTrip,7540.0,23
2026-10-02,MAA_BOM,15,Yatra,11471.0,79
2026-10-02,MAA_BOM,30,Air India Direct,7989.0,1
2026-10-02,MAA_BOM,30,Akasa Direct,8550.0,1
2026-10-02,MAA_BOM,30,Cleartrip,14144.5,88
2026-10-02,MAA_BOM,30,EaseMyTrip,12745.0,45
2026-10-02,MAA_BOM,30,Goibibo,8238.0,18
2026-10-02,MAA_BOM,30,IndiGo Direct,13328.0,60
2026-10-02,MAA_BOM,30,Ixigo,15306.5,104
2026-10-02,MAA_BOM,30,MakeMyTrip,7905.0,21
2026-10-02,MAA_BOM,30,Yatra,13287.0,80
2026-10-02,MAA_BOM,45,Air India Direct,10989.0,1
2026-10-02,MAA_BOM,45,Akasa Direct,11183.0,1
2026-10-02,MAA_BOM,45,Cleartrip,13201.0,75
2026-10-02,MAA_BOM,45,EaseMyTrip,12553.5,44
2026-10-02,MAA_BOM,45,Goibibo,11836.0,22
2026-10-02,MAA_BOM,45,IndiGo Direct,13647.0,59
2026-10-02,MAA_BOM,45,Ixigo,14317.0,83
2026-10-02,MAA_BOM,45,MakeMyTrip,11836.0,25
2026-10-02,MAA_BOM,45,Yatra,13093.0,77
2026-10-02,MAA_DEL,1,Air India Direct,10442.0,1
2026-10-02,MAA_DEL,1,Akasa Direct,11187.0,1
2026-10-02,MAA_DEL,1,Cleartrip,12806.0,95
2026-10-02,MAA_DEL,1,EaseMyTrip,13023.0,63
2026-10-02,MAA_DEL,1,Goibibo,10150.0,19
2026-10-02,MAA_DEL,1,IndiGo Direct,13482.0,54
2026-10-02,MAA_DEL,1,Ixigo,12402.5,72
2026-10-02,MAA_DEL,1,MakeMyTrip,10150.0,22
2026-10-02,MAA_DEL,1,Yatra,13041.0,89
2026-10-02,MAA_DEL,7,Air India Direct,11397.0,1
2026-10-02,MAA_DEL,7,Akasa Direct,12423.0,1
2026-10-02,MAA_DEL,7,Cleartrip,20126.0,109
2026-10-02,MAA_DEL,7,EaseMyTrip,18658.0,68
2026-10-02,MAA_DEL,7,Goibibo,13861.0,28
2026-10-02,MAA_DEL,7,IndiGo Direct,17395.0,60
2026-10-02,MAA_DEL,7,Ixigo,20216.0,93
2026-10-02,MAA_DEL,7,MakeMyTrip,12747.0,33
2026-10-02,MAA_DEL,7,Yatra,18685.0,93
2026-10-02,MAA_DEL,15,Air India Direct,10442.0,1
2026-10-02,MAA_DEL,15,Akasa Direct,11187.0,1
2026-10-02,MAA_DEL,15,Cleartrip,16661.0,107
2026-10-02,MAA_DEL,15,EaseMyTrip,15531.0,69
2026-10-02,MAA_DEL,15,Goibibo,12747.0,24
2026-10-02,MAA_DEL,15,IndiGo Direct,15975.0,59
2026-10-02,MAA_DEL,15,Ixigo,17879.0,93
2026-10-02,MAA_DEL,15,MakeMyTrip,12562.5,28
2026-10-02,MAA_DEL,15,Yatra,15578.0,84
2026-10-02,MAA_DEL,30,Air India Direct,10600.0,1
2026-10-02,MAA_DEL,30,Akasa Direct,15472.0,1
2026-10-02,MAA_DEL,30,Cleartrip,16139.0,115
2026-10-02,MAA_DEL,30,EaseMyTrip,15244.0,68
2026-10-02,MAA_DEL,30,Goibibo,11105.0,19
2026-10-02,MAA_DEL,30,IndiGo Direct,15829.0,58
2026-10-02,MAA_DEL,30,Ixigo,15745.0,89
2026-10-02,MAA_DEL,30,MakeMyTrip,11030.0,22
2026-10-02,MAA_DEL,30,Yatra,15900.0,101
2026-10-02,MAA_DEL,45,Air India Direct,12620.0,1
2026-10-02,MAA_DEL,45,Akasa Direct,17604.0,1
2026-10-02,MAA_DEL,45,Cleartrip,14965.5,108
2026-10-02,MAA_DEL,45,EaseMyTrip,13813.0,71
2026-10-02,MAA_DEL,45,Goibibo,11105.0,23
2026-10-02,MAA_DEL,45,IndiGo Direct,14404.0,58
2026-10-02,MAA_DEL,45,Ixigo,14134.0,85
2026-10-02,MAA_DEL,45,MakeMyTrip,10615.0,27
2026-10-02,MAA_DEL,45,Yatra,13625.0,82
2026-10-03,AMD_DEL,1,Akasa Direct,25222.0,5
2026-10-03,AMD_DEL,1,Cleartrip,12727.0,44
2026-10-03,AMD_DEL,1,EaseMyTrip,7967.5,28
2026-10-03,AMD_DEL,1,Goibibo,6634.0,20
2026-10-03,AMD_DEL,1,IndiGo Direct,7556.0,23
2026-10-03,AMD_DEL,1,Ixigo,14123.0,55
2026-10-03,AMD_DEL,1,MakeMyTrip,6470.0,23
2026-10-03,AMD_DEL,1,Yatra,12536.0,52
2026-10-03,AMD_DEL,7,Akasa Direct,10475.0,6
2026-10-03,AMD_DEL,7,Cleartrip,10573.0,57
2026-10-03,AMD_DEL,7,EaseMyTrip,7571.0,29
2026-10-03,AMD_DEL,7,Goibibo,6320.5,18
2026-10-03,AMD_DEL,7,IndiGo Direct,6873.0,22
2026-10-03,AMD_DEL,7,Ixigo,10629.0,63
2026-10-03,AMD_DEL,7,MakeMyTrip,6239.0,22
2026-10-03,AMD_DEL,7,Yatra,9923.5,58
2026-10-03,AMD_DEL,15,Akasa Direct,12121.0,5
2026-10-03,AMD_DEL,15,Cleartrip,9989.0,43
2026-10-03,AMD_DEL,15,EaseMyTrip,6588.0,29
2026-10-03,AMD_DEL,15,Goibibo,6351.0,17
2026-10-03,AMD_DEL,15,IndiGo Direct,5823.0,19
2026-10-03,AMD_DEL,15,Ixigo,13346.0,46
2026-10-03,AMD_DEL,15,MakeMyTrip,6351.0,21
2026-10-03,AMD_DEL,15,Yatra,11904.0,45
2026-10-03,AMD_DEL,30,Akasa Direct,16185.5,4
2026-10-03,AMD_DEL,30,Cleartrip,9868.0,45
2026-10-03,AMD_DEL,30,EaseMyTrip,7469.5,30
2026-10-03,AMD_DEL,30,Goibibo,6680.0,23
2026-10-03,AMD_DEL,30,IndiGo Direct,6033.0,25
2026-10-03,AMD_DEL,30,Ixigo,14364.0,55
2026-10-03,AMD_DEL,30,MakeMyTrip,6403.0,27
2026-10-03,AMD_DEL,30,Yatra,12808.0,53
2026-10-03,AMD_DEL,45,Akasa Direct,14661.0,4
2026-10-03,AMD_DEL,45,Cleartrip,8043.0,47
2026-10-03,AMD_DEL,45,EaseMyTrip,7261.0,35
2026-10-03,AMD_DEL,45,Goibibo,6403.0,23
2026-10-03,AMD_DEL,45,IndiGo Direct,6873.0,22
2026-10-03,AMD_DEL,45,Ixigo,13267.0,54
2026-10-03,AMD_DEL,45,MakeMyTrip,6403.0,28
2026-10-03,AMD_DEL,45,SpiceJet Direct,6687.0,2
2026-10-03,AMD_DEL,45,Yatra,11170.0,53
2026-10-03,BLR_BOM,1,Akasa Direct,7608.5,4
2026-10-03,BLR_BOM,1,Cleartrip,18243.5,100
2026-10-03,BLR_BOM,1,EaseMyTrip,16502.5,76
2026-10-03,BLR_BOM,1,Goibibo,11065.0,43
2026-10-03,BLR_BOM,1,IndiGo Direct,16623.0,63
2026-10-03,BLR_BOM,1,Ixigo,18259.0,116
2026-10-03,BLR_BOM,1,MakeMyTrip,9284.0,49
2026-10-03,BLR_BOM,1,Yatra,16847.0,95
2026-10-03,BLR_BOM,7,Akasa Direct,9951.5,4
2026-10-03,BLR_BOM,7,Cleartrip,17022.0,118
2026-10-03,BLR_BOM,7,EaseMyTrip,13533.0,80
2026-10-03,BLR_BOM,7,Goibibo,11113.5,46
2026-10-03,BLR_BOM,7,IndiGo Direct,10972.0,64
2026-10-03,BLR_BOM,7,Ixigo,17652.0,117
2026-10-03,BLR_BOM,7,MakeMyTrip,11117.0,47
2026-10-03,BLR_BOM,7,Yatra,13436.0,85
2026-10-03,BLR_BOM,15,Akasa Direct,6342.5,4
2026-10-03,BLR_BOM,15,Cleartrip,12196.5,124
2026-10-03,BLR_BOM,15,EaseMyTrip,11192.0,96
2026-10-03,BLR_BOM,15,Goibibo,6982.0,50
2026-10-03,BLR_BOM,15,IndiGo Direct,7244.0,61
2026-10-03,BLR_BOM,15,Ixigo,13618.0,111
2026-10-03,BLR_BOM,15,MakeMyTrip,6982.0,52
2026-10-03,BLR_BOM,15,Yatra,10585.5,88
2026-10-03,BLR_BOM,30,Akasa Direct,8218.0,6
2026-10-03,BLR_BOM,30,Cleartrip,11065.0,153
2026-10-03,BLR_BOM,30,EaseMyTrip,8902.0,87
2026-10-03,BLR_BOM,30,Goibibo,8838.5,52
2026-10-03,BLR_BOM,30,IndiGo Direct,8662.0,63
2026-10-03,BLR_BOM,30,Ixigo,10969.0,134
2026-10-03,BLR_BOM,30,MakeMyTrip,8579.0,53
2026-10-03,BLR_BOM,30,SpiceJet Direct,6288.0,3
2026-10-03,BLR_BOM,30,Yatra,8551.0,92
2026-10-03,BLR_BOM,45,Akasa Direct,7895.0,9
2026-10-03,BLR_BOM,45,Cleartrip,10764.0,154
2026-10-03,BLR_BOM,45,EaseMyTrip,8902.0,98
2026-10-03,BLR_BOM,45,Goibibo,8159.0,57
2026-10-03,BLR_BOM,45,IndiGo Direct,7814.0,60
2026-10-03,BLR_BOM,45,Ixigo,9778.0,123
2026-10-03,BLR_BOM,45,MakeMyTrip,8133.0,62
2026-10-03,BLR_BOM,45,SpiceJet Direct,5452.0,3
2026-10-03,BLR_BOM,45,Yatra,8158.0,91
2026-10-03,BLR_DEL,1,Akasa Direct,8364.0,5
2026-10-03,BLR_DEL,1,Cleartrip,19541.0,149
2026-10-03,BLR_DEL,1,EaseMyTrip,18464.0,106
2026-10-03,BLR_DEL,1,Goibibo,16234.0,49
2026-10-03,BLR_DEL,1,IndiGo Direct,19416.0,68
2026-10-03,BLR_DEL,1,Ixigo,20030.0,159
2026-10-03,BLR_DEL,1,MakeMyTrip,15842.0,57
2026-10-03,BLR_DEL,1,Yatra,14376.0,79
2026-10-03,BLR_DEL,7,Akasa Direct,13917.0,5
2026-10-03,BLR_DEL,7,Cleartrip,17706.0,154
2026-10-03,BLR_DEL,7,EaseMyTrip,17378.0,114
2026-10-03,BLR_DEL,7,Goibibo,14577.0,55
2026-10-03,BLR_DEL,7,IndiGo Direct,15352.0,70
2026-10-03,BLR_DEL,7,Ixigo,18398.0,159
2026-10-03,BLR_DEL,7,MakeMyTrip,14577.0,66
2026-10-03,BLR_DEL,7,Yatra,14087.0,78
2026-10-03,BLR_DEL,15,Akasa Direct,11556.0,5
2026-10-03,BLR_DEL,15,Cleartrip,13864.0,159
2026-10-03,BLR_DEL,15,EaseMyTrip,12608.0,113
2026-10-03,BLR_DEL,15,Goibibo,11847.0,55
2026-10-03,BLR_DEL,15,IndiGo Direct,12544.0,70
2026-10-03,BLR_DEL,15,Ixigo,13785.0,138
2026-10-03,BLR_DEL,15,MakeMyTrip,11650.0,65
2026-10-03,BLR_DEL,15,SpiceJet Direct,11388.0,2
2026-10-03,BLR_DEL,15,Yatra,11717.5,92
2026-10-03,BLR_DEL,30,Akasa Direct,12916.0,6
2026-10-03,BLR_DEL,30,Cleartrip,14701.0,183
2026-10-03,BLR_DEL,30,EaseMyTrip,12664.0,127
2026-10-03,BLR_DEL,30,Goibibo,12282.5,48
2026-10-03,BLR_DEL,30,IndiGo Direct,10794.0,68
2026-10-03,BLR_DEL,30,Ixigo,14444.0,147
2026-10-03,BLR_DEL,30,MakeMyTrip,11871.0,55
2026-10-03,BLR_DEL,30,SpiceJet Direct,11705.0,3
2026-10-03,BLR_DEL,30,Yatra,11855.5,94
2026-10-03,BLR_DEL,45,Akasa Direct,9363.0,6
2026-10-03,BLR_DEL,45,Cleartrip,13359.0,179
2026-10-03,BLR_DEL,45,EaseMyTrip,10238.5,132
2026-10-03,BLR_DEL,45,Goibibo,9970.0,56
2026-10-03,BLR_DEL,45,IndiGo Direct,10154.0,66
2026-10-03,BLR_DEL,45,Ixigo,13487.0,158
2026-10-03,BLR_DEL,45,MakeMyTrip,9907.0,57
2026-10-03,BLR_DEL,45,SpiceJet Direct,9526.0,3
2026-10-03,BLR_DEL,45,Yatra,9655.0,89
2026-10-03,BLR_HYD,1,Akasa Direct,20148.0,4
2026-10-03,BLR_HYD,1,Cleartrip,20979.0,81
2026-10-03,BLR_HYD,1,EaseMyTrip,18044.0,66
2026-10-03,BLR_HYD,1,Goibibo,14038.0,41
2026-10-03,BLR_HYD,1,IndiGo Direct,20120.0,91
2026-10-03,BLR_HYD,1,Ixigo,22937.0,100
2026-10-03,BLR_HYD,1,MakeMyTrip,12573.0,27
2026-10-03,BLR_HYD,1,Yatra,20515.0,94
2026-10-03,BLR_HYD,7,Akasa Direct,22256.5,4
2026-10-03,BLR_HYD,7,Cleartrip,18044.0,107
2026-10-03,BLR_HYD,7,EaseMyTrip,13229.0,75
2026-10-03,BLR_HYD,7,Goibibo,9421.0,30
2026-10-03,BLR_HYD,7,IndiGo Direct,10934.0,82
2026-10-03,BLR_HYD,7,Ixigo,22914.0,101
2026-10-03,BLR_HYD,7,MakeMyTrip,8167.0,31
2026-10-03,BLR_HYD,7,Yatra,16442.5,90
2026-10-03,BLR_HYD,15,Akasa Direct,22257.0,4
2026-10-03,BLR_HYD,15,Cleartrip,10144.0,77
2026-10-03,BLR_HYD,15,EaseMyTrip,10144.0,71
2026-10-03,BLR_HYD,15,Goibibo,8167.0,21
2026-10-03,BLR_HYD,15,IndiGo Direct,9518.0,74
2026-10-03,BLR_HYD,15,Ixigo,19326.0,97
2026-10-03,BLR_HYD,15,MakeMyTrip,8167.0,24
2026-10-03,BLR_HYD,15,Yatra,12834.0,86
2026-10-03,BLR_HYD,30,Akasa Direct,21603.0,4
2026-10-03,BLR_HYD,30,Cleartrip,8885.0,85
2026-10-03,BLR_HYD,30,EaseMyTrip,8885.0,73
2026-10-03,BLR_HYD,30,Goibibo,6766.5,28
2026-10-03,BLR_HYD,30,IndiGo Direct,7103.0,70
2026-10-03,BLR_HYD,30,Ixigo,15835.0,104
2026-10-03,BLR_HYD,30,MakeMyTrip,7519.0,29
2026-10-03,BLR_HYD,30,Yatra,10276.5,84
2026-10-03,BLR_HYD,45,Akasa Direct,20060.5,4
2026-10-03,BLR_HYD,45,Cleartrip,7103.0,71
2026-10-03,BLR_HYD,45,EaseMyTrip,6791.0,62
2026-10-03,BLR_HYD,45,Goibibo,5047.0,20
2026-10-03,BLR_HYD,45,IndiGo Direct,5318.0,53
2026-10-03,BLR_HYD,45,Ixigo,15340.0,92
2026-10-03,BLR_HYD,45,MakeMyTrip,5078.0,23
2026-10-03,BLR_HYD,45,Yatra,7216.0,73
2026-10-03,BOM_BLR,1,Akasa Direct,8130.0,4
2026-10-03,BOM_BLR,1,Cleartrip,20059.0,122
2026-10-03,BOM_BLR,1,EaseMyTrip,14517.0,82
2026-10-03,BOM_BLR,1,Goibibo,11452.0,48
2026-10-03,BOM_BLR,1,IndiGo Direct,14333.0,56
2026-10-03,BOM_BLR,1,Ixigo,20611.0,105
2026-10-03,BOM_BLR,1,MakeMyTrip,10879.5,56
2026-10-03,BOM_BLR,1,Yatra,16498.0,91
2026-10-03,BOM_BLR,7,Akasa Direct,6525.5,4
2026-10-03,BOM_BLR,7,Cleartrip,13004.0,132
2026-10-03,BOM_BLR,7,EaseMyTrip,8798.0,79
2026-10-03,BOM_BLR,7,Goibibo,7339.0,41
2026-10-03,BOM_BLR,7,IndiGo Direct,7313.0,60
2026-10-03,BOM_BLR,7,Ixigo,12845.0,124
2026-10-03,BOM_BLR,7,MakeMyTrip,7062.0,44
2026-10-03,BOM_BLR,7,Yatra,8380.0,74
2026-10-03,BOM_BLR,15,Akasa Direct,6271.5,4
2026-10-03,BOM_BLR,15,Cleartrip,11053.0,140
2026-10-03,BOM_BLR,15,EaseMyTrip,7761.0,82
2026-10-03,BOM_BLR,15,Goibibo,7062.0,48
2026-10-03,BOM_BLR,15,IndiGo Direct,6747.0,64
2026-10-03,BOM_BLR,15,Ixigo,10825.0,111
2026-10-03,BOM_BLR,15,MakeMyTrip,7062.0,52
2026-10-03,BOM_BLR,15,SpiceJet Direct,5190.0,2
2026-10-03,BOM_BLR,15,Yatra,5552.5,18
2026-10-03,BOM_BLR,30,Akasa Direct,6914.0,5
2026-10-03,BOM_BLR,30,Cleartrip,9582.0,143
2026-10-03,BOM_BLR,30,EaseMyTrip,9096.0,102
2026-10-03,BOM_BLR,30,Goibibo,8624.0,55
2026-10-03,BOM_BLR,30,IndiGo Direct,6946.0,59
2026-10-03,BOM_BLR,30,Ixigo,11071.0,145
2026-10-03,BOM_BLR,30,MakeMyTrip,8532.0,53
2026-10-03,BOM_BLR,30,SpiceJet Direct,5190.0,3
2026-10-03,BOM_BLR,30,Yatra,8127.0,84
2026-10-03,BOM_BLR,45,Akasa Direct,6986.0,10
2026-10-03,BOM_BLR,45,Cleartrip,10446.0,162
2026-10-03,BOM_BLR,45,EaseMyTrip,8532.0,95
2026-10-03,BOM_BLR,45,Goibibo,8112.0,57
2026-10-03,BOM_BLR,45,IndiGo Direct,7880.0,60
2026-10-03,BOM_BLR,45,Ixigo,10107.0,135
2026-10-03,BOM_BLR,45,MakeMyTrip,7501.0,63
2026-10-03,BOM_BLR,45,SpiceJet Direct,5190.0,3
2026-10-03,BOM_BLR,45,Yatra,7712.0,83
2026-10-03,BOM_DEL,1,Akasa Direct,8718.0,6
2026-10-03,BOM_DEL,1,Cleartrip,13234.0,143
2026-10-03,BOM_DEL,1,EaseMyTrip,10992.5,86
2026-10-03,BOM_DEL,1,Goibibo,9185.0,72
2026-10-03,BOM_DEL,1,IndiGo Direct,9709.0,74
2026-10-03,BOM_DEL,1,Ixigo,10678.0,99
2026-10-03,BOM_DEL,1,MakeMyTrip,8503.0,75
2026-10-03,BOM_DEL,1,SpiceJet Direct,7183.0,2
2026-10-03,BOM_DEL,1,Yatra,8749.0,87
2026-10-03,BOM_DEL,7,Akasa Direct,7398.0,7
2026-10-03,BOM_DEL,7,Cleartrip,9185.0,151
2026-10-03,BOM_DEL,7,EaseMyTrip,8475.0,114
2026-10-03,BOM_DEL,7,Goibibo,7505.0,66
2026-10-03,BOM_DEL,7,IndiGo Direct,8475.0,75
2026-10-03,BOM_DEL,7,Ixigo,10047.0,135
2026-10-03,BOM_DEL,7,MakeMyTrip,7505.0,73
2026-10-03,BOM_DEL,7,SpiceJet Direct,6524.0,1
2026-10-03,BOM_DEL,7,Yatra,7857.0,91
2026-10-03,BOM_DEL,15,Akasa Direct,7032.0,7
2026-10-03,BOM_DEL,15,Cleartrip,8475.0,148
2026-10-03,BOM_DEL,15,EaseMyTrip,8550.5,88
2026-10-03,BOM_DEL,15,Goibibo,7051.0,63
2026-10-03,BOM_DEL,15,IndiGo Direct,8475.0,74
2026-10-03,BOM_DEL,15,Ixigo,11076.0,136
2026-10-03,BOM_DEL,15,MakeMyTrip,7051.0,71
2026-10-03,BOM_DEL,15,Yatra,7160.0,92
2026-10-03,BOM_DEL,30,Akasa Direct,7533.0,8
2026-10-03,BOM_DEL,30,Cleartrip,12453.0,197
2026-10-03,BOM_DEL,30,EaseMyTrip,8445.0,122
2026-10-03,BOM_DEL,30,Goibibo,8059.0,74
2026-10-03,BOM_DEL,30,IndiGo Direct,8475.0,73
2026-10-03,BOM_DEL,30,Ixigo,11719.0,168
2026-10-03,BOM_DEL,30,MakeMyTrip,7912.0,82
2026-10-03,BOM_DEL,30,Yatra,7872.0,92
2026-10-03,BOM_DEL,45,Akasa Direct,7032.0,11
2026-10-03,BOM_DEL,45,Cleartrip,9599.0,183
2026-10-03,BOM_DEL,45,EaseMyTrip,7755.5,118
2026-10-03,BOM_DEL,45,Goibibo,7201.0,73
2026-10-03,BOM_DEL,45,IndiGo Direct,8554.0,71
2026-10-03,BOM_DEL,45,Ixigo,9331.0,160
2026-10-03,BOM_DEL,45,MakeMyTrip,7079.0,81
2026-10-03,BOM_DEL,45,SpiceJet Direct,7102.0,6
2026-10-03,BOM_DEL,45,Yatra,7026.0,95
2026-10-03,BOM_GOI,1,Cleartrip,14585.0,57
2026-10-03,BOM_GOI,1,EaseMyTrip,10635.0,43
2026-10-03,BOM_GOI,1,Goibibo,4961.0,26
2026-10-03,BOM_GOI,1,IndiGo Direct,12890.0,31
2026-10-03,BOM_GOI,1,Ixigo,16044.0,63
2026-10-03,BOM_GOI,1,MakeMyTrip,5280.0,17
2026-10-03,BOM_GOI,1,Yatra,13928.0,50
2026-10-03,BOM_GOI,7,Cleartrip,14771.0,69
2026-10-03,BOM_GOI,7,EaseMyTrip,13172.5,44
2026-10-03,BOM_GOI,7,Goibibo,4959.0,23
2026-10-03,BOM_GOI,7,IndiGo Direct,14065.0,36
2026-10-03,BOM_GOI,7,Ixigo,14899.0,61
2026-10-03,BOM_GOI,7,MakeMyTrip,3859.0,18
2026-10-03,BOM_GOI,7,Yatra,13928.0,57
2026-10-03,BOM_GOI,15,Cleartrip,14360.0,63
2026-10-03,BOM_GOI,15,EaseMyTrip,10580.0,54
2026-10-03,BOM_GOI,15,Goibibo,4172.0,24
2026-10-03,BOM_GOI,15,IndiGo Direct,10212.5,32
2026-10-03,BOM_GOI,15,Ixigo,14488.0,59
2026-10-03,BOM_GOI,15,MakeMyTrip,4174.0,17
2026-10-03,BOM_GOI,15,Yatra,11661.0,46
2026-10-03,BOM_GOI,30,Cleartrip,12265.0,64
2026-10-03,BOM_GOI,30,EaseMyTrip,10555.0,62
2026-10-03,BOM_GOI,30,Goibibo,4329.0,26
2026-10-03,BOM_GOI,30,IndiGo Direct,5552.0,31
2026-10-03,BOM_GOI,30,Ixigo,12504.0,66
2026-10-03,BOM_GOI,30,MakeMyTrip,4069.0,20
2026-10-03,BOM_GOI,30,Yatra,8477.0,47
2026-10-03,BOM_GOI,45,Cleartrip,12210.0,65
2026-10-03,BOM_GOI,45,EaseMyTrip,5552.0,53
2026-10-03,BOM_GOI,45,Goibibo,4699.0,29
2026-10-03,BOM_GOI,45,IndiGo Direct,5552.0,29
2026-10-03,BOM_GOI,45,Ixigo,12710.0,65
2026-10-03,BOM_GOI,45,MakeMyTrip,4199.0,26
2026-10-03,BOM_GOI,45,SpiceJet Direct,4096.0,2
2026-10-03,BOM_GOI,45,Yatra,5162.0,41
2026-10-03,BOM_MAA,1,Akasa Direct,6457.0,1
2026-10-03,BOM_MAA,1,Cleartrip,17458.5,78
2026-10-03,BOM_MAA,1,EaseMyTrip,13519.0,53
2026-10-03,BOM_MAA,1,Goibibo,9655.0,27
2026-10-03,BOM_MAA,1,IndiGo Direct,18438.0,57
2026-10-03,BOM_MAA,1,Ixigo,23383.0,63
2026-10-03,BOM_MAA,1,MakeMyTrip,9554.0,34
2026-10-03,BOM_MAA,1,Yatra,19205.0,89
2026-10-03,BOM_MAA,7,Akasa Direct,6818.0,1
2026-10-03,BOM_MAA,7,Cleartrip,14744.0,105
2026-10-03,BOM_MAA,7,EaseMyTrip,9615.0,52
2026-10-03,BOM_MAA,7,Goibibo,6651.0,23
2026-10-03,BOM_MAA,7,IndiGo Direct,9073.0,57
2026-10-03,BOM_MAA,7,Ixigo,14916.5,76
2026-10-03,BOM_MAA,7,MakeMyTrip,6651.0,24
2026-10-03,BOM_MAA,7,Yatra,10866.0,71
2026-10-03,BOM_MAA,15,Akasa Direct,6575.0,1
2026-10-03,BOM_MAA,15,Cleartrip,9508.0,74
2026-10-03,BOM_MAA,15,EaseMyTrip,8982.0,54
2026-10-03,BOM_MAA,15,Goibibo,6651.0,20
2026-10-03,BOM_MAA,15,IndiGo Direct,8982.0,55
2026-10-03,BOM_MAA,15,Ixigo,11993.0,81
2026-10-03,BOM_MAA,15,MakeMyTrip,6651.0,23
2026-10-03,BOM_MAA,15,Yatra,10624.0,77
2026-10-03,BOM_MAA,30,Akasa Direct,7467.0,1
2026-10-03,BOM_MAA,30,Cleartrip,8255.0,60
2026-10-03,BOM_MAA,30,EaseMyTrip,10005.0,68
2026-10-03,BOM_MAA,30,Goibibo,7687.5,24
2026-10-03,BOM_MAA,30,IndiGo Direct,8124.0,45
2026-10-03,BOM_MAA,30,Ixigo,12736.5,82
2026-10-03,BOM_MAA,30,MakeMyTrip,7064.0,25
2026-10-03,BOM_MAA,30,Yatra,7375.5,22
2026-10-03,BOM_MAA,45,Akasa Direct,6818.0,1
2026-10-03,BOM_MAA,45,Cleartrip,8938.0,58
2026-10-03,BOM_MAA,45,EaseMyTrip,8548.0,53
2026-10-03,BOM_MAA,45,Goibibo,6905.0,21
2026-10-03,BOM_MAA,45,IndiGo Direct,8548.0,47
2026-10-03,BOM_MAA,45,Ixigo,12458.0,78
2026-10-03,BOM_MAA,45,MakeMyTrip,6651.0,20
2026-10-03,BOM_MAA,45,Yatra,8760.0,57
2026-10-03,CCU_DEL,1,Akasa Direct,11097.0,3
2026-10-03,CCU_DEL,1,Cleartrip,16761.0,96
2026-10-03,CCU_DEL,1,EaseMyTrip,15037.0,74
2026-10-03,CCU_DEL,1,Goibibo,10439.0,33
2026-10-03,CCU_DEL,1,IndiGo Direct,14547.0,60
2026-10-03,CCU_DEL,1,Ixigo,20074.0,109
2026-10-03,CCU_DEL,1,MakeMyTrip,9141.0,36
2026-10-03,CCU_DEL,1,SpiceJet Direct,8390.0,1
2026-10-03,CCU_DEL,1,Yatra,13609.0,61
2026-10-03,CCU_DEL,7,Akasa Direct,8766.0,3
2026-10-03,CCU_DEL,7,Cleartrip,11027.0,104
2026-10-03,CCU_DEL,7,EaseMyTrip,10791.0,79
2026-10-03,CCU_DEL,7,Goibibo,9141.0,34
2026-10-03,CCU_DEL,7,IndiGo Direct,10791.0,59
2026-10-03,CCU_DEL,7,Ixigo,11238.0,87
2026-10-03,CCU_DEL,7,MakeMyTrip,8985.5,40
2026-10-03,CCU_DEL,7,SpiceJet Direct,8085.0,4
2026-10-03,CCU_DEL,7,Yatra,10511.0,83
2026-10-03,CCU_DEL,15,Akasa Direct,14405.0,3
2026-10-03,CCU_DEL,15,Cleartrip,19432.0,108
2026-10-03,CCU_DEL,15,EaseMyTrip,19244.0,80
2026-10-03,CCU_DEL,15,Goibibo,15790.0,43
2026-10-03,CCU_DEL,15,IndiGo Direct,17891.0,60
2026-10-03,CCU_DEL,15,Ixigo,19752.0,95
2026-10-03,CCU_DEL,15,MakeMyTrip,15025.0,49
2026-10-03,CCU_DEL,15,SpiceJet Direct,9888.5,4
2026-10-03,CCU_DEL,15,Yatra,16286.0,67
2026-10-03,CCU_DEL,30,Akasa Direct,8324.0,3
2026-10-03,CCU_DEL,30,Cleartrip,11329.0,106
2026-10-03,CCU_DEL,30,EaseMyTrip,10686.0,78
2026-10-03,CCU_DEL,30,Goibibo,9112.0,32
2026-10-03,CCU_DEL,30,IndiGo Direct,10896.0,54
2026-10-03,CCU_DEL,30,Ixigo,11079.5,90
2026-10-03,CCU_DEL,30,MakeMyTrip,9112.0,36
2026-10-03,CCU_DEL,30,SpiceJet Direct,9241.0,1
2026-10-03,CCU_DEL,30,Yatra,10196.0,73
2026-10-03,CCU_DEL,45,Akasa Direct,9257.0,3
2026-10-03,CCU_DEL,45,Cleartrip,14840.0,109
2026-10-03,CCU_DEL,45,EaseMyTrip,11001.0,80
2026-10-03,CCU_DEL,45,Goibibo,9847.0,29
2026-10-03,CCU_DEL,45,IndiGo Direct,10868.0,57
2026-10-03,CCU_DEL,45,Ixigo,15075.0,90
2026-10-03,CCU_DEL,45,MakeMyTrip,9847.0,34
2026-10-03,CCU_DEL,45,Yatra,10537.0,79
2026-10-03,DEL_AMD,1,Akasa Direct,22817.0,7
2026-10-03,DEL_AMD,1,Cleartrip,16206.0,43
2026-10-03,DEL_AMD,1,EaseMyTrip,14196.0,33
2026-10-03,DEL_AMD,1,Goibibo,12547.0,21
2026-10-03,DEL_AMD,1,IndiGo Direct,12534.0,23
2026-10-03,DEL_AMD,1,Ixigo,20049.0,65
2026-10-03,DEL_AMD,1,MakeMyTrip,11886.0,25
2026-10-03,DEL_AMD,1,Yatra,19502.0,69
2026-10-03,DEL_AMD,7,Akasa Direct,14057.0,8
2026-10-03,DEL_AMD,7,Cleartrip,12767.0,54
2026-10-03,DEL_AMD,7,EaseMyTrip,12767.0,51
2026-10-03,DEL_AMD,7,Goibibo,6260.0,20
2026-10-03,DEL_AMD,7,IndiGo Direct,7256.0,31
2026-10-03,DEL_AMD,7,Ixigo,13654.0,78
2026-10-03,DEL_AMD,7,MakeMyTrip,5851.0,23
2026-10-03,DEL_AMD,7,Yatra,12549.5,94
2026-10-03,DEL_AMD,15,Akasa Direct,12404.0,7
2026-10-03,DEL_AMD,15,Cleartrip,13367.0,69
2026-10-03,DEL_AMD,15,EaseMyTrip,8261.0,35
2026-10-03,DEL_AMD,15,Goibibo,6094.0,17
2026-10-03,DEL_AMD,15,IndiGo Direct,5289.0,21
2026-10-03,DEL_AMD,15,Ixigo,13367.0,71
2026-10-03,DEL_AMD,15,MakeMyTrip,5820.5,20
2026-10-03,DEL_AMD,15,Yatra,12775.0,76
2026-10-03,DEL_AMD,30,Akasa Direct,12408.0,7
2026-10-03,DEL_AMD,30,Cleartrip,15117.0,76
2026-10-03,DEL_AMD,30,EaseMyTrip,13330.0,50
2026-10-03,DEL_AMD,30,Goibibo,6216.0,22
2026-10-03,DEL_AMD,30,IndiGo Direct,7125.0,27
2026-10-03,DEL_AMD,30,Ixigo,15441.5,76
2026-10-03,DEL_AMD,30,MakeMyTrip,5903.0,26
2026-10-03,DEL_AMD,30,Yatra,14542.0,75
2026-10-03,DEL_AMD,45,Akasa Direct,20155.0,7
2026-10-03,DEL_AMD,45,Cleartrip,17576.0,70
2026-10-03,DEL_AMD,45,EaseMyTrip,16315.5,48
2026-10-03,DEL_AMD,45,Goibibo,12096.0,25
2026-10-03,DEL_AMD,45,IndiGo Direct,12009.0,30
2026-10-03,DEL_AMD,45,Ixigo,17767.0,69
2026-10-03,DEL_AMD,45,MakeMyTrip,11359.0,27
2026-10-03,DEL_AMD,45,SpiceJet Direct,10372.5,2
2026-10-03,DEL_AMD,45,Yatra,16955.5,70
2026-10-03,DEL_BLR,1,Akasa Direct,15162.0,5
2026-10-03,DEL_BLR,1,Cleartrip,22368.0,164
2026-10-03,DEL_BLR,1,EaseMyTrip,21956.0,114
2026-10-03,DEL_BLR,1,Goibibo,18195.5,58
2026-10-03,DEL_BLR,1,IndiGo Direct,21799.0,68
2026-10-03,DEL_BLR,1,Ixigo,21956.0,155
2026-10-03,DEL_BLR,1,MakeMyTrip,16114.0,67
2026-10-03,DEL_BLR,1,Yatra,17629.0,85
2026-10-03,DEL_BLR,7,Akasa Direct,8829.0,5
2026-10-03,DEL_BLR,7,Cleartrip,13195.0,169
2026-10-03,DEL_BLR,7,EaseMyTrip,10684.0,128
2026-10-03,DEL_BLR,7,Goibibo,9142.0,49
2026-10-03,DEL_BLR,7,IndiGo Direct,10763.0,69
2026-10-03,DEL_BLR,7,Ixigo,13680.0,155
2026-10-03,DEL_BLR,7,MakeMyTrip,8829.0,57
2026-10-03,DEL_BLR,7,Yatra,9876.0,96
2026-10-03,DEL_BLR,15,Akasa Direct,11225.0,5
2026-10-03,DEL_BLR,15,Cleartrip,14336.0,181
2026-10-03,DEL_BLR,15,EaseMyTrip,11702.0,133
2026-10-03,DEL_BLR,15,Goibibo,10671.0,58
2026-10-03,DEL_BLR,15,IndiGo Direct,11170.0,69
2026-10-03,DEL_BLR,15,Ixigo,14544.0,144
2026-10-03,DEL_BLR,15,MakeMyTrip,10329.0,62
2026-10-03,DEL_BLR,15,SpiceJet Direct,9970.0,2
2026-10-03,DEL_BLR,15,Yatra,11021.0,91
2026-10-03,DEL_BLR,30,Akasa Direct,10042.0,6
2026-10-03,DEL_BLR,30,Cleartrip,13863.0,196
2026-10-03,DEL_BLR,30,EaseMyTrip,11460.0,134
2026-10-03,DEL_BLR,30,Goibibo,10566.0,50
2026-10-03,DEL_BLR,30,IndiGo Direct,10763.0,67
2026-10-03,DEL_BLR,30,Ixigo,14228.0,163
2026-10-03,DEL_BLR,30,MakeMyTrip,10042.0,55
2026-10-03,DEL_BLR,30,SpiceJet Direct,9970.0,3
2026-10-03,DEL_BLR,30,Yatra,10404.0,91
2026-10-03,DEL_BLR,45,Akasa Direct,12211.0,6
2026-10-03,DEL_BLR,45,Cleartrip,16304.0,194
2026-10-03,DEL_BLR,45,EaseMyTrip,13713.0,133
2026-10-03,DEL_BLR,45,Goibibo,12778.0,54
2026-10-03,DEL_BLR,45,IndiGo Direct,12842.0,69
2026-10-03,DEL_BLR,45,Ixigo,15259.0,199
2026-10-03,DEL_BLR,45,MakeMyTrip,12409.0,63
2026-10-03,DEL_BLR,45,SpiceJet Direct,10948.0,5
2026-10-03,DEL_BLR,45,Yatra,10404.0,23
2026-10-03,DEL_BOM,1,Akasa Direct,11396.0,6
2026-10-03,DEL_BOM,1,Cleartrip,17042.0,155
2026-10-03,DEL_BOM,1,EaseMyTrip,15086.5,106
2026-10-03,DEL_BOM,1,Goibibo,11664.0,44
2026-10-03,DEL_BOM,1,IndiGo Direct,13469.0,74
2026-10-03,DEL_BOM,1,Ixigo,17042.0,124
2026-10-03,DEL_BOM,1,MakeMyTrip,12253.0,82
2026-10-03,DEL_BOM,1,Yatra,13362.0,95
2026-10-03,DEL_BOM,7,Akasa Direct,6530.0,6
2026-10-03,DEL_BOM,7,Cleartrip,8746.0,165
2026-10-03,DEL_BOM,7,EaseMyTrip,7473.0,116
2026-10-03,DEL_BOM,7,Goibibo,6845.0,66
2026-10-03,DEL_BOM,7,IndiGo Direct,7500.0,76
2026-10-03,DEL_BOM,7,Ixigo,10447.0,153
2026-10-03,DEL_BOM,7,MakeMyTrip,6688.0,73
2026-10-03,DEL_BOM,7,Yatra,6900.0,94
2026-10-03,DEL_BOM,15,Akasa Direct,7000.0,6
2026-10-03,DEL_BOM,15,Cleartrip,8941.0,168
2026-10-03,DEL_BOM,15,EaseMyTrip,7640.0,118
2026-10-03,DEL_BOM,15,Goibibo,7335.0,71
2026-10-03,DEL_BOM,15,IndiGo Direct,7500.0,75
2026-10-03,DEL_BOM,15,Ixigo,9857.0,152
2026-10-03,DEL_BOM,15,MakeMyTrip,7169.0,80
2026-10-03,DEL_BOM,15,Yatra,7110.0,92
2026-10-03,DEL_BOM,30,Akasa Direct,7000.0,8
2026-10-03,DEL_BOM,30,Cleartrip,9219.0,169
2026-10-03,DEL_BOM,30,EaseMyTrip,7739.5,98
2026-10-03,DEL_BOM,30,Goibibo,7369.0,75
2026-10-03,DEL_BOM,30,IndiGo Direct,7500.0,73
2026-10-03,DEL_BOM,30,Ixigo,9672.0,168
2026-10-03,DEL_BOM,30,MakeMyTrip,7037.5,84
2026-10-03,DEL_BOM,30,SpiceJet Direct,7077.0,3
2026-10-03,DEL_BOM,30,Yatra,6629.0,21
2026-10-03,DEL_BOM,45,Akasa Direct,8217.0,8
2026-10-03,DEL_BOM,45,Cleartrip,12333.0,187
2026-10-03,DEL_BOM,45,EaseMyTrip,8839.0,125
2026-10-03,DEL_BOM,45,Goibibo,8081.5,94
2026-10-03,DEL_BOM,45,IndiGo Direct,9331.0,73
2026-10-03,DEL_BOM,45,Ixigo,11295.5,162
2026-10-03,DEL_BOM,45,MakeMyTrip,8069.0,98
2026-10-03,DEL_BOM,45,SpiceJet Direct,7077.0,8
2026-10-03,DEL_BOM,45,Yatra,7986.0,91
2026-10-03,DEL_CCU,1,Akasa Direct,8056.0,3
2026-10-03,DEL_CCU,1,Cleartrip,15891.0,109
2026-10-03,DEL_CCU,1,EaseMyTrip,13349.0,84
2026-10-03,DEL_CCU,1,Goibibo,9235.0,29
2026-10-03,DEL_CCU,1,IndiGo Direct,11803.0,61
2026-10-03,DEL_CCU,1,Ixigo,18054.0,113
2026-10-03,DEL_CCU,1,MakeMyTrip,9053.5,32
2026-10-03,DEL_CCU,1,SpiceJet Direct,8398.0,1
2026-10-03,DEL_CCU,1,Yatra,17267.0,99
2026-10-03,DEL_CCU,7,Akasa Direct,10080.0,3
2026-10-03,DEL_CCU,7,Cleartrip,15071.0,110
2026-10-03,DEL_CCU,7,EaseMyTrip,13749.0,89
2026-10-03,DEL_CCU,7,Goibibo,11131.0,38
2026-10-03,DEL_CCU,7,IndiGo Direct,12628.5,60
2026-10-03,DEL_CCU,7,Ixigo,17321.0,111
2026-10-03,DEL_CCU,7,MakeMyTrip,11127.0,43
2026-10-03,DEL_CCU,7,SpiceJet Direct,10041.0,3
2026-10-03,DEL_CCU,7,Yatra,14680.0,99
2026-10-03,DEL_CCU,15,Akasa Direct,9526.0,3
2026-10-03,DEL_CCU,15,Cleartrip,17043.5,130
2026-10-03,DEL_CCU,15,EaseMyTrip,13305.0,88
2026-10-03,DEL_CCU,15,Goibibo,11319.0,37
2026-10-03,DEL_CCU,15,IndiGo Direct,12430.0,61
2026-10-03,DEL_CCU,15,Ixigo,16984.0,110
2026-10-03,DEL_CCU,15,MakeMyTrip,10935.0,44
2026-10-03,DEL_CCU,15,SpiceJet Direct,9140.0,4
2026-10-03,DEL_CCU,15,Yatra,15032.0,99
2026-10-03,DEL_CCU,30,Akasa Direct,9280.0,3
2026-10-03,DEL_CCU,30,Cleartrip,13434.0,119
2026-10-03,DEL_CCU,30,EaseMyTrip,11345.0,83
2026-10-03,DEL_CCU,30,Goibibo,9972.0,32
2026-10-03,DEL_CCU,30,IndiGo Direct,11345.0,59
2026-10-03,DEL_CCU,30,Ixigo,14805.0,116
2026-10-03,DEL_CCU,30,MakeMyTrip,9972.0,36
2026-10-03,DEL_CCU,30,SpiceJet Direct,9140.0,1
2026-10-03,DEL_CCU,30,Yatra,11994.5,92
2026-10-03,DEL_CCU,45,Akasa Direct,9280.0,3
2026-10-03,DEL_CCU,45,Cleartrip,12234.0,118
2026-10-03,DEL_CCU,45,EaseMyTrip,11345.0,91
2026-10-03,DEL_CCU,45,Goibibo,9972.0,30
2026-10-03,DEL_CCU,45,IndiGo Direct,11004.0,52
2026-10-03,DEL_CCU,45,Ixigo,12960.0,103
2026-10-03,DEL_CCU,45,MakeMyTrip,9972.0,34
2026-10-03,DEL_CCU,45,SpiceJet Direct,9140.0,1
2026-10-03,DEL_CCU,45,Yatra,9498.0,23
2026-10-03,DEL_GOI,1,Cleartrip,11715.0,77
2026-10-03,DEL_GOI,1,EaseMyTrip,14038.0,81
2026-10-03,DEL_GOI,1,Goibibo,8263.0,23
2026-10-03,DEL_GOI,1,IndiGo Direct,14951.5,56
2026-10-03,DEL_GOI,1,Ixigo,14038.0,81
2026-10-03,DEL_GOI,1,MakeMyTrip,8042.0,20
2026-10-03,DEL_GOI,1,Yatra,11920.5,66
2026-10-03,DEL_GOI,7,Cleartrip,10171.0,85
2026-10-03,DEL_GOI,7,EaseMyTrip,9546.0,67
2026-10-03,DEL_GOI,7,Goibibo,9245.0,86
2026-10-03,DEL_GOI,7,IndiGo Direct,9914.0,57
2026-10-03,DEL_GOI,7,Ixigo,10374.5,74
2026-10-03,DEL_GOI,7,MakeMyTrip,7528.0,15
2026-10-03,DEL_GOI,7,Yatra,9712.0,58
2026-10-03,DEL_GOI,15,Cleartrip,11065.0,92
2026-10-03,DEL_GOI,15,EaseMyTrip,10104.0,68
2026-10-03,DEL_GOI,15,Goibibo,9626.0,9
2026-10-03,DEL_GOI,15,IndiGo Direct,10179.0,55
2026-10-03,DEL_GOI,15,Ixigo,11098.0,79
2026-10-03,DEL_GOI,15,MakeMyTrip,8923.0,17
2026-10-03,DEL_GOI,15,Yatra,10172.0,57
2026-10-03,DEL_GOI,30,Cleartrip,11811.0,100
2026-10-03,DEL_GOI,30,EaseMyTrip,9383.0,70
2026-10-03,DEL_GOI,30,Goibibo,7528.0,23
2026-10-03,DEL_GOI,30,IndiGo Direct,9002.0,54
2026-10-03,DEL_GOI,30,Ixigo,12439.0,76
2026-10-03,DEL_GOI,30,MakeMyTrip,7420.0,12
2026-10-03,DEL_GOI,30,Yatra,10200.0,60
2026-10-03,DEL_GOI,45,Cleartrip,12459.0,103
2026-10-03,DEL_GOI,45,EaseMyTrip,11980.0,87
2026-10-03,DEL_GOI,45,Goibibo,9700.5,32
2026-10-03,DEL_GOI,45,IndiGo Direct,11065.0,54
2026-10-03,DEL_GOI,45,Ixigo,12439.0,90
2026-10-03,DEL_GOI,45,MakeMyTrip,11366.0,86
2026-10-03,DEL_GOI,45,Yatra,10876.0,51
2026-10-03,DEL_HYD,1,Akasa Direct,12893.0,2
2026-10-03,DEL_HYD,1,Cleartrip,23819.0,111
2026-10-03,DEL_HYD,1,EaseMyTrip,19153.0,81
2026-10-03,DEL_HYD,1,Goibibo,17107.0,43
2026-10-03,DEL_HYD,1,IndiGo Direct,21624.0,61
2026-10-03,DEL_HYD,1,Ixigo,24406.0,102
2026-10-03,DEL_HYD,1,MakeMyTrip,14910.0,49
2026-10-03,DEL_HYD,1,Yatra,18849.0,88
2026-10-03,DEL_HYD,7,Akasa Direct,8850.0,2
2026-10-03,DEL_HYD,7,Cleartrip,15486.0,126
2026-10-03,DEL_HYD,7,EaseMyTrip,11233.0,80
2026-10-03,DEL_HYD,7,Goibibo,8930.0,28
2026-10-03,DEL_HYD,7,IndiGo Direct,11538.0,62
2026-10-03,DEL_HYD,7,Ixigo,15486.0,121
2026-10-03,DEL_HYD,7,MakeMyTrip,8930.0,34
2026-10-03,DEL_HYD,7,Yatra,12409.0,97
2026-10-03,DEL_HYD,15,Akasa Direct,10817.0,2
2026-10-03,DEL_HYD,15,Cleartrip,16105.0,130
2026-10-03,DEL_HYD,15,EaseMyTrip,13752.0,93
2026-10-03,DEL_HYD,15,Goibibo,11061.0,34
2026-10-03,DEL_HYD,15,IndiGo Direct,13376.0,63
2026-10-03,DEL_HYD,15,Ixigo,16839.0,107
2026-10-03,DEL_HYD,15,MakeMyTrip,11024.0,40
2026-10-03,DEL_HYD,15,Yatra,13339.5,92
2026-10-03,DEL_HYD,30,Akasa Direct,9690.0,2
2026-10-03,DEL_HYD,30,Cleartrip,12592.0,127
2026-10-03,DEL_HYD,30,EaseMyTrip,11159.0,88
2026-10-03,DEL_HYD,30,Goibibo,10280.0,33
2026-10-03,DEL_HYD,30,IndiGo Direct,11159.0,63
2026-10-03,DEL_HYD,30,Ixigo,14338.0,110
2026-10-03,DEL_HYD,30,MakeMyTrip,10280.0,38
2026-10-03,DEL_HYD,30,Yatra,10869.5,92
2026-10-03,DEL_HYD,45,Akasa Direct,10426.0,2
2026-10-03,DEL_HYD,45,Cleartrip,13136.0,128
2026-10-03,DEL_HYD,45,EaseMyTrip,12592.0,108
2026-10-03,DEL_HYD,45,Goibibo,10815.0,36
2026-10-03,DEL_HYD,45,IndiGo Direct,11159.0,61
2026-10-03,DEL_HYD,45,Ixigo,13680.0,105
2026-10-03,DEL_HYD,45,MakeMyTrip,10596.0,40
2026-10-03,DEL_HYD,45,SpiceJet Direct,12391.0,6
2026-10-03,DEL_HYD,45,Yatra,11083.0,84
2026-10-03,DEL_MAA,1,Akasa Direct,18999.0,1
2026-10-03,DEL_MAA,1,Cleartrip,23621.0,113
2026-10-03,DEL_MAA,1,EaseMyTrip,22157.0,76
2026-10-03,DEL_MAA,1,Goibibo,17286.5,30
2026-10-03,DEL_MAA,1,IndiGo Direct,23408.5,60
2026-10-03,DEL_MAA,1,Ixigo,25272.0,113
2026-10-03,DEL_MAA,1,MakeMyTrip,16667.0,35
2026-10-03,DEL_MAA,1,Yatra,21904.5,94
2026-10-03,DEL_MAA,7,Akasa Direct,12494.0,1
2026-10-03,DEL_MAA,7,Cleartrip,14396.0,119
2026-10-03,DEL_MAA,7,EaseMyTrip,13127.5,86
2026-10-03,DEL_MAA,7,Goibibo,10345.5,20
2026-10-03,DEL_MAA,7,IndiGo Direct,13416.5,58
2026-10-03,DEL_MAA,7,Ixigo,14578.0,105
2026-10-03,DEL_MAA,7,MakeMyTrip,10226.0,24
2026-10-03,DEL_MAA,7,Yatra,12676.0,77
2026-10-03,DEL_MAA,15,Akasa Direct,10406.0,1
2026-10-03,DEL_MAA,15,Cleartrip,15652.0,131
2026-10-03,DEL_MAA,15,EaseMyTrip,13798.5,84
2026-10-03,DEL_MAA,15,Goibibo,11101.5,20
2026-10-03,DEL_MAA,15,IndiGo Direct,13574.5,58
2026-10-03,DEL_MAA,15,Ixigo,15738.0,112
2026-10-03,DEL_MAA,15,MakeMyTrip,10811.5,22
2026-10-03,DEL_MAA,15,Yatra,13499.0,95
2026-10-03,DEL_MAA,30,Akasa Direct,10406.0,2
2026-10-03,DEL_MAA,30,Cleartrip,12910.0,113
2026-10-03,DEL_MAA,30,EaseMyTrip,11963.0,72
2026-10-03,DEL_MAA,30,Goibibo,10465.0,21
2026-10-03,DEL_MAA,30,IndiGo Direct,11963.0,52
2026-10-03,DEL_MAA,30,Ixigo,14204.0,97
2026-10-03,DEL_MAA,30,MakeMyTrip,10368.0,25
2026-10-03,DEL_MAA,30,Yatra,9975.0,23
2026-10-03,DEL_MAA,45,Akasa Direct,14489.5,2
2026-10-03,DEL_MAA,45,Cleartrip,14532.0,107
2026-10-03,DEL_MAA,45,EaseMyTrip,11963.0,71
2026-10-03,DEL_MAA,45,Goibibo,10368.0,19
2026-10-03,DEL_MAA,45,IndiGo Direct,11963.0,54
2026-10-03,DEL_MAA,45,Ixigo,15107.0,89
2026-10-03,DEL_MAA,45,MakeMyTrip,10368.0,22
2026-10-03,DEL_MAA,45,Yatra,11473.0,73
2026-10-03,HYD_BLR,1,Akasa Direct,24193.0,1
2026-10-03,HYD_BLR,1,Cleartrip,19477.5,86
2026-10-03,HYD_BLR,1,EaseMyTrip,18186.0,59
2026-10-03,HYD_BLR,1,Goibibo,13039.0,25
2026-10-03,HYD_BLR,1,IndiGo Direct,17714.0,78
2026-10-03,HYD_BLR,1,Ixigo,24327.0,89
2026-10-03,HYD_BLR,1,MakeMyTrip,14804.5,30
2026-10-03,HYD_BLR,1,Yatra,18296.0,85
2026-10-03,HYD_BLR,7,Akasa Direct,21278.5,2
2026-10-03,HYD_BLR,7,Cleartrip,11074.0,86
2026-10-03,HYD_BLR,7,EaseMyTrip,11074.0,62
2026-10-03,HYD_BLR,7,Goibibo,9885.5,24
2026-10-03,HYD_BLR,7,IndiGo Direct,10415.0,87
2026-10-03,HYD_BLR,7,Ixigo,16144.5,98
2026-10-03,HYD_BLR,7,MakeMyTrip,9817.0,29
2026-10-03,HYD_BLR,7,Yatra,13437.0,87
2026-10-03,HYD_BLR,15,Akasa Direct,19456.0,1
2026-10-03,HYD_BLR,15,Cleartrip,7079.0,89
2026-10-03,HYD_BLR,15,EaseMyTrip,6192.0,63
2026-10-03,HYD_BLR,15,Goibibo,5220.0,19
2026-10-03,HYD_BLR,15,IndiGo Direct,6192.0,75
2026-10-03,HYD_BLR,15,Ixigo,13651.5,100
2026-10-03,HYD_BLR,15,MakeMyTrip,5220.0,23
2026-10-03,HYD_BLR,15,Yatra,11486.0,93
2026-10-03,HYD_BLR,30,Akasa Direct,18232.0,1
2026-10-03,HYD_BLR,30,Cleartrip,6192.0,84
2026-10-03,HYD_BLR,30,EaseMyTrip,5509.0,60
2026-10-03,HYD_BLR,30,Goibibo,4860.0,18
2026-10-03,HYD_BLR,30,IndiGo Direct,5509.0,54
2026-10-03,HYD_BLR,30,Ixigo,16864.0,98
2026-10-03,HYD_BLR,30,MakeMyTrip,4734.0,21
2026-10-03,HYD_BLR,30,Yatra,5802.0,71
2026-10-03,HYD_BLR,45,Akasa Direct,19492.0,1
2026-10-03,HYD_BLR,45,Cleartrip,9027.0,72
2026-10-03,HYD_BLR,45,EaseMyTrip,8519.0,53
2026-10-03,HYD_BLR,45,Goibibo,7575.0,23
2026-10-03,HYD_BLR,45,IndiGo Direct,7970.0,72
2026-10-03,HYD_BLR,45,Ixigo,15695.0,84
2026-10-03,HYD_BLR,45,MakeMyTrip,5640.0,29
2026-10-03,HYD_BLR,45,Yatra,14368.0,81
2026-10-03,HYD_DEL,1,Akasa Direct,8908.0,2
2026-10-03,HYD_DEL,1,Cleartrip,18714.0,105
2026-10-03,HYD_DEL,1,EaseMyTrip,14947.0,83
2026-10-03,HYD_DEL,1,Goibibo,10486.0,37
2026-10-03,HYD_DEL,1,IndiGo Direct,14451.0,64
2026-10-03,HYD_DEL,1,Ixigo,23348.5,112
2026-10-03,HYD_DEL,1,MakeMyTrip,10027.0,47
2026-10-03,HYD_DEL,1,Yatra,16417.0,84
2026-10-03,HYD_DEL,7,Akasa Direct,15241.0,2
2026-10-03,HYD_DEL,7,Cleartrip,17678.0,106
2026-10-03,HYD_DEL,7,EaseMyTrip,17928.0,81
2026-10-03,HYD_DEL,7,Goibibo,16855.0,34
2026-10-03,HYD_DEL,7,IndiGo Direct,17310.0,65
2026-10-03,HYD_DEL,7,Ixigo,17928.0,95
2026-10-03,HYD_DEL,7,MakeMyTrip,16862.0,34
2026-10-03,HYD_DEL,7,Yatra,15823.0,71
2026-10-03,HYD_DEL,15,Akasa Direct,9702.0,2
2026-10-03,HYD_DEL,15,Cleartrip,13328.0,118
2026-10-03,HYD_DEL,15,EaseMyTrip,10495.0,79
2026-10-03,HYD_DEL,15,Goibibo,9929.0,34
2026-10-03,HYD_DEL,15,IndiGo Direct,10374.0,63
2026-10-03,HYD_DEL,15,Ixigo,12490.0,89
2026-10-03,HYD_DEL,15,MakeMyTrip,9916.0,40
2026-10-03,HYD_DEL,15,Yatra,12250.0,92
2026-10-03,HYD_DEL,30,Akasa Direct,9607.0,2
2026-10-03,HYD_DEL,30,Cleartrip,13654.0,125
2026-10-03,HYD_DEL,30,EaseMyTrip,10495.0,90
2026-10-03,HYD_DEL,30,Goibibo,9916.0,34
2026-10-03,HYD_DEL,30,IndiGo Direct,9922.0,62
2026-10-03,HYD_DEL,30,Ixigo,13475.0,96
2026-10-03,HYD_DEL,30,MakeMyTrip,9916.0,40
2026-10-03,HYD_DEL,30,Yatra,12080.0,93
2026-10-03,HYD_DEL,45,Akasa Direct,8877.0,2
2026-10-03,HYD_DEL,45,Cleartrip,10148.0,116
2026-10-03,HYD_DEL,45,EaseMyTrip,9791.0,86
2026-10-03,HYD_DEL,45,Goibibo,9375.0,33
2026-10-03,HYD_DEL,45,IndiGo Direct,9791.0,59
2026-10-03,HYD_DEL,45,Ixigo,9903.0,89
2026-10-03,HYD_DEL,45,MakeMyTrip,9375.0,38
2026-10-03,HYD_DEL,45,SpiceJet Direct,12299.0,1
2026-10-03,HYD_DEL,45,Yatra,9278.0,72
2026-10-03,MAA_BOM,1,Akasa Direct,8112.0,1
2026-10-03,MAA_BOM,1,Cleartrip,19199.0,91
2026-10-03,MAA_BOM,1,EaseMyTrip,14318.5,50
2026-10-03,MAA_BOM,1,Goibibo,9485.0,22
2026-10-03,MAA_BOM,1,IndiGo Direct,19086.0,58
2026-10-03,MAA_BOM,1,Ixigo,18763.0,81
2026-10-03,MAA_BOM,1,MakeMyTrip,8873.0,24
2026-10-03,MAA_BOM,1,Yatra,16744.5,84
2026-10-03,MAA_BOM,7,Akasa Direct,7436.0,1
2026-10-03,MAA_BOM,7,Cleartrip,15491.0,93
2026-10-03,MAA_BOM,7,EaseMyTrip,9301.0,47
2026-10-03,MAA_BOM,7,Goibibo,7853.0,24
2026-10-03,MAA_BOM,7,IndiGo Direct,11485.0,58
2026-10-03,MAA_BOM,7,Ixigo,16997.0,54
2026-10-03,MAA_BOM,7,MakeMyTrip,7644.0,26
2026-10-03,MAA_BOM,7,Yatra,14289.0,77
2026-10-03,MAA_BOM,15,Akasa Direct,7309.0,1
2026-10-03,MAA_BOM,15,Cleartrip,13050.0,105
2026-10-03,MAA_BOM,15,EaseMyTrip,8320.0,41
2026-10-03,MAA_BOM,15,Goibibo,7540.0,21
2026-10-03,MAA_BOM,15,IndiGo Direct,9750.0,50
2026-10-03,MAA_BOM,15,Ixigo,12261.5,90
2026-10-03,MAA_BOM,15,MakeMyTrip,7540.0,25
2026-10-03,MAA_BOM,15,Yatra,10395.0,82
2026-10-03,MAA_BOM,30,Akasa Direct,7566.0,1
2026-10-03,MAA_BOM,30,Cleartrip,9235.5,70
2026-10-03,MAA_BOM,30,EaseMyTrip,9091.0,53
2026-10-03,MAA_BOM,30,Goibibo,7958.0,22
2026-10-03,MAA_BOM,30,IndiGo Direct,9091.0,51
2026-10-03,MAA_BOM,30,Ixigo,13153.0,88
2026-10-03,MAA_BOM,30,MakeMyTrip,7885.0,24
2026-10-03,MAA_BOM,30,Yatra,9282.0,71
2026-10-03,MAA_BOM,45,Akasa Direct,7970.0,1
2026-10-03,MAA_BOM,45,Cleartrip,11104.0,77
2026-10-03,MAA_BOM,45,EaseMyTrip,9091.0,44
2026-10-03,MAA_BOM,45,Goibibo,8754.0,20
2026-10-03,MAA_BOM,45,IndiGo Direct,9216.5,54
2026-10-03,MAA_BOM,45,Ixigo,13201.0,95
2026-10-03,MAA_BOM,45,MakeMyTrip,8407.0,23
2026-10-03,MAA_BOM,45,Yatra,11089.0,73
2026-10-03,MAA_DEL,1,Akasa Direct,16216.0,1
2026-10-03,MAA_DEL,1,Cleartrip,19799.0,109
2026-10-03,MAA_DEL,1,EaseMyTrip,18433.5,70
2026-10-03,MAA_DEL,1,Goibibo,13021.0,26
2026-10-03,MAA_DEL,1,IndiGo Direct,19140.5,58
2026-10-03,MAA_DEL,1,Ixigo,19799.0,118
2026-10-03,MAA_DEL,1,MakeMyTrip,11944.0,32
2026-10-03,MAA_DEL,1,Yatra,18613.5,78
2026-10-03,MAA_DEL,7,Akasa Direct,12423.0,1
2026-10-03,MAA_DEL,7,Cleartrip,17069.0,105
2026-10-03,MAA_DEL,7,EaseMyTrip,14237.0,69
2026-10-03,MAA_DEL,7,Goibibo,11623.0,24
2026-10-03,MAA_DEL,7,IndiGo Direct,15017.0,57
2026-10-03,MAA_DEL,7,Ixigo,18159.0,89
2026-10-03,MAA_DEL,7,MakeMyTrip,11245.0,26
2026-10-03,MAA_DEL,7,Yatra,14328.0,82
2026-10-03,MAA_DEL,15,Akasa Direct,11997.0,1
2026-10-03,MAA_DEL,15,Cleartrip,15108.0,115
2026-10-03,MAA_DEL,15,EaseMyTrip,14058.0,69
2026-10-03,MAA_DEL,15,Goibibo,10617.0,22
2026-10-03,MAA_DEL,15,IndiGo Direct,14359.5,58
2026-10-03,MAA_DEL,15,Ixigo,15299.0,92
2026-10-03,MAA_DEL,15,MakeMyTrip,10150.0,25
2026-10-03,MAA_DEL,15,Yatra,14266.0,92
2026-10-03,MAA_DEL,30,Akasa Direct,12864.0,1
2026-10-03,MAA_DEL,30,Cleartrip,12186.0,103
2026-10-03,MAA_DEL,30,EaseMyTrip,11466.0,68
2026-10-03,MAA_DEL,30,Goibibo,10516.0,20
2026-10-03,MAA_DEL,30,IndiGo Direct,11466.0,54
2026-10-03,MAA_DEL,30,Ixigo,12265.0,81
2026-10-03,MAA_DEL,30,MakeMyTrip,10516.0,23
2026-10-03,MAA_DEL,30,Yatra,10976.0,77
2026-10-03,MAA_DEL,45,Akasa Direct,14292.0,1
2026-10-03,MAA_DEL,45,Cleartrip,11597.0,102
2026-10-03,MAA_DEL,45,EaseMyTrip,11466.0,72
2026-10-03,MAA_DEL,45,Goibibo,10516.0,20
2026-10-03,MAA_DEL,45,IndiGo Direct,11466.0,55
2026-10-03,MAA_DEL,45,Ixigo,11597.0,79
2026-10-03,MAA_DEL,45,MakeMyTrip,10476.0,23
2026-10-03,MAA_DEL,45,Yatra,10976.0,72
2026-10-05,AMD_DEL,1,Air India Direct,6295.0,13
2026-10-05,AMD_DEL,1,Akasa Direct,13243.0,4
2026-10-05,AMD_DEL,1,Cleartrip,8638.0,44
2026-10-05,AMD_DEL,1,EaseMyTrip,7757.5,20
2026-10-05,AMD_DEL,1,Goibibo,6351.0,21
2026-10-05,AMD_DEL,1,IndiGo Direct,6033.0,19
2026-10-05,AMD_DEL,1,Ixigo,11299.0,63
2026-10-05,AMD_DEL,1,MakeMyTrip,6351.0,22
2026-10-05,AMD_DEL,1,Yatra,10961.0,66
2026-10-05,AMD_DEL,7,Air India Direct,6244.5,14
2026-10-05,AMD_DEL,7,Akasa Direct,10931.0,5
2026-10-05,AMD_DEL,7,Cleartrip,10490.0,45
2026-10-05,AMD_DEL,7,EaseMyTrip,6351.0,25
2026-10-05,AMD_DEL,7,Goibibo,6320.5,18
2026-10-05,AMD_DEL,7,IndiGo Direct,5418.0,17
2026-10-05,AMD_DEL,7,Ixigo,12764.0,51
2026-10-05,AMD_DEL,7,MakeMyTrip,6290.0,21
2026-10-05,AMD_DEL,7,Yatra,12440.0,54
2026-10-05,AMD_DEL,15,Air India Direct,7728.0,15
2026-10-05,AMD_DEL,15,Akasa Direct,12533.5,4
2026-10-05,AMD_DEL,15,Cleartrip,9480.0,45
2026-10-05,AMD_DEL,15,EaseMyTrip,7520.0,27
2026-10-05,AMD_DEL,15,Goibibo,7310.0,23
2026-10-05,AMD_DEL,15,IndiGo Direct,6873.0,23
2026-10-05,AMD_DEL,15,Ixigo,13438.0,58
2026-10-05,AMD_DEL,15,MakeMyTrip,7100.0,28
2026-10-05,AMD_DEL,15,Yatra,12322.0,53
2026-10-05,AMD_DEL,30,Air India Direct,10295.0,13
2026-10-05,AMD_DEL,30,Akasa Direct,19674.0,4
2026-10-05,AMD_DEL,30,Cleartrip,17773.0,46
2026-10-05,AMD_DEL,30,EaseMyTrip,14660.0,27
2026-10-05,AMD_DEL,30,Goibibo,10670.0,19
2026-10-05,AMD_DEL,30,IndiGo Direct,13698.0,24
2026-10-05,AMD_DEL,30,Ixigo,19039.0,57
2026-10-05,AMD_DEL,30,MakeMyTrip,10200.0,22
2026-10-05,AMD_DEL,30,Yatra,18549.0,57
2026-10-05,AMD_DEL,45,Air India Direct,7488.0,15
2026-10-05,AMD_DEL,45,Akasa Direct,17459.0,3
2026-10-05,AMD_DEL,45,Cleartrip,12874.0,60
2026-10-05,AMD_DEL,45,EaseMyTrip,7443.0,37
2026-10-05,AMD_DEL,45,Goibibo,6470.0,25
2026-10-05,AMD_DEL,45,IndiGo Direct,6453.0,21
2026-10-05,AMD_DEL,45,Ixigo,15585.0,70
2026-10-05,AMD_DEL,45,MakeMyTrip,6403.0,29
2026-10-05,AMD_DEL,45,SpiceJet Direct,6687.0,2
2026-10-05,AMD_DEL,45,Yatra,14120.0,72
2026-10-05,BLR_BOM,1,Air India Direct,16399.5,18
2026-10-05,BLR_BOM,1,Akasa Direct,6732.0,6
2026-10-05,BLR_BOM,1,Cleartrip,15116.0,115
2026-10-05,BLR_BOM,1,EaseMyTrip,11755.5,78
2026-10-05,BLR_BOM,1,Goibibo,8032.0,50
2026-10-05,BLR_BOM,1,IndiGo Direct,7592.5,64
2026-10-05,BLR_BOM,1,Ixigo,15689.5,116
2026-10-05,BLR_BOM,1,MakeMyTrip,7272.0,55
2026-10-05,BLR_BOM,1,Yatra,11691.5,86
2026-10-05,BLR_BOM,7,Air India Direct,7148.5,20
2026-10-05,BLR_BOM,7,Akasa Direct,7522.5,4
2026-10-05,BLR_BOM,7,Cleartrip,11781.0,126
2026-10-05,BLR_BOM,7,EaseMyTrip,11007.0,89
2026-10-05,BLR_BOM,7,Goibibo,7478.0,47
2026-10-05,BLR_BOM,7,IndiGo Direct,7627.0,59
2026-10-05,BLR_BOM,7,Ixigo,13013.0,120
2026-10-05,BLR_BOM,7,MakeMyTrip,7083.0,50
2026-10-05,BLR_BOM,7,Yatra,10295.0,84
2026-10-05,BLR_BOM,15,Air India Direct,7092.0,19
2026-10-05,BLR_BOM,15,Akasa Direct,6375.5,6
2026-10-05,BLR_BOM,15,Cleartrip,13466.5,152
2026-10-05,BLR_BOM,15,EaseMyTrip,8744.0,87
2026-10-05,BLR_BOM,15,Goibibo,6982.0,49
2026-10-05,BLR_BOM,15,IndiGo Direct,7496.0,61
2026-10-05,BLR_BOM,15,Ixigo,15322.5,108
2026-10-05,BLR_BOM,15,MakeMyTrip,6982.0,50
2026-10-05,BLR_BOM,15,Yatra,7113.0,82
2026-10-05,BLR_BOM,30,Air India Direct,12218.0,20
2026-10-05,BLR_BOM,30,Akasa Direct,9284.0,7
2026-10-05,BLR_BOM,30,Cleartrip,12866.0,160
2026-10-05,BLR_BOM,30,EaseMyTrip,11522.0,102
2026-10-05,BLR_BOM,30,Goibibo,9386.0,43
2026-10-05,BLR_BOM,30,IndiGo Direct,10342.0,68
2026-10-05,BLR_BOM,30,Ixigo,13026.0,134
2026-10-05,BLR_BOM,30,MakeMyTrip,9502.0,58
2026-10-05,BLR_BOM,30,SpiceJet Direct,6785.0,3
2026-10-05,BLR_BOM,30,Yatra,10375.0,98
2026-10-05,BLR_BOM,45,Air India Direct,9995.0,20
2026-10-05,BLR_BOM,45,Akasa Direct,7583.0,9
2026-10-05,BLR_BOM,45,Cleartrip,12671.5,152
2026-10-05,BLR_BOM,45,EaseMyTrip,9272.0,90
2026-10-05,BLR_BOM,45,Goibibo,7862.0,55
2026-10-05,BLR_BOM,45,IndiGo Direct,7585.0,54
2026-10-05,BLR_BOM,45,Ixigo,14128.0,133
2026-10-05,BLR_BOM,45,MakeMyTrip,7862.0,57
2026-10-05,BLR_BOM,45,Yatra,8832.0,88
2026-10-05,BLR_DEL,1,Air India Direct,9376.0,20
2026-10-05,BLR_DEL,1,Akasa Direct,9448.0,5
2026-10-05,BLR_DEL,1,Cleartrip,14577.0,135
2026-10-05,BLR_DEL,1,EaseMyTrip,12832.5,104
2026-10-05,BLR_DEL,1,Goibibo,10154.0,55
2026-10-05,BLR_DEL,1,IndiGo Direct,12834.0,67
2026-10-05,BLR_DEL,1,Ixigo,16875.0,137
2026-10-05,BLR_DEL,1,MakeMyTrip,9825.0,61
2026-10-05,BLR_DEL,1,Yatra,11783.0,75
2026-10-05,BLR_DEL,7,Air India Direct,8463.0,20
2026-10-05,BLR_DEL,7,Akasa Direct,10170.5,6
2026-10-05,BLR_DEL,7,Cleartrip,13670.0,170
2026-10-05,BLR_DEL,7,EaseMyTrip,11007.0,117
2026-10-05,BLR_DEL,7,Goibibo,8819.0,49
2026-10-05,BLR_DEL,7,IndiGo Direct,10399.0,69
2026-10-05,BLR_DEL,7,Ixigo,13732.0,155
2026-10-05,BLR_DEL,7,MakeMyTrip,8791.0,55
2026-10-05,BLR_DEL,7,Yatra,9881.0,88
2026-10-05,BLR_DEL,15,Air India Direct,9906.0,20
2026-10-05,BLR_DEL,15,Akasa Direct,10162.0,5
2026-10-05,BLR_DEL,15,Cleartrip,13340.5,168
2026-10-05,BLR_DEL,15,EaseMyTrip,10755.0,122
2026-10-05,BLR_DEL,15,Goibibo,10228.0,53
2026-10-05,BLR_DEL,15,IndiGo Direct,10925.0,69
2026-10-05,BLR_DEL,15,Ixigo,13779.5,150
2026-10-05,BLR_DEL,15,MakeMyTrip,10191.0,66
2026-10-05,BLR_DEL,15,SpiceJet Direct,9748.0,2
2026-10-05,BLR_DEL,15,Yatra,10016.0,91
2026-10-05,BLR_DEL,30,Air India Direct,14674.0,20
2026-10-05,BLR_DEL,30,Akasa Direct,14719.0,7
2026-10-05,BLR_DEL,30,Cleartrip,18589.5,190
2026-10-05,BLR_DEL,30,EaseMyTrip,16235.5,138
2026-10-05,BLR_DEL,30,Goibibo,14497.0,56
2026-10-05,BLR_DEL,30,IndiGo Direct,14879.0,68
2026-10-05,BLR_DEL,30,Ixigo,18239.0,163
2026-10-05,BLR_DEL,30,MakeMyTrip,14199.0,67
2026-10-05,BLR_DEL,30,Yatra,14279.0,93
2026-10-05,BLR_DEL,45,Air India Direct,10186.5,20
2026-10-05,BLR_DEL,45,Akasa Direct,9448.0,6
2026-10-05,BLR_DEL,45,Cleartrip,13511.0,181
2026-10-05,BLR_DEL,45,EaseMyTrip,10754.0,131
2026-10-05,BLR_DEL,45,Goibibo,9970.0,52
2026-10-05,BLR_DEL,45,IndiGo Direct,10233.0,66
2026-10-05,BLR_DEL,45,Ixigo,13359.0,141
2026-10-05,BLR_DEL,45,MakeMyTrip,9907.0,58
2026-10-05,BLR_DEL,45,Yatra,9747.0,91
2026-10-05,BLR_HYD,1,Air India Direct,17777.0,17
2026-10-05,BLR_HYD,1,Akasa Direct,17516.5,4
2026-10-05,BLR_HYD,1,Cleartrip,17409.5,88
2026-10-05,BLR_HYD,1,EaseMyTrip,13746.0,65
2026-10-05,BLR_HYD,1,Goibibo,11912.5,24
2026-10-05,BLR_HYD,1,IndiGo Direct,12747.0,93
2026-10-05,BLR_HYD,1,Ixigo,17809.0,79
2026-10-05,BLR_HYD,1,MakeMyTrip,11511.0,35
2026-10-05,BLR_HYD,1,Yatra,16051.5,72
2026-10-05,BLR_HYD,7,Air India Direct,16836.0,19
2026-10-05,BLR_HYD,7,Akasa Direct,18702.0,5
2026-10-05,BLR_HYD,7,Cleartrip,9674.0,85
2026-10-05,BLR_HYD,7,EaseMyTrip,10076.0,77
2026-10-05,BLR_HYD,7,Goibibo,8157.0,25
2026-10-05,BLR_HYD,7,IndiGo Direct,7606.0,83
2026-10-05,BLR_HYD,7,Ixigo,16168.0,113
2026-10-05,BLR_HYD,7,MakeMyTrip,6594.0,29
2026-10-05,BLR_HYD,7,Yatra,10477.5,92
2026-10-05,BLR_HYD,15,Air India Direct,14100.5,18
2026-10-05,BLR_HYD,15,Akasa Direct,19894.5,4
2026-10-05,BLR_HYD,15,Cleartrip,11473.0,95
2026-10-05,BLR_HYD,15,EaseMyTrip,10111.5,74
2026-10-05,BLR_HYD,15,Goibibo,7192.5,24
2026-10-05,BLR_HYD,15,IndiGo Direct,7361.0,83
2026-10-05,BLR_HYD,15,Ixigo,14206.0,97
2026-10-05,BLR_HYD,15,MakeMyTrip,7519.0,28
2026-10-05,BLR_HYD,15,Yatra,11460.0,89
2026-10-05,BLR_HYD,30,Air India Direct,18422.0,18
2026-10-05,BLR_HYD,30,Akasa Direct,23876.0,4
2026-10-05,BLR_HYD,30,Cleartrip,10747.0,86
2026-10-05,BLR_HYD,30,EaseMyTrip,10233.0,74
2026-10-05,BLR_HYD,30,Goibibo,8082.0,25
2026-10-05,BLR_HYD,30,IndiGo Direct,7606.0,72
2026-10-05,BLR_HYD,30,Ixigo,18286.0,97
2026-10-05,BLR_HYD,30,MakeMyTrip,7224.5,28
2026-10-05,BLR_HYD,30,Yatra,11765.0,87
2026-10-05,BLR_HYD,45,Air India Direct,15248.0,19
2026-10-05,BLR_HYD,45,Akasa Direct,18966.0,4
2026-10-05,BLR_HYD,45,Cleartrip,6437.5,82
2026-10-05,BLR_HYD,45,EaseMyTrip,6396.0,71
2026-10-05,BLR_HYD,45,Goibibo,5078.0,22
2026-10-05,BLR_HYD,45,IndiGo Direct,5487.0,64
2026-10-05,BLR_HYD,45,Ixigo,14758.0,88
2026-10-05,BLR_HYD,45,MakeMyTrip,5078.0,25
2026-10-05,BLR_HYD,45,Yatra,8740.0,84
2026-10-05,BOM_BLR,1,Air India Direct,8821.0,15
2026-10-05,BOM_BLR,1,Akasa Direct,8469.0,6
2026-10-05,BOM_BLR,1,Cleartrip,15249.0,119
2026-10-05,BOM_BLR,1,EaseMyTrip,9582.0,84
2026-10-05,BOM_BLR,1,Goibibo,8395.0,52
2026-10-05,BOM_BLR,1,IndiGo Direct,8941.0,63
2026-10-05,BOM_BLR,1,Ixigo,15850.0,116
2026-10-05,BOM_BLR,1,MakeMyTrip,7893.0,57
2026-10-05,BOM_BLR,1,Yatra,11319.0,91
2026-10-05,BOM_BLR,7,Air India Direct,7595.0,17
2026-10-05,BOM_BLR,7,Akasa Direct,6124.5,4
2026-10-05,BOM_BLR,7,Cleartrip,9755.0,121
2026-10-05,BOM_BLR,7,EaseMyTrip,8285.0,88
2026-10-05,BOM_BLR,7,Goibibo,7062.0,39
2026-10-05,BOM_BLR,7,IndiGo Direct,6747.0,56
2026-10-05,BOM_BLR,7,Ixigo,10329.0,119
2026-10-05,BOM_BLR,7,MakeMyTrip,7062.0,41
2026-10-05,BOM_BLR,7,Yatra,7446.0,82
2026-10-05,BOM_BLR,15,Air India Direct,8817.0,17
2026-10-05,BOM_BLR,15,Akasa Direct,5982.0,6
2026-10-05,BOM_BLR,15,Cleartrip,11679.5,142
2026-10-05,BOM_BLR,15,EaseMyTrip,9396.0,94
2026-10-05,BOM_BLR,15,Goibibo,7247.5,54
2026-10-05,BOM_BLR,15,IndiGo Direct,8742.0,63
2026-10-05,BOM_BLR,15,Ixigo,11746.0,124
2026-10-05,BOM_BLR,15,MakeMyTrip,7062.0,56
2026-10-05,BOM_BLR,15,SpiceJet Direct,5190.0,3
2026-10-05,BOM_BLR,15,Yatra,8704.0,90
2026-10-05,BOM_BLR,30,Air India Direct,9257.0,19
2026-10-05,BOM_BLR,30,Akasa Direct,8117.0,8
2026-10-05,BOM_BLR,30,Cleartrip,10017.0,143
2026-10-05,BOM_BLR,30,EaseMyTrip,9096.0,108
2026-10-05,BOM_BLR,30,Goibibo,8532.0,55
2026-10-05,BOM_BLR,30,IndiGo Direct,8217.0,58
2026-10-05,BOM_BLR,30,Ixigo,10874.0,146
2026-10-05,BOM_BLR,30,MakeMyTrip,8532.0,63
2026-10-05,BOM_BLR,30,SpiceJet Direct,5190.0,3
2026-10-05,BOM_BLR,30,Yatra,8127.0,87
2026-10-05,BOM_BLR,45,Air India Direct,7778.0,18
2026-10-05,BOM_BLR,45,Akasa Direct,6002.0,7
2026-10-05,BOM_BLR,45,Cleartrip,13063.5,150
2026-10-05,BOM_BLR,45,EaseMyTrip,9149.0,86
2026-10-05,BOM_BLR,45,Goibibo,6808.0,21
2026-10-05,BOM_BLR,45,IndiGo Direct,8626.0,47
2026-10-05,BOM_BLR,45,Ixigo,12586.0,128
2026-10-05,BOM_BLR,45,MakeMyTrip,7377.0,54
2026-10-05,BOM_BLR,45,SpiceJet Direct,5190.0,3
2026-10-05,BOM_BLR,45,Yatra,7818.0,75
2026-10-05,BOM_DEL,1,Air India Direct,6681.0,26
2026-10-05,BOM_DEL,1,Akasa Direct,6523.0,7
2026-10-05,BOM_DEL,1,Cleartrip,13616.0,148
2026-10-05,BOM_DEL,1,EaseMyTrip,8475.0,79
2026-10-05,BOM_DEL,1,Goibibo,6877.0,64
2026-10-05,BOM_DEL,1,IndiGo Direct,8554.0,72
2026-10-05,BOM_DEL,1,Ixigo,15382.0,141
2026-10-05,BOM_DEL,1,MakeMyTrip,6722.0,72
2026-10-05,BOM_DEL,1,Yatra,7948.0,91
2026-10-05,BOM_DEL,7,Air India Direct,6562.0,24
2026-10-05,BOM_DEL,7,Akasa Direct,6523.0,7
2026-10-05,BOM_DEL,7,Cleartrip,9876.0,158
2026-10-05,BOM_DEL,7,EaseMyTrip,8475.0,89
2026-10-05,BOM_DEL,7,Goibibo,6720.0,61
2026-10-05,BOM_DEL,7,IndiGo Direct,8475.0,73
2026-10-05,BOM_DEL,7,Ixigo,10587.0,143
2026-10-05,BOM_DEL,7,MakeMyTrip,6523.0,69
2026-10-05,BOM_DEL,7,Yatra,6711.0,83
2026-10-05,BOM_DEL,15,Air India Direct,7052.0,29
2026-10-05,BOM_DEL,15,Akasa Direct,6762.0,8
2026-10-05,BOM_DEL,15,Cleartrip,8554.0,161
2026-10-05,BOM_DEL,15,EaseMyTrip,7814.0,113
2026-10-05,BOM_DEL,15,Goibibo,6737.5,66
2026-10-05,BOM_DEL,15,IndiGo Direct,8475.0,74
2026-10-05,BOM_DEL,15,Ixigo,13228.0,144
2026-10-05,BOM_DEL,15,MakeMyTrip,6720.0,74
2026-10-05,BOM_DEL,15,Yatra,6977.0,87
2026-10-05,BOM_DEL,30,Air India Direct,12919.0,27
2026-10-05,BOM_DEL,30,Akasa Direct,9468.0,8
2026-10-05,BOM_DEL,30,Cleartrip,16067.0,182
2026-10-05,BOM_DEL,30,EaseMyTrip,12357.5,102
2026-10-05,BOM_DEL,30,Goibibo,10321.0,81
2026-10-05,BOM_DEL,30,IndiGo Direct,11266.5,74
2026-10-05,BOM_DEL,30,Ixigo,16648.0,180
2026-10-05,BOM_DEL,30,MakeMyTrip,10315.0,86
2026-10-05,BOM_DEL,30,SpiceJet Direct,9604.0,3
2026-10-05,BOM_DEL,30,Yatra,10316.0,94
2026-10-05,BOM_DEL,45,Air India Direct,7415.0,25
2026-10-05,BOM_DEL,45,Akasa Direct,7032.0,6
2026-10-05,BOM_DEL,45,Cleartrip,12587.5,160
2026-10-05,BOM_DEL,45,EaseMyTrip,9134.0,113
2026-10-05,BOM_DEL,45,Goibibo,7501.0,65
2026-10-05,BOM_DEL,45,IndiGo Direct,8990.0,67
2026-10-05,BOM_DEL,45,Ixigo,14829.0,143
2026-10-05,BOM_DEL,45,MakeMyTrip,7501.0,72
2026-10-05,BOM_DEL,45,SpiceJet Direct,7102.0,6
2026-10-05,BOM_DEL,45,Yatra,7598.0,86
2026-10-05,BOM_GOI,1,Cleartrip,14495.5,46
2026-10-05,BOM_GOI,1,EaseMyTrip,12699.0,43
2026-10-05,BOM_GOI,1,Goibibo,5905.5,28
2026-10-05,BOM_GOI,1,IndiGo Direct,16921.0,37
2026-10-05,BOM_GOI,1,Ixigo,14766.0,58
2026-10-05,BOM_GOI,1,MakeMyTrip,4171.5,20
2026-10-05,BOM_GOI,1,Yatra,14084.0,56
2026-10-05,BOM_GOI,7,Cleartrip,13415.0,56
2026-10-05,BOM_GOI,7,EaseMyTrip,10755.0,44
2026-10-05,BOM_GOI,7,Goibibo,3859.0,24
2026-10-05,BOM_GOI,7,IndiGo Direct,12522.5,34
2026-10-05,BOM_GOI,7,Ixigo,13730.0,54
2026-10-05,BOM_GOI,7,MakeMyTrip,3699.0,17
2026-10-05,BOM_GOI,7,Yatra,12295.0,55
2026-10-05,BOM_GOI,15,Cleartrip,15223.0,66
2026-10-05,BOM_GOI,15,EaseMyTrip,9635.0,45
2026-10-05,BOM_GOI,15,Goibibo,4468.0,26
2026-10-05,BOM_GOI,15,IndiGo Direct,8900.0,28
2026-10-05,BOM_GOI,15,Ixigo,15223.0,60
2026-10-05,BOM_GOI,15,MakeMyTrip,3884.0,18
2026-10-05,BOM_GOI,15,Yatra,11641.0,47
2026-10-05,BOM_GOI,30,Cleartrip,6717.0,43
2026-10-05,BOM_GOI,30,EaseMyTrip,6358.0,44
2026-10-05,BOM_GOI,30,Goibibo,4959.0,29
2026-10-05,BOM_GOI,30,IndiGo Direct,6072.0,34
2026-10-05,BOM_GOI,30,Ixigo,13393.0,59
2026-10-05,BOM_GOI,30,MakeMyTrip,4850.0,24
2026-10-05,BOM_GOI,30,Yatra,7208.5,44
2026-10-05,BOM_GOI,45,Cleartrip,11232.0,39
2026-10-05,BOM_GOI,45,EaseMyTrip,11306.5,48
2026-10-05,BOM_GOI,45,Goibibo,6255.0,27
2026-10-05,BOM_GOI,45,IndiGo Direct,6430.5,26
2026-10-05,BOM_GOI,45,Ixigo,13684.5,58
2026-10-05,BOM_GOI,45,MakeMyTrip,5381.0,19
2026-10-05,BOM_GOI,45,Yatra,12781.0,59
2026-10-05,BOM_MAA,1,Akasa Direct,6575.0,1
2026-10-05,BOM_MAA,1,Cleartrip,13072.0,79
2026-10-05,BOM_MAA,1,EaseMyTrip,11937.0,54
2026-10-05,BOM_MAA,1,Goibibo,7510.0,25
2026-10-05,BOM_MAA,1,IndiGo Direct,11840.0,54
2026-10-05,BOM_MAA,1,Ixigo,17734.0,86
2026-10-05,BOM_MAA,1,MakeMyTrip,7014.0,28
2026-10-05,BOM_MAA,1,Yatra,14851.0,80
2026-10-05,BOM_MAA,7,Akasa Direct,6575.0,1
2026-10-05,BOM_MAA,7,Cleartrip,9838.0,72
2026-10-05,BOM_MAA,7,EaseMyTrip,10215.0,65
2026-10-05,BOM_MAA,7,Goibibo,6651.0,21
2026-10-05,BOM_MAA,7,IndiGo Direct,9178.0,56
2026-10-05,BOM_MAA,7,Ixigo,11406.0,73
2026-10-05,BOM_MAA,7,MakeMyTrip,6651.0,24
2026-10-05,BOM_MAA,7,Yatra,10508.0,75
2026-10-05,BOM_MAA,15,Akasa Direct,6575.0,1
2026-10-05,BOM_MAA,15,Cleartrip,10552.0,69
2026-10-05,BOM_MAA,15,EaseMyTrip,10067.0,54
2026-10-05,BOM_MAA,15,Goibibo,7195.0,23
2026-10-05,BOM_MAA,15,IndiGo Direct,9673.5,52
2026-10-05,BOM_MAA,15,Ixigo,12694.0,83
2026-10-05,BOM_MAA,15,MakeMyTrip,6651.0,25
2026-10-05,BOM_MAA,15,Yatra,11175.0,75
2026-10-05,BOM_MAA,30,Akasa Direct,7888.0,1
2026-10-05,BOM_MAA,30,Cleartrip,9374.0,69
2026-10-05,BOM_MAA,30,EaseMyTrip,9336.0,52
2026-10-05,BOM_MAA,30,Goibibo,8200.0,24
2026-10-05,BOM_MAA,30,IndiGo Direct,9243.0,51
2026-10-05,BOM_MAA,30,Ixigo,12549.0,78
2026-10-05,BOM_MAA,30,MakeMyTrip,7914.0,27
2026-10-05,BOM_MAA,30,Yatra,10595.5,64
2026-10-05,BOM_MAA,45,Air India Direct,20820.0,15
2026-10-05,BOM_MAA,45,Akasa Direct,6818.0,1
2026-10-05,BOM_MAA,45,Cleartrip,8713.0,49
2026-10-05,BOM_MAA,45,EaseMyTrip,10102.0,56
2026-10-05,BOM_MAA,45,Goibibo,7191.0,19
2026-10-05,BOM_MAA,45,IndiGo Direct,8045.0,37
2026-10-05,BOM_MAA,45,Ixigo,11543.0,64
2026-10-05,BOM_MAA,45,MakeMyTrip,6651.0,21
2026-10-05,BOM_MAA,45,Yatra,10130.0,58
2026-10-05,CCU_DEL,1,Air India Direct,8855.0,11
2026-10-05,CCU_DEL,1,Akasa Direct,8615.0,3
2026-10-05,CCU_DEL,1,Cleartrip,11079.5,84
2026-10-05,CCU_DEL,1,EaseMyTrip,10817.0,70
2026-10-05,CCU_DEL,1,Goibibo,8849.0,28
2026-10-05,CCU_DEL,1,IndiGo Direct,10791.0,52
2026-10-05,CCU_DEL,1,Ixigo,15464.0,90
2026-10-05,CCU_DEL,1,MakeMyTrip,8849.0,33
2026-10-05,CCU_DEL,1,Yatra,10930.5,80
2026-10-05,CCU_DEL,7,Air India Direct,8855.0,13
2026-10-05,CCU_DEL,7,Akasa Direct,8766.0,3
2026-10-05,CCU_DEL,7,Cleartrip,10817.0,95
2026-10-05,CCU_DEL,7,EaseMyTrip,10791.0,77
2026-10-05,CCU_DEL,7,Goibibo,8849.0,31
2026-10-05,CCU_DEL,7,IndiGo Direct,10791.0,54
2026-10-05,CCU_DEL,7,Ixigo,10804.0,86
2026-10-05,CCU_DEL,7,MakeMyTrip,8849.0,34
2026-10-05,CCU_DEL,7,Yatra,10248.5,72
2026-10-05,CCU_DEL,15,Air India Direct,18838.0,14
2026-10-05,CCU_DEL,15,Akasa Direct,11513.0,3
2026-10-05,CCU_DEL,15,Cleartrip,16891.0,95
2026-10-05,CCU_DEL,15,EaseMyTrip,15553.5,74
2026-10-05,CCU_DEL,15,Goibibo,12775.0,35
2026-10-05,CCU_DEL,15,IndiGo Direct,15326.0,60
2026-10-05,CCU_DEL,15,Ixigo,17294.0,81
2026-10-05,CCU_DEL,15,MakeMyTrip,14964.0,43
2026-10-05,CCU_DEL,15,SpiceJet Direct,11878.0,3
2026-10-05,CCU_DEL,15,Yatra,15909.0,76
2026-10-05,CCU_DEL,30,Air India Direct,9126.0,11
2026-10-05,CCU_DEL,30,Akasa Direct,8324.0,3
2026-10-05,CCU_DEL,30,Cleartrip,11736.0,99
2026-10-05,CCU_DEL,30,EaseMyTrip,10896.0,76
2026-10-05,CCU_DEL,30,Goibibo,9112.0,32
2026-10-05,CCU_DEL,30,IndiGo Direct,11014.0,52
2026-10-05,CCU_DEL,30,Ixigo,14528.0,97
2026-10-05,CCU_DEL,30,MakeMyTrip,9112.0,37
2026-10-05,CCU_DEL,30,Yatra,12062.0,89
2026-10-05,CCU_DEL,45,Air India Direct,10238.0,14
2026-10-05,CCU_DEL,45,Akasa Direct,9076.0,3
2026-10-05,CCU_DEL,45,Cleartrip,12210.0,114
2026-10-05,CCU_DEL,45,EaseMyTrip,10868.0,83
2026-10-05,CCU_DEL,45,Goibibo,9847.0,31
2026-10-05,CCU_DEL,45,IndiGo Direct,10791.0,56
2026-10-05,CCU_DEL,45,Ixigo,14161.5,104
2026-10-05,CCU_DEL,45,MakeMyTrip,9847.0,36
2026-10-05,CCU_DEL,45,Yatra,10537.0,88
2026-10-05,DEL_AMD,1,Air India Direct,17118.5,18
2026-10-05,DEL_AMD,1,Akasa Direct,16613.0,6
2026-10-05,DEL_AMD,1,Cleartrip,14196.0,47
2026-10-05,DEL_AMD,1,EaseMyTrip,12453.5,40
2026-10-05,DEL_AMD,1,Goibibo,11359.0,26
2026-10-05,DEL_AMD,1,IndiGo Direct,9384.0,29
2026-10-05,DEL_AMD,1,Ixigo,15478.0,54
2026-10-05,DEL_AMD,1,MakeMyTrip,11097.5,32
2026-10-05,DEL_AMD,1,Yatra,15396.0,58
2026-10-05,DEL_AMD,7,Air India Direct,11822.0,19
2026-10-05,DEL_AMD,7,Akasa Direct,17577.0,7
2026-10-05,DEL_AMD,7,Cleartrip,12347.0,58
2026-10-05,DEL_AMD,7,EaseMyTrip,5851.0,28
2026-10-05,DEL_AMD,7,Goibibo,5851.0,20
2026-10-05,DEL_AMD,7,IndiGo Direct,6078.5,20
2026-10-05,DEL_AMD,7,Ixigo,15025.0,78
2026-10-05,DEL_AMD,7,MakeMyTrip,5790.0,23
2026-10-05,DEL_AMD,7,Yatra,12167.0,77
2026-10-05,DEL_AMD,15,Air India Direct,12312.0,19
2026-10-05,DEL_AMD,15,Akasa Direct,14168.5,6
2026-10-05,DEL_AMD,15,Cleartrip,12837.0,67
2026-10-05,DEL_AMD,15,EaseMyTrip,11379.0,47
2026-10-05,DEL_AMD,15,Goibibo,6072.0,20
2026-10-05,DEL_AMD,15,IndiGo Direct,5919.0,26
2026-10-05,DEL_AMD,15,Ixigo,13020.0,63
2026-10-05,DEL_AMD,15,Yatra,12391.0,76
2026-10-05,DEL_AMD,30,Air India Direct,17875.0,19
2026-10-05,DEL_AMD,30,Akasa Direct,16523.0,7
2026-10-05,DEL_AMD,30,Cleartrip,16523.0,71
2026-10-05,DEL_AMD,30,EaseMyTrip,15277.0,58
2026-10-05,DEL_AMD,30,Goibibo,7338.0,20
2026-10-05,DEL_AMD,30,IndiGo Direct,7256.0,28
2026-10-05,DEL_AMD,30,Ixigo,17909.0,77
2026-10-05,DEL_AMD,30,Yatra,16218.0,81
2026-10-05,DEL_AMD,45,Air India Direct,18025.0,19
2026-10-05,DEL_AMD,45,Akasa Direct,20192.0,5
2026-10-05,DEL_AMD,45,Cleartrip,14966.0,62
2026-10-05,DEL_AMD,45,EaseMyTrip,13717.0,49
2026-10-05,DEL_AMD,45,Goibibo,11359.0,11
2026-10-05,DEL_AMD,45,IndiGo Direct,7704.0,22
2026-10-05,DEL_AMD,45,Ixigo,16574.0,78
2026-10-05,DEL_AMD,45,MakeMyTrip,8526.0,27
2026-10-05,DEL_AMD,45,SpiceJet Direct,8009.0,2
2026-10-05,DEL_AMD,45,Yatra,14589.5,64
2026-10-05,DEL_BLR,1,Air India Direct,13453.0,20
2026-10-05,DEL_BLR,1,Akasa Direct,10042.0,5
2026-10-05,DEL_BLR,1,Cleartrip,16136.0,157
2026-10-05,DEL_BLR,1,EaseMyTrip,14194.0,119
2026-10-05,DEL_BLR,1,Goibibo,11552.0,55
2026-10-05,DEL_BLR,1,IndiGo Direct,14061.0,69
2026-10-05,DEL_BLR,1,Ixigo,17597.0,111
2026-10-05,DEL_BLR,1,MakeMyTrip,10816.0,61
2026-10-05,DEL_BLR,1,Yatra,14449.5,98
2026-10-05,DEL_BLR,7,Air India Direct,9157.0,20
2026-10-05,DEL_BLR,7,Akasa Direct,8829.0,6
2026-10-05,DEL_BLR,7,Cleartrip,11594.0,173
2026-10-05,DEL_BLR,7,EaseMyTrip,10684.0,131
2026-10-05,DEL_BLR,7,Goibibo,8829.0,45
2026-10-05,DEL_BLR,7,IndiGo Direct,10684.0,68
2026-10-05,DEL_BLR,7,Ixigo,11717.0,149
2026-10-05,DEL_BLR,7,MakeMyTrip,8829.0,51
2026-10-05,DEL_BLR,7,Yatra,9539.5,90
2026-10-05,DEL_BLR,15,Air India Direct,9941.0,20
2026-10-05,DEL_BLR,15,Akasa Direct,10019.0,5
2026-10-05,DEL_BLR,15,Cleartrip,14269.5,186
2026-10-05,DEL_BLR,15,EaseMyTrip,11529.5,134
2026-10-05,DEL_BLR,15,Goibibo,10256.0,54
2026-10-05,DEL_BLR,15,IndiGo Direct,11256.0,68
2026-10-05,DEL_BLR,15,Ixigo,14345.0,149
2026-10-05,DEL_BLR,15,MakeMyTrip,9936.0,62
2026-10-05,DEL_BLR,15,Yatra,10273.0,99
2026-10-05,DEL_BLR,30,Air India Direct,10071.5,20
2026-10-05,DEL_BLR,30,Akasa Direct,9680.0,7
2026-10-05,DEL_BLR,30,Cleartrip,14527.0,193
2026-10-05,DEL_BLR,30,EaseMyTrip,11488.5,142
2026-10-05,DEL_BLR,30,Goibibo,10301.0,53
2026-10-05,DEL_BLR,30,IndiGo Direct,10763.0,66
2026-10-05,DEL_BLR,30,Ixigo,13863.0,157
2026-10-05,DEL_BLR,30,MakeMyTrip,9970.0,60
2026-10-05,DEL_BLR,30,SpiceJet Direct,9970.0,3
2026-10-05,DEL_BLR,30,Yatra,10273.0,96
2026-10-05,DEL_BLR,45,Air India Direct,11907.0,20
2026-10-05,DEL_BLR,45,Akasa Direct,10231.0,6
2026-10-05,DEL_BLR,45,Cleartrip,15082.0,188
2026-10-05,DEL_BLR,45,EaseMyTrip,12222.0,136
2026-10-05,DEL_BLR,45,Goibibo,10831.0,50
2026-10-05,DEL_BLR,45,IndiGo Direct,11170.0,65
2026-10-05,DEL_BLR,45,Ixigo,14691.0,159
2026-10-05,DEL_BLR,45,MakeMyTrip,10816.0,57
2026-10-05,DEL_BLR,45,SpiceJet Direct,9970.0,5
2026-10-05,DEL_BLR,45,Yatra,11014.0,89
2026-10-05,DEL_BOM,1,Air India Direct,9568.0,25
2026-10-05,DEL_BOM,1,Akasa Direct,7244.5,6
2026-10-05,DEL_BOM,1,Cleartrip,13202.0,161
2026-10-05,DEL_BOM,1,EaseMyTrip,9883.0,110
2026-10-05,DEL_BOM,1,Goibibo,8025.0,57
2026-10-05,DEL_BOM,1,IndiGo Direct,8615.0,76
2026-10-05,DEL_BOM,1,Ixigo,14587.5,136
2026-10-05,DEL_BOM,1,MakeMyTrip,7473.0,67
2026-10-05,DEL_BOM,1,Yatra,9013.0,89
2026-10-05,DEL_BOM,7,Air India Direct,6608.0,24
2026-10-05,DEL_BOM,7,Akasa Direct,6530.0,6
2026-10-05,DEL_BOM,7,Cleartrip,9719.0,173
2026-10-05,DEL_BOM,7,EaseMyTrip,7500.0,122
2026-10-05,DEL_BOM,7,Goibibo,6845.0,63
2026-10-05,DEL_BOM,7,IndiGo Direct,7434.5,74
2026-10-05,DEL_BOM,7,Ixigo,10551.5,162
2026-10-05,DEL_BOM,7,MakeMyTrip,6530.0,69
2026-10-05,DEL_BOM,7,Yatra,6979.0,95
2026-10-05,DEL_BOM,15,Air India Direct,7106.5,28
2026-10-05,DEL_BOM,15,Akasa Direct,6530.0,7
2026-10-05,DEL_BOM,15,Cleartrip,10119.0,178
2026-10-05,DEL_BOM,15,EaseMyTrip,7579.0,119
2026-10-05,DEL_BOM,15,Goibibo,6949.0,67
2026-10-05,DEL_BOM,15,IndiGo Direct,7961.0,24
2026-10-05,DEL_BOM,15,Ixigo,11070.0,166
2026-10-05,DEL_BOM,15,MakeMyTrip,6793.0,72
2026-10-05,DEL_BOM,15,Yatra,7110.0,94
2026-10-05,DEL_BOM,30,Air India Direct,7069.0,29
2026-10-05,DEL_BOM,30,Akasa Direct,7000.0,7
2026-10-05,DEL_BOM,30,Cleartrip,11805.0,187
2026-10-05,DEL_BOM,30,EaseMyTrip,7579.0,125
2026-10-05,DEL_BOM,30,Goibibo,7384.0,80
2026-10-05,DEL_BOM,30,IndiGo Direct,7599.0,74
2026-10-05,DEL_BOM,30,Ixigo,11805.0,169
2026-10-05,DEL_BOM,30,MakeMyTrip,7056.0,86
2026-10-05,DEL_BOM,30,Yatra,6994.0,91
2026-10-05,DEL_BOM,45,Air India Direct,7897.0,27
2026-10-05,DEL_BOM,45,Akasa Direct,7366.0,5
2026-10-05,DEL_BOM,45,Cleartrip,13728.0,175
2026-10-05,DEL_BOM,45,EaseMyTrip,10775.0,85
2026-10-05,DEL_BOM,45,Goibibo,7769.0,67
2026-10-05,DEL_BOM,45,IndiGo Direct,10119.0,68
2026-10-05,DEL_BOM,45,Ixigo,13501.5,142
2026-10-05,DEL_BOM,45,MakeMyTrip,7469.0,72
2026-10-05,DEL_BOM,45,Yatra,7885.5,88
2026-10-05,DEL_CCU,1,Air India Direct,8920.0,13
2026-10-05,DEL_CCU,1,Akasa Direct,8056.0,3
2026-10-05,DEL_CCU,1,Cleartrip,12547.0,101
2026-10-05,DEL_CCU,1,EaseMyTrip,11345.0,79
2026-10-05,DEL_CCU,1,Goibibo,8922.0,27
2026-10-05,DEL_CCU,1,IndiGo Direct,11345.0,61
2026-10-05,DEL_CCU,1,Ixigo,14786.0,91
2026-10-05,DEL_CCU,1,MakeMyTrip,8922.0,30
2026-10-05,DEL_CCU,1,Yatra,14529.0,99
2026-10-05,DEL_CCU,7,Air India Direct,11372.0,15
2026-10-05,DEL_CCU,7,Akasa Direct,8841.0,3
2026-10-05,DEL_CCU,7,Cleartrip,11450.0,107
2026-10-05,DEL_CCU,7,EaseMyTrip,11319.0,95
2026-10-05,DEL_CCU,7,Goibibo,9185.0,34
2026-10-05,DEL_CCU,7,IndiGo Direct,11109.0,58
2026-10-05,DEL_CCU,7,Ixigo,12908.0,102
2026-10-05,DEL_CCU,7,MakeMyTrip,8922.0,42
2026-10-05,DEL_CCU,7,Yatra,11952.0,99
2026-10-05,DEL_CCU,15,Air India Direct,12487.0,15
2026-10-05,DEL_CCU,15,Akasa Direct,8841.0,3
2026-10-05,DEL_CCU,15,Cleartrip,15019.0,129
2026-10-05,DEL_CCU,15,EaseMyTrip,11574.0,90
2026-10-05,DEL_CCU,15,Goibibo,10497.0,45
2026-10-05,DEL_CCU,15,IndiGo Direct,11698.0,59
2026-10-05,DEL_CCU,15,Ixigo,14717.0,104
2026-10-05,DEL_CCU,15,MakeMyTrip,9526.0,49
2026-10-05,DEL_CCU,15,SpiceJet Direct,9140.0,3
2026-10-05,DEL_CCU,15,Yatra,13551.0,94
2026-10-05,DEL_CCU,30,Air India Direct,12762.0,15
2026-10-05,DEL_CCU,30,Akasa Direct,11284.0,3
2026-10-05,DEL_CCU,30,Cleartrip,18247.0,119
2026-10-05,DEL_CCU,30,EaseMyTrip,15511.5,82
2026-10-05,DEL_CCU,30,Goibibo,11862.0,31
2026-10-05,DEL_CCU,30,IndiGo Direct,15902.0,61
2026-10-05,DEL_CCU,30,Ixigo,20459.0,112
2026-10-05,DEL_CCU,30,MakeMyTrip,11740.0,35
2026-10-05,DEL_CCU,30,Yatra,17669.0,99
2026-10-05,DEL_CCU,45,Air India Direct,12983.0,16
2026-10-05,DEL_CCU,45,Akasa Direct,9708.0,3
2026-10-05,DEL_CCU,45,Cleartrip,12446.0,119
2026-10-05,DEL_CCU,45,EaseMyTrip,11345.0,82
2026-10-05,DEL_CCU,45,Goibibo,10392.0,32
2026-10-05,DEL_CCU,45,IndiGo Direct,11109.0,56
2026-10-05,DEL_CCU,45,Ixigo,12962.0,107
2026-10-05,DEL_CCU,45,MakeMyTrip,9972.0,35
2026-10-05,DEL_CCU,45,SpiceJet Direct,9140.0,1
2026-10-05,DEL_CCU,45,Yatra,10954.5,88
2026-10-05,DEL_GOI,1,Air India Direct,13770.0,15
2026-10-05,DEL_GOI,1,Cleartrip,11098.0,55
2026-10-05,DEL_GOI,1,EaseMyTrip,10171.0,63
2026-10-05,DEL_GOI,1,Goibibo,7462.0,22
2026-10-05,DEL_GOI,1,IndiGo Direct,11226.0,57
2026-10-05,DEL_GOI,1,Ixigo,14227.0,49
2026-10-05,DEL_GOI,1,MakeMyTrip,10351.5,104
2026-10-05,DEL_GOI,1,Yatra,13005.0,71
2026-10-05,DEL_GOI,7,Cleartrip,10178.0,79
2026-10-05,DEL_GOI,7,EaseMyTrip,9382.0,68
2026-10-05,DEL_GOI,7,Goibibo,8448.5,26
2026-10-05,DEL_GOI,7,IndiGo Direct,9381.0,55
2026-10-05,DEL_GOI,7,Ixigo,10591.0,68
2026-10-05,DEL_GOI,7,MakeMyTrip,7613.0,21
2026-10-05,DEL_GOI,7,Yatra,9688.0,47
2026-10-05,DEL_GOI,15,Cleartrip,10670.0,100
2026-10-05,DEL_GOI,15,EaseMyTrip,9552.5,72
2026-10-05,DEL_GOI,15,Goibibo,9641.0,91
2026-10-05,DEL_GOI,15,IndiGo Direct,9935.5,58
2026-10-05,DEL_GOI,15,Ixigo,10844.0,77
2026-10-05,DEL_GOI,15,MakeMyTrip,8264.0,19
2026-10-05,DEL_GOI,15,Yatra,10172.0,43
2026-10-05,DEL_GOI,30,Cleartrip,12439.0,105
2026-10-05,DEL_GOI,30,EaseMyTrip,9888.0,83
2026-10-05,DEL_GOI,30,Goibibo,7420.0,21
2026-10-05,DEL_GOI,30,IndiGo Direct,9002.0,53
2026-10-05,DEL_GOI,30,Ixigo,12439.0,86
2026-10-05,DEL_GOI,30,MakeMyTrip,7420.0,15
2026-10-05,DEL_GOI,30,Yatra,10538.0,61
2026-10-05,DEL_GOI,45,Cleartrip,14678.0,93
2026-10-05,DEL_GOI,45,EaseMyTrip,13371.5,94
2026-10-05,DEL_GOI,45,Goibibo,12784.0,91
2026-10-05,DEL_GOI,45,IndiGo Direct,11222.0,45
2026-10-05,DEL_GOI,45,Ixigo,14995.0,95
2026-10-05,DEL_GOI,45,MakeMyTrip,9746.0,23
2026-10-05,DEL_GOI,45,Yatra,12903.0,71
2026-10-05,DEL_HYD,1,Akasa Direct,8850.0,2
2026-10-05,DEL_HYD,1,Cleartrip,16265.5,94
2026-10-05,DEL_HYD,1,EaseMyTrip,14169.0,79
2026-10-05,DEL_HYD,1,Goibibo,9243.0,27
2026-10-05,DEL_HYD,1,IndiGo Direct,15367.5,64
2026-10-05,DEL_HYD,1,Ixigo,18931.5,92
2026-10-05,DEL_HYD,1,MakeMyTrip,9130.0,35
2026-10-05,DEL_HYD,1,Yatra,17284.0,99
2026-10-05,DEL_HYD,7,Air India Direct,10447.0,15
2026-10-05,DEL_HYD,7,Akasa Direct,9018.5,2
2026-10-05,DEL_HYD,7,Cleartrip,12392.0,108
2026-10-05,DEL_HYD,7,EaseMyTrip,11764.0,89
2026-10-05,DEL_HYD,7,Goibibo,9875.0,32
2026-10-05,DEL_HYD,7,IndiGo Direct,12011.0,64
2026-10-05,DEL_HYD,7,Ixigo,13648.0,111
2026-10-05,DEL_HYD,7,MakeMyTrip,9691.5,38
2026-10-05,DEL_HYD,7,Yatra,11724.5,84
2026-10-05,DEL_HYD,15,Air India Direct,10628.0,16
2026-10-05,DEL_HYD,15,Akasa Direct,10433.0,2
2026-10-05,DEL_HYD,15,Cleartrip,16184.0,128
2026-10-05,DEL_HYD,15,EaseMyTrip,13549.0,95
2026-10-05,DEL_HYD,15,Goibibo,10762.0,34
2026-10-05,DEL_HYD,15,IndiGo Direct,12683.0,62
2026-10-05,DEL_HYD,15,Ixigo,16384.5,126
2026-10-05,DEL_HYD,15,MakeMyTrip,10762.0,39
2026-10-05,DEL_HYD,15,Yatra,13059.0,95
2026-10-05,DEL_HYD,30,Air India Direct,10500.0,17
2026-10-05,DEL_HYD,30,Akasa Direct,9963.0,2
2026-10-05,DEL_HYD,30,Cleartrip,15569.0,128
2026-10-05,DEL_HYD,30,EaseMyTrip,12138.5,100
2026-10-05,DEL_HYD,30,Goibibo,10280.0,32
2026-10-05,DEL_HYD,30,IndiGo Direct,11159.0,60
2026-10-05,DEL_HYD,30,Ixigo,16671.5,108
2026-10-05,DEL_HYD,30,MakeMyTrip,10280.0,36
2026-10-05,DEL_HYD,30,Yatra,11789.0,85
2026-10-05,DEL_HYD,45,Air India Direct,10954.0,17
2026-10-05,DEL_HYD,45,Cleartrip,12676.0,127
2026-10-05,DEL_HYD,45,EaseMyTrip,11340.0,92
2026-10-05,DEL_HYD,45,Goibibo,10815.0,31
2026-10-05,DEL_HYD,45,IndiGo Direct,11159.0,61
2026-10-05,DEL_HYD,45,Ixigo,13340.0,108
2026-10-05,DEL_HYD,45,MakeMyTrip,10596.0,40
2026-10-05,DEL_HYD,45,SpiceJet Direct,12391.0,8
2026-10-05,DEL_HYD,45,Yatra,10800.0,79
2026-10-05,DEL_MAA,1,Akasa Direct,12358.0,1
2026-10-05,DEL_MAA,1,Cleartrip,18767.0,93
2026-10-05,DEL_MAA,1,EaseMyTrip,16016.0,81
2026-10-05,DEL_MAA,1,Goibibo,12951.0,48
2026-10-05,DEL_MAA,1,IndiGo Direct,15373.5,58
2026-10-05,DEL_MAA,1,Ixigo,19476.0,103
2026-10-05,DEL_MAA,1,MakeMyTrip,13179.0,54
2026-10-05,DEL_MAA,1,Yatra,17661.0,101
2026-10-05,DEL_MAA,7,Akasa Direct,10406.0,1
2026-10-05,DEL_MAA,7,Cleartrip,13564.5,118
2026-10-05,DEL_MAA,7,EaseMyTrip,12882.0,96
2026-10-05,DEL_MAA,7,Goibibo,10002.0,19
2026-10-05,DEL_MAA,7,IndiGo Direct,12649.0,59
2026-10-05,DEL_MAA,7,Ixigo,13961.0,101
2026-10-05,DEL_MAA,7,MakeMyTrip,10002.0,23
2026-10-05,DEL_MAA,7,Yatra,12448.0,93
2026-10-05,DEL_MAA,15,Akasa Direct,9682.0,1
2026-10-05,DEL_MAA,15,Cleartrip,15321.5,136
2026-10-05,DEL_MAA,15,EaseMyTrip,14073.5,84
2026-10-05,DEL_MAA,15,Goibibo,10953.0,18
2026-10-05,DEL_MAA,15,IndiGo Direct,13284.5,58
2026-10-05,DEL_MAA,15,Ixigo,15511.0,112
2026-10-05,DEL_MAA,15,MakeMyTrip,10865.5,22
2026-10-05,DEL_MAA,15,Yatra,13380.0,92
2026-10-05,DEL_MAA,30,Akasa Direct,16667.5,2
2026-10-05,DEL_MAA,30,Cleartrip,13791.0,117
2026-10-05,DEL_MAA,30,EaseMyTrip,12094.0,72
2026-10-05,DEL_MAA,30,Goibibo,11832.0,23
2026-10-05,DEL_MAA,30,IndiGo Direct,11963.0,53
2026-10-05,DEL_MAA,30,Ixigo,15556.0,113
2026-10-05,DEL_MAA,30,MakeMyTrip,11467.0,26
2026-10-05,DEL_MAA,30,Yatra,12315.0,73
2026-10-05,DEL_MAA,45,Akasa Direct,11599.0,2
2026-10-05,DEL_MAA,45,Cleartrip,13633.0,106
2026-10-05,DEL_MAA,45,EaseMyTrip,11963.0,72
2026-10-05,DEL_MAA,45,Goibibo,10368.0,19
2026-10-05,DEL_MAA,45,IndiGo Direct,11963.0,52
2026-10-05,DEL_MAA,45,Ixigo,13700.0,90
2026-10-05,DEL_MAA,45,MakeMyTrip,10368.0,21
2026-10-05,DEL_MAA,45,Yatra,11473.0,77
2026-10-05,HYD_BLR,1,Air India Direct,10937.0,11
2026-10-05,HYD_BLR,1,Akasa Direct,16648.0,1
2026-10-05,HYD_BLR,1,Cleartrip,15059.0,93
2026-10-05,HYD_BLR,1,EaseMyTrip,12715.0,55
2026-10-05,HYD_BLR,1,Goibibo,8901.0,26
2026-10-05,HYD_BLR,1,IndiGo Direct,12525.0,98
2026-10-05,HYD_BLR,1,Ixigo,17396.0,103
2026-10-05,HYD_BLR,1,MakeMyTrip,8041.5,34
2026-10-05,HYD_BLR,1,Yatra,16906.0,111
2026-10-05,HYD_BLR,7,Air India Direct,11196.5,12
2026-10-05,HYD_BLR,7,Akasa Direct,20361.5,2
2026-10-05,HYD_BLR,7,Cleartrip,8021.5,88
2026-10-05,HYD_BLR,7,EaseMyTrip,7661.0,67
2026-10-05,HYD_BLR,7,Goibibo,5977.0,27
2026-10-05,HYD_BLR,7,IndiGo Direct,7373.0,82
2026-10-05,HYD_BLR,7,Ixigo,11074.0,85
2026-10-05,HYD_BLR,7,MakeMyTrip,5616.0,31
2026-10-05,HYD_BLR,7,Yatra,10584.0,93
2026-10-05,HYD_BLR,15,Air India Direct,13043.0,12
2026-10-05,HYD_BLR,15,Akasa Direct,18600.0,1
2026-10-05,HYD_BLR,15,Cleartrip,8368.5,90
2026-10-05,HYD_BLR,15,EaseMyTrip,7703.5,62
2026-10-05,HYD_BLR,15,Goibibo,6362.0,25
2026-10-05,HYD_BLR,15,IndiGo Direct,7374.0,86
2026-10-05,HYD_BLR,15,Ixigo,13873.0,99
2026-10-05,HYD_BLR,15,MakeMyTrip,6055.0,28
2026-10-05,HYD_BLR,15,Yatra,10189.5,88
2026-10-05,HYD_BLR,30,Air India Direct,7441.5,14
2026-10-05,HYD_BLR,30,Akasa Direct,20506.5,2
2026-10-05,HYD_BLR,30,Cleartrip,7466.0,87
2026-10-05,HYD_BLR,30,EaseMyTrip,5509.0,63
2026-10-05,HYD_BLR,30,Goibibo,4860.0,18
2026-10-05,HYD_BLR,30,IndiGo Direct,5509.0,61
2026-10-05,HYD_BLR,30,Ixigo,15628.5,84
2026-10-05,HYD_BLR,30,MakeMyTrip,4860.0,21
2026-10-05,HYD_BLR,30,Yatra,8899.5,88
2026-10-05,HYD_BLR,45,Air India Direct,9019.0,14
2026-10-05,HYD_BLR,45,Akasa Direct,17678.0,1
2026-10-05,HYD_BLR,45,Cleartrip,8090.0,78
2026-10-05,HYD_BLR,45,EaseMyTrip,7234.5,58
2026-10-05,HYD_BLR,45,Goibibo,6055.0,21
2026-10-05,HYD_BLR,45,IndiGo Direct,7234.5,64
2026-10-05,HYD_BLR,45,Ixigo,15326.0,90
2026-10-05,HYD_BLR,45,MakeMyTrip,5616.0,25
2026-10-05,HYD_BLR,45,Yatra,14185.5,90
2026-10-05,HYD_DEL,1,Air India Direct,8527.0,16
2026-10-05,HYD_DEL,1,Cleartrip,15246.0,108
2026-10-05,HYD_DEL,1,EaseMyTrip,11093.0,82
2026-10-05,HYD_DEL,1,Goibibo,8650.5,28
2026-10-05,HYD_DEL,1,IndiGo Direct,12546.0,61
2026-10-05,HYD_DEL,1,Ixigo,14062.0,101
2026-10-05,HYD_DEL,1,MakeMyTrip,8395.0,34
2026-10-05,HYD_DEL,1,Yatra,13368.0,96
2026-10-05,HYD_DEL,7,Air India Direct,14782.5,16
2026-10-05,HYD_DEL,7,Akasa Direct,12064.5,2
2026-10-05,HYD_DEL,7,Cleartrip,13016.0,110
2026-10-05,HYD_DEL,7,EaseMyTrip,12742.0,85
2026-10-05,HYD_DEL,7,Goibibo,11116.0,34
2026-10-05,HYD_DEL,7,IndiGo Direct,12201.0,64
2026-10-05,HYD_DEL,7,Ixigo,13076.0,93
2026-10-05,HYD_DEL,7,MakeMyTrip,10400.0,41
2026-10-05,HYD_DEL,7,Yatra,12526.0,93
2026-10-05,HYD_DEL,15,Air India Direct,10493.0,17
2026-10-05,HYD_DEL,15,Akasa Direct,8813.0,2
2026-10-05,HYD_DEL,15,Cleartrip,13215.0,123
2026-10-05,HYD_DEL,15,EaseMyTrip,10229.0,79
2026-10-05,HYD_DEL,15,Goibibo,9438.5,32
2026-10-05,HYD_DEL,15,IndiGo Direct,10164.0,63
2026-10-05,HYD_DEL,15,Ixigo,11193.0,89
2026-10-05,HYD_DEL,15,MakeMyTrip,9227.5,38
2026-10-05,HYD_DEL,15,Yatra,10318.0,83
2026-10-05,HYD_DEL,30,Air India Direct,12660.0,14
2026-10-05,HYD_DEL,30,Akasa Direct,11181.5,2
2026-10-05,HYD_DEL,30,Cleartrip,15876.0,113
2026-10-05,HYD_DEL,30,EaseMyTrip,13623.5,84
2026-10-05,HYD_DEL,30,Goibibo,11762.5,38
2026-10-05,HYD_DEL,30,IndiGo Direct,13444.0,61
2026-10-05,HYD_DEL,30,Ixigo,17568.0,110
2026-10-05,HYD_DEL,30,MakeMyTrip,11116.0,43
2026-10-05,HYD_DEL,30,Yatra,12857.5,74
2026-10-05,HYD_DEL,45,Air India Direct,9412.5,14
2026-10-05,HYD_DEL,45,Akasa Direct,8576.0,2
2026-10-05,HYD_DEL,45,Cleartrip,10374.0,118
2026-10-05,HYD_DEL,45,EaseMyTrip,9791.0,82
2026-10-05,HYD_DEL,45,Goibibo,9557.0,36
2026-10-05,HYD_DEL,45,IndiGo Direct,9712.0,59
2026-10-05,HYD_DEL,45,Ixigo,11819.0,99
2026-10-05,HYD_DEL,45,MakeMyTrip,9375.0,44
2026-10-05,HYD_DEL,45,SpiceJet Direct,12299.0,1
2026-10-05,HYD_DEL,45,Yatra,9445.0,81
2026-10-05,MAA_BOM,1,Air India Direct,9146.5,10
2026-10-05,MAA_BOM,1,Akasa Direct,7309.0,1
2026-10-05,MAA_BOM,1,Cleartrip,17624.0,80
2026-10-05,MAA_BOM,1,EaseMyTrip,9400.0,45
2026-10-05,MAA_BOM,1,Goibibo,7958.0,26
2026-10-05,MAA_BOM,1,IndiGo Direct,13516.0,55
2026-10-05,MAA_BOM,1,Ixigo,18206.0,72
2026-10-05,MAA_BOM,1,MakeMyTrip,7853.0,29
2026-10-05,MAA_BOM,1,Yatra,17486.0,82
2026-10-05,MAA_BOM,7,Air India Direct,9626.5,10
2026-10-05,MAA_BOM,7,Akasa Direct,7184.0,1
2026-10-05,MAA_BOM,7,Cleartrip,11827.5,94
2026-10-05,MAA_BOM,7,EaseMyTrip,9170.0,51
2026-10-05,MAA_BOM,7,Goibibo,8230.0,23
2026-10-05,MAA_BOM,7,IndiGo Direct,9334.0,58
2026-10-05,MAA_BOM,7,Ixigo,11761.0,75
2026-10-05,MAA_BOM,7,MakeMyTrip,7540.0,26
2026-10-05,MAA_BOM,7,Yatra,10223.0,85
2026-10-05,MAA_BOM,15,Air India Direct,7822.0,11
2026-10-05,MAA_BOM,15,Akasa Direct,7436.0,1
2026-10-05,MAA_BOM,15,Cleartrip,10536.0,83
2026-10-05,MAA_BOM,15,EaseMyTrip,9170.0,47
2026-10-05,MAA_BOM,15,Goibibo,7540.0,23
2026-10-05,MAA_BOM,15,IndiGo Direct,9334.0,51
2026-10-05,MAA_BOM,15,Ixigo,11202.0,71
2026-10-05,MAA_BOM,15,MakeMyTrip,7540.0,24
2026-10-05,MAA_BOM,15,Yatra,9356.0,81
2026-10-05,MAA_BOM,30,Air India Direct,22183.0,13
2026-10-05,MAA_BOM,30,Akasa Direct,7436.0,1
2026-10-05,MAA_BOM,30,Cleartrip,11087.0,77
2026-10-05,MAA_BOM,30,EaseMyTrip,9091.0,50
2026-10-05,MAA_BOM,30,Goibibo,8159.0,21
2026-10-05,MAA_BOM,30,IndiGo Direct,9170.0,53
2026-10-05,MAA_BOM,30,Ixigo,14717.0,84
2026-10-05,MAA_BOM,30,MakeMyTrip,7905.0,22
2026-10-05,MAA_BOM,30,Yatra,12767.0,78
2026-10-05,MAA_BOM,45,Air India Direct,18887.0,13
2026-10-05,MAA_BOM,45,Cleartrip,11950.0,69
2026-10-05,MAA_BOM,45,EaseMyTrip,9173.5,40
2026-10-05,MAA_BOM,45,Goibibo,9288.5,20
2026-10-05,MAA_BOM,45,IndiGo Direct,9613.0,47
2026-10-05,MAA_BOM,45,Ixigo,13583.0,77
2026-10-05,MAA_BOM,45,MakeMyTrip,8159.0,17
2026-10-05,MAA_BOM,45,Yatra,12255.0,80
2026-10-05,MAA_DEL,1,Akasa Direct,11997.0,1
2026-10-05,MAA_DEL,1,Cleartrip,16229.0,96
2026-10-05,MAA_DEL,1,EaseMyTrip,13890.0,59
2026-10-05,MAA_DEL,1,Goibibo,11665.0,24
2026-10-05,MAA_DEL,1,IndiGo Direct,14196.5,56
2026-10-05,MAA_DEL,1,Ixigo,15190.0,79
2026-10-05,MAA_DEL,1,MakeMyTrip,11466.0,27
2026-10-05,MAA_DEL,1,Yatra,14388.0,79
2026-10-05,MAA_DEL,7,Akasa Direct,11585.0,1
2026-10-05,MAA_DEL,7,Cleartrip,13053.0,99
2026-10-05,MAA_DEL,7,EaseMyTrip,11757.0,68
2026-10-05,MAA_DEL,7,Goibibo,10351.0,24
2026-10-05,MAA_DEL,7,IndiGo Direct,12642.0,57
2026-10-05,MAA_DEL,7,Ixigo,12785.0,85
2026-10-05,MAA_DEL,7,MakeMyTrip,10150.0,29
2026-10-05,MAA_DEL,7,Yatra,12171.0,81
2026-10-05,MAA_DEL,15,Akasa Direct,12423.0,1
2026-10-05,MAA_DEL,15,Cleartrip,14071.0,109
2026-10-05,MAA_DEL,15,EaseMyTrip,13536.0,68
2026-10-05,MAA_DEL,15,Goibibo,10539.0,20
2026-10-05,MAA_DEL,15,IndiGo Direct,13570.0,57
2026-10-05,MAA_DEL,15,Ixigo,14067.0,88
2026-10-05,MAA_DEL,15,MakeMyTrip,10463.0,23
2026-10-05,MAA_DEL,15,Yatra,13080.5,74
2026-10-05,MAA_DEL,30,Akasa Direct,17506.0,1
2026-10-05,MAA_DEL,30,Cleartrip,18331.5,104
2026-10-05,MAA_DEL,30,EaseMyTrip,16627.5,70
2026-10-05,MAA_DEL,30,Goibibo,11989.0,24
2026-10-05,MAA_DEL,30,IndiGo Direct,15875.0,59
2026-10-05,MAA_DEL,30,Ixigo,18822.0,90
2026-10-05,MAA_DEL,30,MakeMyTrip,11754.0,27
2026-10-05,MAA_DEL,30,Yatra,17035.0,81
2026-10-05,MAA_DEL,45,Cleartrip,12784.5,112
2026-10-05,MAA_DEL,45,EaseMyTrip,11466.0,71
2026-10-05,MAA_DEL,45,Goibibo,10860.0,24
2026-10-05,MAA_DEL,45,IndiGo Direct,11466.0,53
2026-10-05,MAA_DEL,45,Ixigo,13173.0,88
2026-10-05,MAA_DEL,45,MakeMyTrip,10615.0,28
2026-10-05,MAA_DEL,45,Yatra,12683.0,93
2026-10-06,AMD_DEL,1,Akasa Direct,10931.0,5
2026-10-06,AMD_DEL,1,Cleartrip,10948.0,47
2026-10-06,AMD_DEL,1,EaseMyTrip,10040.0,27
2026-10-06,AMD_DEL,1,Goibibo,8045.5,20
2026-10-06,AMD_DEL,1,Ixigo,13995.0,66
2026-10-06,AMD_DEL,1,MakeMyTrip,7835.5,24
2026-10-06,AMD_DEL,1,Yatra,10799.0,61
2026-10-06,AMD_DEL,7,Akasa Direct,10883.0,4
2026-10-06,AMD_DEL,7,Cleartrip,12846.0,52
2026-10-06,AMD_DEL,7,EaseMyTrip,6810.5,30
2026-10-06,AMD_DEL,7,Goibibo,6425.5,18
2026-10-06,AMD_DEL,7,Ixigo,13077.0,53
2026-10-06,AMD_DEL,7,MakeMyTrip,6351.0,21
2026-10-06,AMD_DEL,7,Yatra,11402.0,48
2026-10-06,AMD_DEL,15,Akasa Direct,13461.0,5
2026-10-06,AMD_DEL,15,Cleartrip,12499.5,44
2026-10-06,AMD_DEL,15,EaseMyTrip,8387.5,28
2026-10-06,AMD_DEL,15,Goibibo,7205.0,18
2026-10-06,AMD_DEL,15,Ixigo,14318.5,52
2026-10-06,AMD_DEL,15,MakeMyTrip,6764.0,20
2026-10-06,AMD_DEL,15,Yatra,12875.0,50
2026-10-06,AMD_DEL,30,Akasa Direct,22331.0,4
2026-10-06,AMD_DEL,30,Cleartrip,20638.0,48
2026-10-06,AMD_DEL,30,EaseMyTrip,18675.5,36
2026-10-06,AMD_DEL,30,Goibibo,16221.5,26
2026-10-06,AMD_DEL,30,Ixigo,22539.0,65
2026-10-06,AMD_DEL,30,MakeMyTrip,14160.5,32
2026-10-06,AMD_DEL,30,SpiceJet Direct,23119.0,1
2026-10-06,AMD_DEL,30,Yatra,20258.0,57
2026-10-06,AMD_DEL,45,Akasa Direct,15992.0,4
2026-10-06,AMD_DEL,45,Cleartrip,15088.5,68
2026-10-06,AMD_DEL,45,EaseMyTrip,7576.0,38
2026-10-06,AMD_DEL,45,Goibibo,6403.0,25
2026-10-06,AMD_DEL,45,Ixigo,15346.0,74
2026-10-06,AMD_DEL,45,MakeMyTrip,6500.0,30
2026-10-06,AMD_DEL,45,Yatra,14856.0,85
2026-10-06,BLR_BOM,1,Air India Direct,18453.0,20
2026-10-06,BLR_BOM,1,Akasa Direct,7002.0,6
2026-10-06,BLR_BOM,1,Cleartrip,16663.0,129
2026-10-06,BLR_BOM,1,EaseMyTrip,11619.5,80
2026-10-06,BLR_BOM,1,Goibibo,8323.0,52
2026-10-06,BLR_BOM,1,IndiGo Direct,8290.5,64
2026-10-06,BLR_BOM,1,Ixigo,18092.0,129
2026-10-06,BLR_BOM,1,MakeMyTrip,7822.0,57
2026-10-06,BLR_BOM,1,Yatra,11523.0,83
2026-10-06,BLR_BOM,7,Air India Direct,7196.0,19
2026-10-06,BLR_BOM,7,Akasa Direct,6488.0,6
2026-10-06,BLR_BOM,7,Cleartrip,12317.5,134
2026-10-06,BLR_BOM,7,EaseMyTrip,8602.0,97
2026-10-06,BLR_BOM,7,Goibibo,7192.0,47
2026-10-06,BLR_BOM,7,IndiGo Direct,6877.0,60
2026-10-06,BLR_BOM,7,Ixigo,14068.5,108
2026-10-06,BLR_BOM,7,MakeMyTrip,7192.0,50
2026-10-06,BLR_BOM,7,Yatra,7266.5,74
2026-10-06,BLR_BOM,15,Air India Direct,7317.5,20
2026-10-06,BLR_BOM,15,Akasa Direct,6359.5,6
2026-10-06,BLR_BOM,15,Cleartrip,7808.0,69
2026-10-06,BLR_BOM,15,EaseMyTrip,8894.0,93
2026-10-06,BLR_BOM,15,Goibibo,7192.0,46
2026-10-06,BLR_BOM,15,IndiGo Direct,7454.0,59
2026-10-06,BLR_BOM,15,Ixigo,12537.5,136
2026-10-06,BLR_BOM,15,MakeMyTrip,6930.0,51
2026-10-06,BLR_BOM,15,SpiceJet Direct,4825.0,3
2026-10-06,BLR_BOM,15,Yatra,8472.0,91
2026-10-06,BLR_BOM,30,Air India Direct,12629.0,20
2026-10-06,BLR_BOM,30,Akasa Direct,9472.5,8
2026-10-06,BLR_BOM,30,Cleartrip,13122.5,156
2026-10-06,BLR_BOM,30,EaseMyTrip,11718.0,107
2026-10-06,BLR_BOM,30,Goibibo,10237.0,48
2026-10-06,BLR_BOM,30,IndiGo Direct,11240.0,62
2026-10-06,BLR_BOM,30,Ixigo,13967.0,128
2026-10-06,BLR_BOM,30,MakeMyTrip,10237.0,52
2026-10-06,BLR_BOM,30,SpiceJet Direct,7964.0,3
2026-10-06,BLR_BOM,30,Yatra,11169.0,95
2026-10-06,BLR_BOM,45,Air India Direct,10609.5,20
2026-10-06,BLR_BOM,45,Akasa Direct,8218.5,6
2026-10-06,BLR_BOM,45,Cleartrip,11502.0,143
2026-10-06,BLR_BOM,45,EaseMyTrip,10433.5,108
2026-10-06,BLR_BOM,45,Goibibo,8939.5,50
2026-10-06,BLR_BOM,45,IndiGo Direct,8894.0,64
2026-10-06,BLR_BOM,45,Ixigo,14151.5,138
2026-10-06,BLR_BOM,45,MakeMyTrip,8902.0,52
2026-10-06,BLR_BOM,45,SpiceJet Direct,7341.0,3
2026-10-06,BLR_BOM,45,Yatra,9251.0,95
2026-10-06,BLR_DEL,1,Air India Direct,12989.0,20
2026-10-06,BLR_DEL,1,Akasa Direct,8611.0,7
2026-10-06,BLR_DEL,1,Cleartrip,14912.0,154
2026-10-06,BLR_DEL,1,EaseMyTrip,12909.5,108
2026-10-06,BLR_DEL,1,Goibibo,10942.0,55
2026-10-06,BLR_DEL,1,IndiGo Direct,12900.0,69
2026-10-06,BLR_DEL,1,Ixigo,15892.0,159
2026-10-06,BLR_DEL,1,MakeMyTrip,10679.0,61
2026-10-06,BLR_DEL,1,Yatra,12066.0,89
2026-10-06,BLR_DEL,7,Air India Direct,9458.0,20
2026-10-06,BLR_DEL,7,Akasa Direct,9621.0,5
2026-10-06,BLR_DEL,7,Cleartrip,13639.0,165
2026-10-06,BLR_DEL,7,EaseMyTrip,11160.0,125
2026-10-06,BLR_DEL,7,Goibibo,9133.0,48
2026-10-06,BLR_DEL,7,IndiGo Direct,10942.0,69
2026-10-06,BLR_DEL,7,Ixigo,13673.0,149
2026-10-06,BLR_DEL,7,MakeMyTrip,9133.0,55
2026-10-06,BLR_DEL,7,Yatra,10062.5,88
2026-10-06,BLR_DEL,15,Air India Direct,10068.0,20
2026-10-06,BLR_DEL,15,Akasa Direct,10351.0,7
2026-10-06,BLR_DEL,15,Cleartrip,12833.0,171
2026-10-06,BLR_DEL,15,EaseMyTrip,11997.0,129
2026-10-06,BLR_DEL,15,Goibibo,10552.0,51
2026-10-06,BLR_DEL,15,IndiGo Direct,11559.0,69
2026-10-06,BLR_DEL,15,Ixigo,12706.0,159
2026-10-06,BLR_DEL,15,MakeMyTrip,9970.0,66
2026-10-06,BLR_DEL,15,SpiceJet Direct,11001.5,4
2026-10-06,BLR_DEL,15,Yatra,10349.5,94
2026-10-06,BLR_DEL,30,Air India Direct,17524.5,20
2026-10-06,BLR_DEL,30,Akasa Direct,16478.0,6
2026-10-06,BLR_DEL,30,Cleartrip,21482.0,185
2026-10-06,BLR_DEL,30,EaseMyTrip,20095.5,126
2026-10-06,BLR_DEL,30,Goibibo,16469.0,58
2026-10-06,BLR_DEL,30,IndiGo Direct,20734.0,67
2026-10-06,BLR_DEL,30,Ixigo,21261.0,149
2026-10-06,BLR_DEL,30,MakeMyTrip,16469.0,65
2026-10-06,BLR_DEL,30,Yatra,16839.0,93
2026-10-06,BLR_DEL,45,Air India Direct,11311.0,20
2026-10-06,BLR_DEL,45,Akasa Direct,9587.0,6
2026-10-06,BLR_DEL,45,Cleartrip,14506.0,187
2026-10-06,BLR_DEL,45,EaseMyTrip,12088.0,133
2026-10-06,BLR_DEL,45,Goibibo,10645.0,60
2026-10-06,BLR_DEL,45,IndiGo Direct,10888.0,67
2026-10-06,BLR_DEL,45,Ixigo,14894.0,153
2026-10-06,BLR_DEL,45,MakeMyTrip,10364.0,59
2026-10-06,BLR_DEL,45,Yatra,10620.0,91
2026-10-06,BLR_HYD,1,Akasa Direct,16683.0,5
2026-10-06,BLR_HYD,1,Cleartrip,15145.0,99
2026-10-06,BLR_HYD,1,EaseMyTrip,16573.0,79
2026-10-06,BLR_HYD,1,Goibibo,10653.0,28
2026-10-06,BLR_HYD,1,Ixigo,17882.0,86
2026-10-06,BLR_HYD,1,MakeMyTrip,9780.0,31
2026-10-06,BLR_HYD,1,Yatra,13535.0,81
2026-10-06,BLR_HYD,7,Akasa Direct,18354.5,4
2026-10-06,BLR_HYD,7,Cleartrip,10653.0,87
2026-10-06,BLR_HYD,7,EaseMyTrip,10836.0,75
2026-10-06,BLR_HYD,7,Goibibo,9780.0,20
2026-10-06,BLR_HYD,7,Ixigo,13727.0,104
2026-10-06,BLR_HYD,7,MakeMyTrip,9332.0,24
2026-10-06,BLR_HYD,7,Yatra,9642.0,68
2026-10-06,BLR_HYD,15,Akasa Direct,20242.0,1
2026-10-06,BLR_HYD,15,Cleartrip,9727.0,88
2026-10-06,BLR_HYD,15,EaseMyTrip,9076.0,70
2026-10-06,BLR_HYD,15,Goibibo,7528.5,26
2026-10-06,BLR_HYD,15,Ixigo,14124.5,106
2026-10-06,BLR_HYD,15,MakeMyTrip,6996.0,32
2026-10-06,BLR_HYD,15,Yatra,10759.0,91
2026-10-06,BLR_HYD,30,Akasa Direct,25509.0,4
2026-10-06,BLR_HYD,30,Cleartrip,11133.0,89
2026-10-06,BLR_HYD,30,EaseMyTrip,12678.0,73
2026-10-06,BLR_HYD,30,Goibibo,8761.0,30
2026-10-06,BLR_HYD,30,Ixigo,18201.5,100
2026-10-06,BLR_HYD,30,MakeMyTrip,7624.0,34
2026-10-06,BLR_HYD,30,Yatra,12161.5,84
2026-10-06,BLR_HYD,45,Akasa Direct,19227.5,4
2026-10-06,BLR_HYD,45,Cleartrip,7921.0,85
2026-10-06,BLR_HYD,45,EaseMyTrip,7418.0,70
2026-10-06,BLR_HYD,45,Goibibo,5278.0,24
2026-10-06,BLR_HYD,45,Ixigo,15743.0,81
2026-10-06,BLR_HYD,45,MakeMyTrip,5183.0,29
2026-10-06,BLR_HYD,45,Yatra,9234.0,91
2026-10-06,BOM_BLR,1,Air India Direct,12475.0,18
2026-10-06,BOM_BLR,1,Akasa Direct,8130.0,7
2026-10-06,BOM_BLR,1,Cleartrip,13418.0,136
2026-10-06,BOM_BLR,1,EaseMyTrip,10918.0,90
2026-10-06,BOM_BLR,1,Goibibo,8678.0,53
2026-10-06,BOM_BLR,1,IndiGo Direct,8271.0,64
2026-10-06,BOM_BLR,1,Ixigo,15564.0,136
2026-10-06,BOM_BLR,1,MakeMyTrip,7320.0,48
2026-10-06,BOM_BLR,1,Yatra,10156.0,83
2026-10-06,BOM_BLR,7,Air India Direct,7076.0,17
2026-10-06,BOM_BLR,7,Akasa Direct,6124.5,6
2026-10-06,BOM_BLR,7,Cleartrip,8709.0,129
2026-10-06,BOM_BLR,7,EaseMyTrip,7339.0,89
2026-10-06,BOM_BLR,7,Goibibo,7006.0,45
2026-10-06,BOM_BLR,7,IndiGo Direct,6957.0,60
2026-10-06,BOM_BLR,7,Ixigo,10551.0,101
2026-10-06,BOM_BLR,7,MakeMyTrip,7006.0,50
2026-10-06,BOM_BLR,7,Yatra,6882.0,81
2026-10-06,BOM_BLR,15,Air India Direct,7515.5,20
2026-10-06,BOM_BLR,15,Akasa Direct,6137.0,7
2026-10-06,BOM_BLR,15,Cleartrip,13196.0,143
2026-10-06,BOM_BLR,15,EaseMyTrip,10196.5,98
2026-10-06,BOM_BLR,15,Goibibo,7272.0,52
2026-10-06,BOM_BLR,15,IndiGo Direct,8945.0,59
2026-10-06,BOM_BLR,15,Ixigo,16075.0,122
2026-10-06,BOM_BLR,15,MakeMyTrip,6986.0,55
2026-10-06,BOM_BLR,15,SpiceJet Direct,5850.0,3
2026-10-06,BOM_BLR,15,Yatra,8827.0,83
2026-10-06,BOM_BLR,30,Air India Direct,10798.0,19
2026-10-06,BOM_BLR,30,Akasa Direct,8793.5,6
2026-10-06,BOM_BLR,30,Cleartrip,11262.0,137
2026-10-06,BOM_BLR,30,EaseMyTrip,10691.0,101
2026-10-06,BOM_BLR,30,Goibibo,9582.0,51
2026-10-06,BOM_BLR,30,IndiGo Direct,9477.0,62
2026-10-06,BOM_BLR,30,Ixigo,14994.0,109
2026-10-06,BOM_BLR,30,MakeMyTrip,9267.0,60
2026-10-06,BOM_BLR,30,Yatra,9457.5,82
2026-10-06,BOM_BLR,45,Air India Direct,8873.0,20
2026-10-06,BOM_BLR,45,Akasa Direct,7505.0,7
2026-10-06,BOM_BLR,45,Cleartrip,12960.0,178
2026-10-06,BOM_BLR,45,EaseMyTrip,9806.5,108
2026-10-06,BOM_BLR,45,Goibibo,8208.0,61
2026-10-06,BOM_BLR,45,IndiGo Direct,8173.0,59
2026-10-06,BOM_BLR,45,Ixigo,12503.0,139
2026-10-06,BOM_BLR,45,MakeMyTrip,8182.5,66
2026-10-06,BOM_BLR,45,SpiceJet Direct,5490.0,3
2026-10-06,BOM_BLR,45,Yatra,8327.0,85
2026-10-06,BOM_DEL,1,Air India Direct,7505.0,27
2026-10-06,BOM_DEL,1,Akasa Direct,6762.0,6
2026-10-06,BOM_DEL,1,Cleartrip,13996.5,154
2026-10-06,BOM_DEL,1,EaseMyTrip,10909.5,122
2026-10-06,BOM_DEL,1,Goibibo,7086.0,69
2026-10-06,BOM_DEL,1,IndiGo Direct,9184.0,74
2026-10-06,BOM_DEL,1,Ixigo,15570.5,128
2026-10-06,BOM_DEL,1,MakeMyTrip,6985.0,77
2026-10-06,BOM_DEL,1,SpiceJet Direct,6524.0,2
2026-10-06,BOM_DEL,1,Yatra,8248.0,87
2026-10-06,BOM_DEL,7,Air India Direct,6608.0,26
2026-10-06,BOM_DEL,7,Akasa Direct,6642.0,8
2026-10-06,BOM_DEL,7,Cleartrip,9059.0,164
2026-10-06,BOM_DEL,7,EaseMyTrip,8659.0,83
2026-10-06,BOM_DEL,7,Goibibo,6857.0,66
2026-10-06,BOM_DEL,7,IndiGo Direct,8895.0,73
2026-10-06,BOM_DEL,7,Ixigo,9760.5,150
2026-10-06,BOM_DEL,7,MakeMyTrip,6838.0,74
2026-10-06,BOM_DEL,7,Yatra,6645.0,90
2026-10-06,BOM_DEL,15,Air India Direct,7135.5,28
2026-10-06,BOM_DEL,15,Akasa Direct,7135.0,7
2026-10-06,BOM_DEL,15,Cleartrip,12014.0,166
2026-10-06,BOM_DEL,15,EaseMyTrip,8895.0,82
2026-10-06,BOM_DEL,15,Goibibo,7367.0,64
2026-10-06,BOM_DEL,15,IndiGo Direct,8895.0,75
2026-10-06,BOM_DEL,15,Ixigo,14100.0,134
2026-10-06,BOM_DEL,15,MakeMyTrip,7192.0,71
2026-10-06,BOM_DEL,15,Yatra,7421.0,89
2026-10-06,BOM_DEL,30,Air India Direct,13114.0,25
2026-10-06,BOM_DEL,30,Air India Express Direct,22844.5,16
2026-10-06,BOM_DEL,30,Akasa Direct,12054.0,8
2026-10-06,BOM_DEL,30,Cleartrip,20190.0,182
2026-10-06,BOM_DEL,30,EaseMyTrip,16081.0,102
2026-10-06,BOM_DEL,30,Goibibo,13267.0,81
2026-10-06,BOM_DEL,30,IndiGo Direct,14131.5,76
2026-10-06,BOM_DEL,30,Ixigo,21004.0,161
2026-10-06,BOM_DEL,30,MakeMyTrip,13226.0,83
2026-10-06,BOM_DEL,30,Yatra,13103.0,89
2026-10-06,BOM_DEL,45,Air India Direct,8248.0,28
2026-10-06,BOM_DEL,45,Akasa Direct,7398.0,10
2026-10-06,BOM_DEL,45,Cleartrip,12176.0,183
2026-10-06,BOM_DEL,45,EaseMyTrip,8895.0,91
2026-10-06,BOM_DEL,45,Goibibo,7889.0,77
2026-10-06,BOM_DEL,45,IndiGo Direct,8895.0,71
2026-10-06,BOM_DEL,45,Ixigo,12176.0,163
2026-10-06,BOM_DEL,45,MakeMyTrip,7501.0,87
2026-10-06,BOM_DEL,45,Yatra,8016.0,91
2026-10-06,BOM_GOI,1,Air India Direct,13609.0,16
2026-10-06,BOM_GOI,1,Cleartrip,15200.0,55
2026-10-06,BOM_GOI,1,EaseMyTrip,14464.0,46
2026-10-06,BOM_GOI,1,Goibibo,6431.5,28
2026-10-06,BOM_GOI,1,Ixigo,16577.0,53
2026-10-06,BOM_GOI,1,MakeMyTrip,5867.0,22
2026-10-06,BOM_GOI,1,Yatra,14806.5,48
2026-10-06,BOM_GOI,7,Air India Direct,4225.0,16
2026-10-06,BOM_GOI,7,Cleartrip,13790.0,75
2026-10-06,BOM_GOI,7,EaseMyTrip,10454.0,53
2026-10-06,BOM_GOI,7,Goibibo,3831.5,24
2026-10-06,BOM_GOI,7,Ixigo,13790.0,62
2026-10-06,BOM_GOI,7,MakeMyTrip,3804.0,16
2026-10-06,BOM_GOI,7,Yatra,10090.0,39
2026-10-06,BOM_GOI,15,Air India Direct,6270.5,16
2026-10-06,BOM_GOI,15,Cleartrip,16617.0,63
2026-10-06,BOM_GOI,15,EaseMyTrip,10922.0,52
2026-10-06,BOM_GOI,15,Goibibo,4722.0,25
2026-10-06,BOM_GOI,15,Ixigo,16748.5,50
2026-10-06,BOM_GOI,15,MakeMyTrip,4041.5,18
2026-10-06,BOM_GOI,15,Yatra,4651.5,12
2026-10-06,BOM_GOI,30,Air India Direct,16373.5,16
2026-10-06,BOM_GOI,30,Cleartrip,15097.0,57
2026-10-06,BOM_GOI,30,EaseMyTrip,11674.0,56
2026-10-06,BOM_GOI,30,Goibibo,6087.0,29
2026-10-06,BOM_GOI,30,Ixigo,17878.0,58
2026-10-06,BOM_GOI,30,MakeMyTrip,5877.0,23
2026-10-06,BOM_GOI,30,Yatra,14750.0,54
2026-10-06,BOM_GOI,45,Air India Direct,10596.0,16
2026-10-06,BOM_GOI,45,Cleartrip,10968.0,47
2026-10-06,BOM_GOI,45,EaseMyTrip,11813.0,59
2026-10-06,BOM_GOI,45,Goibibo,7070.0,37
2026-10-06,BOM_GOI,45,Ixigo,15709.5,52
2026-10-06,BOM_GOI,45,MakeMyTrip,6140.5,28
2026-10-06,BOM_GOI,45,SpiceJet Direct,4360.0,2
2026-10-06,BOM_GOI,45,Yatra,11674.0,51
2026-10-06,BOM_MAA,1,Akasa Direct,6229.0,1
2026-10-06,BOM_MAA,1,Cleartrip,16675.0,91
2026-10-06,BOM_MAA,1,EaseMyTrip,15458.0,68
2026-10-06,BOM_MAA,1,Goibibo,8863.0,48
2026-10-06,BOM_MAA,1,Ixigo,18865.0,77
2026-10-06,BOM_MAA,1,MakeMyTrip,8841.0,32
2026-10-06,BOM_MAA,1,Yatra,16107.0,79
2026-10-06,BOM_MAA,7,Akasa Direct,6943.0,1
2026-10-06,BOM_MAA,7,Cleartrip,10026.0,75
2026-10-06,BOM_MAA,7,EaseMyTrip,9297.0,56
2026-10-06,BOM_MAA,7,Goibibo,6966.0,25
2026-10-06,BOM_MAA,7,Ixigo,11054.0,69
2026-10-06,BOM_MAA,7,MakeMyTrip,6966.0,25
2026-10-06,BOM_MAA,7,Yatra,9906.0,87
2026-10-06,BOM_MAA,15,Akasa Direct,6341.0,1
2026-10-06,BOM_MAA,15,Cleartrip,10600.0,79
2026-10-06,BOM_MAA,15,EaseMyTrip,10704.5,68
2026-10-06,BOM_MAA,15,Goibibo,7195.0,25
2026-10-06,BOM_MAA,15,Ixigo,11272.5,78
2026-10-06,BOM_MAA,15,MakeMyTrip,6966.0,26
2026-10-06,BOM_MAA,15,Yatra,10046.0,67
2026-10-06,BOM_MAA,30,Akasa Direct,9670.0,1
2026-10-06,BOM_MAA,30,Cleartrip,12931.0,65
2026-10-06,BOM_MAA,30,EaseMyTrip,12736.0,51
2026-10-06,BOM_MAA,30,Goibibo,9970.0,19
2026-10-06,BOM_MAA,30,Ixigo,14315.0,75
2026-10-06,BOM_MAA,30,MakeMyTrip,9970.0,20
2026-10-06,BOM_MAA,30,Yatra,13135.0,72
2026-10-06,BOM_MAA,45,Akasa Direct,6575.0,1
2026-10-06,BOM_MAA,45,Cleartrip,8780.0,63
2026-10-06,BOM_MAA,45,EaseMyTrip,10234.0,69
2026-10-06,BOM_MAA,45,Goibibo,7191.0,21
2026-10-06,BOM_MAA,45,Ixigo,11622.0,79
2026-10-06,BOM_MAA,45,MakeMyTrip,7379.0,24
2026-10-06,BOM_MAA,45,Yatra,7040.0,23
2026-10-06,CCU_DEL,1,Air India Direct,8855.0,14
2026-10-06,CCU_DEL,1,Akasa Direct,8615.0,3
2026-10-06,CCU_DEL,1,Cleartrip,11710.0,98
2026-10-06,CCU_DEL,1,EaseMyTrip,11158.5,74
2026-10-06,CCU_DEL,1,Goibibo,9164.0,29
2026-10-06,CCU_DEL,1,Ixigo,13249.0,93
2026-10-06,CCU_DEL,1,MakeMyTrip,9164.0,34
2026-10-06,CCU_DEL,1,SpiceJet Direct,8085.0,1
2026-10-06,CCU_DEL,1,Yatra,11167.5,88
2026-10-06,CCU_DEL,7,Air India Direct,8986.0,14
2026-10-06,CCU_DEL,7,Akasa Direct,8766.0,3
2026-10-06,CCU_DEL,7,Cleartrip,11473.0,94
2026-10-06,CCU_DEL,7,EaseMyTrip,11158.5,76
2026-10-06,CCU_DEL,7,Goibibo,8849.0,32
2026-10-06,CCU_DEL,7,Ixigo,11460.5,84
2026-10-06,CCU_DEL,7,MakeMyTrip,8849.0,37
2026-10-06,CCU_DEL,7,Yatra,10859.0,82
2026-10-06,CCU_DEL,15,Air India Direct,12444.0,14
2026-10-06,CCU_DEL,15,Akasa Direct,12869.0,3
2026-10-06,CCU_DEL,15,Cleartrip,15901.5,100
2026-10-06,CCU_DEL,15,EaseMyTrip,15037.0,77
2026-10-06,CCU_DEL,15,Goibibo,13837.0,43
2026-10-06,CCU_DEL,15,Ixigo,16838.0,97
2026-10-06,CCU_DEL,15,MakeMyTrip,13359.5,50
2026-10-06,CCU_DEL,15,SpiceJet Direct,11878.0,4
2026-10-06,CCU_DEL,15,Yatra,14419.5,72
2026-10-06,CCU_DEL,30,Air India Direct,10364.0,14
2026-10-06,CCU_DEL,30,Akasa Direct,10267.0,3
2026-10-06,CCU_DEL,30,Cleartrip,13819.0,111
2026-10-06,CCU_DEL,30,EaseMyTrip,11404.0,81
2026-10-06,CCU_DEL,30,Goibibo,10319.0,32
2026-10-06,CCU_DEL,30,Ixigo,17890.5,90
2026-10-06,CCU_DEL,30,MakeMyTrip,10319.0,37
2026-10-06,CCU_DEL,30,SpiceJet Direct,9648.0,1
2026-10-06,CCU_DEL,30,Yatra,13295.5,86
2026-10-06,CCU_DEL,45,Air India Direct,10280.0,12
2026-10-06,CCU_DEL,45,Akasa Direct,8934.0,3
2026-10-06,CCU_DEL,45,Cleartrip,12370.5,108
2026-10-06,CCU_DEL,45,EaseMyTrip,11605.0,79
2026-10-06,CCU_DEL,45,Goibibo,9847.0,32
2026-10-06,CCU_DEL,45,Ixigo,14224.0,101
2026-10-06,CCU_DEL,45,MakeMyTrip,9847.0,36
2026-10-06,CCU_DEL,45,SpiceJet Direct,9241.0,1
2026-10-06,CCU_DEL,45,Yatra,12140.0,89
2026-10-06,DEL_AMD,1,Akasa Direct,15930.0,7
2026-10-06,DEL_AMD,1,Cleartrip,13624.0,45
2026-10-06,DEL_AMD,1,EaseMyTrip,14406.0,48
2026-10-06,DEL_AMD,1,Goibibo,15593.0,18
2026-10-06,DEL_AMD,1,Ixigo,14883.0,58
2026-10-06,DEL_AMD,1,MakeMyTrip,12503.0,38
2026-10-06,DEL_AMD,1,Yatra,13763.0,68
2026-10-06,DEL_AMD,7,Akasa Direct,13800.5,6
2026-10-06,DEL_AMD,7,Cleartrip,12347.0,53
2026-10-06,DEL_AMD,7,EaseMyTrip,7106.0,32
2026-10-06,DEL_AMD,7,Goibibo,6000.0,18
2026-10-06,DEL_AMD,7,Ixigo,15812.0,57
2026-10-06,DEL_AMD,7,MakeMyTrip,6000.0,22
2026-10-06,DEL_AMD,7,Yatra,12277.0,89
2026-10-06,DEL_AMD,15,Akasa Direct,17624.0,7
2026-10-06,DEL_AMD,15,Cleartrip,13257.0,66
2026-10-06,DEL_AMD,15,EaseMyTrip,11830.0,52
2026-10-06,DEL_AMD,15,Goibibo,6426.0,16
2026-10-06,DEL_AMD,15,Ixigo,13440.0,69
2026-10-06,DEL_AMD,15,MakeMyTrip,6050.0,23
2026-10-06,DEL_AMD,15,Yatra,12767.0,86
2026-10-06,DEL_AMD,30,Akasa Direct,19805.0,7
2026-10-06,DEL_AMD,30,Cleartrip,16352.0,66
2026-10-06,DEL_AMD,30,EaseMyTrip,6426.0,37
2026-10-06,DEL_AMD,30,Goibibo,5903.0,20
2026-10-06,DEL_AMD,30,Ixigo,16802.0,83
2026-10-06,DEL_AMD,30,MakeMyTrip,6000.0,24
2026-10-06,DEL_AMD,30,SpiceJet Direct,6156.0,1
2026-10-06,DEL_AMD,30,Yatra,16012.0,73
2026-10-06,DEL_AMD,45,Akasa Direct,18854.0,7
2026-10-06,DEL_AMD,45,Cleartrip,15652.0,73
2026-10-06,DEL_AMD,45,EaseMyTrip,13187.0,54
2026-10-06,DEL_AMD,45,Goibibo,10206.0,22
2026-10-06,DEL_AMD,45,Ixigo,16446.0,84
2026-10-06,DEL_AMD,45,MakeMyTrip,9627.5,26
2026-10-06,DEL_AMD,45,SpiceJet Direct,8604.0,2
2026-10-06,DEL_AMD,45,Yatra,15162.0,75
2026-10-06,DEL_BLR,1,Air India Direct,10830.0,20
2026-10-06,DEL_BLR,1,Air India Express Direct,14227.0,19
2026-10-06,DEL_BLR,1,Akasa Direct,8829.0,7
2026-10-06,DEL_BLR,1,Cleartrip,15520.0,182
2026-10-06,DEL_BLR,1,EaseMyTrip,11782.0,121
2026-10-06,DEL_BLR,1,Goibibo,9591.5,54
2026-10-06,DEL_BLR,1,IndiGo Direct,11472.0,69
2026-10-06,DEL_BLR,1,Ixigo,15795.0,167
2026-10-06,DEL_BLR,1,MakeMyTrip,9196.0,62
2026-10-06,DEL_BLR,1,Yatra,10746.0,92
2026-10-06,DEL_BLR,7,Air India Direct,9284.0,20
2026-10-06,DEL_BLR,7,Air India Express Direct,9873.0,19
2026-10-06,DEL_BLR,7,Akasa Direct,8829.0,5
2026-10-06,DEL_BLR,7,Cleartrip,12242.0,184
2026-10-06,DEL_BLR,7,EaseMyTrip,11209.0,139
2026-10-06,DEL_BLR,7,Goibibo,9196.0,45
2026-10-06,DEL_BLR,7,IndiGo Direct,11209.0,68
2026-10-06,DEL_BLR,7,Ixigo,13962.0,148
2026-10-06,DEL_BLR,7,MakeMyTrip,8829.0,56
2026-10-06,DEL_BLR,7,Yatra,10015.5,96
2026-10-06,DEL_BLR,15,Air India Direct,11605.5,20
2026-10-06,DEL_BLR,15,Akasa Direct,10816.0,7
2026-10-06,DEL_BLR,15,Cleartrip,15132.0,190
2026-10-06,DEL_BLR,15,EaseMyTrip,12472.0,139
2026-10-06,DEL_BLR,15,Goibibo,11194.0,61
2026-10-06,DEL_BLR,15,IndiGo Direct,12400.0,69
2026-10-06,DEL_BLR,15,Ixigo,16189.0,158
2026-10-06,DEL_BLR,15,MakeMyTrip,10784.0,69
2026-10-06,DEL_BLR,15,SpiceJet Direct,9970.0,2
2026-10-06,DEL_BLR,15,Yatra,11237.5,92
2026-10-06,DEL_BLR,30,Air India Direct,10278.0,20
2026-10-06,DEL_BLR,30,Akasa Direct,9678.5,6
2026-10-06,DEL_BLR,30,Cleartrip,14619.5,184
2026-10-06,DEL_BLR,30,EaseMyTrip,11670.0,133
2026-10-06,DEL_BLR,30,Goibibo,10303.0,51
2026-10-06,DEL_BLR,30,IndiGo Direct,11214.0,66
2026-10-06,DEL_BLR,30,Ixigo,14548.0,154
2026-10-06,DEL_BLR,30,MakeMyTrip,10303.0,58
2026-10-06,DEL_BLR,30,SpiceJet Direct,9970.0,3
2026-10-06,DEL_BLR,30,Yatra,10704.0,92
2026-10-06,DEL_BLR,45,Air India Direct,11477.5,20
2026-10-06,DEL_BLR,45,Akasa Direct,10231.5,6
2026-10-06,DEL_BLR,45,Cleartrip,15252.0,197
2026-10-06,DEL_BLR,45,EaseMyTrip,12619.0,150
2026-10-06,DEL_BLR,45,Goibibo,11455.0,54
2026-10-06,DEL_BLR,45,IndiGo Direct,11236.0,67
2026-10-06,DEL_BLR,45,Ixigo,15843.0,153
2026-10-06,DEL_BLR,45,MakeMyTrip,10717.0,56
2026-10-06,DEL_BLR,45,SpiceJet Direct,9970.0,5
2026-10-06,DEL_BLR,45,Yatra,10746.0,84
2026-10-06,DEL_BOM,1,Air India Direct,6769.0,30
2026-10-06,DEL_BOM,1,Air India Express Direct,18607.0,9
2026-10-06,DEL_BOM,1,Akasa Direct,8074.5,6
2026-10-06,DEL_BOM,1,Cleartrip,11300.0,171
2026-10-06,DEL_BOM,1,EaseMyTrip,8919.0,125
2026-10-06,DEL_BOM,1,Goibibo,7211.0,65
2026-10-06,DEL_BOM,1,IndiGo Direct,8467.0,78
2026-10-06,DEL_BOM,1,Ixigo,13933.0,165
2026-10-06,DEL_BOM,1,MakeMyTrip,7192.5,84
2026-10-06,DEL_BOM,1,Yatra,7609.0,95
2026-10-06,DEL_BOM,7,Air India Direct,6530.0,25
2026-10-06,DEL_BOM,7,Akasa Direct,6609.0,7
2026-10-06,DEL_BOM,7,Cleartrip,8235.0,173
2026-10-06,DEL_BOM,7,EaseMyTrip,7684.0,90
2026-10-06,DEL_BOM,7,Goibibo,6845.0,63
2026-10-06,DEL_BOM,7,IndiGo Direct,7684.0,75
2026-10-06,DEL_BOM,7,Ixigo,10154.0,156
2026-10-06,DEL_BOM,7,MakeMyTrip,6845.0,69
2026-10-06,DEL_BOM,7,Yatra,6455.0,92
2026-10-06,DEL_BOM,15,Air India Direct,7020.0,30
2026-10-06,DEL_BOM,15,Akasa Direct,6925.5,6
2026-10-06,DEL_BOM,15,Cleartrip,10578.0,179
2026-10-06,DEL_BOM,15,EaseMyTrip,8191.0,90
2026-10-06,DEL_BOM,15,Goibibo,7335.0,71
2026-10-06,DEL_BOM,15,IndiGo Direct,7999.0,75
2026-10-06,DEL_BOM,15,Ixigo,11398.0,159
2026-10-06,DEL_BOM,15,MakeMyTrip,7213.0,79
2026-10-06,DEL_BOM,15,SpiceJet Direct,7077.0,1
2026-10-06,DEL_BOM,15,Yatra,7392.0,94
2026-10-06,DEL_BOM,30,Air India Direct,7186.0,27
2026-10-06,DEL_BOM,30,Akasa Direct,7000.0,8
2026-10-06,DEL_BOM,30,Cleartrip,12804.0,187
2026-10-06,DEL_BOM,30,EaseMyTrip,7569.0,118
2026-10-06,DEL_BOM,30,Goibibo,7384.0,70
2026-10-06,DEL_BOM,30,IndiGo Direct,7914.0,75
2026-10-06,DEL_BOM,30,Ixigo,13759.0,166
2026-10-06,DEL_BOM,30,MakeMyTrip,7334.0,74
2026-10-06,DEL_BOM,30,Yatra,7117.0,89
2026-10-06,DEL_BOM,45,Air India Direct,7608.5,26
2026-10-06,DEL_BOM,45,Akasa Direct,7103.0,7
2026-10-06,DEL_BOM,45,Cleartrip,13344.5,188
2026-10-06,DEL_BOM,45,EaseMyTrip,9331.0,101
2026-10-06,DEL_BOM,45,Goibibo,7784.0,78
2026-10-06,DEL_BOM,45,IndiGo Direct,8514.0,73
2026-10-06,DEL_BOM,45,Ixigo,12441.0,161
2026-10-06,DEL_BOM,45,MakeMyTrip,7469.0,92
2026-10-06,DEL_BOM,45,SpiceJet Direct,7266.0,8
2026-10-06,DEL_BOM,45,Yatra,7445.0,89
2026-10-06,DEL_CCU,1,Air India Direct,17157.0,16
2026-10-06,DEL_CCU,1,Akasa Direct,8056.0,3
2026-10-06,DEL_CCU,1,Cleartrip,13766.0,113
2026-10-06,DEL_CCU,1,EaseMyTrip,12118.0,89
2026-10-06,DEL_CCU,1,Goibibo,9237.0,37
2026-10-06,DEL_CCU,1,Ixigo,15821.0,109
2026-10-06,DEL_CCU,1,MakeMyTrip,9237.0,44
2026-10-06,DEL_CCU,1,SpiceJet Direct,8398.0,1
2026-10-06,DEL_CCU,1,Yatra,13726.0,102
2026-10-06,DEL_CCU,7,Air India Direct,14162.0,15
2026-10-06,DEL_CCU,7,Akasa Direct,9177.0,3
2026-10-06,DEL_CCU,7,Cleartrip,14212.5,116
2026-10-06,DEL_CCU,7,EaseMyTrip,12584.0,90
2026-10-06,DEL_CCU,7,Goibibo,9500.0,37
2026-10-06,DEL_CCU,7,Ixigo,17729.0,109
2026-10-06,DEL_CCU,7,MakeMyTrip,9237.0,43
2026-10-06,DEL_CCU,7,Yatra,13234.0,96
2026-10-06,DEL_CCU,15,Air India Direct,9724.5,16
2026-10-06,DEL_CCU,15,Akasa Direct,10866.0,3
2026-10-06,DEL_CCU,15,Cleartrip,16212.5,128
2026-10-06,DEL_CCU,15,EaseMyTrip,15462.0,105
2026-10-06,DEL_CCU,15,Goibibo,12965.0,41
2026-10-06,DEL_CCU,15,Ixigo,18660.0,97
2026-10-06,DEL_CCU,15,MakeMyTrip,12177.0,49
2026-10-06,DEL_CCU,15,Yatra,14819.0,95
2026-10-06,DEL_CCU,30,Air India Direct,13379.0,15
2026-10-06,DEL_CCU,30,Akasa Direct,13045.0,3
2026-10-06,DEL_CCU,30,Cleartrip,18452.0,107
2026-10-06,DEL_CCU,30,EaseMyTrip,17121.0,88
2026-10-06,DEL_CCU,30,Goibibo,14199.0,36
2026-10-06,DEL_CCU,30,Ixigo,20573.0,102
2026-10-06,DEL_CCU,30,MakeMyTrip,13752.0,42
2026-10-06,DEL_CCU,30,SpiceJet Direct,12484.0,1
2026-10-06,DEL_CCU,30,Yatra,17962.0,95
2026-10-06,DEL_CCU,45,Air India Direct,11425.0,15
2026-10-06,DEL_CCU,45,Akasa Direct,9280.0,3
2026-10-06,DEL_CCU,45,Cleartrip,12552.0,117
2026-10-06,DEL_CCU,45,EaseMyTrip,11922.0,85
2026-10-06,DEL_CCU,45,Goibibo,10566.0,34
2026-10-06,DEL_CCU,45,Ixigo,12960.0,99
2026-10-06,DEL_CCU,45,MakeMyTrip,10287.0,39
2026-10-06,DEL_CCU,45,SpiceJet Direct,9551.0,1
2026-10-06,DEL_CCU,45,Yatra,11485.0,85
2026-10-06,DEL_GOI,1,Air India Direct,13819.0,17
2026-10-06,DEL_GOI,1,Cleartrip,13041.0,99
2026-10-06,DEL_GOI,1,EaseMyTrip,13099.5,76
2026-10-06,DEL_GOI,1,Goibibo,9626.0,27
2026-10-06,DEL_GOI,1,Ixigo,14403.0,84
2026-10-06,DEL_GOI,1,MakeMyTrip,8289.5,16
2026-10-06,DEL_GOI,1,Yatra,12483.0,69
2026-10-06,DEL_GOI,7,Air India Direct,9646.0,18
2026-10-06,DEL_GOI,7,Cleartrip,10171.0,86
2026-10-06,DEL_GOI,7,EaseMyTrip,9343.0,75
2026-10-06,DEL_GOI,7,Goibibo,7320.0,21
2026-10-06,DEL_GOI,7,Ixigo,10171.0,71
2026-10-06,DEL_GOI,7,MakeMyTrip,7623.5,14
2026-10-06,DEL_GOI,7,Yatra,9583.0,51
2026-10-06,DEL_GOI,15,Air India Direct,11045.5,18
2026-10-06,DEL_GOI,15,Cleartrip,11474.0,107
2026-10-06,DEL_GOI,15,EaseMyTrip,10947.5,90
2026-10-06,DEL_GOI,15,Goibibo,10618.0,24
2026-10-06,DEL_GOI,15,Ixigo,11681.5,88
2026-10-06,DEL_GOI,15,MakeMyTrip,9366.0,16
2026-10-06,DEL_GOI,15,Yatra,10619.0,63
2026-10-06,DEL_GOI,30,Air India Direct,12824.0,16
2026-10-06,DEL_GOI,30,Cleartrip,13868.5,98
2026-10-06,DEL_GOI,30,EaseMyTrip,9882.0,75
2026-10-06,DEL_GOI,30,Goibibo,7689.0,21
2026-10-06,DEL_GOI,30,Ixigo,13534.0,85
2026-10-06,DEL_GOI,30,MakeMyTrip,7689.0,14
2026-10-06,DEL_GOI,30,Yatra,12805.0,60
2026-10-06,DEL_GOI,45,Air India Direct,15895.0,17
2026-10-06,DEL_GOI,45,Cleartrip,14476.0,109
2026-10-06,DEL_GOI,45,EaseMyTrip,12358.0,88
2026-10-06,DEL_GOI,45,Goibibo,12358.0,93
2026-10-06,DEL_GOI,45,Ixigo,15179.0,98
2026-10-06,DEL_GOI,45,MakeMyTrip,10694.0,35
2026-10-06,DEL_GOI,45,SpiceJet Direct,10715.0,7
2026-10-06,DEL_GOI,45,Yatra,12996.5,64
2026-10-06,DEL_HYD,1,Air India Direct,8928.0,15
2026-10-06,DEL_HYD,1,Akasa Direct,8931.0,2
2026-10-06,DEL_HYD,1,Cleartrip,15654.0,113
2026-10-06,DEL_HYD,1,EaseMyTrip,13217.0,96
2026-10-06,DEL_HYD,1,Goibibo,9245.0,30
2026-10-06,DEL_HYD,1,IndiGo Direct,12666.5,64
2026-10-06,DEL_HYD,1,Ixigo,17538.0,129
2026-10-06,DEL_HYD,1,MakeMyTrip,9244.0,36
2026-10-06,DEL_HYD,1,Yatra,13717.0,94
2026-10-06,DEL_HYD,7,Air India Direct,9316.0,16
2026-10-06,DEL_HYD,7,Akasa Direct,9013.5,2
2026-10-06,DEL_HYD,7,Cleartrip,13220.0,119
2026-10-06,DEL_HYD,7,EaseMyTrip,11618.0,88
2026-10-06,DEL_HYD,7,Goibibo,9245.0,31
2026-10-06,DEL_HYD,7,IndiGo Direct,11862.5,62
2026-10-06,DEL_HYD,7,Ixigo,13278.5,102
2026-10-06,DEL_HYD,7,MakeMyTrip,9245.0,35
2026-10-06,DEL_HYD,7,Yatra,11254.0,85
2026-10-06,DEL_HYD,15,Air India Direct,11630.0,15
2026-10-06,DEL_HYD,15,Akasa Direct,10426.0,1
2026-10-06,DEL_HYD,15,Cleartrip,15942.0,141
2026-10-06,DEL_HYD,15,EaseMyTrip,12986.0,93
2026-10-06,DEL_HYD,15,Goibibo,11946.0,30
2026-10-06,DEL_HYD,15,IndiGo Direct,12770.5,64
2026-10-06,DEL_HYD,15,Ixigo,16466.0,105
2026-10-06,DEL_HYD,15,MakeMyTrip,11339.0,35
2026-10-06,DEL_HYD,15,Yatra,10800.0,25
2026-10-06,DEL_HYD,30,Air India Direct,13779.0,18
2026-10-06,DEL_HYD,30,Akasa Direct,10236.0,2
2026-10-06,DEL_HYD,30,Cleartrip,16104.5,128
2026-10-06,DEL_HYD,30,EaseMyTrip,12296.0,87
2026-10-06,DEL_HYD,30,Goibibo,10768.0,28
2026-10-06,DEL_HYD,30,IndiGo Direct,12376.0,64
2026-10-06,DEL_HYD,30,Ixigo,17177.0,98
2026-10-06,DEL_HYD,30,MakeMyTrip,10635.0,33
2026-10-06,DEL_HYD,30,Yatra,14128.0,83
2026-10-06,DEL_HYD,45,Air India Direct,14066.5,18
2026-10-06,DEL_HYD,45,Akasa Direct,10143.5,2
2026-10-06,DEL_HYD,45,Cleartrip,14842.5,140
2026-10-06,DEL_HYD,45,EaseMyTrip,12325.0,104
2026-10-06,DEL_HYD,45,Goibibo,10815.0,30
2026-10-06,DEL_HYD,45,IndiGo Direct,11631.0,63
2026-10-06,DEL_HYD,45,Ixigo,14507.0,113
2026-10-06,DEL_HYD,45,MakeMyTrip,10768.0,35
2026-10-06,DEL_HYD,45,SpiceJet Direct,12391.0,8
2026-10-06,DEL_HYD,45,Yatra,11377.0,85
2026-10-06,DEL_MAA,1,Air India Direct,23192.0,17
2026-10-06,DEL_MAA,1,Akasa Direct,13616.0,1
2026-10-06,DEL_MAA,1,Cleartrip,18627.0,128
2026-10-06,DEL_MAA,1,EaseMyTrip,16519.0,78
2026-10-06,DEL_MAA,1,Goibibo,12989.0,21
2026-10-06,DEL_MAA,1,Ixigo,20058.0,123
2026-10-06,DEL_MAA,1,MakeMyTrip,11964.0,24
2026-10-06,DEL_MAA,1,Yatra,16686.0,101
2026-10-06,DEL_MAA,7,Air India Direct,17340.0,16
2026-10-06,DEL_MAA,7,Akasa Direct,10406.0,1
2026-10-06,DEL_MAA,7,Cleartrip,13374.0,134
2026-10-06,DEL_MAA,7,EaseMyTrip,12904.0,86
2026-10-06,DEL_MAA,7,Goibibo,10369.0,19
2026-10-06,DEL_MAA,7,Ixigo,13403.0,118
2026-10-06,DEL_MAA,7,MakeMyTrip,10369.0,23
2026-10-06,DEL_MAA,7,Yatra,12266.0,99
2026-10-06,DEL_MAA,15,Air India Direct,18185.5,16
2026-10-06,DEL_MAA,15,Akasa Direct,9338.0,1
2026-10-06,DEL_MAA,15,Cleartrip,16144.5,134
2026-10-06,DEL_MAA,15,EaseMyTrip,15583.0,93
2026-10-06,DEL_MAA,15,Goibibo,11049.0,18
2026-10-06,DEL_MAA,15,Ixigo,16424.0,116
2026-10-06,DEL_MAA,15,MakeMyTrip,10805.0,22
2026-10-06,DEL_MAA,15,Yatra,13786.0,85
2026-10-06,DEL_MAA,30,Air India Direct,13230.0,15
2026-10-06,DEL_MAA,30,Akasa Direct,17206.0,2
2026-10-06,DEL_MAA,30,Cleartrip,14809.0,114
2026-10-06,DEL_MAA,30,EaseMyTrip,13715.0,75
2026-10-06,DEL_MAA,30,Goibibo,11832.0,21
2026-10-06,DEL_MAA,30,Ixigo,15107.0,98
2026-10-06,DEL_MAA,30,MakeMyTrip,11321.0,23
2026-10-06,DEL_MAA,30,Yatra,13313.0,74
2026-10-06,DEL_MAA,45,Air India Direct,10973.0,15
2026-10-06,DEL_MAA,45,Akasa Direct,12466.0,2
2026-10-06,DEL_MAA,45,Cleartrip,13180.0,107
2026-10-06,DEL_MAA,45,EaseMyTrip,12436.0,71
2026-10-06,DEL_MAA,45,Goibibo,10831.0,19
2026-10-06,DEL_MAA,45,Ixigo,13566.0,90
2026-10-06,DEL_MAA,45,MakeMyTrip,10465.0,22
2026-10-06,DEL_MAA,45,Yatra,11946.0,70
2026-10-06,HYD_BLR,1,Akasa Direct,17182.5,2
2026-10-06,HYD_BLR,1,Cleartrip,12519.0,95
2026-10-06,HYD_BLR,1,EaseMyTrip,9899.0,64
2026-10-06,HYD_BLR,1,Goibibo,9732.0,24
2026-10-06,HYD_BLR,1,Ixigo,15244.0,95
2026-10-06,HYD_BLR,1,MakeMyTrip,8872.0,28
2026-10-06,HYD_BLR,1,Yatra,12852.5,90
2026-10-06,HYD_BLR,7,Akasa Direct,18428.0,1
2026-10-06,HYD_BLR,7,Cleartrip,7097.0,84
2026-10-06,HYD_BLR,7,EaseMyTrip,6292.0,61
2026-10-06,HYD_BLR,7,Goibibo,6643.0,22
2026-10-06,HYD_BLR,7,Ixigo,11490.0,91
2026-10-06,HYD_BLR,7,MakeMyTrip,6537.0,27
2026-10-06,HYD_BLR,7,Yatra,11000.0,95
2026-10-06,HYD_BLR,15,Akasa Direct,19237.0,1
2026-10-06,HYD_BLR,15,Cleartrip,10088.0,91
2026-10-06,HYD_BLR,15,EaseMyTrip,9434.0,67
2026-10-06,HYD_BLR,15,Goibibo,7575.0,41
2026-10-06,HYD_BLR,15,Ixigo,13873.0,100
2026-10-06,HYD_BLR,15,MakeMyTrip,7766.0,29
2026-10-06,HYD_BLR,15,Yatra,11486.0,87
2026-10-06,HYD_BLR,30,Akasa Direct,21311.0,1
2026-10-06,HYD_BLR,30,Cleartrip,8285.0,75
2026-10-06,HYD_BLR,30,EaseMyTrip,7318.0,65
2026-10-06,HYD_BLR,30,Goibibo,5134.0,19
2026-10-06,HYD_BLR,30,Ixigo,14161.0,93
2026-10-06,HYD_BLR,30,MakeMyTrip,4965.0,23
2026-10-06,HYD_BLR,30,Yatra,8986.0,73
2026-10-06,HYD_BLR,45,Akasa Direct,18309.0,1
2026-10-06,HYD_BLR,45,Cleartrip,7549.5,74
2026-10-06,HYD_BLR,45,EaseMyTrip,6590.0,58
2026-10-06,HYD_BLR,45,Goibibo,5325.0,20
2026-10-06,HYD_BLR,45,Ixigo,16206.0,95
2026-10-06,HYD_BLR,45,MakeMyTrip,5220.0,25
2026-10-06,HYD_BLR,45,Yatra,13572.0,87
2026-10-06,HYD_DEL,1,Air India Direct,8654.5,16
2026-10-06,HYD_DEL,1,Akasa Direct,8886.5,2
2026-10-06,HYD_DEL,1,Cleartrip,15344.0,114
2026-10-06,HYD_DEL,1,EaseMyTrip,10955.5,82
2026-10-06,HYD_DEL,1,Goibibo,8848.0,29
2026-10-06,HYD_DEL,1,IndiGo Direct,12086.0,63
2026-10-06,HYD_DEL,1,Ixigo,16109.5,110
2026-10-06,HYD_DEL,1,MakeMyTrip,8710.0,34
2026-10-06,HYD_DEL,1,Yatra,14478.0,96
2026-10-06,HYD_DEL,7,Air India Direct,11162.0,17
2026-10-06,HYD_DEL,7,Akasa Direct,9621.0,2
2026-10-06,HYD_DEL,7,Cleartrip,13071.0,114
2026-10-06,HYD_DEL,7,EaseMyTrip,11421.0,79
2026-10-06,HYD_DEL,7,Goibibo,9922.0,35
2026-10-06,HYD_DEL,7,IndiGo Direct,11401.5,62
2026-10-06,HYD_DEL,7,Ixigo,12495.0,90
2026-10-06,HYD_DEL,7,MakeMyTrip,9647.5,40
2026-10-06,HYD_DEL,7,Yatra,10941.0,78
2026-10-06,HYD_DEL,15,Air India Direct,9596.0,17
2026-10-06,HYD_DEL,15,Akasa Direct,8954.0,1
2026-10-06,HYD_DEL,15,Cleartrip,13796.0,114
2026-10-06,HYD_DEL,15,EaseMyTrip,11604.5,82
2026-10-06,HYD_DEL,15,Goibibo,9690.0,29
2026-10-06,HYD_DEL,15,IndiGo Direct,12467.0,64
2026-10-06,HYD_DEL,15,Ixigo,13740.0,93
2026-10-06,HYD_DEL,15,MakeMyTrip,9690.0,34
2026-10-06,HYD_DEL,15,Yatra,12302.0,87
2026-10-06,HYD_DEL,30,Air India Direct,14463.0,13
2026-10-06,HYD_DEL,30,Akasa Direct,12689.5,2
2026-10-06,HYD_DEL,30,Cleartrip,16957.0,111
2026-10-06,HYD_DEL,30,EaseMyTrip,15249.0,80
2026-10-06,HYD_DEL,30,Goibibo,13251.0,37
2026-10-06,HYD_DEL,30,IndiGo Direct,15499.0,64
2026-10-06,HYD_DEL,30,Ixigo,18247.5,104
2026-10-06,HYD_DEL,30,MakeMyTrip,13131.0,45
2026-10-06,HYD_DEL,30,Yatra,15275.5,84
2026-10-06,HYD_DEL,45,Air India Direct,9890.5,12
2026-10-06,HYD_DEL,45,Akasa Direct,8800.0,2
2026-10-06,HYD_DEL,45,Cleartrip,12427.0,130
2026-10-06,HYD_DEL,45,EaseMyTrip,10263.0,82
2026-10-06,HYD_DEL,45,Goibibo,9741.0,37
2026-10-06,HYD_DEL,45,IndiGo Direct,10263.0,62
2026-10-06,HYD_DEL,45,Ixigo,13662.0,106
2026-10-06,HYD_DEL,45,MakeMyTrip,9690.0,43
2026-10-06,HYD_DEL,45,SpiceJet Direct,12299.0,3
2026-10-06,HYD_DEL,45,Yatra,10741.0,95
2026-10-06,MAA_BOM,1,Akasa Direct,7309.0,1
2026-10-06,MAA_BOM,1,Cleartrip,16286.0,101
2026-10-06,MAA_BOM,1,EaseMyTrip,10480.0,43
2026-10-06,MAA_BOM,1,Goibibo,10264.0,25
2026-10-06,MAA_BOM,1,Ixigo,14905.5,78
2026-10-06,MAA_BOM,1,MakeMyTrip,8723.0,27
2026-10-06,MAA_BOM,1,Yatra,11302.0,83
2026-10-06,MAA_BOM,7,Akasa Direct,7061.0,1
2026-10-06,MAA_BOM,7,Cleartrip,11659.0,99
2026-10-06,MAA_BOM,7,EaseMyTrip,9649.0,51
2026-10-06,MAA_BOM,7,Goibibo,7855.0,21
2026-10-06,MAA_BOM,7,Ixigo,11202.0,84
2026-10-06,MAA_BOM,7,MakeMyTrip,7855.0,23
2026-10-06,MAA_BOM,7,Yatra,9756.0,75
2026-10-06,MAA_BOM,15,Akasa Direct,6258.0,1
2026-10-06,MAA_BOM,15,Cleartrip,11550.0,84
2026-10-06,MAA_BOM,15,EaseMyTrip,9590.0,45
2026-10-06,MAA_BOM,15,Goibibo,7855.0,25
2026-10-06,MAA_BOM,15,Ixigo,11966.5,78
2026-10-06,MAA_BOM,15,MakeMyTrip,7855.0,24
2026-10-06,MAA_BOM,15,Yatra,10666.0,85
2026-10-06,MAA_BOM,30,Akasa Direct,7436.0,1
2026-10-06,MAA_BOM,30,Cleartrip,11778.0,76
2026-10-06,MAA_BOM,30,EaseMyTrip,9590.0,47
2026-10-06,MAA_BOM,30,Goibibo,7931.5,18
2026-10-06,MAA_BOM,30,Ixigo,15298.0,89
2026-10-06,MAA_BOM,30,MakeMyTrip,7855.0,21
2026-10-06,MAA_BOM,30,Yatra,13234.5,74
2026-10-06,MAA_BOM,45,Akasa Direct,7970.0,1
2026-10-06,MAA_BOM,45,Cleartrip,11752.0,76
2026-10-06,MAA_BOM,45,EaseMyTrip,9537.0,46
2026-10-06,MAA_BOM,45,Goibibo,9202.0,23
2026-10-06,MAA_BOM,45,Ixigo,15192.0,93
2026-10-06,MAA_BOM,45,MakeMyTrip,9202.0,25
2026-10-06,MAA_BOM,45,Yatra,12434.5,80
2026-10-06,MAA_DEL,1,Akasa Direct,11997.0,1
2026-10-06,MAA_DEL,1,Cleartrip,17143.0,115
2026-10-06,MAA_DEL,1,EaseMyTrip,15309.5,68
2026-10-06,MAA_DEL,1,Goibibo,12571.5,32
2026-10-06,MAA_DEL,1,Ixigo,17367.0,96
2026-10-06,MAA_DEL,1,MakeMyTrip,13798.0,56
2026-10-06,MAA_DEL,1,Yatra,15041.0,89
2026-10-06,MAA_DEL,7,Akasa Direct,11187.0,1
2026-10-06,MAA_DEL,7,Cleartrip,13439.0,107
2026-10-06,MAA_DEL,7,EaseMyTrip,12082.5,68
2026-10-06,MAA_DEL,7,Goibibo,10517.0,22
2026-10-06,MAA_DEL,7,Ixigo,12976.0,88
2026-10-06,MAA_DEL,7,MakeMyTrip,10517.0,27
2026-10-06,MAA_DEL,7,Yatra,12474.0,84
2026-10-06,MAA_DEL,15,Akasa Direct,9736.0,1
2026-10-06,MAA_DEL,15,Cleartrip,15120.0,107
2026-10-06,MAA_DEL,15,EaseMyTrip,14746.0,75
2026-10-06,MAA_DEL,15,Goibibo,11623.0,22
2026-10-06,MAA_DEL,15,Ixigo,15460.0,87
2026-10-06,MAA_DEL,15,MakeMyTrip,11937.0,30
2026-10-06,MAA_DEL,15,Yatra,14070.0,73
2026-10-06,MAA_DEL,30,Akasa Direct,20049.0,1
2026-10-06,MAA_DEL,30,Cleartrip,19367.0,102
2026-10-06,MAA_DEL,30,EaseMyTrip,19062.5,68
2026-10-06,MAA_DEL,30,Goibibo,11989.0,23
2026-10-06,MAA_DEL,30,Ixigo,20270.0,94
2026-10-06,MAA_DEL,30,MakeMyTrip,11473.0,28
2026-10-06,MAA_DEL,30,Yatra,18754.0,78
2026-10-06,MAA_DEL,45,Akasa Direct,14292.0,1
2026-10-06,MAA_DEL,45,Cleartrip,14377.0,112
2026-10-06,MAA_DEL,45,EaseMyTrip,11990.0,70
2026-10-06,MAA_DEL,45,Goibibo,11470.0,23
2026-10-06,MAA_DEL,45,Ixigo,14835.0,85
2026-10-06,MAA_DEL,45,MakeMyTrip,11470.0,27
2026-10-06,MAA_DEL,45,Yatra,13531.0,90
