collection_date,route,advance_days,representative_fare,observation_count,source_count,matched_source_count,previous_collection_date,previous_representative_fare,stratum_link_index,stratum_index
2026-09-02,DEL_BOM,1,13579.0,371,1,1,,,,
2026-09-02,DEL_BOM,7,9569.0,353,1,1,,,,
2026-09-02,DEL_BOM,15,10086.0,238,1,1,,,,
2026-09-02,DEL_BOM,30,10422.0,148,1,1,,,,
2026-09-02,DEL_BOM,45,10959.0,134,1,1,,,,
2026-09-03,DEL_BOM,1,10576.0,75,1,1,,,,
2026-09-03,DEL_BOM,7,9979.5,74,1,1,,,,
2026-09-03,DEL_BOM,15,9813.5,72,1,1,,,,
2026-09-03,DEL_BOM,30,10371.5,74,1,1,,,,
2026-09-03,DEL_BOM,45,10306.0,78,1,1,,,,
2026-09-04,AMD_DEL,1,11410.0,141,2,2,,,,
2026-09-04,AMD_DEL,7,9462.5,160,2,2,,,,
2026-09-04,AMD_DEL,15,7812.25,164,2,2,,,,
2026-09-04,AMD_DEL,30,8906.5,167,2,2,,,,
2026-09-04,AMD_DEL,45,10101.5,177,2,2,,,,
2026-09-04,BLR_BOM,1,13616.0,223,1,1,,,,
2026-09-04,BLR_BOM,7,14850.0,219,1,1,,,,
2026-09-04,BLR_BOM,15,10149.0,231,1,1,,,,
2026-09-04,BLR_BOM,30,9907.0,241,1,1,,,,
2026-09-04,BLR_BOM,45,7799.0,225,1,1,,,,
2026-09-04,BLR_DEL,1,9919.5,274,2,2,,,,
2026-09-04,BLR_DEL,7,11108.5,304,2,2,,,,
2026-09-04,BLR_DEL,15,10292.0,276,2,2,,,,
2026-09-04,BLR_DEL,30,9241.0,292,2,2,,,,
2026-09-04,BLR_DEL,45,9991.0,328,2,2,,,,
2026-09-04,BLR_HYD,1,9684.25,225,2,2,,,,
2026-09-04,BLR_HYD,7,11074.0,209,2,2,,,,
2026-09-04,BLR_HYD,15,7462.5,216,2,2,,,,
2026-09-04,BLR_HYD,30,7830.0,227,2,2,,,,
2026-09-04,BLR_HYD,45,13940.0,190,1,1,,,,
2026-09-04,BOM_BLR,1,9203.75,278,2,2,,,,
2026-09-04,BOM_BLR,7,11212.0,285,2,2,,,,
2026-09-04,BOM_BLR,15,8617.5,275,2,2,,,,
2026-09-04,BOM_BLR,30,8794.0,303,2,2,,,,
2026-09-04,BOM_BLR,45,7946.0,253,1,1,,,,
2026-09-04,BOM_DEL,1,6847.0,296,2,2,,,,
2026-09-04,BOM_DEL,7,10118.5,325,2,2,,,,
2026-09-04,BOM_DEL,15,6876.5,303,2,2,,,,
2026-09-04,BOM_DEL,30,7088.75,332,2,2,,,,
2026-09-04,BOM_DEL,45,7218.0,323,2,2,,,,
2026-09-04,BOM_GOI,1,11591.5,209,2,2,,,,
2026-09-04,BOM_GOI,7,15055.75,170,2,2,,,,
2026-09-04,BOM_GOI,15,9430.0,211,2,2,,,,
2026-09-04,BOM_GOI,30,7366.5,229,2,2,,,,
2026-09-04,BOM_GOI,45,10747.0,180,1,1,,,,
2026-09-04,BOM_MAA,1,8197.0,220,2,2,,,,
2026-09-04,BOM_MAA,7,11804.5,263,2,2,,,,
2026-09-04,BOM_MAA,15,7735.0,210,2,2,,,,
2026-09-04,BOM_MAA,30,8932.0,249,2,2,,,,
2026-09-04,BOM_MAA,45,7484.0,243,2,2,,,,
2026-09-04,CCU_DEL,1,9754.0,168,1,1,,,,
2026-09-04,CCU_DEL,7,9568.0,187,1,1,,,,
2026-09-04,CCU_DEL,15,9354.0,161,1,1,,,,
2026-09-04,CCU_DEL,30,10763.0,203,1,1,,,,
2026-09-04,CCU_DEL,45,17075.0,221,1,1,,,,
2026-09-04,DEL_AMD,1,11346.0,171,2,2,,,,
2026-09-04,DEL_AMD,7,9341.0,172,2,2,,,,
2026-09-04,DEL_AMD,15,8395.5,180,2,2,,,,
2026-09-04,DEL_AMD,30,10221.5,181,2,2,,,,
2026-09-04,DEL_AMD,45,9033.0,182,2,2,,,,
2026-09-04,DEL_BLR,1,11476.0,308,2,2,,,,
2026-09-04,DEL_BLR,7,10401.5,317,2,2,,,,
2026-09-04,DEL_BLR,15,10066.0,289,2,2,,,,
2026-09-04,DEL_BLR,30,10711.0,319,2,2,,,,
2026-09-04,DEL_BLR,45,10736.5,336,2,2,,,,
2026-09-04,DEL_BOM,1,6947.5,307,2,2,,,,
2026-09-04,DEL_BOM,7,8228.5,370,2,2,,,,
2026-09-04,DEL_BOM,15,6845.0,309,2,2,,,,
2026-09-04,DEL_BOM,30,7336.75,330,2,2,,,,
2026-09-04,DEL_BOM,45,7009.5,334,2,2,,,,
2026-09-04,DEL_CCU,1,11784.0,185,1,1,,,,
2026-09-04,DEL_CCU,7,9732.0,178,1,1,,,,
2026-09-04,DEL_CCU,15,8984.0,170,1,1,,,,
2026-09-04,DEL_CCU,30,9425.0,162,1,1,,,,
2026-09-04,DEL_CCU,45,12500.0,196,1,1,,,,
2026-09-04,DEL_GOI,1,12919.0,167,1,1,,,,
2026-09-04,DEL_GOI,7,18223.0,202,1,1,,,,
2026-09-04,DEL_GOI,15,10458.0,188,1,1,,,,
2026-09-04,DEL_GOI,30,10526.0,206,1,1,,,,
2026-09-04,DEL_GOI,45,9744.5,236,2,2,,,,
2026-09-04,DEL_HYD,1,12842.0,184,1,1,,,,
2026-09-04,DEL_HYD,7,11114.0,165,1,1,,,,
2026-09-04,DEL_HYD,15,10130.0,189,1,1,,,,
2026-09-04,DEL_HYD,30,11205.0,176,1,1,,,,
2026-09-04,DEL_HYD,45,10962.0,198,1,1,,,,
2026-09-04,DEL_MAA,1,11446.0,259,2,2,,,,
2026-09-04,DEL_MAA,7,12139.0,261,2,2,,,,
2026-09-04,DEL_MAA,15,11226.5,250,2,2,,,,
2026-09-04,DEL_MAA,30,12531.0,265,2,2,,,,
2026-09-04,DEL_MAA,45,11129.0,262,2,2,,,,
2026-09-04,HYD_BLR,1,11061.5,230,2,2,,,,
2026-09-04,HYD_BLR,7,11786.0,219,2,2,,,,
2026-09-04,HYD_BLR,15,7144.5,215,2,2,,,,
2026-09-04,HYD_BLR,30,7568.5,212,2,2,,,,
2026-09-04,HYD_BLR,45,6006.0,223,2,2,,,,
2026-09-04,HYD_DEL,1,13835.0,169,1,1,,,,
2026-09-04,HYD_DEL,7,13104.0,190,1,1,,,,
2026-09-04,HYD_DEL,15,9373.0,167,1,1,,,,
2026-09-04,HYD_DEL,30,9846.0,205,1,1,,,,
2026-09-04,HYD_DEL,45,9339.0,207,1,1,,,,
2026-09-04,MAA_BOM,1,10754.0,257,2,2,,,,
2026-09-04,MAA_BOM,7,12530.5,257,2,2,,,,
2026-09-04,MAA_BOM,15,10419.0,186,1,1,,,,
2026-09-04,MAA_BOM,30,9526.25,250,2,2,,,,
2026-09-04,MAA_BOM,45,8606.0,251,2,2,,,,
2026-09-04,MAA_DEL,1,11966.0,225,2,2,,,,
2026-09-04,MAA_DEL,7,12514.5,238,2,2,,,,
2026-09-04,MAA_DEL,15,11527.5,253,2,2,,,,
2026-09-04,MAA_DEL,30,11553.0,258,2,2,,,,
2026-09-04,MAA_DEL,45,11057.0,258,2,2,,,,
2026-09-05,AMD_DEL,1,11656.0,92,1,1,2026-09-04,16509.0,70.60391301714216,70.60391301714216
2026-09-05,AMD_DEL,7,10576.0,104,1,1,2026-09-04,12194.0,86.7311792684927,86.7311792684927
2026-09-05,AMD_DEL,15,9654.0,98,1,1,2026-09-04,9259.5,104.26048922728009,104.26048922728009
2026-09-05,AMD_DEL,30,9051.0,110,1,1,2026-09-04,11028.0,82.07290533188248,82.07290533188248
2026-09-05,AMD_DEL,45,13838.0,127,1,1,2026-09-04,13838.0,100.0,100.0
2026-09-05,BLR_BOM,1,14752.0,177,1,1,2026-09-04,13616.0,108.34312573443007,108.34312573443007
2026-09-05,BLR_BOM,7,12447.0,220,1,1,2026-09-04,14850.0,83.81818181818181,83.81818181818181
2026-09-05,BLR_BOM,15,10826.0,219,1,1,2026-09-04,10149.0,106.67060794166913,106.67060794166913
2026-09-05,BLR_BOM,30,7799.0,244,1,1,2026-09-04,9907.0,78.72211567578479,78.72211567578479
2026-09-05,BLR_BOM,45,8505.0,243,1,1,2026-09-04,7799.0,109.05244262084884,109.05244262084884
2026-09-05,BLR_DEL,1,15963.0,237,1,1,2026-09-04,11459.0,139.30534950693777,139.30534950693777
2026-09-05,BLR_DEL,7,13231.0,222,1,1,2026-09-04,13758.0,96.16950138101468,96.16950138101468
2026-09-05,BLR_DEL,15,11120.0,235,1,1,2026-09-04,10807.0,102.89627093550477,102.89627093550477
2026-09-05,BLR_DEL,30,9320.0,254,1,1,2026-09-04,10118.0,92.11306582328524,92.11306582328524
2026-09-05,BLR_DEL,45,10075.0,274,1,1,2026-09-04,10377.0,97.08971764479136,97.08971764479136
2026-09-05,BLR_HYD,1,15040.0,141,1,1,2026-09-04,12396.0,121.32946111648918,121.32946111648918
2026-09-05,BLR_HYD,7,14323.0,173,1,1,2026-09-04,15424.0,92.86177385892115,92.86177385892115
2026-09-05,BLR_HYD,15,10435.0,169,1,1,2026-09-04,9730.0,107.24563206577595,107.24563206577595
2026-09-05,BLR_HYD,30,9194.0,174,1,1,2026-09-04,10582.0,86.88338688338688,86.88338688338688
2026-09-05,BLR_HYD,45,8303.5,176,1,1,2026-09-04,13940.0,59.565997130559545,59.565997130559545
2026-09-05,BOM_BLR,1,16006.0,237,1,1,2026-09-04,11742.5,136.30828188205237,136.30828188205237
2026-09-05,BOM_BLR,7,12610.0,223,1,1,2026-09-04,14663.0,85.99877242037782,85.99877242037782
2026-09-05,BOM_BLR,15,11238.0,231,1,1,2026-09-04,9858.0,113.99878271454655,113.99878271454655
2026-09-05,BOM_BLR,30,8194.0,244,1,1,2026-09-04,10389.0,78.87188372316874,78.87188372316874
2026-09-05,BOM_BLR,45,7840.0,231,1,1,2026-09-04,7946.0,98.66599546941858,98.66599546941858
2026-09-05,BOM_DEL,1,13224.0,258,1,1,2026-09-04,7191.0,183.89653733833958,183.89653733833958
2026-09-05,BOM_DEL,7,8521.0,249,1,1,2026-09-04,13675.0,62.310786106032914,62.310786106032914
2026-09-05,BOM_DEL,15,8246.0,260,1,1,2026-09-04,7191.0,114.67111667361979,114.67111667361979
2026-09-05,BOM_DEL,30,7238.0,276,1,1,2026-09-04,7615.5,95.04300439892324,95.04300439892324
2026-09-05,BOM_DEL,45,7709.0,266,1,1,2026-09-04,7755.0,99.40683430045132,99.40683430045132
2026-09-05,BOM_GOI,1,14403.0,159,1,1,2026-09-04,13988.0,102.96682871032314,102.96682871032314
2026-09-05,BOM_GOI,7,14451.0,160,1,1,2026-09-04,16727.5,86.3906740397549,86.3906740397549
2026-09-05,BOM_GOI,15,11915.0,156,1,1,2026-09-04,11383.0,104.67363612404463,104.67363612404463
2026-09-05,BOM_GOI,30,10670.0,176,1,1,2026-09-04,10345.0,103.14161430642824,103.14161430642824
2026-09-05,BOM_GOI,45,10496.0,186,1,1,2026-09-04,10747.0,97.66446450172141,97.66446450172141
2026-09-05,BOM_MAA,1,15367.0,184,1,1,2026-09-04,9051.0,169.78234449232127,169.78234449232127
2026-09-05,BOM_MAA,7,12635.0,203,1,1,2026-09-04,13819.0,91.43208625805052,91.43208625805052
2026-09-05,BOM_MAA,15,9655.0,176,1,1,2026-09-04,8349.0,115.6425919271769,115.6425919271769
2026-09-05,BOM_MAA,30,9169.0,198,1,1,2026-09-04,10420.0,87.99424184261036,87.99424184261036
2026-09-05,BOM_MAA,45,7639.0,168,1,1,2026-09-04,8317.0,91.8480221233618,91.8480221233618
2026-09-05,CCU_DEL,1,17800.0,171,1,1,2026-09-04,9754.0,182.4892351855649,182.4892351855649
2026-09-05,CCU_DEL,7,10312.5,170,1,1,2026-09-04,9568.0,107.78114548494983,107.78114548494983
2026-09-05,CCU_DEL,15,9834.0,169,1,1,2026-09-04,9354.0,105.13149454778706,105.13149454778706
2026-09-05,CCU_DEL,30,9354.0,199,1,1,2026-09-04,10763.0,86.90885440862213,86.90885440862213
2026-09-05,CCU_DEL,45,17827.0,180,1,1,2026-09-04,17075.0,104.40409956076135,104.40409956076135
2026-09-05,DEL_AMD,1,23405.0,92,1,1,2026-09-04,16058.0,145.75289575289577,145.75289575289577
2026-09-05,DEL_AMD,7,11916.0,118,1,1,2026-09-04,12834.0,92.84712482468443,92.84712482468443
2026-09-05,DEL_AMD,15,11796.0,122,1,1,2026-09-04,10997.0,107.26561789578977,107.26561789578977
2026-09-05,DEL_AMD,30,12251.0,122,1,1,2026-09-04,12886.0,95.07217134875057,95.07217134875057
2026-09-05,DEL_AMD,45,13216.0,134,1,1,2026-09-04,12272.0,107.6923076923077,107.6923076923077
2026-09-05,DEL_BLR,1,19104.5,264,1,1,2026-09-04,13652.0,139.93920304717258,139.93920304717258
2026-09-05,DEL_BLR,7,10921.0,233,1,1,2026-09-04,11974.0,91.20594621680307,91.20594621680307
2026-09-05,DEL_BLR,15,12556.0,265,1,1,2026-09-04,10832.0,115.91580502215658,115.91580502215658
2026-09-05,DEL_BLR,30,10206.0,264,1,1,2026-09-04,12162.0,83.9171188949186,83.9171188949186
2026-09-05,DEL_BLR,45,11006.0,287,1,1,2026-09-04,11527.0,95.48017697579596,95.48017697579596
2026-09-05,DEL_BOM,1,14221.0,257,1,1,2026-09-04,7463.0,190.5533967573362,190.5533967573362
2026-09-05,DEL_BOM,7,7644.0,255,1,1,2026-09-04,9988.0,76.53183820584701,76.53183820584701
2026-09-05,DEL_BOM,15,9974.0,267,1,1,2026-09-04,7160.0,139.30167597765364,139.30167597765364
2026-09-05,DEL_BOM,30,7243.0,278,1,1,2026-09-04,8143.5,88.94210106219684,88.94210106219684
2026-09-05,DEL_BOM,45,7677.0,282,1,1,2026-09-04,7489.0,102.51034851114969,102.51034851114969
2026-09-05,DEL_CCU,1,14861.0,188,1,1,2026-09-04,11784.0,126.11167684996605,126.11167684996605
2026-09-05,DEL_CCU,7,9345.0,159,1,1,2026-09-04,9732.0,96.02342786683107,96.02342786683107
2026-09-05,DEL_CCU,15,9666.0,166,1,1,2026-09-04,8984.0,107.5912733748887,107.5912733748887
2026-09-05,DEL_CCU,30,9803.0,196,1,1,2026-09-04,9425.0,104.0106100795756,104.0106100795756
2026-09-05,DEL_CCU,45,13326.0,203,1,1,2026-09-04,12500.0,106.60799999999999,106.60799999999999
2026-09-05,DEL_GOI,1,11366.0,196,1,1,2026-09-04,12919.0,87.97894573883428,87.97894573883428
2026-09-05,DEL_GOI,7,14926.0,193,1,1,2026-09-04,18223.0,81.90747955879932,81.90747955879932
2026-09-05,DEL_GOI,15,11432.0,196,1,1,2026-09-04,10458.0,109.31344425320329,109.31344425320329
2026-09-05,DEL_GOI,30,10110.5,184,1,1,2026-09-04,10526.0,96.05263157894737,96.05263157894737
2026-09-05,DEL_GOI,45,11219.0,199,1,1,2026-09-04,10321.0,108.70070729580468,108.70070729580468
2026-09-05,DEL_HYD,1,19435.0,185,1,1,2026-09-04,12842.0,151.33935524061673,151.33935524061673
2026-09-05,DEL_HYD,7,11114.0,187,1,1,2026-09-04,11114.0,100.0,100.0
2026-09-05,DEL_HYD,15,12037.0,193,1,1,2026-09-04,10130.0,118.82527147087858,118.82527147087858
2026-09-05,DEL_HYD,30,10343.5,190,1,1,2026-09-04,11205.0,92.31146809460063,92.31146809460063
2026-09-05,DEL_HYD,45,12103.0,201,1,1,2026-09-04,10962.0,110.40868454661559,110.40868454661559
2026-09-05,DEL_MAA,1,17689.0,186,1,1,2026-09-04,12890.0,137.23041117145073,137.23041117145073
2026-09-05,DEL_MAA,7,13513.0,205,1,1,2026-09-04,14276.0,94.65536564864108,94.65536564864108
2026-09-05,DEL_MAA,15,14334.0,200,1,1,2026-09-04,12454.0,115.09555162999841,115.09555162999841
2026-09-05,DEL_MAA,30,12154.0,216,1,1,2026-09-04,14578.0,83.37220469200165,83.37220469200165
2026-09-05,DEL_MAA,45,14033.0,210,1,1,2026-09-04,12338.0,113.73804506402982,113.73804506402982
2026-09-05,HYD_BLR,1,17963.0,180,1,1,2026-09-04,12980.0,138.38983050847457,138.38983050847457
2026-09-05,HYD_BLR,7,12971.0,172,1,1,2026-09-04,15971.0,81.21595391647361,81.21595391647361
2026-09-05,HYD_BLR,15,8461.0,144,1,1,2026-09-04,9038.0,93.61584421332154,93.61584421332154
2026-09-05,HYD_BLR,30,8171.0,172,1,1,2026-09-04,9700.0,84.23711340206185,84.23711340206185
2026-09-05,HYD_BLR,45,7601.0,176,1,1,2026-09-04,6929.0,109.69836917304083,109.69836917304083
2026-09-05,HYD_DEL,1,18343.0,195,1,1,2026-09-04,13835.0,132.58402602096135,132.58402602096135
2026-09-05,HYD_DEL,7,12900.0,211,1,1,2026-09-04,13104.0,98.44322344322345,98.44322344322345
2026-09-05,HYD_DEL,15,10424.0,167,1,1,2026-09-04,9373.0,111.21305878587432,111.21305878587432
2026-09-05,HYD_DEL,30,9357.0,182,1,1,2026-09-04,9846.0,95.03351614868983,95.03351614868983
2026-09-05,HYD_DEL,45,9916.0,206,1,1,2026-09-04,9339.0,106.17839169075918,106.17839169075918
2026-09-05,MAA_BOM,1,19673.0,213,1,1,2026-09-04,11971.0,164.33881881212932,164.33881881212932
2026-09-05,MAA_BOM,7,13351.0,209,1,1,2026-09-04,16174.0,82.54606158031409,82.54606158031409
2026-09-05,MAA_BOM,15,11427.0,214,1,1,2026-09-04,10419.0,109.67463288223438,109.67463288223438
2026-09-05,MAA_BOM,30,8010.0,168,1,1,2026-09-04,10165.5,78.7959274015051,78.7959274015051
2026-09-05,MAA_BOM,45,8497.0,204,1,1,2026-09-04,9672.0,87.85153019023987,87.85153019023987
2026-09-05,MAA_DEL,1,20590.0,197,1,1,2026-09-04,12827.0,160.52077648709752,160.52077648709752
2026-09-05,MAA_DEL,7,14452.0,209,1,1,2026-09-04,14414.0,100.26363257943667,100.26363257943667
2026-09-05,MAA_DEL,15,13826.0,193,1,1,2026-09-04,13277.0,104.13497024930332,104.13497024930332
2026-09-05,MAA_DEL,30,12281.5,214,1,1,2026-09-04,13328.0,92.14810924369748,92.14810924369748
2026-09-05,MAA_DEL,45,10600.0,209,1,1,2026-09-04,12336.0,85.92736705577173,85.92736705577173
2026-09-06,AMD_DEL,1,11078.0,269,3,1,2026-09-05,11656.0,143.10226492793413,143.10226492793413
2026-09-06,AMD_DEL,7,8412.666666666666,273,3,1,2026-09-05,10576.0,91.2821482602118,91.2821482602118
2026-09-06,AMD_DEL,15,8423.333333333334,281,3,1,2026-09-05,9654.0,100.0,100.0
2026-09-06,AMD_DEL,30,7418.0,267,3,1,2026-09-05,9051.0,80.12374323279195,80.12374323279195
2026-09-06,AMD_DEL,45,10416.333333333334,285,3,1,2026-09-05,13838.0,100.0,100.0
2026-09-06,BLR_BOM,1,9307.0,370,3,1,2026-09-05,14752.0,99.66784164859001,99.66784164859001
2026-09-06,BLR_BOM,7,6136.666666666667,358,3,1,2026-09-05,12447.0,61.45255884952198,61.45255884952198
2026-09-06,BLR_BOM,15,6015.333333333333,387,3,1,2026-09-05,10826.0,78.07130980971735,78.07130980971735
2026-09-06,BLR_BOM,30,5806.333333333333,402,3,1,2026-09-05,7799.0,95.76868829337094,95.76868829337094
2026-09-06,BLR_BOM,45,6838.0,427,4,1,2026-09-05,8505.0,99.37683715461493,99.37683715461493
2026-09-06,BLR_DEL,1,8501.666666666666,379,3,1,2026-09-05,15963.0,76.05713211802293,76.05713211802293
2026-09-06,BLR_DEL,7,5854.333333333333,696,3,1,2026-09-05,13231.0,26.445468974378354,26.445468974378354
2026-09-06,BLR_DEL,15,7801.0,406,3,1,2026-09-05,11120.0,90.27877697841727,90.27877697841727
2026-09-06,BLR_DEL,30,7490.0,411,3,1,2026-09-05,9320.0,97.70386266094421,97.70386266094421
2026-09-06,BLR_DEL,45,9233.25,470,4,1,2026-09-05,10075.0,104.42679900744416,104.42679900744416
2026-09-06,BLR_HYD,1,13336.0,321,3,1,2026-09-05,15040.0,118.22473404255318,118.22473404255318
2026-09-06,BLR_HYD,7,9503.0,332,3,1,2026-09-05,14323.0,48.65600781959087,48.65600781959087
2026-09-06,BLR_HYD,15,9323.333333333334,321,3,1,2026-09-05,10435.0,62.702443699089606,62.702443699089606
2026-09-06,BLR_HYD,30,9662.0,338,3,1,2026-09-05,9194.0,80.04133130302371,80.04133130302371
2026-09-06,BLR_HYD,45,10255.666666666666,341,3,1,2026-09-05,8303.5,83.92846390076474,83.92846390076474
2026-09-06,BOM_BLR,1,5331.333333333333,459,3,1,2026-09-05,16006.0,21.86055229289017,21.86055229289017
2026-09-06,BOM_BLR,7,6826.333333333333,379,3,1,2026-09-05,12610.0,79.48453608247422,79.48453608247422
2026-09-06,BOM_BLR,15,6367.0,384,3,1,2026-09-05,11238.0,80.53924185798185,80.53924185798185
2026-09-06,BOM_BLR,30,5704.0,380,3,1,2026-09-05,8194.0,86.18501342445693,86.18501342445693
2026-09-06,BOM_BLR,45,6348.25,442,4,1,2026-09-05,7840.0,109.42602040816327,109.42602040816327
2026-09-06,BOM_DEL,1,7061.25,432,4,1,2026-09-05,13224.0,67.29431336963097,67.29431336963097
2026-09-06,BOM_DEL,7,7299.625,452,4,1,2026-09-05,8521.0,93.47494425536908,93.47494425536908
2026-09-06,BOM_DEL,15,6836.75,432,4,1,2026-09-05,8246.0,87.21804511278195,87.21804511278195
2026-09-06,BOM_DEL,30,6349.0,454,4,1,2026-09-05,7238.0,96.65653495440729,96.65653495440729
2026-09-06,BOM_DEL,45,6744.5,436,4,1,2026-09-05,7709.0,104.72175379426645,104.72175379426645
2026-09-06,BOM_GOI,1,9832.5,297,2,1,2026-09-05,14403.0,101.81906547247101,101.81906547247101
2026-09-06,BOM_GOI,7,7696.0,306,2,1,2026-09-05,14451.0,71.91197840979862,71.91197840979862
2026-09-06,BOM_GOI,15,8415.5,313,2,1,2026-09-05,11915.0,99.29500629458666,99.29500629458666
2026-09-06,BOM_GOI,30,3792.0,538,2,1,2026-09-05,10670.0,32.79287722586692,32.79287722586692
2026-09-06,BOM_GOI,45,7833.0,333,2,1,2026-09-05,10496.0,101.61966463414633,101.61966463414633
2026-09-06,BOM_MAA,1,7282.125,338,4,1,2026-09-05,15367.0,74.36715038719333,74.36715038719333
2026-09-06,BOM_MAA,7,4844.333333333333,548,3,1,2026-09-05,12635.0,27.69291650178077,27.69291650178077
2026-09-06,BOM_MAA,15,4844.333333333333,587,3,1,2026-09-05,9655.0,36.240290005178665,36.240290005178665
2026-09-06,BOM_MAA,30,4844.333333333333,534,3,1,2026-09-05,9169.0,38.161195332097286,38.161195332097286
2026-09-06,BOM_MAA,45,5017.333333333333,621,3,1,2026-09-05,7639.0,45.804424662913995,45.804424662913995
2026-09-06,CCU_DEL,1,10333.333333333334,365,3,1,2026-09-05,17800.0,96.89887640449439,96.89887640449439
2026-09-06,CCU_DEL,7,8900.0,359,4,1,2026-09-05,10312.5,96.9309090909091,96.9309090909091
2026-09-06,CCU_DEL,15,7487.0,347,3,1,2026-09-05,9834.0,94.76306691071792,94.76306691071792
2026-09-06,CCU_DEL,30,7748.0,330,3,1,2026-09-05,9354.0,98.02223647637375,98.02223647637375
2026-09-06,CCU_DEL,45,12045.0,388,4,1,2026-09-05,17827.0,101.41919560217647,101.41919560217647
2026-09-06,DEL_AMD,1,11698.0,241,3,1,2026-09-05,23405.0,70.73702200384533,70.73702200384533
2026-09-06,DEL_AMD,7,8772.333333333334,279,3,1,2026-09-05,11916.0,97.26418261161463,97.26418261161463
2026-09-06,DEL_AMD,15,8529.666666666666,279,3,1,2026-09-05,11796.0,93.22651746354697,93.22651746354697
2026-09-06,DEL_AMD,30,9733.333333333334,293,3,1,2026-09-05,12251.0,105.29752673251163,105.29752673251163
2026-09-06,DEL_AMD,45,9530.0,299,3,1,2026-09-05,13216.0,91.84322033898306,91.84322033898306
2026-09-06,DEL_BLR,1,9421.0,396,3,1,2026-09-05,19104.5,75.5528802114685,75.5528802114685
2026-09-06,DEL_BLR,7,8286.333333333334,414,3,1,2026-09-05,10921.0,100.99807709916675,100.99807709916675
2026-09-06,DEL_BLR,15,8096.666666666667,415,3,1,2026-09-05,12556.0,83.3147499203568,83.3147499203568
2026-09-06,DEL_BLR,30,7720.0,420,3,1,2026-09-05,10206.0,91.42661179698217,91.42661179698217
2026-09-06,DEL_BLR,45,9327.5,473,4,1,2026-09-05,11006.0,107.20516082137017,107.20516082137017
2026-09-06,DEL_BOM,1,8115.75,443,4,1,2026-09-05,14221.0,94.42373954011673,94.42373954011673
2026-09-06,DEL_BOM,7,9080.375,411,4,1,2026-09-05,7644.0,95.89220303506018,95.89220303506018
2026-09-06,DEL_BOM,15,6385.625,426,4,1,2026-09-05,9974.0,70.18247443352718,70.18247443352718
2026-09-06,DEL_BOM,30,6349.25,452,4,1,2026-09-05,7243.0,96.64503658704956,96.64503658704956
2026-09-06,DEL_BOM,45,6617.0,465,4,1,2026-09-05,7677.0,97.70743780122444,97.70743780122444
2026-09-06,DEL_CCU,1,8081.666666666667,324,3,1,2026-09-05,14861.0,78.47385774846914,78.47385774846914
2026-09-06,DEL_CCU,7,11548.5,362,4,1,2026-09-05,9345.0,116.92883895131085,116.92883895131085
2026-09-06,DEL_CCU,15,7201.0,347,3,1,2026-09-05,9666.0,90.23380922822264,90.23380922822264
2026-09-06,DEL_CCU,30,8851.0,362,3,1,2026-09-05,9803.0,96.14403753952871,96.14403753952871
2026-09-06,DEL_CCU,45,11176.625,398,4,1,2026-09-05,13326.0,123.18400120066035,123.18400120066035
2026-09-06,DEL_GOI,1,8868.0,327,2,1,2026-09-05,11366.0,112.05349287348231,112.05349287348231
2026-09-06,DEL_GOI,7,8150.0,346,2,1,2026-09-05,14926.0,75.70682031354683,75.70682031354683
2026-09-06,DEL_GOI,15,8043.5,343,2,1,2026-09-05,11432.0,88.23477956613016,88.23477956613016
2026-09-06,DEL_GOI,30,7368.5,349,2,1,2026-09-05,10110.5,96.30582068146975,96.30582068146975
2026-09-06,DEL_GOI,45,8469.0,353,2,1,2026-09-05,11219.0,106.4087708351903,106.4087708351903
2026-09-06,DEL_HYD,1,9151.333333333334,320,3,1,2026-09-05,19435.0,69.64754309235914,69.64754309235914
2026-09-06,DEL_HYD,7,8471.5,360,3,1,2026-09-05,11114.0,100.409393557675,100.409393557675
2026-09-06,DEL_HYD,15,7720.0,337,3,1,2026-09-05,12037.0,82.04702168314364,82.04702168314364
2026-09-06,DEL_HYD,30,7712.666666666667,347,3,1,2026-09-05,10343.5,92.27050804853289,92.27050804853289
2026-09-06,DEL_HYD,45,8538.666666666666,366,3,1,2026-09-05,12103.0,96.653722217632,96.653722217632
2026-09-06,DEL_MAA,1,10996.333333333334,354,3,1,2026-09-05,17689.0,90.65520945220193,90.65520945220193
2026-09-06,DEL_MAA,7,10236.833333333334,356,3,1,2026-09-05,13513.0,100.0,100.0
2026-09-06,DEL_MAA,15,9543.0,355,3,1,2026-09-05,14334.0,81.45667643365425,81.45667643365425
2026-09-06,DEL_MAA,30,9229.333333333334,366,3,1,2026-09-05,12154.0,87.34572980088859,87.34572980088859
2026-09-06,DEL_MAA,45,10707.0,372,3,1,2026-09-05,14033.0,99.05936007981188,99.05936007981188
2026-09-06,HYD_BLR,1,12853.333333333334,340,3,1,2026-09-05,17963.0,87.66353059065858,87.66353059065858
2026-09-06,HYD_BLR,7,10568.333333333334,326,3,1,2026-09-05,12971.0,74.78220646056587,74.78220646056587
2026-09-06,HYD_BLR,15,9449.333333333334,327,3,1,2026-09-05,8461.0,76.89398416262853,76.89398416262853
2026-09-06,HYD_BLR,30,9016.0,330,3,1,2026-09-05,8171.0,70.872598213193,70.872598213193
2026-09-06,HYD_BLR,45,10533.666666666666,339,3,1,2026-09-05,7601.0,100.78936981976057,100.78936981976057
2026-09-06,HYD_DEL,1,10216.666666666666,368,3,1,2026-09-05,18343.0,87.95180722891565,87.95180722891565
2026-09-06,HYD_DEL,7,8316.333333333334,362,3,1,2026-09-05,12900.0,80.64341085271319,80.64341085271319
2026-09-06,HYD_DEL,15,7429.333333333333,347,3,1,2026-09-05,10424.0,85.05372217958556,85.05372217958556
2026-09-06,HYD_DEL,30,7684.333333333333,352,3,1,2026-09-05,9357.0,94.10067329272202,94.10067329272202
2026-09-06,HYD_DEL,45,7559.0,374,3,1,2026-09-05,9916.0,97.98305768455022,97.98305768455022
2026-09-06,MAA_BOM,1,10958.0,364,3,1,2026-09-05,19673.0,90.11843643572409,90.11843643572409
2026-09-06,MAA_BOM,7,7460.833333333333,356,3,1,2026-09-05,13351.0,74.11055351659051,74.11055351659051
2026-09-06,MAA_BOM,15,5232.0,590,3,1,2026-09-05,11427.0,30.62046031329308,30.62046031329308
2026-09-06,MAA_BOM,30,6797.666666666667,370,3,1,2026-09-05,8010.0,102.32209737827715,102.32209737827715
2026-09-06,MAA_BOM,45,7259.333333333333,376,3,1,2026-09-05,8497.0,109.33270566082147,109.33270566082147
2026-09-06,MAA_DEL,1,12364.5,362,3,1,2026-09-05,20590.0,73.34628460417679,73.34628460417679
2026-09-06,MAA_DEL,7,10371.666666666666,356,3,1,2026-09-05,14452.0,86.63160808192639,86.63160808192639
2026-09-06,MAA_DEL,15,10242.5,352,3,1,2026-09-05,13826.0,90.55402864168957,90.55402864168957
2026-09-06,MAA_DEL,30,9582.666666666666,372,3,1,2026-09-05,12281.5,86.30867565036844,86.30867565036844
2026-09-06,MAA_DEL,45,11060.666666666666,374,3,1,2026-09-05,10600.0,134.47169811320754,134.47169811320754
2026-09-07,AMD_DEL,1,6225.0,348,3,3,2026-09-06,11078.0,66.90965703843973,66.90965703843973
2026-09-07,AMD_DEL,7,6111.0,361,3,3,2026-09-06,8412.666666666666,74.40018855291642,74.40018855291642
2026-09-07,AMD_DEL,15,6056.666666666667,348,3,3,2026-09-06,8423.333333333334,73.44944441279135,73.44944441279135
2026-09-07,AMD_DEL,30,6167.0,396,3,3,2026-09-06,7418.0,82.74958632101489,82.74958632101489
2026-09-07,AMD_DEL,45,6970.0,436,3,3,2026-09-06,10416.333333333334,75.0951486245604,75.0951486245604
2026-09-07,BLR_BOM,1,5572.333333333333,586,3,3,2026-09-06,9307.0,74.59928812713959,74.59928812713959
2026-09-07,BLR_BOM,7,4828.666666666667,646,3,3,2026-09-06,6136.666666666667,83.22249060567763,83.22249060567763
2026-09-07,BLR_BOM,15,4364.333333333333,660,3,3,2026-09-06,6015.333333333333,80.46616185518221,80.46616185518221
2026-09-07,BLR_BOM,30,4828.666666666667,684,3,3,2026-09-06,5806.333333333333,89.26548747167304,89.26548747167304
2026-09-07,BLR_BOM,45,5599.75,743,4,4,2026-09-06,6838.0,85.34962139138665,85.34962139138665
2026-09-07,BLR_DEL,1,5621.0,633,3,3,2026-09-06,8501.666666666666,76.27323394558384,76.27323394558384
2026-09-07,BLR_DEL,7,5668.0,717,3,3,2026-09-06,5854.333333333333,96.46836483844714,96.46836483844714
2026-09-07,BLR_DEL,15,5621.0,700,3,3,2026-09-06,7801.0,78.2846897101305,78.2846897101305
2026-09-07,BLR_DEL,30,5870.333333333333,747,3,3,2026-09-06,7490.0,82.4561011918048,82.4561011918048
2026-09-07,BLR_DEL,45,7365.0,834,4,4,2026-09-06,9233.25,82.46818083824593,82.46818083824593
2026-09-07,BLR_HYD,1,8528.333333333334,496,3,3,2026-09-06,13336.0,72.95327523070631,72.95327523070631
2026-09-07,BLR_HYD,7,8528.333333333334,568,3,3,2026-09-06,9503.0,84.5030508518493,84.5030508518493
2026-09-07,BLR_HYD,15,8159.666666666667,522,3,3,2026-09-06,9323.333333333334,81.512332772938,81.512332772938
2026-09-07,BLR_HYD,30,8633.333333333334,546,3,3,2026-09-06,9662.0,84.10734323632224,84.10734323632224
2026-09-07,BLR_HYD,45,9127.666666666666,562,3,3,2026-09-06,10255.666666666666,83.5551865876439,83.5551865876439
2026-09-07,BOM_BLR,1,4582.666666666667,625,3,3,2026-09-06,5331.333333333333,90.01111852346008,90.01111852346008
2026-09-07,BOM_BLR,7,4878.666666666667,670,3,3,2026-09-06,6826.333333333333,82.46379307553526,82.46379307553526
2026-09-07,BOM_BLR,15,4516.333333333333,656,3,3,2026-09-06,6367.0,79.55290391485288,79.55290391485288
2026-09-07,BOM_BLR,30,4516.333333333333,726,3,3,2026-09-06,5704.0,83.18229019163599,83.18229019163599
2026-09-07,BOM_BLR,45,4799.333333333333,712,3,3,2026-09-06,6417.333333333333,81.58980739428648,81.58980739428648
2026-09-07,BOM_DEL,1,5488.25,688,4,4,2026-09-06,7061.25,81.9649051760149,81.9649051760149
2026-09-07,BOM_DEL,7,5020.333333333333,751,3,3,2026-09-06,6509.0,81.30989746808956,81.30989746808956
2026-09-07,BOM_DEL,15,5730.25,764,4,4,2026-09-06,6836.75,85.03027004998118,85.03027004998118
2026-09-07,BOM_DEL,30,5474.75,804,4,4,2026-09-06,6349.0,87.5035734705546,87.5035734705546
2026-09-07,BOM_DEL,45,5141.333333333333,811,3,3,2026-09-06,6666.0,81.11400140385648,81.11400140385648
2026-09-07,BOM_GOI,1,4599.5,412,2,2,2026-09-06,9832.5,68.92976474599385,68.92976474599385
2026-09-07,BOM_GOI,7,4249.5,470,2,2,2026-09-06,7696.0,66.83506543494997,66.83506543494997
2026-09-07,BOM_GOI,15,4160.5,430,2,2,2026-09-06,8415.5,63.007422872115626,63.007422872115626
2026-09-07,BOM_GOI,30,3923.5,518,2,2,2026-09-06,3792.0,103.21909424724603,103.21909424724603
2026-09-07,BOM_GOI,45,4249.5,525,2,2,2026-09-06,7833.0,66.40258766172886,66.40258766172886
2026-09-07,BOM_MAA,1,4844.333333333333,522,3,3,2026-09-06,7620.166666666667,74.80755929880961,74.80755929880961
2026-09-07,BOM_MAA,7,4844.333333333333,548,3,3,2026-09-06,4844.333333333333,100.0,100.0
2026-09-07,BOM_MAA,15,4844.333333333333,590,3,3,2026-09-06,4844.333333333333,100.0,100.0
2026-09-07,BOM_MAA,30,4844.333333333333,616,3,3,2026-09-06,4844.333333333333,100.0,100.0
2026-09-07,BOM_MAA,45,5017.333333333333,575,3,3,2026-09-06,5017.333333333333,100.0,100.0
2026-09-07,CCU_DEL,1,5646.333333333333,499,3,3,2026-09-06,10333.333333333334,72.24050352233299,72.24050352233299
2026-09-07,CCU_DEL,7,5547.0,589,3,3,2026-09-06,7812.0,77.1577319711455,77.1577319711455
2026-09-07,CCU_DEL,15,5451.333333333333,553,3,3,2026-09-06,7487.0,78.00733821609943,78.00733821609943
2026-09-07,CCU_DEL,30,6464.0,637,4,3,2026-09-06,7748.0,79.3870651106991,79.3870651106991
2026-09-07,CCU_DEL,45,8550.25,641,4,4,2026-09-06,12045.0,81.10059111176928,81.10059111176928
2026-09-07,DEL_AMD,1,6838.666666666667,367,3,3,2026-09-06,11698.0,69.66773685775705,69.66773685775705
2026-09-07,DEL_AMD,7,6209.333333333333,401,3,3,2026-09-06,8772.333333333334,78.10754832110757,78.10754832110757
2026-09-07,DEL_AMD,15,5988.0,431,3,3,2026-09-06,8529.666666666666,76.83124948854426,76.83124948854426
2026-09-07,DEL_AMD,30,6595.333333333333,410,3,3,2026-09-06,9733.333333333334,75.66966225332145,75.66966225332145
2026-09-07,DEL_AMD,45,6677.666666666667,444,3,3,2026-09-06,9530.0,76.51428566057037,76.51428566057037
2026-09-07,DEL_BLR,1,5776.0,693,3,3,2026-09-06,9421.0,74.74712484411806,74.74712484411806
2026-09-07,DEL_BLR,7,5776.0,732,3,3,2026-09-06,8286.333333333334,77.24085826533697,77.24085826533697
2026-09-07,DEL_BLR,15,5776.0,727,3,3,2026-09-06,8096.666666666667,77.81601503998981,77.81601503998981
2026-09-07,DEL_BLR,30,5830.333333333333,731,3,3,2026-09-06,7720.0,79.78161635857406,79.78161635857406
2026-09-07,DEL_BLR,45,7141.0,821,4,4,2026-09-06,9327.5,81.36701209459218,81.36701209459218
2026-09-07,DEL_BOM,1,5901.125,695,4,4,2026-09-06,8115.75,85.0803289813543,85.0803289813543
2026-09-07,DEL_BOM,7,6930.375,749,4,4,2026-09-06,9080.375,80.10595508520616,80.10595508520616
2026-09-07,DEL_BOM,15,5729.5,768,4,4,2026-09-06,6385.625,90.62120575502928,90.62120575502928
2026-09-07,DEL_BOM,30,5474.0,857,4,4,2026-09-06,6349.25,87.49642857142857,87.49642857142857
2026-09-07,DEL_BOM,45,5130.666666666667,821,3,3,2026-09-06,6506.666666666667,81.61732873570982,81.61732873570982
2026-09-07,DEL_CCU,1,5360.666666666667,519,3,3,2026-09-06,8081.666666666667,76.6678099811353,76.6678099811353
2026-09-07,DEL_CCU,7,5360.666666666667,588,3,3,2026-09-06,7836.666666666667,77.3405326256063,77.3405326256063
2026-09-07,DEL_CCU,15,5460.0,567,3,3,2026-09-06,7201.0,80.03898188488878,80.03898188488878
2026-09-07,DEL_CCU,30,7729.0,548,4,3,2026-09-06,8851.0,83.26319202890943,83.26319202890943
2026-09-07,DEL_CCU,45,7945.75,621,4,4,2026-09-06,11176.625,79.88481013011456,79.88481013011456
2026-09-07,DEL_GOI,1,4249.5,525,2,2,2026-09-06,8868.0,63.73665201005025,63.73665201005025
2026-09-07,DEL_GOI,7,4749.5,553,2,2,2026-09-06,8150.0,75.48230088495575,75.48230088495575
2026-09-07,DEL_GOI,15,4249.5,583,2,2,2026-09-06,8043.5,59.01077294207066,59.01077294207066
2026-09-07,DEL_GOI,30,4249.5,605,2,2,2026-09-06,7368.5,67.96754647221937,67.96754647221937
2026-09-07,DEL_GOI,45,4249.5,584,2,2,2026-09-06,8469.0,64.65488356508628,64.65488356508628
2026-09-07,DEL_HYD,1,5805.666666666667,529,3,3,2026-09-06,9151.333333333334,75.28319542947203,75.28319542947203
2026-09-07,DEL_HYD,7,5807.833333333333,539,3,3,2026-09-06,8471.5,75.92780289489194,75.92780289489194
2026-09-07,DEL_HYD,15,5594.333333333333,576,3,3,2026-09-06,7720.0,78.47644120426624,78.47644120426624
2026-09-07,DEL_HYD,30,5697.666666666667,594,3,3,2026-09-06,7712.666666666667,78.8872590108969,78.8872590108969
2026-09-07,DEL_HYD,45,5918.0,598,3,3,2026-09-06,8538.666666666666,77.89665670028963,77.89665670028963
2026-09-07,DEL_MAA,1,7218.0,533,3,3,2026-09-06,10996.333333333334,77.2919028827543,77.2919028827543
2026-09-07,DEL_MAA,7,7031.666666666667,568,3,3,2026-09-06,10236.833333333334,76.38688229297347,76.38688229297347
2026-09-07,DEL_MAA,15,6817.333333333333,586,3,3,2026-09-06,9543.0,76.65581820258079,76.65581820258079
2026-09-07,DEL_MAA,30,6990.333333333333,605,3,3,2026-09-06,9229.333333333334,78.75771203807882,78.75771203807882
2026-09-07,DEL_MAA,45,7196.0,614,3,3,2026-09-06,10707.0,74.72664272457897,74.72664272457897
2026-09-07,HYD_BLR,1,8770.666666666666,510,3,3,2026-09-06,12853.333333333334,74.0733684723016,74.0733684723016
2026-09-07,HYD_BLR,7,8615.0,551,3,3,2026-09-06,10568.333333333334,79.35915250315503,79.35915250315503
2026-09-07,HYD_BLR,15,8102.0,537,3,3,2026-09-06,9449.333333333334,80.43588863538605,80.43588863538605
2026-09-07,HYD_BLR,30,8508.333333333334,546,3,3,2026-09-06,9016.0,88.34140151339716,88.34140151339716
2026-09-07,HYD_BLR,45,9077.333333333334,545,3,3,2026-09-06,10533.666666666666,81.52665454347806,81.52665454347806
2026-09-07,HYD_DEL,1,5681.666666666667,505,3,3,2026-09-06,10216.666666666666,70.49522321309176,70.49522321309176
2026-09-07,HYD_DEL,7,5820.0,585,3,3,2026-09-06,8316.333333333334,75.59640691835993,75.59640691835993
2026-09-07,HYD_DEL,15,5640.333333333333,576,3,3,2026-09-06,7429.333333333333,79.8217911121137,79.8217911121137
2026-09-07,HYD_DEL,30,5915.666666666667,497,3,3,2026-09-06,7684.333333333333,79.91292826045807,79.91292826045807
2026-09-07,HYD_DEL,45,5486.666666666667,602,3,3,2026-09-06,7559.0,78.67092081789488,78.67092081789488
2026-09-07,MAA_BOM,1,7649.25,564,4,3,2026-09-06,10958.0,68.53694696682079,68.53694696682079
2026-09-07,MAA_BOM,7,5329.0,605,3,3,2026-09-06,7460.833333333333,78.45436016642242,78.45436016642242
2026-09-07,MAA_BOM,15,5232.0,605,3,3,2026-09-06,5232.0,100.0,100.0
2026-09-07,MAA_BOM,30,5232.0,611,3,3,2026-09-06,6797.666666666667,80.89718561900114,80.89718561900114
2026-09-07,MAA_BOM,45,5329.0,611,3,3,2026-09-06,7259.333333333333,79.22138500179405,79.22138500179405
2026-09-07,MAA_DEL,1,11211.375,545,4,3,2026-09-06,12364.5,72.99194785538216,72.99194785538216
2026-09-07,MAA_DEL,7,7364.666666666667,580,3,3,2026-09-06,10371.666666666666,75.98242811501598,75.98242811501598
2026-09-07,MAA_DEL,15,7235.5,570,3,3,2026-09-06,10242.5,75.98242811501598,75.98242811501598
2026-09-07,MAA_DEL,30,7215.666666666667,567,3,3,2026-09-06,9582.666666666666,77.66981132075472,77.66981132075472
2026-09-07,MAA_DEL,45,7534.666666666667,613,3,3,2026-09-06,11060.666666666666,75.27277226896899,75.27277226896899
2026-09-08,AMD_DEL,1,6300.333333333333,601,3,3,2026-09-07,6225.0,102.09669811320755,102.09669811320755
2026-09-08,AMD_DEL,7,6300.333333333333,672,3,3,2026-09-07,6111.0,103.23611958511287,103.23611958511287
2026-09-08,AMD_DEL,15,6190.0,698,3,3,2026-09-07,6056.666666666667,102.66666666666667,102.66666666666667
2026-09-08,AMD_DEL,30,7029.666666666667,722,3,3,2026-09-07,6167.0,109.95854162500832,109.95854162500832
2026-09-08,AMD_DEL,45,7192.0,735,3,3,2026-09-07,6970.0,103.38108667042677,103.38108667042677
2026-09-08,BLR_BOM,1,6190.333333333333,1202,3,3,2026-09-07,5572.333333333333,108.56428977042265,108.56428977042265
2026-09-08,BLR_BOM,7,5041.333333333333,1278,3,3,2026-09-07,4828.666666666667,103.9917599242804,103.9917599242804
2026-09-08,BLR_BOM,15,4462.666666666667,1270,3,3,2026-09-07,4364.333333333333,101.96666666666665,101.96666666666665
2026-09-08,BLR_BOM,30,4810.166666666667,1389,3,3,2026-09-07,4828.666666666667,100.09654584934025,100.09654584934025
2026-09-08,BLR_BOM,45,5601.875,1379,4,4,2026-09-07,5599.75,100.37567587641118,100.37567587641118
2026-09-08,BLR_DEL,1,5754.333333333333,1362,3,3,2026-09-07,5621.0,102.66666666666667,102.66666666666667
2026-09-08,BLR_DEL,7,5754.333333333333,1365,3,3,2026-09-07,5668.0,102.11405055849501,102.11405055849501
2026-09-08,BLR_DEL,15,5754.333333333333,1379,3,3,2026-09-07,5621.0,102.66666666666667,102.66666666666667
2026-09-08,BLR_DEL,30,6115.666666666667,1436,3,3,2026-09-07,5870.333333333333,103.89581504243489,103.89581504243489
2026-09-08,BLR_DEL,45,7382.25,1642,4,4,2026-09-07,7365.0,101.3407897406962,101.3407897406962
2026-09-08,BLR_HYD,1,8661.666666666666,1001,3,3,2026-09-07,8528.333333333334,102.66666666666667,102.66666666666667
2026-09-08,BLR_HYD,7,8514.666666666666,1098,3,3,2026-09-07,8528.333333333334,101.80631316087245,101.80631316087245
2026-09-08,BLR_HYD,15,8159.666666666667,1087,3,3,2026-09-07,8159.666666666667,100.0,100.0
2026-09-08,BLR_HYD,30,8744.5,1107,3,3,2026-09-07,8633.333333333334,102.4335960303561,102.4335960303561
2026-09-08,BLR_HYD,45,9336.333333333334,1081,3,3,2026-09-07,9127.666666666666,102.72738967732825,102.72738967732825
2026-09-08,BOM_BLR,1,5141.5,1333,3,3,2026-09-07,4582.666666666667,110.77297262970724,110.77297262970724
2026-09-08,BOM_BLR,7,5012.0,1293,3,3,2026-09-07,4878.666666666667,102.66666666666667,102.66666666666667
2026-09-08,BOM_BLR,15,4649.666666666667,1313,3,3,2026-09-07,4516.333333333333,102.66666666666667,102.66666666666667
2026-09-08,BOM_BLR,30,4590.333333333333,1338,3,3,2026-09-07,4516.333333333333,101.48,101.48
2026-09-08,BOM_BLR,45,5166.0,1445,4,3,2026-09-07,4799.333333333333,98.99372775046618,98.99372775046618
2026-09-08,BOM_DEL,1,5588.25,1489,4,4,2026-09-07,5488.25,102.0,102.0
2026-09-08,BOM_DEL,7,6909.5,1485,4,3,2026-09-07,5020.333333333333,102.66666666666667,102.66666666666667
2026-09-08,BOM_DEL,15,9239.875,1582,4,4,2026-09-07,5730.25,145.37945292620867,145.37945292620867
2026-09-08,BOM_DEL,30,5574.75,1566,4,4,2026-09-07,5474.75,102.0,102.0
2026-09-08,BOM_DEL,45,5610.25,1643,4,3,2026-09-07,5141.333333333333,100.9193742478941,100.9193742478941
2026-09-08,BOM_GOI,1,4524.5,827,2,2,2026-09-07,4599.5,98.68421052631578,98.68421052631578
2026-09-08,BOM_GOI,7,4449.5,909,2,2,2026-09-07,4249.5,104.0,104.0
2026-09-08,BOM_GOI,15,4449.5,825,2,2,2026-09-07,4160.5,105.99336374948155,105.99336374948155
2026-09-08,BOM_GOI,30,4449.5,1016,2,2,2026-09-07,3923.5,112.09751609935603,112.09751609935603
2026-09-08,BOM_GOI,45,4449.5,1017,2,2,2026-09-07,4249.5,104.0,104.0
2026-09-08,BOM_MAA,1,5064.166666666667,1042,3,3,2026-09-07,4844.333333333333,104.10020992155563,104.10020992155563
2026-09-08,BOM_MAA,7,4977.666666666667,1151,3,3,2026-09-07,4844.333333333333,102.66666666666667,102.66666666666667
2026-09-08,BOM_MAA,15,4977.666666666667,1192,3,3,2026-09-07,4844.333333333333,102.66666666666667,102.66666666666667
2026-09-08,BOM_MAA,30,5150.666666666667,1170,3,3,2026-09-07,4844.333333333333,105.53375317644459,105.53375317644459
2026-09-08,BOM_MAA,45,5250.666666666667,1159,3,3,2026-09-07,5017.333333333333,104.66666666666667,104.66666666666667
2026-09-08,CCU_DEL,1,5991.333333333333,1083,3,3,2026-09-07,5646.333333333333,105.17456556082148,105.17456556082148
2026-09-08,CCU_DEL,7,5779.666666666667,1081,3,3,2026-09-07,5547.0,103.88667812986164,103.88667812986164
2026-09-08,CCU_DEL,15,10061.5,1115,4,3,2026-09-07,5451.333333333333,103.88457458094632,103.88457458094632
2026-09-08,CCU_DEL,30,6564.0,1257,4,4,2026-09-07,6464.0,102.0,102.0
2026-09-08,CCU_DEL,45,8499.75,1240,4,4,2026-09-07,8550.25,100.79830725007984,100.79830725007984
2026-09-08,DEL_AMD,1,7338.666666666667,677,3,3,2026-09-07,6838.666666666667,103.02048349520437,103.02048349520437
2026-09-08,DEL_AMD,7,6185.833333333333,773,3,3,2026-09-07,6209.333333333333,101.11830717082962,101.11830717082962
2026-09-08,DEL_AMD,15,6142.5,851,3,3,2026-09-07,5988.0,102.89029758760346,102.89029758760346
2026-09-08,DEL_AMD,30,6733.0,771,3,3,2026-09-07,6595.333333333333,102.70505891733853,102.70505891733853
2026-09-08,DEL_AMD,45,6811.0,748,3,3,2026-09-07,6677.666666666667,102.66666666666667,102.66666666666667
2026-09-08,DEL_BLR,1,5909.333333333333,1455,3,3,2026-09-07,5776.0,102.66666666666667,102.66666666666667
2026-09-08,DEL_BLR,7,5909.333333333333,1526,3,3,2026-09-07,5776.0,102.66666666666667,102.66666666666667
2026-09-08,DEL_BLR,15,5909.333333333333,1498,3,3,2026-09-07,5776.0,102.66666666666667,102.66666666666667
2026-09-08,DEL_BLR,30,5963.666666666667,1456,3,3,2026-09-07,5830.333333333333,102.66666666666667,102.66666666666667
2026-09-08,DEL_BLR,45,7542.5,1630,4,4,2026-09-07,7141.0,105.01949532301194,105.01949532301194
2026-09-08,DEL_BOM,1,5797.0,1494,4,4,2026-09-07,5901.125,99.61967232231356,99.61967232231356
2026-09-08,DEL_BOM,7,5646.75,1488,4,4,2026-09-07,6930.375,91.09887728973803,91.09887728973803
2026-09-08,DEL_BOM,15,8474.0,1607,4,4,2026-09-07,5729.5,135.52135885410064,135.52135885410064
2026-09-08,DEL_BOM,30,5574.0,1635,4,4,2026-09-07,5474.0,102.0,102.0
2026-09-08,DEL_BOM,45,5654.25,1677,4,3,2026-09-07,5130.666666666667,102.07186034140916,102.07186034140916
2026-09-08,DEL_CCU,1,5593.333333333333,1052,3,3,2026-09-07,5360.666666666667,103.97661435667503,103.97661435667503
2026-09-08,DEL_CCU,7,5593.333333333333,1136,3,3,2026-09-07,5360.666666666667,103.97661435667503,103.97661435667503
2026-09-08,DEL_CCU,15,9944.0,1217,4,3,2026-09-07,5460.0,103.98629615531024,103.98629615531024
2026-09-08,DEL_CCU,30,7176.0,1235,4,4,2026-09-07,7729.0,98.54012046154266,98.54012046154266
2026-09-08,DEL_CCU,45,8372.0,1185,4,4,2026-09-07,7945.75,106.15381239655602,106.15381239655602
2026-09-08,DEL_GOI,1,4449.5,1051,2,2,2026-09-07,4249.5,104.0,104.0
2026-09-08,DEL_GOI,7,4449.5,1132,2,2,2026-09-07,4749.5,95.0,95.0
2026-09-08,DEL_GOI,15,4449.5,1095,2,2,2026-09-07,4249.5,104.0,104.0
2026-09-08,DEL_GOI,30,4449.5,1200,2,2,2026-09-07,4249.5,104.0,104.0
2026-09-08,DEL_GOI,45,4449.5,1132,2,2,2026-09-07,4249.5,104.0,104.0
2026-09-08,DEL_HYD,1,6051.333333333333,1076,3,3,2026-09-07,5805.666666666667,103.92629139567914,103.92629139567914
2026-09-08,DEL_HYD,7,5779.333333333333,1129,3,3,2026-09-07,5807.833333333333,100.85330644107046,100.85330644107046
2026-09-08,DEL_HYD,15,5779.333333333333,1160,3,3,2026-09-07,5594.333333333333,103.29035892483502,103.29035892483502
2026-09-08,DEL_HYD,30,5831.0,1171,3,3,2026-09-07,5697.666666666667,102.66666666666667,102.66666666666667
2026-09-08,DEL_HYD,45,6051.333333333333,1117,3,3,2026-09-07,5918.0,102.66666666666667,102.66666666666667
2026-09-08,DEL_MAA,1,7170.0,1058,3,3,2026-09-07,7218.0,101.28823007728367,101.28823007728367
2026-09-08,DEL_MAA,7,7216.333333333333,1128,3,3,2026-09-07,7031.666666666667,103.07420345083095,103.07420345083095
2026-09-08,DEL_MAA,15,6950.666666666667,1134,3,3,2026-09-07,6817.333333333333,102.66666666666667,102.66666666666667
2026-09-08,DEL_MAA,30,7216.333333333333,1190,3,3,2026-09-07,6990.333333333333,103.40966431473167,103.40966431473167
2026-09-08,DEL_MAA,45,7433.0,1041,3,3,2026-09-07,7196.0,103.45868031680546,103.45868031680546
2026-09-08,HYD_BLR,1,8634.666666666666,1047,3,3,2026-09-07,8770.666666666666,101.15466232526806,101.15466232526806
2026-09-08,HYD_BLR,7,8791.666666666666,1081,3,3,2026-09-07,8615.0,102.9164841077674,102.9164841077674
2026-09-08,HYD_BLR,15,8297.0,1072,3,3,2026-09-07,8102.0,101.19948329950175,101.19948329950175
2026-09-08,HYD_BLR,30,8508.333333333334,1102,3,3,2026-09-07,8508.333333333334,100.0,100.0
2026-09-08,HYD_BLR,45,9350.0,1109,3,3,2026-09-07,9077.333333333334,103.41045214327657,103.41045214327657
2026-09-08,HYD_DEL,1,5620.0,1058,3,3,2026-09-07,5681.666666666667,100.38489741789532,100.38489741789532
2026-09-08,HYD_DEL,7,5815.0,1134,3,3,2026-09-07,5820.0,99.11610769166354,99.11610769166354
2026-09-08,HYD_DEL,15,5440.333333333333,1106,3,3,2026-09-07,5640.333333333333,96.66666666666667,96.66666666666667
2026-09-08,HYD_DEL,30,5715.666666666667,1092,3,3,2026-09-07,5915.666666666667,96.66666666666667,96.66666666666667
2026-09-08,HYD_DEL,45,5715.666666666667,1178,3,3,2026-09-07,5486.666666666667,103.86835824645145,103.86835824645145
2026-09-08,MAA_BOM,1,6660.333333333333,1034,3,3,2026-09-07,5737.0,111.7346189164371,111.7346189164371
2026-09-08,MAA_BOM,7,5413.833333333333,1185,3,3,2026-09-07,5329.0,102.01896367521367,102.01896367521367
2026-09-08,MAA_BOM,15,5365.333333333333,1208,3,3,2026-09-07,5232.0,102.66666666666667,102.66666666666667
2026-09-08,MAA_BOM,30,5365.333333333333,1232,3,3,2026-09-07,5232.0,102.66666666666667,102.66666666666667
2026-09-08,MAA_BOM,45,5462.333333333333,1188,3,3,2026-09-07,5329.0,102.66666666666667,102.66666666666667
2026-09-08,MAA_DEL,1,8855.833333333334,1017,3,3,2026-09-07,8259.333333333334,105.51184552695702,105.51184552695702
2026-09-08,MAA_DEL,7,4449.5,1132,2,2,2026-09-07,4249.5,104.0,104.0
2026-09-08,MAA_DEL,15,7349.0,1081,3,3,2026-09-07,7235.5,102.51649946368856,102.51649946368856
2026-09-08,MAA_DEL,30,7349.0,1196,3,3,2026-09-07,7215.666666666667,102.66666666666667,102.66666666666667
2026-09-08,MAA_DEL,45,7710.0,1192,3,3,2026-09-07,7534.666666666667,102.96443341604633,102.96443341604633
2026-09-09,AMD_DEL,1,6287.333333333333,348,3,3,2026-09-08,6300.333333333333,99.87002599480104,99.87002599480104
2026-09-09,AMD_DEL,7,6287.333333333333,385,3,3,2026-09-08,6300.333333333333,99.87002599480104,99.87002599480104
2026-09-09,AMD_DEL,15,6177.0,332,3,3,2026-09-08,6190.0,99.86557749974149,99.86557749974149
2026-09-09,AMD_DEL,30,7150.666666666667,392,3,3,2026-09-08,7029.666666666667,102.37483669066934,102.37483669066934
2026-09-09,AMD_DEL,45,7131.333333333333,424,3,3,2026-09-08,7192.0,99.52144303331492,99.52144303331492
2026-09-09,BLR_BOM,1,5210.333333333333,593,3,3,2026-09-08,6190.333333333333,89.86765922249793,89.86765922249793
2026-09-09,BLR_BOM,7,4886.666666666667,584,3,3,2026-09-08,5041.333333333333,97.51539491298529,97.51539491298529
2026-09-09,BLR_BOM,15,4462.666666666667,634,3,3,2026-09-08,4462.666666666667,100.0,100.0
2026-09-09,BLR_BOM,30,4679.0,600,3,3,2026-09-08,4810.166666666667,97.6486426796082,97.6486426796082
2026-09-09,BLR_BOM,45,5701.75,676,4,4,2026-09-08,5601.875,101.42848417628453,101.42848417628453
2026-09-09,BLR_DEL,1,5754.333333333333,658,3,3,2026-09-08,5754.333333333333,100.0,100.0
2026-09-09,BLR_DEL,7,5754.333333333333,709,3,3,2026-09-08,5754.333333333333,100.0,100.0
2026-09-09,BLR_DEL,15,5754.333333333333,709,3,3,2026-09-08,5754.333333333333,100.0,100.0
2026-09-09,BLR_DEL,30,6162.0,733,3,3,2026-09-08,6115.666666666667,100.49040361275756,100.49040361275756
2026-09-09,BLR_DEL,45,7711.25,816,4,4,2026-09-08,7382.25,103.03785780240074,103.03785780240074
2026-09-09,BLR_HYD,1,8580.666666666666,496,3,3,2026-09-08,8661.666666666666,99.52592766007257,99.52592766007257
2026-09-09,BLR_HYD,7,8372.333333333334,530,3,3,2026-09-08,8514.666666666666,99.14488835486132,99.14488835486132
2026-09-09,BLR_HYD,15,8192.333333333334,529,3,3,2026-09-08,8159.666666666667,100.19885960106329,100.19885960106329
2026-09-09,BLR_HYD,30,8900.666666666666,532,3,3,2026-09-08,8744.5,103.33404285665388,103.33404285665388
2026-09-09,BLR_HYD,45,9237.666666666666,532,3,3,2026-09-08,9336.333333333334,98.34332338167383,98.34332338167383
2026-09-09,BOM_BLR,1,4785.0,574,3,3,2026-09-08,5141.5,94.53681710213777,94.53681710213777
2026-09-09,BOM_BLR,7,4716.0,619,3,3,2026-09-08,5012.0,95.176796480365,95.176796480365
2026-09-09,BOM_BLR,15,4649.666666666667,612,3,3,2026-09-08,4649.666666666667,100.0,100.0
2026-09-09,BOM_BLR,30,4603.333333333333,666,3,3,2026-09-08,4590.333333333333,100.24894676369206,100.24894676369206
2026-09-09,BOM_BLR,45,5272.0,694,4,4,2026-09-08,5166.0,102.01943227281387,102.01943227281387
2026-09-09,BOM_DEL,1,5690.0,736,4,4,2026-09-08,5588.25,101.46923501055957,101.46923501055957
2026-09-09,BOM_DEL,7,7338.625,647,4,4,2026-09-08,6909.5,106.44953255017298,106.44953255017298
2026-09-09,BOM_DEL,15,6164.75,766,4,4,2026-09-08,9239.875,85.59286432854125,85.59286432854125
2026-09-09,BOM_DEL,30,5600.5,807,4,4,2026-09-08,5574.75,100.37057489927338,100.37057489927338
2026-09-09,BOM_DEL,45,5630.0,807,4,4,2026-09-08,5610.25,100.30097531240476,100.30097531240476
2026-09-09,BOM_GOI,1,4449.5,402,2,2,2026-09-08,4524.5,98.64864864864865,98.64864864864865
2026-09-09,BOM_GOI,7,4449.5,471,2,2,2026-09-08,4449.5,100.0,100.0
2026-09-09,BOM_GOI,15,4449.5,459,2,2,2026-09-08,4449.5,100.0,100.0
2026-09-09,BOM_GOI,30,4449.5,502,2,2,2026-09-08,4449.5,100.0,100.0
2026-09-09,BOM_GOI,45,4449.5,503,2,2,2026-09-08,4449.5,100.0,100.0
2026-09-09,BOM_MAA,1,5262.166666666667,533,3,3,2026-09-08,5064.166666666667,103.14610312226903,103.14610312226903
2026-09-09,BOM_MAA,7,5167.666666666667,612,3,3,2026-09-08,4977.666666666667,103.14882333443819,103.14882333443819
2026-09-09,BOM_MAA,15,4969.0,597,3,3,2026-09-08,4977.666666666667,99.8563694619379,99.8563694619379
2026-09-09,BOM_MAA,30,5158.0,620,3,3,2026-09-08,5150.666666666667,100.11190803194467,100.11190803194467
2026-09-09,BOM_MAA,45,5158.0,558,3,3,2026-09-08,5250.666666666667,98.35752206703238,98.35752206703238
2026-09-09,CCU_DEL,1,5693.333333333333,546,3,3,2026-09-08,5991.333333333333,96.71625344352617,96.71625344352617
2026-09-09,CCU_DEL,7,5693.333333333333,583,3,3,2026-09-08,5779.666666666667,98.97709320695104,98.97709320695104
2026-09-09,CCU_DEL,15,5693.333333333333,581,3,3,2026-09-08,5680.333333333333,100.15966592974699,100.15966592974699
2026-09-09,CCU_DEL,30,6534.25,626,4,4,2026-09-08,6564.0,99.59805592532646,99.59805592532646
2026-09-09,CCU_DEL,45,8932.0,652,4,4,2026-09-08,8499.75,103.62065349953022,103.62065349953022
2026-09-09,DEL_AMD,1,8589.833333333334,360,3,3,2026-09-08,7338.666666666667,109.53851236309116,109.53851236309116
2026-09-09,DEL_AMD,7,6385.5,443,3,3,2026-09-08,6185.833333333333,102.06726372280029,102.06726372280029
2026-09-09,DEL_AMD,15,6177.666666666667,432,3,3,2026-09-08,6142.5,100.3690682338948,100.3690682338948
2026-09-09,DEL_AMD,30,6750.333333333333,337,3,3,2026-09-08,6733.0,100.15339233038348,100.15339233038348
2026-09-09,DEL_AMD,45,6882.0,421,3,3,2026-09-08,6811.0,100.61557135425699,100.61557135425699
2026-09-09,DEL_BLR,1,5909.333333333333,699,3,3,2026-09-08,5909.333333333333,100.0,100.0
2026-09-09,DEL_BLR,7,5909.333333333333,746,3,3,2026-09-08,5909.333333333333,100.0,100.0
2026-09-09,DEL_BLR,15,5909.333333333333,745,3,3,2026-09-08,5909.333333333333,100.0,100.0
2026-09-09,DEL_BLR,30,5963.666666666667,743,3,3,2026-09-08,5963.666666666667,100.0,100.0
2026-09-09,DEL_BLR,45,8246.625,828,4,4,2026-09-08,7542.5,106.62299564849535,106.62299564849535
2026-09-09,DEL_BOM,1,8800.5,703,4,4,2026-09-08,5797.0,138.7098852944967,138.7098852944967
2026-09-09,DEL_BOM,7,6240.625,728,4,4,2026-09-08,5646.75,108.29666107851355,108.29666107851355
2026-09-09,DEL_BOM,15,9228.0,764,4,4,2026-09-08,8474.0,104.08295879135756,104.08295879135756
2026-09-09,DEL_BOM,30,5594.25,796,4,4,2026-09-08,5574.0,100.29488859764089,100.29488859764089
2026-09-09,DEL_BOM,45,5674.5,820,4,4,2026-09-08,5654.25,100.29911373707533,100.29911373707533
2026-09-09,DEL_CCU,1,5651.666666666667,527,3,3,2026-09-08,5593.333333333333,100.74017679651483,100.74017679651483
2026-09-09,DEL_CCU,7,5651.666666666667,594,3,3,2026-09-08,5593.333333333333,100.74017679651483,100.74017679651483
2026-09-09,DEL_CCU,15,5651.666666666667,584,3,3,2026-09-08,5697.333333333333,99.44261361324709,99.44261361324709
2026-09-09,DEL_CCU,30,8112.75,605,4,4,2026-09-08,7176.0,109.42228760769484,109.42228760769484
2026-09-09,DEL_CCU,45,7181.0,645,3,3,2026-09-08,7521.0,97.51170960187353,97.51170960187353
2026-09-09,DEL_GOI,1,4749.5,542,2,2,2026-09-08,4449.5,105.55555555555556,105.55555555555556
2026-09-09,DEL_GOI,7,4449.5,577,2,2,2026-09-08,4449.5,100.0,100.0
2026-09-09,DEL_GOI,15,4449.5,597,2,2,2026-09-08,4449.5,100.0,100.0
2026-09-09,DEL_GOI,30,4449.5,612,2,2,2026-09-08,4449.5,100.0,100.0
2026-09-09,DEL_GOI,45,6593.0,514,2,2,2026-09-08,4449.5,139.69444444444446,139.69444444444446
2026-09-09,DEL_HYD,1,5812.333333333333,531,3,3,2026-09-08,6051.333333333333,97.41761210156672,97.41761210156672
2026-09-09,DEL_HYD,7,5663.0,588,3,3,2026-09-08,5779.333333333333,98.62147963818778,98.62147963818778
2026-09-09,DEL_HYD,15,5712.0,570,3,3,2026-09-08,5779.333333333333,99.20211715448119,99.20211715448119
2026-09-09,DEL_HYD,30,5812.333333333333,585,3,3,2026-09-08,5831.0,99.78279419750213,99.78279419750213
2026-09-09,DEL_HYD,45,6138.333333333333,611,3,3,2026-09-08,6051.333333333333,100.94003241491085,100.94003241491085
2026-09-09,DEL_MAA,1,7235.166666666667,546,3,3,2026-09-08,7170.0,100.51674464092194,100.51674464092194
2026-09-09,DEL_MAA,7,7122.333333333333,554,3,3,2026-09-08,7216.333333333333,99.2627450980392,99.2627450980392
2026-09-09,DEL_MAA,15,6942.0,596,3,3,2026-09-08,6950.666666666667,99.92749379514208,99.92749379514208
2026-09-09,DEL_MAA,30,6435.0,601,3,3,2026-09-08,7216.333333333333,93.87189542483661,93.87189542483661
2026-09-09,DEL_MAA,45,6562.666666666667,601,3,3,2026-09-08,7433.0,93.50497512437812,93.50497512437812
2026-09-09,HYD_BLR,1,8717.0,526,3,3,2026-09-08,8634.666666666666,100.48417132216015,100.48417132216015
2026-09-09,HYD_BLR,7,8823.0,537,3,3,2026-09-08,8791.666666666666,100.17929350728618,100.17929350728618
2026-09-09,HYD_BLR,15,8325.333333333334,545,3,3,2026-09-08,8297.0,100.87401155231579,100.87401155231579
2026-09-09,HYD_BLR,30,8665.0,555,3,3,2026-09-08,8508.333333333334,105.50230268701314,105.50230268701314
2026-09-09,HYD_BLR,45,9227.333333333334,553,3,3,2026-09-08,9350.0,99.35947644161314,99.35947644161314
2026-09-09,HYD_DEL,1,5702.666666666667,471,3,3,2026-09-08,5620.0,101.03839551145165,101.03839551145165
2026-09-09,HYD_DEL,7,5799.333333333333,501,3,3,2026-09-08,5815.0,99.81667836804742,99.81667836804742
2026-09-09,HYD_DEL,15,5750.333333333333,576,3,3,2026-09-08,5440.333333333333,104.17677175963352,104.17677175963352
2026-09-09,HYD_DEL,30,6806.666666666667,489,3,3,2026-09-08,5715.666666666667,118.01683011818803,118.01683011818803
2026-09-09,HYD_DEL,45,5899.666666666667,608,3,3,2026-09-08,5715.666666666667,102.23084384093113,102.23084384093113
2026-09-09,MAA_BOM,1,5600.166666666667,563,3,3,2026-09-08,6660.333333333333,90.43343560127533,90.43343560127533
2026-09-09,MAA_BOM,7,5304.833333333333,604,3,3,2026-09-08,5413.833333333333,98.51549199863807,98.51549199863807
2026-09-09,MAA_BOM,15,4449.5,592,2,2,2026-09-08,4449.5,100.0,100.0
2026-09-09,MAA_BOM,30,5420.0,620,3,3,2026-09-08,5365.333333333333,101.22195976718695,101.22195976718695
2026-09-09,MAA_BOM,45,5445.0,615,3,3,2026-09-08,5462.333333333333,99.76851851851852,99.76851851851852
2026-09-09,MAA_DEL,1,7570.833333333333,529,3,3,2026-09-08,8855.833333333334,92.72716982199961,92.72716982199961
2026-09-09,MAA_DEL,7,7569.166666666667,583,3,2,2026-09-08,4449.5,100.0,100.0
2026-09-09,MAA_DEL,15,6830.333333333333,570,3,3,2026-09-08,7349.0,96.05516681878106,96.05516681878106
2026-09-09,MAA_DEL,30,6695.333333333333,543,3,3,2026-09-08,7349.0,95.0283946861373,95.0283946861373
2026-09-09,MAA_DEL,45,7254.333333333333,609,3,3,2026-09-08,7710.0,96.79806994120815,96.79806994120815
2026-09-10,AMD_DEL,1,7260.0,144,4,3,2026-09-09,6287.333333333333,105.45794439425875,105.45794439425875
2026-09-10,AMD_DEL,7,6742.25,161,4,3,2026-09-09,6287.333333333333,103.02042557462612,103.02042557462612
2026-09-10,AMD_DEL,15,6401.5,184,4,3,2026-09-09,6177.0,102.43827160493828,102.43827160493828
2026-09-10,AMD_DEL,30,6901.5,191,4,3,2026-09-09,7150.666666666667,98.26496610364241,98.26496610364241
2026-09-10,AMD_DEL,45,7172.75,207,4,3,2026-09-09,7131.333333333333,101.54938271604938,101.54938271604938
2026-09-10,BLR_BOM,1,7744.0,228,4,3,2026-09-09,5210.333333333333,110.68053079817786,110.68053079817786
2026-09-10,BLR_BOM,7,5769.625,322,4,3,2026-09-09,4886.666666666667,107.65977860925209,107.65977860925209
2026-09-10,BLR_BOM,15,4975.0,309,4,3,2026-09-09,4462.666666666667,100.08605605510547,100.08605605510547
2026-09-10,BLR_BOM,30,5158.0,316,4,3,2026-09-09,4679.0,100.61728395061728,100.61728395061728
2026-09-10,BLR_BOM,45,6050.4,355,5,4,2026-09-09,5701.75,102.25282210977034,102.25282210977034
2026-09-10,BLR_DEL,1,8205.5,247,4,3,2026-09-09,5754.333333333333,111.43827160493827,111.43827160493827
2026-09-10,BLR_DEL,7,6862.125,354,4,3,2026-09-09,5754.333333333333,109.26234567901236,109.26234567901236
2026-09-10,BLR_DEL,15,7053.5,337,4,3,2026-09-09,5754.333333333333,109.27777777777777,109.27777777777777
2026-09-10,BLR_DEL,30,7608.5,356,4,3,2026-09-09,6162.0,110.72715431261726,110.72715431261726
2026-09-10,BLR_DEL,45,7504.375,414,4,3,2026-09-09,6233.0,111.55272108843538,111.55272108843538
2026-09-10,BLR_HYD,1,9968.875,201,4,3,2026-09-09,8580.666666666666,108.61164454149177,108.61164454149177
2026-09-10,BLR_HYD,7,7746.75,266,4,3,2026-09-09,8372.333333333334,101.24827009769666,101.24827009769666
2026-09-10,BLR_HYD,15,8424.125,255,4,3,2026-09-09,8192.333333333334,108.84541178537224,108.84541178537224
2026-09-10,BLR_HYD,30,8274.125,256,4,3,2026-09-09,8900.666666666666,99.84776615537817,99.84776615537817
2026-09-10,BLR_HYD,45,8166.125,261,4,3,2026-09-09,9237.666666666666,102.35255460743286,102.35255460743286
2026-09-10,BOM_BLR,1,10317.875,224,4,3,2026-09-09,4785.0,168.67264943340214,168.67264943340214
2026-09-10,BOM_BLR,7,5676.25,310,4,3,2026-09-09,4716.0,109.47611420399888,109.47611420399888
2026-09-10,BOM_BLR,15,5046.5,304,4,3,2026-09-09,4649.666666666667,100.61728395061728,100.61728395061728
2026-09-10,BOM_BLR,30,4824.5,320,4,3,2026-09-09,4603.333333333333,102.82781887768704,102.82781887768704
2026-09-10,BOM_BLR,45,5676.625,345,4,3,2026-09-09,4857.333333333333,105.29158424244798,105.29158424244798
2026-09-10,BOM_DEL,1,6192.0,269,4,3,2026-09-09,5140.666666666667,104.05555555555554,104.05555555555554
2026-09-10,BOM_DEL,7,6004.0,381,5,4,2026-09-09,7338.625,86.77131357759446,86.77131357759446
2026-09-10,BOM_DEL,15,8998.3,379,5,4,2026-09-09,6164.75,137.7728436661735,137.7728436661735
2026-09-10,BOM_DEL,30,5844.9,368,5,4,2026-09-09,5600.5,101.21064814814815,101.21064814814815
2026-09-10,BOM_DEL,45,5966.5,413,5,4,2026-09-09,5630.0,101.21064814814815,101.21064814814815
2026-09-10,BOM_GOI,1,9919.833333333334,148,3,2,2026-09-09,4449.5,119.2175925925926,119.2175925925926
2026-09-10,BOM_GOI,7,5695.166666666667,189,3,2,2026-09-09,4449.5,101.93981481481481,101.93981481481481
2026-09-10,BOM_GOI,15,6064.333333333333,225,3,2,2026-09-09,4449.5,100.92592592592592,100.92592592592592
2026-09-10,BOM_GOI,30,4495.666666666667,247,3,2,2026-09-09,4449.5,100.92592592592592,100.92592592592592
2026-09-10,BOM_GOI,45,5162.25,255,4,2,2026-09-09,4449.5,100.92592592592592,100.92592592592592
2026-09-10,BOM_MAA,1,8005.0,207,4,3,2026-09-09,5262.166666666667,111.90748022674823,111.90748022674823
2026-09-10,BOM_MAA,7,5739.125,278,4,3,2026-09-09,5167.666666666667,100.34883647022754,100.34883647022754
2026-09-10,BOM_MAA,15,5478.0,304,4,3,2026-09-09,4969.0,102.18518518518518,102.18518518518518
2026-09-10,BOM_MAA,30,5619.75,312,4,3,2026-09-09,5158.0,102.18518518518518,102.18518518518518
2026-09-10,BOM_MAA,45,6061.25,259,4,3,2026-09-09,5158.0,103.7037037037037,103.7037037037037
2026-09-10,CCU_DEL,1,6991.0,214,4,3,2026-09-09,5693.333333333333,108.72222222222223,108.72222222222223
2026-09-10,CCU_DEL,7,6861.5,288,4,3,2026-09-09,5693.333333333333,107.64197530864197,107.64197530864197
2026-09-10,CCU_DEL,15,6773.75,290,4,3,2026-09-09,5693.333333333333,107.19753086419753,107.19753086419753
2026-09-10,CCU_DEL,30,8488.1,309,5,4,2026-09-09,6534.25,123.98059521225133,123.98059521225133
2026-09-10,CCU_DEL,45,9011.5,320,5,4,2026-09-09,8932.0,101.77684366123708,101.77684366123708
2026-09-10,DEL_AMD,1,8508.125,152,4,3,2026-09-09,8589.833333333334,92.29730644221176,92.29730644221176
2026-09-10,DEL_AMD,7,6303.75,201,4,3,2026-09-09,6385.5,98.7259172000012,98.7259172000012
2026-09-10,DEL_AMD,15,6186.25,197,4,3,2026-09-09,6177.666666666667,100.74282312899017,100.74282312899017
2026-09-10,DEL_AMD,30,6576.75,195,4,3,2026-09-09,6750.333333333333,100.61728395061728,100.61728395061728
2026-09-10,DEL_AMD,45,7250.375,212,4,3,2026-09-09,6882.0,101.74382716049384,101.74382716049384
2026-09-10,DEL_BLR,1,7155.875,279,4,3,2026-09-09,5909.333333333333,109.84876543209877,109.84876543209877
2026-09-10,DEL_BLR,7,7435.25,361,4,3,2026-09-09,5909.333333333333,119.65432098765432,119.65432098765432
2026-09-10,DEL_BLR,15,7099.5,365,4,3,2026-09-09,5909.333333333333,110.1358024691358,110.1358024691358
2026-09-10,DEL_BLR,30,7187.25,366,4,3,2026-09-09,5963.666666666667,109.7037037037037,109.7037037037037
2026-09-10,DEL_BLR,45,7728.875,427,4,3,2026-09-09,7075.0,105.53631738991953,105.53631738991953
2026-09-10,DEL_BOM,1,5628.625,266,4,3,2026-09-09,5143.0,102.4537037037037,102.4537037037037
2026-09-10,DEL_BOM,7,7493.7,373,5,4,2026-09-09,6240.625,116.6365649687554,116.6365649687554
2026-09-10,DEL_BOM,15,8794.4,382,5,4,2026-09-09,9228.0,102.4537037037037,102.4537037037037
2026-09-10,DEL_BOM,30,5849.5,379,5,4,2026-09-09,5594.25,101.57638888888889,101.57638888888889
2026-09-10,DEL_BOM,45,5996.8,429,5,4,2026-09-09,5674.5,101.23611111111111,101.23611111111111
2026-09-10,DEL_CCU,1,6717.875,221,4,3,2026-09-09,5651.666666666667,106.21583177020119,106.21583177020119
2026-09-10,DEL_CCU,7,6384.25,283,4,3,2026-09-09,5651.666666666667,105.79916510353452,105.79916510353452
2026-09-10,DEL_CCU,15,6421.0,292,4,3,2026-09-09,5651.666666666667,106.4074074074074,106.4074074074074
2026-09-10,DEL_CCU,30,8797.5,312,5,4,2026-09-09,8112.75,108.36694582341906,108.36694582341906
2026-09-10,DEL_CCU,45,11133.1,312,5,3,2026-09-09,7181.0,126.02352650552059,126.02352650552059
2026-09-10,DEL_GOI,1,10308.5,211,3,2,2026-09-09,4749.5,125.3625,125.3625
2026-09-10,DEL_GOI,7,6641.833333333333,293,3,2,2026-09-09,4449.5,112.40277777777777,112.40277777777777
2026-09-10,DEL_GOI,15,7018.5,297,3,2,2026-09-09,4449.5,118.9675925925926,118.9675925925926
2026-09-10,DEL_GOI,30,6056.666666666667,294,3,2,2026-09-09,4449.5,108.36111111111111,108.36111111111111
2026-09-10,DEL_GOI,45,8066.25,328,4,2,2026-09-09,6593.0,82.53329204087953,82.53329204087953
2026-09-10,DEL_HYD,1,6881.625,226,4,3,2026-09-09,5812.333333333333,107.50452226646887,107.50452226646887
2026-09-10,DEL_HYD,7,6698.875,288,4,3,2026-09-09,5663.0,109.31734422927254,109.31734422927254
2026-09-10,DEL_HYD,15,6621.375,256,4,3,2026-09-09,5712.0,107.50697507632678,107.50697507632678
2026-09-10,DEL_HYD,30,6706.875,294,4,3,2026-09-09,5812.333333333333,108.16975308641975,108.16975308641975
2026-09-10,DEL_HYD,45,7120.125,315,4,3,2026-09-09,6138.333333333333,108.00147509846964,108.00147509846964
2026-09-10,DEL_MAA,1,9300.625,211,4,3,2026-09-09,7235.166666666667,111.99025873242415,111.99025873242415
2026-09-10,DEL_MAA,7,8380.75,291,4,3,2026-09-09,7122.333333333333,109.869042526646,109.869042526646
2026-09-10,DEL_MAA,15,8509.875,287,4,3,2026-09-09,6942.0,109.49074074074075,109.49074074074075
2026-09-10,DEL_MAA,30,8456.0,280,4,3,2026-09-09,6435.0,128.38888888888889,128.38888888888889
2026-09-10,DEL_MAA,45,7850.0,309,4,3,2026-09-09,6562.666666666667,111.06172839506173,111.06172839506173
2026-09-10,HYD_BLR,1,12527.25,161,4,3,2026-09-09,8717.0,156.21604938271605,156.21604938271605
2026-09-10,HYD_BLR,7,8042.75,268,4,3,2026-09-09,8823.0,100.93031753058314,100.93031753058314
2026-09-10,HYD_BLR,15,8599.375,259,4,3,2026-09-09,8325.333333333334,106.14723103694887,106.14723103694887
2026-09-10,HYD_BLR,30,8228.625,265,4,3,2026-09-09,8665.0,101.54342651807946,101.54342651807946
2026-09-10,HYD_BLR,45,8734.25,258,4,3,2026-09-09,9227.333333333334,100.61728395061728,100.61728395061728
2026-09-10,HYD_DEL,1,6801.0,213,4,3,2026-09-09,5702.666666666667,109.1489061238117,109.1489061238117
2026-09-10,HYD_DEL,7,6577.5,285,4,3,2026-09-09,5799.333333333333,107.0,107.0
2026-09-10,HYD_DEL,15,6435.25,291,4,3,2026-09-09,5750.333333333333,105.31577266922095,105.31577266922095
2026-09-10,HYD_DEL,30,7208.0,291,4,3,2026-09-09,6806.666666666667,97.3995063256706,97.3995063256706
2026-09-10,HYD_DEL,45,6652.75,315,4,3,2026-09-09,5899.666666666667,107.0,107.0
2026-09-10,MAA_BOM,1,8628.25,200,4,3,2026-09-09,5600.166666666667,113.86845812992219,113.86845812992219
2026-09-10,MAA_BOM,7,6601.25,294,4,3,2026-09-09,5304.833333333333,106.66680524869535,106.66680524869535
2026-09-10,MAA_BOM,15,6206.125,297,4,2,2026-09-09,4449.5,108.15277777777777,108.15277777777777
2026-09-10,MAA_BOM,30,6075.375,305,4,3,2026-09-09,5420.0,102.9327485380117,102.9327485380117
2026-09-10,MAA_BOM,45,6380.0,237,4,3,2026-09-09,5445.0,107.0333678667012,107.0333678667012
2026-09-10,MAA_DEL,1,9752.125,197,4,3,2026-09-09,7570.833333333333,117.05782319765018,117.05782319765018
2026-09-10,MAA_DEL,7,7118.666666666667,272,3,2,2026-09-09,4449.5,117.7962962962963,117.7962962962963
2026-09-10,MAA_DEL,15,8329.375,292,4,3,2026-09-09,6830.333333333333,114.99281113411548,114.99281113411548
2026-09-10,MAA_DEL,30,8056.125,281,4,3,2026-09-09,6695.333333333333,113.2746913580247,113.2746913580247
2026-09-10,MAA_DEL,45,8451.0,270,4,3,2026-09-09,7254.333333333333,113.96913580246913,113.96913580246913
2026-09-11,AMD_DEL,1,7238.5,128,4,4,2026-09-10,7260.0,99.98448331956854,99.98448331956854
2026-09-11,AMD_DEL,7,6494.75,192,4,4,2026-09-10,6742.25,97.00744402377269,97.00744402377269
2026-09-11,AMD_DEL,15,6481.25,174,4,4,2026-09-10,6401.5,101.00690127220642,101.00690127220642
2026-09-11,AMD_DEL,30,6785.75,186,4,4,2026-09-10,6901.5,100.22057802244665,100.22057802244665
2026-09-11,AMD_DEL,45,7064.0,205,5,4,2026-09-10,7172.75,99.44649446494465,99.44649446494465
2026-09-11,BLR_BOM,1,6104.75,278,4,4,2026-09-10,7744.0,87.02798828698717,87.02798828698717
2026-09-11,BLR_BOM,7,5160.5,288,4,4,2026-09-10,5769.625,90.51243792633028,90.51243792633028
2026-09-11,BLR_BOM,15,4765.25,316,4,4,2026-09-10,4975.0,96.7596168700757,96.7596168700757
2026-09-11,BLR_BOM,30,4868.5,309,4,4,2026-09-10,5158.0,95.54272517321016,95.54272517321016
2026-09-11,BLR_BOM,45,5976.2,316,5,5,2026-09-10,6050.4,98.86814188982962,98.86814188982962
2026-09-11,BLR_DEL,1,7265.5,295,4,4,2026-09-10,8205.5,92.99076649706068,92.99076649706068
2026-09-11,BLR_DEL,7,7080.875,360,4,4,2026-09-10,6862.125,102.70778793907327,102.70778793907327
2026-09-11,BLR_DEL,15,7156.0,349,4,4,2026-09-10,7053.5,101.16390533181281,101.16390533181281
2026-09-11,BLR_DEL,30,6729.5,335,3,3,2026-09-10,6818.333333333333,99.36614342995381,99.36614342995381
2026-09-11,BLR_DEL,45,6729.5,418,3,3,2026-09-10,6856.5,98.29884133681601,98.29884133681601
2026-09-11,BLR_HYD,1,5883.0,231,3,3,2026-09-10,7509.5,85.90123266445143,85.90123266445143
2026-09-11,BLR_HYD,7,7940.0,258,4,4,2026-09-10,7746.75,104.47789156761634,104.47789156761634
2026-09-11,BLR_HYD,15,7781.625,264,4,4,2026-09-10,8424.125,92.69001619861672,92.69001619861672
2026-09-11,BLR_HYD,30,8189.375,256,4,4,2026-09-10,8274.125,97.49631885860147,97.49631885860147
2026-09-11,BLR_HYD,45,8179.375,261,4,4,2026-09-10,8166.125,99.56829275314158,99.56829275314158
2026-09-11,BOM_BLR,1,5997.25,263,4,4,2026-09-10,10317.875,68.47872674343466,68.47872674343466
2026-09-11,BOM_BLR,7,5342.25,315,4,4,2026-09-10,5676.25,95.00587042674064,95.00587042674064
2026-09-11,BOM_BLR,15,5277.75,295,4,4,2026-09-10,5046.5,103.76812774971484,103.76812774971484
2026-09-11,BOM_BLR,30,5356.5,313,4,4,2026-09-10,4824.5,110.57200239932547,110.57200239932547
2026-09-11,BOM_BLR,45,5673.2,343,5,4,2026-09-10,5676.625,95.07096791556386,95.07096791556386
2026-09-11,BOM_DEL,1,5709.75,322,4,4,2026-09-10,6192.0,94.4173725333428,94.4173725333428
2026-09-11,BOM_DEL,7,9670.125,367,4,4,2026-09-10,5874.25,149.03344158158458,149.03344158158458
2026-09-11,BOM_DEL,15,5271.5,346,3,3,2026-09-10,5240.833333333333,100.54167034649238,100.54167034649238
2026-09-11,BOM_DEL,30,5759.0,374,4,4,2026-09-10,5675.375,101.47708204539433,101.47708204539433
2026-09-11,BOM_DEL,45,6033.5,419,5,5,2026-09-10,5966.5,101.18343195266273,101.18343195266273
2026-09-11,BOM_GOI,1,8613.166666666666,187,3,3,2026-09-10,9919.833333333334,93.04409546624079,93.04409546624079
2026-09-11,BOM_GOI,7,5528.5,225,3,3,2026-09-10,5695.166666666667,97.91065981363086,97.91065981363086
2026-09-11,BOM_GOI,15,5732.0,234,3,3,2026-09-10,6064.333333333333,96.38532376187368,96.38532376187368
2026-09-11,BOM_GOI,30,4433.5,242,3,3,2026-09-10,4495.666666666667,98.6148247177659,98.6148247177659
2026-09-11,BOM_GOI,45,5228.0,238,4,4,2026-09-10,5162.25,101.41519586741282,101.41519586741282
2026-09-11,BOM_MAA,1,6833.5,237,4,4,2026-09-10,8005.0,90.37715950698932,90.37715950698932
2026-09-11,BOM_MAA,7,5386.875,267,4,4,2026-09-10,5739.125,94.91482541568686,94.91482541568686
2026-09-11,BOM_MAA,15,5509.5,291,4,4,2026-09-10,5478.0,100.54744525547446,100.54744525547446
2026-09-11,BOM_MAA,30,5647.375,290,4,4,2026-09-10,5619.75,100.48010079944387,100.48010079944387
2026-09-11,BOM_MAA,45,5752.75,265,4,4,2026-09-10,6061.25,96.22445233141599,96.22445233141599
2026-09-11,CCU_DEL,1,10304.3,249,5,4,2026-09-10,6991.0,101.47997046764125,101.47997046764125
2026-09-11,CCU_DEL,7,6671.125,288,4,4,2026-09-10,6861.5,97.93955485361815,97.93955485361815
2026-09-11,CCU_DEL,15,9796.9,280,5,4,2026-09-10,6773.75,100.36742308863845,100.36742308863845
2026-09-11,CCU_DEL,30,8873.9,320,5,5,2026-09-10,8488.1,104.22256240842576,104.22256240842576
2026-09-11,CCU_DEL,45,8203.625,306,4,4,2026-09-10,8872.625,93.69174194411261,93.69174194411261
2026-09-11,DEL_AMD,1,7023.0,174,4,4,2026-09-10,8508.125,88.68984666256998,88.68984666256998
2026-09-11,DEL_AMD,7,6365.5,188,4,4,2026-09-10,6303.75,100.77978021222341,100.77978021222341
2026-09-11,DEL_AMD,15,6372.0,210,4,4,2026-09-10,6186.25,102.63444106415737,102.63444106415737
2026-09-11,DEL_AMD,30,6541.75,177,4,4,2026-09-10,6576.75,101.46311428275288,101.46311428275288
2026-09-11,DEL_AMD,45,7081.5,218,5,4,2026-09-10,7250.375,98.43498814781029,98.43498814781029
2026-09-11,DEL_BLR,1,7194.625,323,4,4,2026-09-10,7155.875,100.56632527976895,100.56632527976895
2026-09-11,DEL_BLR,7,7080.375,368,4,4,2026-09-10,7435.25,95.86585507921714,95.86585507921714
2026-09-11,DEL_BLR,15,7190.0,362,4,4,2026-09-10,7099.5,101.08365724382736,101.08365724382736
2026-09-11,DEL_BLR,30,7294.375,369,4,4,2026-09-10,7187.25,101.31127815618783,101.31127815618783
2026-09-11,DEL_BLR,45,8396.7,447,5,4,2026-09-10,7728.875,98.77402439729157,98.77402439729157
2026-09-11,DEL_BOM,1,8946.625,315,4,3,2026-09-10,5328.166666666667,100.28769601784853,100.28769601784853
2026-09-11,DEL_BOM,7,9657.75,370,4,4,2026-09-10,7734.625,112.796519945437,112.796519945437
2026-09-11,DEL_BOM,15,6067.25,363,4,4,2026-09-10,9360.5,84.67043708979193,84.67043708979193
2026-09-11,DEL_BOM,30,5897.5,378,5,5,2026-09-10,5849.5,100.83616409720408,100.83616409720408
2026-09-11,DEL_BOM,45,5864.5,422,4,4,2026-09-10,5783.25,101.43373919181224,101.43373919181224
2026-09-11,DEL_CCU,1,7457.2,253,5,4,2026-09-10,6717.875,96.20465858066514,96.20465858066514
2026-09-11,DEL_CCU,7,6358.0,284,4,4,2026-09-10,6384.25,99.6586919776362,99.6586919776362
2026-09-11,DEL_CCU,15,9678.8,264,5,4,2026-09-10,6421.0,100.08451436744247,100.08451436744247
2026-09-11,DEL_CCU,30,9332.0,306,5,5,2026-09-10,8797.5,104.48695595439213,104.48695595439213
2026-09-11,DEL_CCU,45,9397.8,324,5,5,2026-09-10,11133.1,88.6733036934299,88.6733036934299
2026-09-11,DEL_GOI,1,7769.666666666667,253,3,3,2026-09-10,10308.5,83.99545956593816,83.99545956593816
2026-09-11,DEL_GOI,7,6794.166666666667,296,3,3,2026-09-10,6641.833333333333,102.26030615525384,102.26030615525384
2026-09-11,DEL_GOI,15,6856.0,287,3,3,2026-09-10,7018.5,98.25989868592193,98.25989868592193
2026-09-11,DEL_GOI,30,5875.333333333333,304,3,3,2026-09-10,6056.666666666667,97.83301465901849,97.83301465901849
2026-09-11,DEL_GOI,45,7979.25,309,4,4,2026-09-10,8066.25,99.18739856159492,99.18739856159492
2026-09-11,DEL_HYD,1,6736.125,250,4,4,2026-09-10,6881.625,98.4363245269956,98.4363245269956
2026-09-11,DEL_HYD,7,6658.25,287,4,4,2026-09-10,6698.875,99.51448931007556,99.51448931007556
2026-09-11,DEL_HYD,15,6633.125,290,4,4,2026-09-10,6621.375,100.16500174751661,100.16500174751661
2026-09-11,DEL_HYD,30,6826.125,295,4,4,2026-09-10,6706.875,101.3970388824343,101.3970388824343
2026-09-11,DEL_HYD,45,6940.125,303,4,4,2026-09-10,7120.125,98.05505047235962,98.05505047235962
2026-09-11,DEL_MAA,1,8328.375,243,4,4,2026-09-10,9300.625,93.03699335233063,93.03699335233063
2026-09-11,DEL_MAA,7,8293.125,281,4,4,2026-09-10,8380.75,99.84324995918635,99.84324995918635
2026-09-11,DEL_MAA,15,8510.75,292,4,4,2026-09-10,8509.875,101.44874771997074,101.44874771997074
2026-09-11,DEL_MAA,30,7905.875,291,4,4,2026-09-10,8456.0,94.50126615484129,94.50126615484129
2026-09-11,DEL_MAA,45,8063.0,258,4,4,2026-09-10,7850.0,102.42917477753059,102.42917477753059
2026-09-11,HYD_BLR,1,8571.5,233,4,4,2026-09-10,12527.25,73.02428671574835,73.02428671574835
2026-09-11,HYD_BLR,7,8001.5,272,4,4,2026-09-10,8042.75,99.76740907809416,99.76740907809416
2026-09-11,HYD_BLR,15,7611.375,269,4,4,2026-09-10,8599.375,88.26696584701406,88.26696584701406
2026-09-11,HYD_BLR,30,7845.375,266,4,4,2026-09-10,8228.625,95.43574370783745,95.43574370783745
2026-09-11,HYD_BLR,45,8163.125,260,4,4,2026-09-10,8734.25,92.6725568214351,92.6725568214351
2026-09-11,HYD_DEL,1,6909.875,252,4,4,2026-09-10,6801.0,101.5502555137106,101.5502555137106
2026-09-11,HYD_DEL,7,6833.0,293,4,4,2026-09-10,6577.5,103.4348660883042,103.4348660883042
2026-09-11,HYD_DEL,15,6579.625,287,4,4,2026-09-10,6435.25,102.04490939097441,102.04490939097441
2026-09-11,HYD_DEL,30,6707.375,297,4,4,2026-09-10,7208.0,93.94972891851687,93.94972891851687
2026-09-11,HYD_DEL,45,7771.6,328,5,4,2026-09-10,6652.75,99.5789406016971,99.5789406016971
2026-09-11,MAA_BOM,1,7528.75,238,4,4,2026-09-10,8628.25,92.63216719416528,92.63216719416528
2026-09-11,MAA_BOM,7,6259.375,300,4,4,2026-09-10,6601.25,95.95716724959988,95.95716724959988
2026-09-11,MAA_BOM,15,6075.375,293,4,4,2026-09-10,6206.125,98.29525403007273,98.29525403007273
2026-09-11,MAA_BOM,30,5986.875,290,4,4,2026-09-10,6075.375,98.74663645376009,98.74663645376009
2026-09-11,MAA_BOM,45,6288.625,284,4,4,2026-09-10,6380.0,98.78498637389211,98.78498637389211
2026-09-11,MAA_DEL,1,9188.5,236,4,4,2026-09-10,9752.125,95.48781468765726,95.48781468765726
2026-09-11,MAA_DEL,7,8404.0,286,4,3,2026-09-10,7118.666666666667,99.8922239534793,99.8922239534793
2026-09-11,MAA_DEL,15,8056.125,286,4,4,2026-09-10,8329.375,97.06934273052711,97.06934273052711
2026-09-11,MAA_DEL,30,8052.0,278,4,4,2026-09-10,8056.125,99.94536785643335,99.94536785643335
2026-09-11,MAA_DEL,45,8533.5,268,4,4,2026-09-10,8451.0,100.47117080208055,100.47117080208055
2026-09-12,AMD_DEL,1,6500.75,191,4,4,2026-09-11,7238.5,91.04940474601293,91.04940474601293
2026-09-12,AMD_DEL,7,6381.25,219,4,4,2026-09-11,6494.75,98.15042808787416,98.15042808787416
2026-09-12,AMD_DEL,15,6316.0,201,4,4,2026-09-11,6481.25,97.38884911681596,97.38884911681596
2026-09-12,AMD_DEL,30,6675.0,224,4,4,2026-09-11,6785.75,98.17494746219944,98.17494746219944
2026-09-12,AMD_DEL,45,7113.4,198,5,5,2026-09-11,7064.0,100.10263613497071,100.10263613497071
2026-09-12,BLR_BOM,1,5678.25,294,4,4,2026-09-11,6104.75,93.9044487337009,93.9044487337009
2026-09-12,BLR_BOM,7,5081.25,341,4,4,2026-09-11,5160.5,98.80396083294995,98.80396083294995
2026-09-12,BLR_BOM,15,5102.25,324,4,4,2026-09-11,4765.25,105.98154064607739,105.98154064607739
2026-09-12,BLR_BOM,30,4608.75,341,4,4,2026-09-11,4868.5,95.18731411927027,95.18731411927027
2026-09-12,BLR_BOM,45,5769.5,346,4,4,2026-09-11,5787.25,99.7457748496133,99.7457748496133
2026-09-12,BLR_DEL,1,6467.0,317,4,4,2026-09-11,7265.5,90.38380901077974,90.38380901077974
2026-09-12,BLR_DEL,7,6545.75,375,4,4,2026-09-11,7080.875,92.9130642777611,92.9130642777611
2026-09-12,BLR_DEL,15,6545.75,379,4,4,2026-09-11,7156.0,92.24078830778596,92.24078830778596
2026-09-12,BLR_DEL,30,7191.5,392,4,3,2026-09-11,6729.5,92.54475733408616,92.54475733408616
2026-09-12,BLR_DEL,45,7013.0,450,4,3,2026-09-11,6729.5,92.54475733408616,92.54475733408616
2026-09-12,BLR_HYD,1,7943.0,252,4,3,2026-09-11,5883.0,85.58237408631373,85.58237408631373
2026-09-12,BLR_HYD,7,7698.5,273,4,4,2026-09-11,7940.0,95.93803678892225,95.93803678892225
2026-09-12,BLR_HYD,15,7865.0,279,4,4,2026-09-11,7781.625,100.44310835164445,100.44310835164445
2026-09-12,BLR_HYD,30,8194.75,290,4,4,2026-09-11,8189.375,99.005838796663,99.005838796663
2026-09-12,BLR_HYD,45,8160.75,303,4,4,2026-09-11,8179.375,101.10885777267623,101.10885777267623
2026-09-12,BOM_BLR,1,5379.25,293,4,4,2026-09-11,5997.25,90.88965641763625,90.88965641763625
2026-09-12,BOM_BLR,7,5277.75,328,4,4,2026-09-11,5342.25,98.67480883701478,98.67480883701478
2026-09-12,BOM_BLR,15,5327.5,334,4,4,2026-09-11,5277.75,100.98514851485149,100.98514851485149
2026-09-12,BOM_BLR,30,4704.75,334,4,4,2026-09-11,5356.5,90.84127570951483,90.84127570951483
2026-09-12,BOM_BLR,45,5086.25,365,4,4,2026-09-11,5356.75,96.33640079799719,96.33640079799719
2026-09-12,BOM_DEL,1,5511.25,343,4,4,2026-09-11,5709.75,96.82996591976918,96.82996591976918
2026-09-12,BOM_DEL,7,8966.0,393,5,4,2026-09-11,9670.125,98.41023239976164,98.41023239976164
2026-09-12,BOM_DEL,15,8966.0,389,5,3,2026-09-11,5271.5,98.53132875640915,98.53132875640915
2026-09-12,BOM_DEL,30,5812.6,398,5,4,2026-09-11,5759.0,97.93195463642428,97.93195463642428
2026-09-12,BOM_DEL,45,5661.625,409,4,4,2026-09-11,5796.875,97.82578378573061,97.82578378573061
2026-09-12,BOM_GOI,1,5492.0,210,3,3,2026-09-11,8613.166666666666,74.62434497221325,74.62434497221325
2026-09-12,BOM_GOI,7,4836.0,257,3,3,2026-09-11,5528.5,90.57574583269371,90.57574583269371
2026-09-12,BOM_GOI,15,4611.666666666667,255,3,3,2026-09-11,5732.0,85.7680740551791,85.7680740551791
2026-09-12,BOM_GOI,30,4208.0,266,3,3,2026-09-11,4433.5,95.60195703401563,95.60195703401563
2026-09-12,BOM_GOI,45,4987.0,286,4,4,2026-09-11,5228.0,95.36426600492601,95.36426600492601
2026-09-12,BOM_MAA,1,5659.5,281,4,4,2026-09-11,6833.5,87.21695278977913,87.21695278977913
2026-09-12,BOM_MAA,7,5414.5,295,4,4,2026-09-11,5386.875,100.46841882153456,100.46841882153456
2026-09-12,BOM_MAA,15,5629.25,334,4,4,2026-09-11,5509.5,101.61319151025317,101.61319151025317
2026-09-12,BOM_MAA,30,5556.25,310,4,4,2026-09-11,5647.375,98.44615909284678,98.44615909284678
2026-09-12,BOM_MAA,45,5216.666666666667,311,3,3,2026-09-11,5478.666666666667,95.84794900132943,95.84794900132943
2026-09-12,CCU_DEL,1,6498.0,257,4,4,2026-09-11,7079.125,92.32563052017697,92.32563052017697
2026-09-12,CCU_DEL,7,10110.4,312,5,4,2026-09-11,6671.125,101.15085424846514,101.15085424846514
2026-09-12,CCU_DEL,15,10011.5,310,4,4,2026-09-11,10200.875,94.4127306244336,94.4127306244336
2026-09-12,CCU_DEL,30,8671.8,334,5,5,2026-09-11,8873.9,96.87197736136973,96.87197736136973
2026-09-12,CCU_DEL,45,7393.6,349,5,4,2026-09-11,8203.625,87.34492336171537,87.34492336171537
2026-09-12,DEL_AMD,1,7123.75,187,4,4,2026-09-11,7023.0,101.55426377830571,101.55426377830571
2026-09-12,DEL_AMD,7,6247.0,234,4,4,2026-09-11,6365.5,98.19517277001059,98.19517277001059
2026-09-12,DEL_AMD,15,6225.75,205,4,4,2026-09-11,6372.0,98.03017457299718,98.03017457299718
2026-09-12,DEL_AMD,30,6215.5,186,4,4,2026-09-11,6541.75,95.5623586836881,95.5623586836881
2026-09-12,DEL_AMD,45,7053.2,153,5,5,2026-09-11,7081.5,99.03111996004793,99.03111996004793
2026-09-12,DEL_BLR,1,6742.5,356,4,4,2026-09-11,7194.625,93.80416831937845,93.80416831937845
2026-09-12,DEL_BLR,7,6742.5,388,4,4,2026-09-11,7080.375,95.07813253579789,95.07813253579789
2026-09-12,DEL_BLR,15,6905.5,396,4,4,2026-09-11,7190.0,95.60918395130781,95.60918395130781
2026-09-12,DEL_BLR,30,6853.0,399,4,4,2026-09-11,7294.375,93.93113625652322,93.93113625652322
2026-09-12,DEL_BLR,45,7893.0,475,5,5,2026-09-11,8396.7,93.80231465741215,93.80231465741215
2026-09-12,DEL_BOM,1,5514.75,338,4,3,2026-09-11,5337.833333333333,97.30136185144958,97.30136185144958
2026-09-12,DEL_BOM,7,7111.8,369,5,4,2026-09-11,9657.75,88.23447721834788,88.23447721834788
2026-09-12,DEL_BOM,15,5514.75,385,4,3,2026-09-11,5319.666666666667,97.58291174817312,97.58291174817312
2026-09-12,DEL_BOM,30,5514.75,399,4,4,2026-09-11,5634.875,97.99138867987627,97.99138867987627
2026-09-12,DEL_BOM,45,5538.75,406,4,3,2026-09-11,5503.333333333333,95.02148247496321,95.02148247496321
2026-09-12,DEL_CCU,1,6245.5,264,4,4,2026-09-11,6384.25,97.58935538652204,97.58935538652204
2026-09-12,DEL_CCU,7,6123.5,284,4,4,2026-09-11,6358.0,96.35756446101274,96.35756446101274
2026-09-12,DEL_CCU,15,6956.8,318,5,5,2026-09-11,9678.8,85.86895882445819,85.86895882445819
2026-09-12,DEL_CCU,30,7395.25,325,4,4,2026-09-11,8081.5,94.4469726247891,94.4469726247891
2026-09-12,DEL_CCU,45,6932.0,323,4,4,2026-09-11,8163.75,87.12936655937722,87.12936655937722
2026-09-12,DEL_GOI,1,5873.333333333333,283,3,3,2026-09-11,7769.666666666667,80.6942208411027,80.6942208411027
2026-09-12,DEL_GOI,7,6055.666666666667,313,3,3,2026-09-11,6794.166666666667,90.3561148517485,90.3561148517485
2026-09-12,DEL_GOI,15,5952.666666666667,319,3,3,2026-09-11,6856.0,88.6643258685567,88.6643258685567
2026-09-12,DEL_GOI,30,5492.333333333333,318,3,3,2026-09-11,5875.333333333333,94.27924817182198,94.27924817182198
2026-09-12,DEL_GOI,45,7548.25,357,4,4,2026-09-11,7979.25,94.07752210134531,94.07752210134531
2026-09-12,DEL_HYD,1,6395.75,273,4,4,2026-09-11,6736.125,95.0341796354516,95.0341796354516
2026-09-12,DEL_HYD,7,6515.25,311,4,4,2026-09-11,6658.25,97.44074282553399,97.44074282553399
2026-09-12,DEL_HYD,15,5941.333333333333,299,3,3,2026-09-11,6147.5,96.39433512991828,96.39433512991828
2026-09-12,DEL_HYD,30,6479.0,308,4,4,2026-09-11,6826.125,94.95416770607308,94.95416770607308
2026-09-12,DEL_HYD,45,7686.6,314,5,4,2026-09-11,6940.125,94.69785019515959,94.69785019515959
2026-09-12,DEL_MAA,1,6332.666666666667,266,3,3,2026-09-11,7034.333333333333,90.77361385053693,90.77361385053693
2026-09-12,DEL_MAA,7,6306.333333333333,315,3,3,2026-09-11,7081.833333333333,90.1140553744885,90.1140553744885
2026-09-12,DEL_MAA,15,8098.25,305,4,4,2026-09-11,8510.75,94.16162550947107,94.16162550947107
2026-09-12,DEL_MAA,30,7331.25,322,4,4,2026-09-11,7905.875,92.60461595898119,92.60461595898119
2026-09-12,DEL_MAA,45,7409.625,335,4,4,2026-09-11,8063.0,91.89665365407178,91.89665365407178
2026-09-12,HYD_BLR,1,8142.25,250,4,4,2026-09-11,8571.5,93.21283788322575,93.21283788322575
2026-09-12,HYD_BLR,7,8085.5,293,4,4,2026-09-11,8001.5,101.54828782583978,101.54828782583978
2026-09-12,HYD_BLR,15,8311.25,286,4,4,2026-09-11,7611.375,116.65334546974958,116.65334546974958
2026-09-12,HYD_BLR,30,7752.75,293,4,4,2026-09-11,7845.375,97.44345250321766,97.44345250321766
2026-09-12,HYD_BLR,45,8163.25,291,4,4,2026-09-11,8163.125,101.26315623808496,101.26315623808496
2026-09-12,HYD_DEL,1,6446.75,269,4,4,2026-09-11,6909.875,93.58584627825245,93.58584627825245
2026-09-12,HYD_DEL,7,6351.75,313,4,4,2026-09-11,6833.0,93.41077306712944,93.41077306712944
2026-09-12,HYD_DEL,15,6176.75,314,4,4,2026-09-11,6579.625,94.35822323388977,94.35822323388977
2026-09-12,HYD_DEL,30,6319.0,324,4,4,2026-09-11,6707.375,94.66533463677482,94.66533463677482
2026-09-12,HYD_DEL,45,7666.2,347,5,5,2026-09-11,7771.6,97.75538361478739,97.75538361478739
2026-09-12,MAA_BOM,1,6309.75,269,4,4,2026-09-11,7528.75,86.87312537876866,86.87312537876866
2026-09-12,MAA_BOM,7,5802.0,314,3,3,2026-09-11,6069.833333333333,95.76660345910534,95.76660345910534
2026-09-12,MAA_BOM,15,6214.0,330,4,4,2026-09-11,6075.375,101.33651138136983,101.33651138136983
2026-09-12,MAA_BOM,30,5770.0,330,4,4,2026-09-11,5986.875,96.76743413953176,96.76743413953176
2026-09-12,MAA_BOM,45,6059.25,271,4,4,2026-09-11,6288.625,96.45532240392853,96.45532240392853
2026-09-12,MAA_DEL,1,6533.0,257,3,3,2026-09-11,7638.0,87.26123378891354,87.26123378891354
2026-09-12,MAA_DEL,7,6329.0,301,3,3,2026-09-11,7055.166666666667,90.54285776301795,90.54285776301795
2026-09-12,MAA_DEL,15,8068.0,300,4,4,2026-09-11,8056.125,98.46201608409132,98.46201608409132
2026-09-12,MAA_DEL,30,7510.75,328,4,4,2026-09-11,8052.0,92.92270382010842,92.92270382010842
2026-09-12,MAA_DEL,45,6259.0,320,3,3,2026-09-11,6937.0,91.00079638970003,91.00079638970003
2026-09-13,AMD_DEL,1,6437.8,174,5,4,2026-09-12,6500.75,99.23122710410253,99.23122710410253
2026-09-13,AMD_DEL,7,6381.8,210,5,4,2026-09-12,6381.25,99.81057792304264,99.81057792304264
2026-09-13,AMD_DEL,15,6349.6,198,5,4,2026-09-12,6316.0,99.96897567048765,99.96897567048765
2026-09-13,AMD_DEL,30,6575.0,226,5,4,2026-09-12,6675.0,99.00763358778626,99.00763358778626
2026-09-13,AMD_DEL,45,7093.333333333333,209,6,5,2026-09-12,7113.4,100.02987275979349,100.02987275979349
2026-09-13,BLR_BOM,1,5653.0,279,5,4,2026-09-12,5678.25,99.60613004869666,99.60613004869666
2026-09-13,BLR_BOM,7,5518.4,325,5,4,2026-09-12,5081.25,100.99058719541958,100.99058719541958
2026-09-13,BLR_BOM,15,4660.6,330,5,4,2026-09-12,5102.25,94.0346605557147,94.0346605557147
2026-09-13,BLR_BOM,30,4556.2,340,5,4,2026-09-12,4608.75,98.61889879325521,98.61889879325521
2026-09-13,BLR_BOM,45,6356.5,376,6,4,2026-09-12,5769.5,99.41036029518159,99.41036029518159
2026-09-13,BLR_DEL,1,6876.6,332,5,4,2026-09-12,6467.0,99.58553791887125,99.58553791887125
2026-09-13,BLR_DEL,7,6618.75,375,4,3,2026-09-12,5939.666666666667,100.0,100.0
2026-09-13,BLR_DEL,15,6876.6,383,5,4,2026-09-12,6545.75,98.70748299319727,98.70748299319727
2026-09-13,BLR_DEL,30,7602.4,399,5,4,2026-09-12,7191.5,98.2261402243571,98.2261402243571
2026-09-13,BLR_DEL,45,8650.0,469,6,4,2026-09-12,7013.0,100.93141405588484,100.93141405588484
2026-09-13,BLR_HYD,1,5879.75,245,4,3,2026-09-12,4808.333333333333,106.81554701324058,106.81554701324058
2026-09-13,BLR_HYD,7,4894.75,269,4,3,2026-09-12,4808.333333333333,101.02507779608273,101.02507779608273
2026-09-13,BLR_HYD,15,7113.8,286,5,4,2026-09-12,7865.0,99.00498972703258,99.00498972703258
2026-09-13,BLR_HYD,30,7893.2,291,5,4,2026-09-12,8194.75,94.76863867162595,94.76863867162595
2026-09-13,BLR_HYD,45,7612.0,300,5,4,2026-09-12,8160.75,100.9187423438138,100.9187423438138
2026-09-13,BOM_BLR,1,5431.4,306,5,4,2026-09-12,5379.25,101.50594446880625,101.50594446880625
2026-09-13,BOM_BLR,7,5774.2,311,5,4,2026-09-12,5277.75,101.84791843670348,101.84791843670348
2026-09-13,BOM_BLR,15,5140.0,332,5,4,2026-09-12,5327.5,96.37590475217758,96.37590475217758
2026-09-13,BOM_BLR,30,4808.6,346,5,4,2026-09-12,4704.75,99.18582375478927,99.18582375478927
2026-09-13,BOM_BLR,45,5986.4,367,5,3,2026-09-12,4890.666666666667,107.638521652271,107.638521652271
2026-09-13,BOM_DEL,1,7242.0,346,6,4,2026-09-12,5511.25,100.0,100.0
2026-09-13,BOM_DEL,7,7467.25,398,6,5,2026-09-12,8966.0,94.04950320935549,94.04950320935549
2026-09-13,BOM_DEL,15,7036.0,394,5,4,2026-09-12,5521.0,99.99619018591892,99.99619018591892
2026-09-13,BOM_DEL,30,5905.5,419,6,5,2026-09-12,5812.6,98.86907483615303,98.86907483615303
2026-09-13,BOM_DEL,45,6207.0,381,6,4,2026-09-12,5661.625,100.98230255784658,100.98230255784658
2026-09-13,BOM_GOI,1,4617.75,201,4,3,2026-09-12,5492.0,88.30636173153225,88.30636173153225
2026-09-13,BOM_GOI,7,4605.75,253,4,3,2026-09-12,4836.0,95.5840855459661,95.5840855459661
2026-09-13,BOM_GOI,15,4685.625,246,4,3,2026-09-12,4611.666666666667,103.18541328358738,103.18541328358738
2026-09-13,BOM_GOI,30,4296.5,276,4,3,2026-09-12,4208.0,99.54747474747474,99.54747474747474
2026-09-13,BOM_GOI,45,5051.4,279,5,4,2026-09-12,4987.0,103.59484251968505,103.59484251968505
2026-09-13,BOM_MAA,1,5776.9,267,5,4,2026-09-12,5659.5,97.460416765348,97.460416765348
2026-09-13,BOM_MAA,7,6080.9,325,5,4,2026-09-12,5414.5,106.89310364960187,106.89310364960187
2026-09-13,BOM_MAA,15,5726.5,318,4,3,2026-09-12,5503.0,97.57656458055925,97.57656458055925
2026-09-13,BOM_MAA,30,5813.0,336,5,4,2026-09-12,5556.25,99.61284017440987,99.61284017440987
2026-09-13,BOM_MAA,45,5833.6,317,5,3,2026-09-12,5216.666666666667,100.0,100.0
2026-09-13,CCU_DEL,1,6477.0,263,4,3,2026-09-12,5841.333333333333,97.17302052785924,97.17302052785924
2026-09-13,CCU_DEL,7,9819.833333333334,322,6,5,2026-09-12,10110.4,98.34099316220156,98.34099316220156
2026-09-13,CCU_DEL,15,6738.75,307,4,3,2026-09-12,5613.666666666667,104.2803706537448,104.2803706537448
2026-09-13,CCU_DEL,30,8692.666666666666,289,6,5,2026-09-12,8671.8,99.04133710569018,99.04133710569018
2026-09-13,CCU_DEL,45,8075.5,350,6,5,2026-09-12,7393.6,103.51962267612025,103.51962267612025
2026-09-13,DEL_AMD,1,6606.4,188,5,4,2026-09-12,7123.75,95.6212698920268,95.6212698920268
2026-09-13,DEL_AMD,7,6281.4,223,5,4,2026-09-12,6247.0,101.93105649537185,101.93105649537185
2026-09-13,DEL_AMD,15,6080.6,225,5,4,2026-09-12,6225.75,98.50872325054956,98.50872325054956
2026-09-13,DEL_AMD,30,6252.7,231,5,4,2026-09-12,6215.5,101.11069118356895,101.11069118356895
2026-09-13,DEL_AMD,45,6747.833333333333,242,6,5,2026-09-12,7053.2,97.89763401786793,97.89763401786793
2026-09-13,DEL_BLR,1,7527.2,353,5,4,2026-09-12,6742.5,102.55688033253118,102.55688033253118
2026-09-13,DEL_BLR,7,7593.6,400,5,4,2026-09-12,6742.5,102.55688033253118,102.55688033253118
2026-09-13,DEL_BLR,15,7155.6,393,5,4,2026-09-12,6905.5,97.53675719828466,97.53675719828466
2026-09-13,DEL_BLR,30,7615.8,400,5,4,2026-09-12,6853.0,101.00288285578466,101.00288285578466
2026-09-13,DEL_BLR,45,7733.0,470,5,4,2026-09-12,7091.75,99.09746342490264,99.09746342490264
2026-09-13,DEL_BOM,1,8581.5,354,6,4,2026-09-12,5514.75,100.0,100.0
2026-09-13,DEL_BOM,7,9623.666666666666,387,6,5,2026-09-12,7111.8,113.66074074074075,113.66074074074075
2026-09-13,DEL_BOM,15,8600.333333333334,392,6,4,2026-09-12,5514.75,100.0,100.0
2026-09-13,DEL_BOM,30,5879.333333333333,408,6,4,2026-09-12,5514.75,98.31546707503828,98.31546707503828
2026-09-13,DEL_BOM,45,6064.333333333333,431,6,4,2026-09-12,5538.75,99.89591076297063,99.89591076297063
2026-09-13,DEL_CCU,1,6773.4,267,5,4,2026-09-12,6245.5,99.25570833858963,99.25570833858963
2026-09-13,DEL_CCU,7,7639.833333333333,325,6,4,2026-09-12,6123.5,101.58844116190238,101.58844116190238
2026-09-13,DEL_CCU,15,6916.4,312,5,4,2026-09-12,6186.5,101.93023833167825,101.93023833167825
2026-09-13,DEL_CCU,30,9262.666666666666,333,6,4,2026-09-12,7395.25,103.31741760078503,103.31741760078503
2026-09-13,DEL_CCU,45,7933.333333333333,311,6,4,2026-09-12,6932.0,99.89575103637279,99.89575103637279
2026-09-13,DEL_GOI,1,6296.5,253,4,3,2026-09-12,5873.333333333333,100.65730967018521,100.65730967018521
2026-09-13,DEL_GOI,7,6760.75,303,4,3,2026-09-12,6055.666666666667,100.8435136707388,100.8435136707388
2026-09-13,DEL_GOI,15,6348.75,310,4,3,2026-09-12,5952.666666666667,98.52504044850811,98.52504044850811
2026-09-13,DEL_GOI,30,5664.5,322,4,3,2026-09-12,5492.333333333333,95.01203530355708,95.01203530355708
2026-09-13,DEL_GOI,45,7749.6,303,5,4,2026-09-12,7548.25,104.18891855807743,104.18891855807743
2026-09-13,DEL_HYD,1,7125.0,263,5,4,2026-09-12,6395.75,102.82409434720975,102.82409434720975
2026-09-13,DEL_HYD,7,7260.0,302,5,4,2026-09-12,6515.25,101.50568377812957,101.50568377812957
2026-09-13,DEL_HYD,15,6875.6,312,5,3,2026-09-12,5941.333333333333,97.13692162417374,97.13692162417374
2026-09-13,DEL_HYD,30,6996.0,314,5,4,2026-09-12,6479.0,99.55367231638418,99.55367231638418
2026-09-13,DEL_HYD,45,7963.166666666667,342,6,5,2026-09-12,7686.6,99.42411812961444,99.42411812961444
2026-09-13,DEL_MAA,1,7229.25,257,4,3,2026-09-12,6332.666666666667,100.72673934060072,100.72673934060072
2026-09-13,DEL_MAA,7,8384.0,301,4,3,2026-09-12,6306.333333333333,113.07795698924731,113.07795698924731
2026-09-13,DEL_MAA,15,7175.5,300,4,3,2026-09-12,6822.0,95.74140286619576,95.74140286619576
2026-09-13,DEL_MAA,30,6940.0,295,4,3,2026-09-12,6306.333333333333,97.11021505376344,97.11021505376344
2026-09-13,DEL_MAA,45,7874.6,350,5,4,2026-09-12,7409.625,100.06632876983214,100.06632876983214
2026-09-13,HYD_BLR,1,8753.0,256,5,4,2026-09-12,8142.25,111.8551366052397,111.8551366052397
2026-09-13,HYD_BLR,7,7600.8,284,5,4,2026-09-12,8085.5,98.8699519365993,98.8699519365993
2026-09-13,HYD_BLR,15,7111.3,289,5,4,2026-09-12,8311.25,90.55001234589893,90.55001234589893
2026-09-13,HYD_BLR,30,7111.2,300,5,4,2026-09-12,7752.75,96.98821359375958,96.98821359375958
2026-09-13,HYD_BLR,45,7536.6,293,5,4,2026-09-12,8163.25,96.80424157062845,96.80424157062845
2026-09-13,HYD_DEL,1,6934.2,266,5,4,2026-09-12,6446.75,100.88636363636364,100.88636363636364
2026-09-13,HYD_DEL,7,6852.8,311,5,4,2026-09-12,6351.75,100.88322796578655,100.88322796578655
2026-09-13,HYD_DEL,15,6714.0,322,5,4,2026-09-12,6176.75,100.90933152225195,100.90933152225195
2026-09-13,HYD_DEL,30,6720.2,305,5,4,2026-09-12,6319.0,98.79610645585609,98.79610645585609
2026-09-13,HYD_DEL,45,7960.166666666667,348,6,5,2026-09-12,7666.2,101.37928402750848,101.37928402750848
2026-09-13,MAA_BOM,1,6390.5,273,5,4,2026-09-12,6309.75,96.78825376699467,96.78825376699467
2026-09-13,MAA_BOM,7,6715.9,328,5,3,2026-09-12,5802.0,102.66841124459775,102.66841124459775
2026-09-13,MAA_BOM,15,6286.4,322,5,4,2026-09-12,6214.0,96.43019554342882,96.43019554342882
2026-09-13,MAA_BOM,30,6285.6,333,5,4,2026-09-12,5770.0,101.85185185185185,101.85185185185185
2026-09-13,MAA_BOM,45,6440.8,319,5,4,2026-09-12,6059.25,100.43842556508184,100.43842556508184
2026-09-13,MAA_DEL,1,7101.75,256,4,3,2026-09-12,6533.0,97.41509433962263,97.41509433962263
2026-09-13,MAA_DEL,7,8042.4,307,5,3,2026-09-12,6329.0,99.29915899078894,99.29915899078894
2026-09-13,MAA_DEL,15,7193.75,309,4,3,2026-09-12,7028.333333333333,94.64945667163109,94.64945667163109
2026-09-13,MAA_DEL,30,7749.2,331,5,4,2026-09-12,7510.75,97.64887896926042,97.64887896926042
2026-09-13,MAA_DEL,45,8441.0,329,5,3,2026-09-12,6259.0,100.0,100.0
2026-09-14,AMD_DEL,1,5620.5,219,4,4,2026-09-13,5418.5,103.18246696944735,103.18246696944735
2026-09-14,AMD_DEL,7,6327.4,202,5,5,2026-09-13,6381.8,99.01301387415683,99.01301387415683
2026-09-14,AMD_DEL,15,6316.0,156,5,5,2026-09-13,6349.6,99.66275218307739,99.66275218307739
2026-09-14,AMD_DEL,30,6659.2,231,5,5,2026-09-13,6575.0,100.8396406661611,100.8396406661611
2026-09-14,AMD_DEL,45,7032.333333333333,241,6,6,2026-09-13,7093.333333333333,99.29282776214923,99.29282776214923
2026-09-14,BLR_BOM,1,5847.8,318,5,5,2026-09-13,5653.0,103.37206481212289,103.37206481212289
2026-09-14,BLR_BOM,7,4924.0,305,5,5,2026-09-13,5518.4,91.55194175820401,91.55194175820401
2026-09-14,BLR_BOM,15,4947.4,312,5,5,2026-09-13,4660.6,106.23703866835508,106.23703866835508
2026-09-14,BLR_BOM,30,4731.0,343,5,5,2026-09-13,4556.2,103.73629139072848,103.73629139072848
2026-09-14,BLR_BOM,45,6769.333333333333,370,6,6,2026-09-13,6356.5,105.57222319403395,105.57222319403395
2026-09-14,BLR_DEL,1,7024.6,353,5,5,2026-09-13,6876.6,101.76948828311814,101.76948828311814
2026-09-14,BLR_DEL,7,6876.6,392,5,4,2026-09-13,6618.75,98.70748299319727,98.70748299319727
2026-09-14,BLR_DEL,15,6876.6,376,5,5,2026-09-13,6876.6,100.0,100.0
2026-09-14,BLR_DEL,30,7602.4,394,5,5,2026-09-13,7602.4,100.0,100.0
2026-09-14,BLR_DEL,45,8823.833333333334,461,6,6,2026-09-13,8650.0,101.78423670353096,101.78423670353096
2026-09-14,BLR_HYD,1,9387.6,290,5,4,2026-09-13,5879.75,122.1992969585817,122.1992969585817
2026-09-14,BLR_HYD,7,7284.0,295,5,4,2026-09-13,4894.75,103.21247458105174,103.21247458105174
2026-09-14,BLR_HYD,15,7226.6,287,5,5,2026-09-13,7113.8,100.23365576676035,100.23365576676035
2026-09-14,BLR_HYD,30,8612.8,292,5,5,2026-09-13,7893.2,116.74599262518919,116.74599262518919
2026-09-14,BLR_HYD,45,7737.9,310,5,5,2026-09-13,7612.0,101.1404694573159,101.1404694573159
2026-09-14,BOM_BLR,1,5769.75,321,4,4,2026-09-13,5314.5,108.36021623944367,108.36021623944367
2026-09-14,BOM_BLR,7,5765.8,325,5,5,2026-09-13,5774.2,99.91041916607497,99.91041916607497
2026-09-14,BOM_BLR,15,5204.25,321,4,4,2026-09-13,5162.5,100.66206787186806,100.66206787186806
2026-09-14,BOM_BLR,30,4882.4,339,5,5,2026-09-13,4808.6,101.46138613861386,101.46138613861386
2026-09-14,BOM_BLR,45,6064.333333333333,358,6,5,2026-09-13,5986.4,101.2008548148647,101.2008548148647
2026-09-14,BOM_DEL,1,6017.75,383,6,6,2026-09-13,7242.0,91.6524614755216,91.6524614755216
2026-09-14,BOM_DEL,7,8560.166666666666,392,6,6,2026-09-13,7467.25,106.83992030958268,106.83992030958268
2026-09-14,BOM_DEL,15,7492.666666666667,389,6,5,2026-09-13,7036.0,90.29396044895778,90.29396044895778
2026-09-14,BOM_DEL,30,5560.75,379,4,4,2026-09-13,5482.5,101.26413570274636,101.26413570274636
2026-09-14,BOM_DEL,45,6343.333333333333,414,6,6,2026-09-13,6207.0,101.95447183089709,101.95447183089709
2026-09-14,BOM_GOI,1,5322.5,192,4,4,2026-09-13,4617.75,114.7429430492066,114.7429430492066
2026-09-14,BOM_GOI,7,4580.25,248,4,4,2026-09-13,4605.75,99.49983116044163,99.49983116044163
2026-09-14,BOM_GOI,15,4855.25,245,4,4,2026-09-13,4685.625,103.5380667155497,103.5380667155497
2026-09-14,BOM_GOI,30,4339.25,240,4,4,2026-09-13,4296.5,101.20036212706303,101.20036212706303
2026-09-14,BOM_GOI,45,5469.4,279,5,5,2026-09-13,5051.4,109.00199954093587,109.00199954093587
2026-09-14,BOM_MAA,1,6015.3,299,5,5,2026-09-13,5776.9,103.66432227552279,103.66432227552279
2026-09-14,BOM_MAA,7,6024.2,290,5,5,2026-09-13,6080.9,99.0987840737503,99.0987840737503
2026-09-14,BOM_MAA,15,5720.2,319,5,4,2026-09-13,5726.5,98.87636415852958,98.87636415852958
2026-09-14,BOM_MAA,30,5813.0,335,5,5,2026-09-13,5813.0,100.0,100.0
2026-09-14,BOM_MAA,45,5833.6,315,5,5,2026-09-13,5833.6,100.0,100.0
2026-09-14,CCU_DEL,1,6817.8,276,5,4,2026-09-13,6477.0,100.0,100.0
2026-09-14,CCU_DEL,7,6790.0,318,5,5,2026-09-13,7142.8,96.212643953362,96.212643953362
2026-09-14,CCU_DEL,15,6807.0,276,5,4,2026-09-13,6738.75,96.07865295513618,96.07865295513618
2026-09-14,CCU_DEL,30,10445.666666666666,311,6,6,2026-09-13,8692.666666666666,119.76100012728223,119.76100012728223
2026-09-14,CCU_DEL,45,7292.0,316,6,6,2026-09-13,8075.5,92.5206015543723,92.5206015543723
2026-09-14,DEL_AMD,1,6887.6,214,5,5,2026-09-13,6606.4,104.73441758018342,104.73441758018342
2026-09-14,DEL_AMD,7,6101.6,197,5,5,2026-09-13,6281.4,97.3362962962963,97.3362962962963
2026-09-14,DEL_AMD,15,6160.6,175,5,5,2026-09-13,6080.6,100.84539786537039,100.84539786537039
2026-09-14,DEL_AMD,30,6472.4,207,5,5,2026-09-13,6252.7,102.50986459187007,102.50986459187007
2026-09-14,DEL_AMD,45,6871.166666666667,245,6,6,2026-09-13,6747.833333333333,101.6189844259706,101.6189844259706
2026-09-14,DEL_BLR,1,8045.4,363,5,5,2026-09-13,7527.2,105.32524920357619,105.32524920357619
2026-09-14,DEL_BLR,7,6815.5,369,4,4,2026-09-13,7284.75,95.34010483384074,95.34010483384074
2026-09-14,DEL_BLR,15,7188.0,379,5,5,2026-09-13,7155.6,100.36697247706422,100.36697247706422
2026-09-14,DEL_BLR,30,7502.0,411,5,5,2026-09-13,7615.8,98.75757958223139,98.75757958223139
2026-09-14,DEL_BLR,45,7773.4,461,5,5,2026-09-13,7733.0,100.46327069438249,100.46327069438249
2026-09-14,DEL_BOM,1,6339.5,412,6,6,2026-09-13,8581.5,90.13247656353154,90.13247656353154
2026-09-14,DEL_BOM,7,8168.0,364,6,6,2026-09-13,9623.666666666666,93.65515310657567,93.65515310657567
2026-09-14,DEL_BOM,15,8581.5,398,6,6,2026-09-13,8600.333333333334,99.72393237564741,99.72393237564741
2026-09-14,DEL_BOM,30,5914.333333333333,419,6,6,2026-09-13,5879.333333333333,100.57471264367815,100.57471264367815
2026-09-14,DEL_BOM,45,6159.833333333333,426,6,6,2026-09-13,6064.333333333333,101.46248085758039,101.46248085758039
2026-09-14,DEL_CCU,1,6787.6,303,5,5,2026-09-13,6773.4,100.20195099005957,100.20195099005957
2026-09-14,DEL_CCU,7,6744.0,315,5,5,2026-09-13,6839.2,98.83775456399837,98.83775456399837
2026-09-14,DEL_CCU,15,6897.8,273,5,5,2026-09-13,6916.4,99.7981332754504,99.7981332754504
2026-09-14,DEL_CCU,30,10243.166666666666,309,6,6,2026-09-13,9262.666666666666,109.23942008335501,109.23942008335501
2026-09-14,DEL_CCU,45,8530.833333333334,312,6,6,2026-09-13,7933.333333333333,105.96917456512561,105.96917456512561
2026-09-14,DEL_GOI,1,6054.75,315,4,4,2026-09-13,6296.5,97.16259719811531,97.16259719811531
2026-09-14,DEL_GOI,7,6369.0,312,4,4,2026-09-13,6760.75,95.64915400671478,95.64915400671478
2026-09-14,DEL_GOI,15,6742.0,325,4,4,2026-09-13,6348.75,104.8322236338588,104.8322236338588
2026-09-14,DEL_GOI,30,5664.5,295,4,4,2026-09-13,5664.5,100.0,100.0
2026-09-14,DEL_GOI,45,7780.6,319,5,5,2026-09-13,7749.6,100.58672587858425,100.58672587858425
2026-09-14,DEL_HYD,1,6999.8,244,5,5,2026-09-13,7125.0,98.58130311614731,98.58130311614731
2026-09-14,DEL_HYD,7,6934.6,257,5,5,2026-09-13,7260.0,96.70777789988556,96.70777789988556
2026-09-14,DEL_HYD,15,6905.1,278,5,5,2026-09-13,6875.6,100.3646477132262,100.3646477132262
2026-09-14,DEL_HYD,30,7197.2,316,5,5,2026-09-13,6996.0,102.31477220432582,102.31477220432582
2026-09-14,DEL_HYD,45,8019.666666666667,347,6,6,2026-09-13,7963.166666666667,100.61566960880462,100.61566960880462
2026-09-14,DEL_MAA,1,8620.4,309,5,4,2026-09-13,7229.25,99.47391602231575,99.47391602231575
2026-09-14,DEL_MAA,7,7155.0,301,4,4,2026-09-13,8384.0,90.56845471354593,90.56845471354593
2026-09-14,DEL_MAA,15,8149.2,323,5,4,2026-09-13,7175.5,99.79504099180164,99.79504099180164
2026-09-14,DEL_MAA,30,9555.8,328,5,4,2026-09-13,6940.0,123.78620760746315,123.78620760746315
2026-09-14,DEL_MAA,45,7898.2,340,5,5,2026-09-13,7874.6,100.2387697288547,100.2387697288547
2026-09-14,HYD_BLR,1,10328.6,294,5,5,2026-09-13,8753.0,122.8101656525595,122.8101656525595
2026-09-14,HYD_BLR,7,7249.0,296,5,5,2026-09-13,7600.8,94.10753303121933,94.10753303121933
2026-09-14,HYD_BLR,15,4875.25,289,4,4,2026-09-13,4690.375,103.93560404470463,103.93560404470463
2026-09-14,HYD_BLR,30,7258.4,289,5,5,2026-09-13,7111.2,103.02014881238911,103.02014881238911
2026-09-14,HYD_BLR,45,7537.0,298,5,5,2026-09-13,7536.6,101.06505047597628,101.06505047597628
2026-09-14,HYD_DEL,1,7037.5,285,5,5,2026-09-13,6934.2,101.24269316617594,101.24269316617594
2026-09-14,HYD_DEL,7,6811.6,323,5,5,2026-09-13,6852.8,99.5055902018419,99.5055902018419
2026-09-14,HYD_DEL,15,6683.2,309,5,5,2026-09-13,6714.0,99.6601467557708,99.6601467557708
2026-09-14,HYD_DEL,30,6766.7,324,5,5,2026-09-13,6720.2,100.57242773316707,100.57242773316707
2026-09-14,HYD_DEL,45,8234.833333333334,342,6,6,2026-09-13,7960.166666666667,102.48372633784673,102.48372633784673
2026-09-14,MAA_BOM,1,6710.2,317,5,5,2026-09-13,6390.5,104.22921645746715,104.22921645746715
2026-09-14,MAA_BOM,7,6424.0,316,5,5,2026-09-13,6715.9,96.79677019905823,96.79677019905823
2026-09-14,MAA_BOM,15,6275.8,327,5,5,2026-09-13,6286.4,99.86465781409602,99.86465781409602
2026-09-14,MAA_BOM,30,6181.6,333,5,5,2026-09-13,6285.6,98.62068965517241,98.62068965517241
2026-09-14,MAA_BOM,45,6499.4,317,5,5,2026-09-13,6440.8,100.77718832891246,100.77718832891246
2026-09-14,MAA_DEL,1,9057.2,312,5,4,2026-09-13,7101.75,107.93604361583115,107.93604361583115
2026-09-14,MAA_DEL,7,8240.4,311,5,5,2026-09-13,8042.4,101.80790577504203,101.80790577504203
2026-09-14,MAA_DEL,15,7992.0,274,5,4,2026-09-13,7193.75,99.99507194953677,99.99507194953677
2026-09-14,MAA_DEL,30,7916.9,331,5,5,2026-09-13,7749.2,101.49906141056583,101.49906141056583
2026-09-14,MAA_DEL,45,8441.0,302,5,5,2026-09-13,8441.0,100.0,100.0
2026-09-15,AMD_DEL,1,6244.25,147,4,4,2026-09-14,5620.5,108.8125216629757,108.8125216629757
2026-09-15,AMD_DEL,7,6316.0,197,5,5,2026-09-14,6327.4,100.01379582634114,100.01379582634114
2026-09-15,AMD_DEL,15,6417.4,187,5,5,2026-09-14,6316.0,101.01542540857038,101.01542540857038
2026-09-15,AMD_DEL,30,6598.6,189,5,5,2026-09-14,6659.2,99.3874368880158,99.3874368880158
2026-09-15,AMD_DEL,45,6896.5,230,6,6,2026-09-14,7032.333333333333,97.574067205887,97.574067205887
2026-09-15,BLR_BOM,1,6108.2,309,5,5,2026-09-14,5847.8,103.83877463812362,103.83877463812362
2026-09-15,BLR_BOM,7,4482.8,332,5,5,2026-09-14,4924.0,92.39057625645499,92.39057625645499
2026-09-15,BLR_BOM,15,5031.0,324,5,5,2026-09-14,4947.4,101.60920981658327,101.60920981658327
2026-09-15,BLR_BOM,30,4799.25,342,4,4,2026-09-14,4629.25,103.53522746196666,103.53522746196666
2026-09-15,BLR_BOM,45,6777.4,351,5,5,2026-09-14,6479.6,104.09722009821674,104.09722009821674
2026-09-15,BLR_DEL,1,7093.2,334,5,5,2026-09-14,7024.6,100.79914438880681,100.79914438880681
2026-09-15,BLR_DEL,7,6853.6,382,5,5,2026-09-14,6876.6,99.72501195600191,99.72501195600191
2026-09-15,BLR_DEL,15,7144.8,404,5,5,2026-09-14,6876.6,103.20659971305595,103.20659971305595
2026-09-15,BLR_DEL,30,8169.6,399,5,5,2026-09-14,7602.4,105.4610725127994,105.4610725127994
2026-09-15,BLR_DEL,45,8456.8,453,5,5,2026-09-14,7998.2,104.34994901131662,104.34994901131662
2026-09-15,BLR_HYD,1,7862.0,260,5,5,2026-09-14,9387.6,86.95271660537118,86.95271660537118
2026-09-15,BLR_HYD,7,4970.75,278,4,4,2026-09-14,5050.5,98.61629215642418,98.61629215642418
2026-09-15,BLR_HYD,15,4781.5,285,4,4,2026-09-14,4756.25,100.87211141190022,100.87211141190022
2026-09-15,BLR_HYD,30,6777.75,287,4,4,2026-09-14,5937.0,111.57224161513466,111.57224161513466
2026-09-15,BLR_HYD,45,8509.6,297,5,5,2026-09-14,7737.9,110.94229964496995,110.94229964496995
2026-09-15,BOM_BLR,1,5630.75,302,4,4,2026-09-14,5769.75,98.02221967721631,98.02221967721631
2026-09-15,BOM_BLR,7,5127.4,300,5,5,2026-09-14,5765.8,91.35952413546043,91.35952413546043
2026-09-15,BOM_BLR,15,5231.8,331,5,4,2026-09-14,5204.25,95.97172871929553,95.97172871929553
2026-09-15,BOM_BLR,30,4823.0,348,5,5,2026-09-14,4882.4,98.8662814080989,98.8662814080989
2026-09-15,BOM_BLR,45,6422.5,369,6,6,2026-09-14,6064.333333333333,105.66820138088093,105.66820138088093
2026-09-15,BOM_DEL,1,6105.916666666667,362,6,6,2026-09-14,6017.75,101.2043803929604,101.2043803929604
2026-09-15,BOM_DEL,7,6314.5,384,6,6,2026-09-14,8560.166666666666,89.12784235753008,89.12784235753008
2026-09-15,BOM_DEL,15,8595.0,388,6,6,2026-09-14,7492.666666666667,106.83320935614513,106.83320935614513
2026-09-15,BOM_DEL,30,5967.333333333333,403,6,4,2026-09-14,5560.75,100.22297401199447,100.22297401199447
2026-09-15,BOM_DEL,45,6689.333333333333,415,6,6,2026-09-14,6343.333333333333,104.7955370012957,104.7955370012957
2026-09-15,BOM_GOI,1,5512.5,228,4,4,2026-09-14,5322.5,103.18854628462367,103.18854628462367
2026-09-15,BOM_GOI,7,4346.25,243,4,4,2026-09-14,4580.25,95.50686123817107,95.50686123817107
2026-09-15,BOM_GOI,15,6849.0,251,4,4,2026-09-14,4855.25,138.0860637536975,138.0860637536975
2026-09-15,BOM_GOI,30,5022.5,246,4,4,2026-09-14,4339.25,115.28568163216512,115.28568163216512
2026-09-15,BOM_GOI,45,5901.8,281,5,5,2026-09-14,5469.4,106.67998906001375,106.67998906001375
2026-09-15,BOM_MAA,1,6028.5,288,5,5,2026-09-14,6015.3,100.19536742396211,100.19536742396211
2026-09-15,BOM_MAA,7,5699.6,309,5,5,2026-09-14,6024.2,96.02741402521112,96.02741402521112
2026-09-15,BOM_MAA,15,5641.75,312,4,4,2026-09-14,5648.25,99.90638052714965,99.90638052714965
2026-09-15,BOM_MAA,30,5833.6,297,5,5,2026-09-14,5813.0,100.31459987782529,100.31459987782529
2026-09-15,BOM_MAA,45,5833.6,289,5,5,2026-09-14,5833.6,100.0,100.0
2026-09-15,CCU_DEL,1,6875.2,277,5,5,2026-09-14,6817.8,100.70162571812736,100.70162571812736
2026-09-15,CCU_DEL,7,7027.2,302,5,5,2026-09-14,6790.0,103.02961235110135,103.02961235110135
2026-09-15,CCU_DEL,15,9771.333333333334,317,6,5,2026-09-14,6807.0,103.7206808738775,103.7206808738775
2026-09-15,CCU_DEL,30,10235.833333333334,363,6,6,2026-09-14,10445.666666666666,98.4076848943311,98.4076848943311
2026-09-15,CCU_DEL,45,7284.4,309,5,5,2026-09-14,6984.4,104.36760650815424,104.36760650815424
2026-09-15,DEL_AMD,1,6662.4,192,5,5,2026-09-14,6887.6,97.0281286817999,97.0281286817999
2026-09-15,DEL_AMD,7,5196.25,220,4,4,2026-09-14,5196.25,100.0,100.0
2026-09-15,DEL_AMD,15,5196.25,218,4,4,2026-09-14,5235.0,99.35481185481186,99.35481185481186
2026-09-15,DEL_AMD,30,6381.2,218,5,5,2026-09-14,6472.4,98.73407782514849,98.73407782514849
2026-09-15,DEL_AMD,45,6640.166666666667,246,6,6,2026-09-14,6871.166666666667,96.4351001918369,96.4351001918369
2026-09-15,DEL_BLR,1,7315.8,352,5,5,2026-09-14,8045.4,93.80804149551457,93.80804149551457
2026-09-15,DEL_BLR,7,7088.0,395,5,4,2026-09-14,6815.5,98.2197549770291,98.2197549770291
2026-09-15,DEL_BLR,15,7764.2,376,5,5,2026-09-14,7188.0,106.5328325267163,106.5328325267163
2026-09-15,DEL_BLR,30,7502.0,407,5,5,2026-09-14,7502.0,100.0,100.0
2026-09-15,DEL_BLR,45,8423.833333333334,485,6,5,2026-09-14,7773.4,101.20600052424756,101.20600052424756
2026-09-15,DEL_BOM,1,5987.666666666667,355,6,6,2026-09-14,6339.5,96.20419318876542,96.20419318876542
2026-09-15,DEL_BOM,7,8747.083333333334,376,6,6,2026-09-14,8168.0,104.1653310952072,104.1653310952072
2026-09-15,DEL_BOM,15,8511.5,404,6,6,2026-09-14,8581.5,99.69191496853131,99.69191496853131
2026-09-15,DEL_BOM,30,5902.0,405,6,6,2026-09-14,5914.333333333333,99.80423280423281,99.80423280423281
2026-09-15,DEL_BOM,45,6061.0,438,5,5,2026-09-14,6002.2,100.89117914519552,100.89117914519552
2026-09-15,DEL_CCU,1,6786.0,271,5,5,2026-09-14,6787.6,99.97976988241244,99.97976988241244
2026-09-15,DEL_CCU,7,6742.4,300,5,5,2026-09-14,6744.0,99.97919646339878,99.97919646339878
2026-09-15,DEL_CCU,15,9400.666666666666,309,6,5,2026-09-14,6897.8,98.22770223553815,98.22770223553815
2026-09-15,DEL_CCU,30,10205.8,343,5,5,2026-09-14,9213.4,108.24458311590008,108.24458311590008
2026-09-15,DEL_CCU,45,7556.4,305,5,5,2026-09-14,7741.2,98.53843720341663,98.53843720341663
2026-09-15,DEL_GOI,1,6327.5,282,4,4,2026-09-14,6054.75,103.60417482293698,103.60417482293698
2026-09-15,DEL_GOI,7,5961.5,286,4,4,2026-09-14,6369.0,95.184218747453,95.184218747453
2026-09-15,DEL_GOI,15,9165.0,286,4,4,2026-09-14,6742.0,127.02614486752469,127.02614486752469
2026-09-15,DEL_GOI,30,6029.0,307,4,4,2026-09-14,5664.5,105.36411234643165,105.36411234643165
2026-09-15,DEL_GOI,45,8401.2,308,5,5,2026-09-14,7780.6,106.06259179681774,106.06259179681774
2026-09-15,DEL_HYD,1,6576.75,263,4,4,2026-09-14,6576.75,100.0,100.0
2026-09-15,DEL_HYD,7,6905.0,309,5,5,2026-09-14,6934.6,99.6469886702445,99.6469886702445
2026-09-15,DEL_HYD,15,6912.0,310,5,5,2026-09-14,6905.1,100.11305221498107,100.11305221498107
2026-09-15,DEL_HYD,30,7153.0,305,5,5,2026-09-14,7197.2,99.59927405258748,99.59927405258748
2026-09-15,DEL_HYD,45,8354.0,350,6,6,2026-09-14,8019.666666666667,102.91088927260965,102.91088927260965
2026-09-15,DEL_MAA,1,8652.8,242,5,5,2026-09-14,8620.4,101.03676492122288,101.03676492122288
2026-09-15,DEL_MAA,7,8190.2,280,5,4,2026-09-14,7155.0,101.0364645854601,101.0364645854601
2026-09-15,DEL_MAA,15,8615.8,306,5,5,2026-09-14,8149.2,104.01846733004945,104.01846733004945
2026-09-15,DEL_MAA,30,7774.2,288,5,5,2026-09-14,9555.8,90.58898103639532,90.58898103639532
2026-09-15,DEL_MAA,45,8108.2,342,5,5,2026-09-14,7898.2,102.00141121659847,102.00141121659847
2026-09-15,HYD_BLR,1,8224.0,262,5,5,2026-09-14,10328.6,84.05485296165044,84.05485296165044
2026-09-15,HYD_BLR,7,7024.0,298,5,5,2026-09-14,7249.0,95.93713311327267,95.93713311327267
2026-09-15,HYD_BLR,15,7821.8,286,5,4,2026-09-14,4875.25,108.67822909532163,108.67822909532163
2026-09-15,HYD_BLR,30,7142.2,298,5,5,2026-09-14,7258.4,97.53383434482411,97.53383434482411
2026-09-15,HYD_BLR,45,7491.2,290,5,5,2026-09-14,7537.0,98.19664888316223,98.19664888316223
2026-09-15,HYD_DEL,1,6769.6,256,5,5,2026-09-14,7037.5,96.9757386893347,96.9757386893347
2026-09-15,HYD_DEL,7,6693.6,294,5,5,2026-09-14,6811.6,98.56644008252643,98.56644008252643
2026-09-15,HYD_DEL,15,6885.6,299,5,5,2026-09-14,6683.2,102.54878251419879,102.54878251419879
2026-09-15,HYD_DEL,30,6800.0,284,5,5,2026-09-14,6766.7,100.39664855998225,100.39664855998225
2026-09-15,HYD_DEL,45,8439.833333333334,341,6,6,2026-09-14,8234.833333333334,101.9046058130153,101.9046058130153
2026-09-15,MAA_BOM,1,6844.5,277,5,5,2026-09-14,6710.2,101.71482467186897,101.71482467186897
2026-09-15,MAA_BOM,7,6313.3,311,5,5,2026-09-14,6424.0,98.56320683826779,98.56320683826779
2026-09-15,MAA_BOM,15,6401.1,317,5,5,2026-09-14,6275.8,101.76068010645083,101.76068010645083
2026-09-15,MAA_BOM,30,6238.6,333,5,5,2026-09-14,6181.6,100.81078952463724,100.81078952463724
2026-09-15,MAA_BOM,45,6450.0,305,5,5,2026-09-14,6499.4,99.36933486531342,99.36933486531342
2026-09-15,MAA_DEL,1,9024.2,265,5,5,2026-09-14,9057.2,99.50589017238369,99.50589017238369
2026-09-15,MAA_DEL,7,10337.0,303,5,5,2026-09-14,8240.4,121.61792881870042,121.61792881870042
2026-09-15,MAA_DEL,15,7330.0,309,4,4,2026-09-14,7193.25,101.41925227912249,101.41925227912249
2026-09-15,MAA_DEL,30,8192.8,315,5,5,2026-09-14,7916.9,102.51810878000552,102.51810878000552
2026-09-15,MAA_DEL,45,8648.0,302,5,5,2026-09-14,8441.0,101.8396179740408,101.8396179740408
2026-09-16,AMD_DEL,1,8752.333333333334,246,6,4,2026-09-15,6244.25,123.19190444440609,123.19190444440609
2026-09-16,AMD_DEL,7,7017.5,182,6,5,2026-09-15,6316.0,113.28272067020956,113.28272067020956
2026-09-16,AMD_DEL,15,7296.75,284,6,5,2026-09-15,6417.4,117.02505518921996,117.02505518921996
2026-09-16,AMD_DEL,30,8010.083333333333,241,6,5,2026-09-15,6598.6,127.24973718488464,127.24973718488464
2026-09-16,AMD_DEL,45,8053.285714285715,259,7,6,2026-09-15,6896.5,122.63018049846728,122.63018049846728
2026-09-16,BLR_BOM,1,6188.833333333333,326,6,5,2026-09-15,6108.2,96.93649966945483,96.93649966945483
2026-09-16,BLR_BOM,7,5241.833333333333,362,6,5,2026-09-15,4482.8,108.87159316349809,108.87159316349809
2026-09-16,BLR_BOM,15,5668.666666666667,417,6,5,2026-09-15,5031.0,107.99594258507686,107.99594258507686
2026-09-16,BLR_BOM,30,6490.5,389,6,4,2026-09-15,4799.25,129.09612663600637,129.09612663600637
2026-09-16,BLR_BOM,45,7539.857142857143,410,7,5,2026-09-15,6777.4,103.18988843247139,103.18988843247139
2026-09-16,BLR_DEL,1,9399.6,473,5,4,2026-09-15,6740.25,117.92529020988188,117.92529020988188
2026-09-16,BLR_DEL,7,7839.583333333333,593,6,5,2026-09-15,6853.6,109.80123210526897,109.80123210526897
2026-09-16,BLR_DEL,15,8821.666666666666,603,6,5,2026-09-15,7144.8,114.20526721988654,114.20526721988654
2026-09-16,BLR_DEL,30,10553.333333333334,592,6,5,2026-09-15,8169.6,119.40309559132122,119.40309559132122
2026-09-16,BLR_DEL,45,10270.833333333334,684,6,5,2026-09-15,8456.8,113.6336869171133,113.6336869171133
2026-09-16,BLR_HYD,1,9280.916666666666,225,6,5,2026-09-15,7862.0,121.32969452519691,121.32969452519691
2026-09-16,BLR_HYD,7,7518.25,295,6,4,2026-09-15,4970.75,105.75956429768226,105.75956429768226
2026-09-16,BLR_HYD,15,7651.666666666667,304,6,4,2026-09-15,4781.5,112.57654758676365,112.57654758676365
2026-09-16,BLR_HYD,30,9878.0,290,6,4,2026-09-15,6777.75,102.84951289269404,102.84951289269404
2026-09-16,BLR_HYD,45,8392.833333333334,298,6,5,2026-09-15,8509.6,101.04649208343565,101.04649208343565
2026-09-16,BOM_BLR,1,5899.8,313,5,4,2026-09-15,5630.75,98.87367295681017,98.87367295681017
2026-09-16,BOM_BLR,7,5549.166666666667,363,6,5,2026-09-15,5127.4,102.24829713695854,102.24829713695854
2026-09-16,BOM_BLR,15,5714.0,361,6,5,2026-09-15,5231.8,103.06058101970481,103.06058101970481
2026-09-16,BOM_BLR,30,5787.833333333333,370,6,5,2026-09-15,4823.0,111.54887980793394,111.54887980793394
2026-09-16,BOM_BLR,45,6758.142857142857,431,7,6,2026-09-15,6422.5,101.64711446390287,101.64711446390287
2026-09-16,BOM_DEL,1,5878.0,427,5,4,2026-09-15,5565.75,100.8945270581021,100.8945270581021
2026-09-16,BOM_DEL,7,6874.5,471,6,5,2026-09-15,6272.8,107.26790153259523,107.26790153259523
2026-09-16,BOM_DEL,15,6610.357142857143,502,7,6,2026-09-15,8595.0,92.6172305757671,92.6172305757671
2026-09-16,BOM_DEL,30,6406.857142857143,487,7,6,2026-09-15,5967.333333333333,103.83330997095993,103.83330997095993
2026-09-16,BOM_DEL,45,6876.285714285715,494,7,6,2026-09-15,6689.333333333333,99.96238983443833,99.96238983443833
2026-09-16,BOM_GOI,1,6275.6,175,5,4,2026-09-15,5512.5,107.92756096368808,107.92756096368808
2026-09-16,BOM_GOI,7,4832.9,260,5,4,2026-09-15,4346.25,107.90613459440836,107.90613459440836
2026-09-16,BOM_GOI,15,6940.6,249,5,4,2026-09-15,6849.0,96.26130945165433,96.26130945165433
2026-09-16,BOM_GOI,30,5498.6,243,5,4,2026-09-15,5022.5,105.47932151705737,105.47932151705737
2026-09-16,BOM_GOI,45,5308.75,275,6,5,2026-09-15,5901.8,91.48621171595454,91.48621171595454
2026-09-16,BOM_MAA,1,6723.6,306,5,4,2026-09-15,5830.0,109.33130436925504,109.33130436925504
2026-09-16,BOM_MAA,7,6138.083333333333,382,6,5,2026-09-15,5699.6,103.9878982240979,103.9878982240979
2026-09-16,BOM_MAA,15,6307.5,411,6,4,2026-09-15,5641.75,108.20956574892526,108.20956574892526
2026-09-16,BOM_MAA,30,6568.583333333333,389,6,5,2026-09-15,5833.6,110.73995708095845,110.73995708095845
2026-09-16,BOM_MAA,45,6448.5,403,6,5,2026-09-15,5833.6,107.64935919493769,107.64935919493769
2026-09-16,CCU_DEL,1,7362.0,257,6,5,2026-09-15,6875.2,102.32029083451796,102.32029083451796
2026-09-16,CCU_DEL,7,8024.285714285715,341,7,5,2026-09-15,7027.2,98.99509867534464,98.99509867534464
2026-09-16,CCU_DEL,15,7523.142857142857,333,7,6,2026-09-15,9771.333333333334,88.94813282709585,88.94813282709585
2026-09-16,CCU_DEL,30,14358.714285714286,355,7,6,2026-09-15,10235.833333333334,125.6619208050032,125.6619208050032
2026-09-16,CCU_DEL,45,8076.857142857143,369,7,5,2026-09-15,7284.4,102.03511412226314,102.03511412226314
2026-09-16,DEL_AMD,1,6957.2,257,5,4,2026-09-15,5745.0,116.11039066903666,116.11039066903666
2026-09-16,DEL_AMD,7,5992.333333333333,233,6,4,2026-09-15,5196.25,98.82093895994485,98.82093895994485
2026-09-16,DEL_AMD,15,6287.166666666667,225,6,4,2026-09-15,5196.25,99.54545454545455,99.54545454545455
2026-09-16,DEL_AMD,30,6266.0,223,6,5,2026-09-15,6381.2,99.63636363636364,99.63636363636364
2026-09-16,DEL_AMD,45,6535.166666666667,227,6,5,2026-09-15,6570.6,101.28444456006403,101.28444456006403
2026-09-16,DEL_BLR,1,8312.5,558,6,5,2026-09-15,7315.8,108.76381792005948,108.76381792005948
2026-09-16,DEL_BLR,7,7868.333333333333,619,6,5,2026-09-15,7088.0,106.79924197813727,106.79924197813727
2026-09-16,DEL_BLR,15,8435.25,638,6,5,2026-09-15,7764.2,105.04008728322819,105.04008728322819
2026-09-16,DEL_BLR,30,9490.0,658,7,5,2026-09-15,7502.0,112.29679626751124,112.29679626751124
2026-09-16,DEL_BLR,45,8911.666666666666,700,6,5,2026-09-15,7889.0,107.26889799495709,107.26889799495709
2026-09-16,DEL_BOM,1,6329.714285714285,430,7,6,2026-09-15,5987.666666666667,103.79544855833286,103.79544855833286
2026-09-16,DEL_BOM,7,7181.333333333333,493,6,5,2026-09-15,9190.5,89.16040328798135,89.16040328798135
2026-09-16,DEL_BOM,15,6156.0,526,7,6,2026-09-15,8511.5,89.31909364735121,89.31909364735121
2026-09-16,DEL_BOM,30,6154.0,467,5,4,2026-09-15,5483.5,106.03501568844456,106.03501568844456
2026-09-16,DEL_BOM,45,6328.428571428572,511,7,5,2026-09-15,6061.0,100.00490687490108,100.00490687490108
2026-09-16,DEL_CCU,1,7484.333333333333,376,6,5,2026-09-15,6786.0,104.47752298328176,104.47752298328176
2026-09-16,DEL_CCU,7,8941.857142857143,479,7,5,2026-09-15,6742.4,114.20098683042845,114.20098683042845
2026-09-16,DEL_CCU,15,7805.857142857143,443,7,6,2026-09-15,9400.666666666666,94.93654021801429,94.93654021801429
2026-09-16,DEL_CCU,30,13286.333333333334,442,6,5,2026-09-15,10205.8,114.25248412433261,114.25248412433261
2026-09-16,DEL_CCU,45,9086.142857142857,456,7,5,2026-09-15,7556.4,117.50085084965126,117.50085084965126
2026-09-16,DEL_GOI,1,8018.1,374,5,4,2026-09-15,6327.5,113.15801727883665,113.15801727883665
2026-09-16,DEL_GOI,7,7841.25,412,4,4,2026-09-15,5961.5,125.37571050218753,125.37571050218753
2026-09-16,DEL_GOI,15,9959.5,394,4,4,2026-09-15,9165.0,105.49139164033191,105.49139164033191
2026-09-16,DEL_GOI,30,9406.0,425,5,4,2026-09-15,6029.0,145.18557386504142,145.18557386504142
2026-09-16,DEL_GOI,45,8510.166666666666,412,6,5,2026-09-15,8401.2,104.56627314458765,104.56627314458765
2026-09-16,DEL_HYD,1,8372.6,371,5,4,2026-09-15,6576.75,118.8039006974243,118.8039006974243
2026-09-16,DEL_HYD,7,8125.0,437,6,5,2026-09-15,6905.0,112.34917894155933,112.34917894155933
2026-09-16,DEL_HYD,15,8474.4,466,5,4,2026-09-15,6543.75,119.28660262841541,119.28660262841541
2026-09-16,DEL_HYD,30,9227.333333333334,491,6,5,2026-09-15,7153.0,120.03397310093249,120.03397310093249
2026-09-16,DEL_HYD,45,8956.083333333334,545,6,5,2026-09-15,7282.2,117.95932985175575,117.95932985175575
2026-09-16,DEL_MAA,1,8910.333333333334,281,6,5,2026-09-15,8652.8,99.3578935512914,99.3578935512914
2026-09-16,DEL_MAA,7,7871.9,311,5,4,2026-09-15,7256.0,100.62754768983076,100.62754768983076
2026-09-16,DEL_MAA,15,10415.666666666666,319,6,5,2026-09-15,8615.8,119.18778143784009,119.18778143784009
2026-09-16,DEL_MAA,30,8519.5,343,6,5,2026-09-15,7774.2,104.11599069802094,104.11599069802094
2026-09-16,DEL_MAA,45,8716.833333333334,328,6,5,2026-09-15,8108.2,102.48449348482207,102.48449348482207
2026-09-16,HYD_BLR,1,10304.0,257,6,5,2026-09-15,8224.0,120.51380744666122,120.51380744666122
2026-09-16,HYD_BLR,7,7760.333333333333,295,6,5,2026-09-15,7024.0,116.26517892054372,116.26517892054372
2026-09-16,HYD_BLR,15,7813.0,403,6,5,2026-09-15,7821.8,103.73996364893269,103.73996364893269
2026-09-16,HYD_BLR,30,7223.666666666667,304,6,5,2026-09-15,7142.2,106.90703877975068,106.90703877975068
2026-09-16,HYD_BLR,45,4723.2,304,5,4,2026-09-15,4627.0,100.63786008230453,100.63786008230453
2026-09-16,HYD_DEL,1,8270.083333333334,348,6,5,2026-09-15,6769.6,116.7969614783919,116.7969614783919
2026-09-16,HYD_DEL,7,7910.333333333333,462,6,5,2026-09-15,6693.6,113.66980725604193,113.66980725604193
2026-09-16,HYD_DEL,15,8650.1,436,5,4,2026-09-15,6445.25,122.7832339228911,122.7832339228911
2026-09-16,HYD_DEL,30,9319.583333333334,465,6,5,2026-09-15,6800.0,126.66536872597536,126.66536872597536
2026-09-16,HYD_DEL,45,9060.666666666666,500,6,5,2026-09-15,7176.6,121.76376266313882,121.76376266313882
2026-09-16,MAA_BOM,1,7274.25,255,6,5,2026-09-15,6844.5,100.51500905569974,100.51500905569974
2026-09-16,MAA_BOM,7,6501.083333333333,337,6,5,2026-09-15,6313.3,99.63636363636364,99.63636363636364
2026-09-16,MAA_BOM,15,6600.5,321,6,5,2026-09-15,6401.1,99.10346919324428,99.10346919324428
2026-09-16,MAA_BOM,30,6583.0,319,6,5,2026-09-15,6238.6,101.14848526353799,101.14848526353799
2026-09-16,MAA_BOM,45,6729.166666666667,294,6,5,2026-09-15,6450.0,100.60956641990614,100.60956641990614
2026-09-16,MAA_DEL,1,9425.7,399,5,4,2026-09-15,7666.25,113.7243922701831,113.7243922701831
2026-09-16,MAA_DEL,7,9271.083333333334,417,6,5,2026-09-15,10337.0,96.63908817082697,96.63908817082697
2026-09-16,MAA_DEL,15,9917.666666666666,493,6,4,2026-09-15,7330.0,115.3238237425294,115.3238237425294
2026-09-16,MAA_DEL,30,10275.333333333334,457,6,5,2026-09-15,8192.8,121.25726228612879,121.25726228612879
2026-09-16,MAA_DEL,45,10134.0,456,6,5,2026-09-15,8648.0,112.70296469506684,112.70296469506684
2026-09-17,AMD_DEL,1,11376.8,171,5,5,2026-09-16,8773.2,174.00043191208755,174.00043191208755
2026-09-17,AMD_DEL,7,8825.2,210,5,5,2026-09-16,7150.8,145.64851692519903,145.64851692519903
2026-09-17,AMD_DEL,15,8298.8,241,5,5,2026-09-16,7485.9,127.26964935163531,127.26964935163531
2026-09-17,AMD_DEL,30,8038.625,194,4,4,2026-09-16,7525.75,119.02221644979826,119.02221644979826
2026-09-17,AMD_DEL,45,9394.5,219,6,6,2026-09-16,8334.666666666666,141.58869039553392,141.58869039553392
2026-09-17,BLR_BOM,1,7940.0,215,5,5,2026-09-16,5904.2,152.2108735305273,152.2108735305273
2026-09-17,BLR_BOM,7,5819.8,230,5,5,2026-09-16,4893.8,125.27294950436968,125.27294950436968
2026-09-17,BLR_BOM,15,6522.8,237,5,5,2026-09-16,5406.0,128.62289831950775,128.62289831950775
2026-09-17,BLR_BOM,30,8384.25,389,6,5,2026-09-16,6193.4,145.960714948002,145.960714948002
2026-09-17,BLR_BOM,45,7643.166666666667,251,6,6,2026-09-16,7242.666666666667,119.88847425263229,119.88847425263229
2026-09-17,BLR_DEL,1,12212.4,347,5,4,2026-09-16,8398.25,208.03091498970923,208.03091498970923
2026-09-17,BLR_DEL,7,9259.0,451,5,5,2026-09-16,7672.1,140.14967492850823,140.14967492850823
2026-09-17,BLR_DEL,15,9485.0,437,5,5,2026-09-16,8391.4,139.78877373814595,139.78877373814595
2026-09-17,BLR_DEL,30,12244.166666666666,421,6,5,2026-09-16,9786.4,160.26772429567353,160.26772429567353
2026-09-17,BLR_DEL,45,10564.0,478,5,5,2026-09-16,9829.0,143.72239366214228,143.72239366214228
2026-09-17,BLR_HYD,1,12954.6,191,5,5,2026-09-16,8969.9,187.7773399247697,187.7773399247697
2026-09-17,BLR_HYD,7,9033.2,197,5,5,2026-09-16,7518.1,139.4782244872816,139.4782244872816
2026-09-17,BLR_HYD,15,8404.6,186,5,5,2026-09-16,7796.0,120.41238486900397,120.41238486900397
2026-09-17,BLR_HYD,30,10081.125,194,4,4,2026-09-16,7117.75,177.00073700061063,177.00073700061063
2026-09-17,BLR_HYD,45,8998.2,201,5,5,2026-09-16,8567.6,126.24847788895866,126.24847788895866
2026-09-17,BOM_BLR,1,7524.8,231,5,4,2026-09-16,5565.25,153.6213265047738,153.6213265047738
2026-09-17,BOM_BLR,7,6150.1,230,5,5,2026-09-16,5246.6,124.87972917192465,124.87972917192465
2026-09-17,BOM_BLR,15,6333.8,225,5,5,2026-09-16,5357.8,126.70953637764606,126.70953637764606
2026-09-17,BOM_BLR,30,6369.5,236,6,5,2026-09-16,5407.0,122.53049567538574,122.53049567538574
2026-09-17,BOM_BLR,45,7655.4,255,5,5,2026-09-16,6589.4,131.48127527483285,131.48127527483285
2026-09-17,BOM_DEL,1,8424.333333333334,245,6,4,2026-09-16,5628.75,140.49488321338563,140.49488321338563
2026-09-17,BOM_DEL,7,6610.0,253,6,5,2026-09-16,6901.3,110.87701878171598,110.87701878171598
2026-09-17,BOM_DEL,15,7994.583333333333,301,6,6,2026-09-16,6409.333333333333,129.57038902715956,129.57038902715956
2026-09-17,BOM_DEL,30,6960.333333333333,261,6,6,2026-09-16,6224.5,120.59985415399079,120.59985415399079
2026-09-17,BOM_DEL,45,7324.916666666667,298,6,6,2026-09-16,6685.0,121.04298526506015,121.04298526506015
2026-09-17,BOM_GOI,1,7642.0,139,4,4,2026-09-16,5992.0,154.53313301770544,154.53313301770544
2026-09-17,BOM_GOI,7,7367.25,143,4,4,2026-09-16,4697.75,168.54421972984284,168.54421972984284
2026-09-17,BOM_GOI,15,8507.75,177,4,4,2026-09-16,6473.25,172.22167801983713,172.22167801983713
2026-09-17,BOM_GOI,30,7158.125,187,4,4,2026-09-16,5310.0,156.7128502288004,156.7128502288004
2026-09-17,BOM_GOI,45,5911.9,188,5,5,2026-09-16,5279.9,120.83693078290499,120.83693078290499
2026-09-17,BOM_MAA,1,8354.1,281,5,4,2026-09-16,6527.0,159.9855852002568,159.9855852002568
2026-09-17,BOM_MAA,7,7010.8,274,5,5,2026-09-16,5962.9,127.63987836234291,127.63987836234291
2026-09-17,BOM_MAA,15,7208.9,284,5,5,2026-09-16,6156.2,130.50035730318632,130.50035730318632
2026-09-17,BOM_MAA,30,7597.25,277,4,4,2026-09-16,6546.375,132.93888890600445,132.93888890600445
2026-09-17,BOM_MAA,45,8293.875,285,4,4,2026-09-16,6164.25,156.53932044920478,156.53932044920478
2026-09-17,CCU_DEL,1,8335.2,205,5,5,2026-09-16,7064.6,135.40436314707034,135.40436314707034
2026-09-17,CCU_DEL,7,8103.5,202,5,5,2026-09-16,6948.8,131.53988157598297,131.53988157598297
2026-09-17,CCU_DEL,15,8085.0,217,6,6,2026-09-16,7302.166666666667,124.22295104490513,124.22295104490513
2026-09-17,CCU_DEL,30,16765.083333333332,220,6,6,2026-09-16,13019.5,198.99243997608053,198.99243997608053
2026-09-17,CCU_DEL,45,9113.666666666666,225,6,6,2026-09-16,7781.833333333333,136.75227689095232,136.75227689095232
2026-09-17,DEL_AMD,1,8907.5,170,5,4,2026-09-16,7005.0,167.42195877898524,167.42195877898524
2026-09-17,DEL_AMD,7,6552.0,116,5,5,2026-09-16,6020.6,114.31812469113417,114.31812469113417
2026-09-17,DEL_AMD,15,7055.2,131,5,5,2026-09-16,6374.4,122.51544794738307,122.51544794738307
2026-09-17,DEL_AMD,30,8236.9,183,5,5,2026-09-16,6361.2,155.28149785206065,155.28149785206065
2026-09-17,DEL_AMD,45,9383.166666666666,244,6,5,2026-09-16,6675.8,182.33733476294552,182.33733476294552
2026-09-17,DEL_BLR,1,9788.0,418,5,5,2026-09-16,8146.6,145.662125631812,145.662125631812
2026-09-17,DEL_BLR,7,9058.6,441,5,5,2026-09-16,7676.2,135.03707813252623,135.03707813252623
2026-09-17,DEL_BLR,15,9069.0,442,5,5,2026-09-16,8065.3,136.04260824660452,136.04260824660452
2026-09-17,DEL_BLR,30,10752.583333333334,453,6,6,2026-09-16,9215.166666666666,137.51283024997306,137.51283024997306
2026-09-17,DEL_BLR,45,12044.166666666666,500,6,5,2026-09-16,8624.2,165.52889347602542,165.52889347602542
2026-09-17,DEL_BOM,1,8902.0,322,6,6,2026-09-16,6261.5,149.99952993516266,149.99952993516266
2026-09-17,DEL_BOM,7,7721.083333333333,292,6,5,2026-09-16,7271.6,118.40602594707221,118.40602594707221
2026-09-17,DEL_BOM,15,6637.6,253,5,5,2026-09-16,5932.8,119.58847670767516,119.58847670767516
2026-09-17,DEL_BOM,30,6754.666666666667,262,6,4,2026-09-16,5873.375,124.96380366048353,124.96380366048353
2026-09-17,DEL_BOM,45,6807.5,279,6,6,2026-09-16,6213.333333333333,117.61765282278829,117.61765282278829
2026-09-17,DEL_CCU,1,8419.5,285,5,5,2026-09-16,7148.5,135.27320380182354,135.27320380182354
2026-09-17,DEL_CCU,7,8566.6,318,5,5,2026-09-16,7841.4,128.29069489481662,128.29069489481662
2026-09-17,DEL_CCU,15,8659.5,299,6,6,2026-09-16,7576.0,129.6632163985773,129.6632163985773
2026-09-17,DEL_CCU,30,15319.833333333334,348,6,5,2026-09-16,12101.2,206.0281838517614,206.0281838517614
2026-09-17,DEL_CCU,45,10908.166666666666,320,6,6,2026-09-16,8920.5,150.64351108013582,150.64351108013582
2026-09-17,DEL_GOI,1,10701.75,253,4,4,2026-09-16,7458.375,179.27270702922544,179.27270702922544
2026-09-17,DEL_GOI,7,11272.0,279,4,4,2026-09-16,7841.25,176.4387866628874,176.4387866628874
2026-09-17,DEL_GOI,15,10787.5,258,4,4,2026-09-16,9959.5,158.47410338225987,158.47410338225987
2026-09-17,DEL_GOI,30,10683.0,290,4,4,2026-09-16,9288.25,167.93721060298606,167.93721060298606
2026-09-17,DEL_GOI,45,12024.0,340,5,5,2026-09-16,8728.2,168.9238369569708,168.9238369569708
2026-09-17,DEL_HYD,1,10275.8,308,5,4,2026-09-16,8130.75,170.3704591745469,170.3704591745469
2026-09-17,DEL_HYD,7,9166.2,343,5,5,2026-09-16,7901.4,134.1149551884244,134.1149551884244
2026-09-17,DEL_HYD,15,9376.1,344,5,4,2026-09-16,8114.5,145.2968290019012,145.2968290019012
2026-09-17,DEL_HYD,30,10556.6,338,5,5,2026-09-16,8805.4,151.10508525574974,151.10508525574974
2026-09-17,DEL_HYD,45,11178.166666666666,378,6,5,2026-09-16,8764.5,141.85088679418024,141.85088679418024
2026-09-17,DEL_MAA,1,10482.1,216,5,5,2026-09-16,8599.4,157.21680519201178,157.21680519201178
2026-09-17,DEL_MAA,7,9865.8,203,5,4,2026-09-16,7339.375,152.7211096117745,152.7211096117745
2026-09-17,DEL_MAA,15,9568.0,212,5,5,2026-09-16,10435.0,132.0488243328674,132.0488243328674
2026-09-17,DEL_MAA,30,10140.4,215,5,5,2026-09-16,8191.3,156.31356278801118,156.31356278801118
2026-09-17,DEL_MAA,45,10054.5,210,5,5,2026-09-16,8396.4,144.0169828123765,144.0169828123765
2026-09-17,HYD_BLR,1,13354.2,199,5,5,2026-09-16,9821.8,181.93061220328627,181.93061220328627
2026-09-17,HYD_BLR,7,9750.0,200,5,5,2026-09-16,7839.1,147.8246201123718,147.8246201123718
2026-09-17,HYD_BLR,15,8579.8,200,5,5,2026-09-16,8028.4,130.35159108339778,130.35159108339778
2026-09-17,HYD_BLR,30,8879.1,207,5,5,2026-09-16,7545.0,136.8157587466513,136.8157587466513
2026-09-17,HYD_BLR,45,7899.3,202,5,4,2026-09-16,4658.0,124.17964408083576,124.17964408083576
2026-09-17,HYD_DEL,1,9800.3,273,5,5,2026-09-16,8100.3,147.91917719605158,147.91917719605158
2026-09-17,HYD_DEL,7,9565.8,351,5,5,2026-09-16,7750.8,145.38541670504105,145.38541670504105
2026-09-17,HYD_DEL,15,9484.1,369,5,4,2026-09-16,8333.625,154.21982346605301,154.21982346605301
2026-09-17,HYD_DEL,30,11111.7,369,5,5,2026-09-16,8824.8,165.9105372827123,165.9105372827123
2026-09-17,HYD_DEL,45,10849.166666666666,402,6,5,2026-09-16,8889.6,141.2117738252863,141.2117738252863
2026-09-17,MAA_BOM,1,8830.1,206,5,5,2026-09-16,6904.8,157.89585662255016,157.89585662255016
2026-09-17,MAA_BOM,7,7243.2,190,5,5,2026-09-16,6293.3,126.74329899807324,126.74329899807324
2026-09-17,MAA_BOM,15,7594.25,289,4,4,2026-09-16,6159.125,140.85765736058337,140.85765736058337
2026-09-17,MAA_BOM,30,7408.8,208,5,5,2026-09-16,6329.0,131.85218079262754,131.85218079262754
2026-09-17,MAA_BOM,45,7771.25,196,4,4,2026-09-16,6172.25,145.07817113805464,145.07817113805464
2026-09-17,MAA_DEL,1,13202.3,309,5,4,2026-09-16,9128.375,193.20430779943652,193.20430779943652
2026-09-17,MAA_DEL,7,10147.5,332,4,4,2026-09-16,7920.75,163.4272473064325,163.4272473064325
2026-09-17,MAA_DEL,15,10296.6,343,5,5,2026-09-16,9576.6,139.96697768513178,139.96697768513178
2026-09-17,MAA_DEL,30,11946.0,359,5,5,2026-09-16,10100.0,163.61207659693804,163.61207659693804
2026-09-17,MAA_DEL,45,11836.8,331,5,5,2026-09-16,9939.8,151.20563864712975,151.20563864712975
2026-09-18,AMD_DEL,1,13036.0,218,4,4,2026-09-17,12612.25,104.30819366159128,104.30819366159128
2026-09-18,AMD_DEL,7,9530.625,222,4,4,2026-09-17,9422.75,100.98533978808915,100.98533978808915
2026-09-18,AMD_DEL,15,7724.4,203,5,5,2026-09-17,8298.8,93.68136196577987,93.68136196577987
2026-09-18,AMD_DEL,30,10310.8,236,5,4,2026-09-17,8038.625,129.6676351953625,129.6676351953625
2026-09-18,AMD_DEL,45,8990.7,208,5,5,2026-09-17,9965.4,92.81519891961295,92.81519891961295
2026-09-18,BLR_BOM,1,9447.1,344,5,5,2026-09-17,7940.0,117.34018101235404,117.34018101235404
2026-09-18,BLR_BOM,7,7526.6,381,5,5,2026-09-17,5819.8,124.00235480339707,124.00235480339707
2026-09-18,BLR_BOM,15,5670.0,252,5,5,2026-09-17,6522.8,87.21190441206707,87.21190441206707
2026-09-18,BLR_BOM,30,6458.0,331,5,5,2026-09-17,8291.9,80.99825581080768,80.99825581080768
2026-09-18,BLR_BOM,45,7373.5,378,5,5,2026-09-17,7671.2,95.55794347694646,95.55794347694646
2026-09-18,BLR_DEL,1,10797.25,363,4,4,2026-09-17,13174.5,85.17179536558947,85.17179536558947
2026-09-18,BLR_DEL,7,9519.8,417,5,5,2026-09-17,9259.0,103.09320161103183,103.09320161103183
2026-09-18,BLR_DEL,15,8819.4,439,5,5,2026-09-17,9485.0,93.77708800020164,93.77708800020164
2026-09-18,BLR_DEL,30,10452.833333333334,460,6,6,2026-09-17,12244.166666666666,87.71675214941558,87.71675214941558
2026-09-18,BLR_DEL,45,10009.2,486,5,5,2026-09-17,10564.0,95.7923857684354,95.7923857684354
2026-09-18,BLR_HYD,1,10975.5,196,4,4,2026-09-17,13942.75,82.08419154137798,82.08419154137798
2026-09-18,BLR_HYD,7,10128.875,285,4,4,2026-09-17,9824.5,103.87174292948896,103.87174292948896
2026-09-18,BLR_HYD,15,8446.75,279,4,4,2026-09-17,9198.0,90.39974185428935,90.39974185428935
2026-09-18,BLR_HYD,30,10357.8,297,5,4,2026-09-17,10081.125,83.9518933135652,83.9518933135652
2026-09-18,BLR_HYD,45,9574.125,333,4,4,2026-09-17,9865.0,96.48182328788701,96.48182328788701
2026-09-18,BOM_BLR,1,7264.5,342,5,5,2026-09-17,7524.8,97.99762376638229,97.99762376638229
2026-09-18,BOM_BLR,7,7707.3,404,5,5,2026-09-17,6150.1,121.22184646875242,121.22184646875242
2026-09-18,BOM_BLR,15,6150.3,355,5,5,2026-09-17,6333.8,96.97424416655709,96.97424416655709
2026-09-18,BOM_BLR,30,6630.1,248,5,5,2026-09-17,6161.0,106.98816777301911,106.98816777301911
2026-09-18,BOM_BLR,45,7394.6,265,5,5,2026-09-17,7655.4,96.95168479781539,96.95168479781539
2026-09-18,BOM_DEL,1,7643.0,441,6,6,2026-09-17,8424.333333333334,101.36134961602086,101.36134961602086
2026-09-18,BOM_DEL,7,8107.5,266,5,5,2026-09-17,6627.4,120.4224142107048,120.4224142107048
2026-09-18,BOM_DEL,15,6482.083333333333,306,6,6,2026-09-17,7994.583333333333,88.8715396030583,88.8715396030583
2026-09-18,BOM_DEL,30,6923.0,294,5,5,2026-09-17,6920.2,100.12842078715236,100.12842078715236
2026-09-18,BOM_DEL,45,7795.8,478,5,5,2026-09-17,7319.8,105.80744323214017,105.80744323214017
2026-09-18,BOM_GOI,1,6392.25,154,4,4,2026-09-17,7642.0,84.2465467334546,84.2465467334546
2026-09-18,BOM_GOI,7,10164.25,198,4,4,2026-09-17,7367.25,136.3899376260471,136.3899376260471
2026-09-18,BOM_GOI,15,7732.25,221,4,4,2026-09-17,8507.75,102.53656789375414,102.53656789375414
2026-09-18,BOM_GOI,30,8343.875,218,4,4,2026-09-17,7158.125,132.21008860200087,132.21008860200087
2026-09-18,BOM_GOI,45,8204.5,277,5,5,2026-09-17,5911.9,144.94408229303568,144.94408229303568
2026-09-18,BOM_MAA,1,7581.6,276,5,5,2026-09-17,8354.1,92.57808412361729,92.57808412361729
2026-09-18,BOM_MAA,7,7509.4,283,5,5,2026-09-17,7010.8,106.04916140000076,106.04916140000076
2026-09-18,BOM_MAA,15,6742.9,299,5,5,2026-09-17,7208.9,94.73597574873595,94.73597574873595
2026-09-18,BOM_MAA,30,7136.0,281,5,4,2026-09-17,7597.25,96.728506157607,96.728506157607
2026-09-18,BOM_MAA,45,7481.5,263,4,4,2026-09-17,8293.875,92.37897381828851,92.37897381828851
2026-09-18,CCU_DEL,1,8512.6,195,5,5,2026-09-17,8335.2,102.05230425688794,102.05230425688794
2026-09-18,CCU_DEL,7,8366.2,199,5,5,2026-09-17,8103.5,103.07065002082777,103.07065002082777
2026-09-18,CCU_DEL,15,8259.0,209,6,6,2026-09-17,8085.0,102.18017792256609,102.18017792256609
2026-09-18,CCU_DEL,30,13012.166666666666,258,6,6,2026-09-17,16765.083333333332,80.67599620120954,80.67599620120954
2026-09-18,CCU_DEL,45,9111.3,213,5,5,2026-09-17,8992.0,101.62897528913774,101.62897528913774
2026-09-18,DEL_AMD,1,10330.25,225,4,4,2026-09-17,9546.875,108.87720975608765,108.87720975608765
2026-09-18,DEL_AMD,7,7781.833333333333,167,3,3,2026-09-17,5700.666666666667,135.56941833304847,135.56941833304847
2026-09-18,DEL_AMD,15,7328.625,145,4,4,2026-09-17,7396.75,98.53017546308094,98.53017546308094
2026-09-18,DEL_AMD,30,7406.0,126,4,4,2026-09-17,8812.375,89.82510378908987,89.82510378908987
2026-09-18,DEL_AMD,45,8187.75,175,4,4,2026-09-17,10035.5,87.05626555023417,87.05626555023417
2026-09-18,DEL_BLR,1,9892.6,422,5,5,2026-09-17,9788.0,100.73786681715576,100.73786681715576
2026-09-18,DEL_BLR,7,9234.8,433,5,5,2026-09-17,9058.6,101.88962361974225,101.88962361974225
2026-09-18,DEL_BLR,15,9320.2,462,5,5,2026-09-17,9069.0,101.98566824119563,101.98566824119563
2026-09-18,DEL_BLR,30,10156.333333333334,475,6,6,2026-09-17,10752.583333333334,95.90947821262397,95.90947821262397
2026-09-18,DEL_BLR,45,10096.8,519,5,5,2026-09-17,12322.2,89.65984371633249,89.65984371633249
2026-09-18,DEL_BOM,1,6495.1,240,5,5,2026-09-17,7173.9,93.36299900132471,93.36299900132471
2026-09-18,DEL_BOM,7,8136.5,242,4,4,2026-09-17,7899.0,103.44735462757066,103.44735462757066
2026-09-18,DEL_BOM,15,6597.75,397,4,4,2026-09-17,6473.25,101.81597178236734,101.81597178236734
2026-09-18,DEL_BOM,30,7101.75,420,4,4,2026-09-17,6712.5,105.52211713471141,105.52211713471141
2026-09-18,DEL_BOM,45,7205.0,460,5,5,2026-09-17,6779.4,105.91540886684884,105.91540886684884
2026-09-18,DEL_CCU,1,9580.25,296,4,4,2026-09-17,8510.375,110.83703663865147,110.83703663865147
2026-09-18,DEL_CCU,7,8607.4,314,5,5,2026-09-17,8566.6,100.5522284207814,100.5522284207814
2026-09-18,DEL_CCU,15,8498.833333333334,334,6,6,2026-09-17,8659.5,98.62046632108058,98.62046632108058
2026-09-18,DEL_CCU,30,12707.6,335,5,5,2026-09-17,15305.4,87.82970572190916,87.82970572190916
2026-09-18,DEL_CCU,45,10583.5,316,6,6,2026-09-17,10908.166666666666,97.28604356014613,97.28604356014613
2026-09-18,DEL_GOI,1,9144.0,291,4,4,2026-09-17,10701.75,87.57761331960837,87.57761331960837
2026-09-18,DEL_GOI,7,12481.0,274,4,4,2026-09-17,11272.0,109.16521227474371,109.16521227474371
2026-09-18,DEL_GOI,15,8119.25,265,4,4,2026-09-17,10787.5,78.74742470433142,78.74742470433142
2026-09-18,DEL_GOI,30,8979.0,284,4,4,2026-09-17,10683.0,86.36956442694675,86.36956442694675
2026-09-18,DEL_GOI,45,10068.2,306,5,5,2026-09-17,12024.0,88.74893325901951,88.74893325901951
2026-09-18,DEL_HYD,1,9990.8,299,5,5,2026-09-17,10275.8,97.3333566998277,97.3333566998277
2026-09-18,DEL_HYD,7,8941.6,321,5,5,2026-09-17,9166.2,98.26756178991498,98.26756178991498
2026-09-18,DEL_HYD,15,9570.8,397,5,5,2026-09-17,9376.1,101.68440386074658,101.68440386074658
2026-09-18,DEL_HYD,30,10643.9,380,5,5,2026-09-17,10556.6,99.86477253384211,99.86477253384211
2026-09-18,DEL_HYD,45,10330.1,414,5,5,2026-09-17,10389.2,99.88980351169184,99.88980351169184
2026-09-18,DEL_MAA,1,11194.3,341,5,5,2026-09-17,10482.1,106.94980305121287,106.94980305121287
2026-09-18,DEL_MAA,7,10940.0,361,5,5,2026-09-17,9865.8,110.167981121051,110.167981121051
2026-09-18,DEL_MAA,15,10305.4,367,5,5,2026-09-17,9568.0,107.50893831563931,107.50893831563931
2026-09-18,DEL_MAA,30,10895.4,357,5,5,2026-09-17,10140.4,107.72725070112404,107.72725070112404
2026-09-18,DEL_MAA,45,9913.5,210,5,5,2026-09-17,10054.5,98.84684764541166,98.84684764541166
2026-09-18,HYD_BLR,1,11219.0,289,5,5,2026-09-17,13354.2,85.13259122283576,85.13259122283576
2026-09-18,HYD_BLR,7,10293.5,202,5,5,2026-09-17,9750.0,107.53808643207181,107.53808643207181
2026-09-18,HYD_BLR,15,7661.6,204,5,5,2026-09-17,8579.8,89.35639878384326,89.35639878384326
2026-09-18,HYD_BLR,30,5618.0,193,4,4,2026-09-17,6407.625,92.17224287484511,92.17224287484511
2026-09-18,HYD_BLR,45,8487.0,205,4,4,2026-09-17,8641.875,95.56051291347507,95.56051291347507
2026-09-18,HYD_DEL,1,9983.625,289,4,4,2026-09-17,10162.375,97.9188361561333,97.9188361561333
2026-09-18,HYD_DEL,7,9787.2,341,5,5,2026-09-17,9565.8,102.02705119053162,102.02705119053162
2026-09-18,HYD_DEL,15,8931.5,357,4,4,2026-09-17,9711.125,93.66129385245519,93.66129385245519
2026-09-18,HYD_DEL,30,9398.0,380,5,5,2026-09-17,11111.7,87.2852925812889,87.2852925812889
2026-09-18,HYD_DEL,45,11586.5,349,5,5,2026-09-17,9979.2,117.42512152514637,117.42512152514637
2026-09-18,MAA_BOM,1,8274.25,191,4,4,2026-09-17,9111.875,94.00747518176473,94.00747518176473
2026-09-18,MAA_BOM,7,8271.25,221,4,4,2026-09-17,7109.25,114.3890776848298,114.3890776848298
2026-09-18,MAA_BOM,15,8404.2,201,5,4,2026-09-17,7594.25,122.39722472295941,122.39722472295941
2026-09-18,MAA_BOM,30,7615.0,215,5,5,2026-09-17,7408.8,102.57250498705612,102.57250498705612
2026-09-18,MAA_BOM,45,7383.666666666667,188,3,3,2026-09-17,7698.666666666667,96.4452117025075,96.4452117025075
2026-09-18,MAA_DEL,1,11986.3,316,5,5,2026-09-17,13202.3,92.92221991779299,92.92221991779299
2026-09-18,MAA_DEL,7,12086.4,349,5,4,2026-09-17,10147.5,111.3098661858801,111.3098661858801
2026-09-18,MAA_DEL,15,9667.0,337,4,4,2026-09-17,10074.0,96.53817790443829,96.53817790443829
2026-09-18,MAA_DEL,30,11508.4,383,5,5,2026-09-17,11946.0,97.59430669673948,97.59430669673948
2026-09-18,MAA_DEL,45,10346.0,330,3,3,2026-09-17,10598.333333333334,98.01479885240063,98.01479885240063
2026-09-20,AMD_DEL,1,9640.8,179,5,4,2026-09-18,13036.0,85.91485952306914,85.91485952306914
2026-09-20,AMD_DEL,7,9130.7,203,5,4,2026-09-18,9530.625,101.44058497902608,101.44058497902608
2026-09-20,AMD_DEL,15,8199.5,210,5,5,2026-09-18,7724.4,105.74258015023497,105.74258015023497
2026-09-20,AMD_DEL,30,10836.6,248,5,5,2026-09-18,10310.8,104.02897191009495,104.02897191009495
2026-09-20,AMD_DEL,45,11727.9,211,5,4,2026-09-18,9542.125,138.73860068346215,138.73860068346215
2026-09-20,BLR_BOM,1,7067.0,228,5,5,2026-09-18,9447.1,80.11874219591478,80.11874219591478
2026-09-20,BLR_BOM,7,6693.5,223,4,4,2026-09-18,8341.0,86.59854237625879,86.59854237625879
2026-09-20,BLR_BOM,15,6523.1,251,5,5,2026-09-18,5670.0,114.57895285612472,114.57895285612472
2026-09-20,BLR_BOM,30,6402.2,256,5,4,2026-09-18,6686.5,93.76712591705831,93.76712591705831
2026-09-20,BLR_BOM,45,7513.083333333333,273,6,5,2026-09-18,7373.5,101.06515411661678,101.06515411661678
2026-09-20,BLR_DEL,1,9941.6,420,5,4,2026-09-18,10797.25,96.40892839775111,96.40892839775111
2026-09-20,BLR_DEL,7,9314.6,421,5,5,2026-09-18,9519.8,97.87885071531366,97.87885071531366
2026-09-20,BLR_DEL,15,9073.7,450,5,5,2026-09-18,8819.4,102.263410802372,102.263410802372
2026-09-20,BLR_DEL,30,10025.0,472,6,6,2026-09-18,10452.833333333334,96.54114190579214,96.54114190579214
2026-09-20,BLR_DEL,45,14091.7,466,5,5,2026-09-18,10009.2,137.0949927726897,137.0949927726897
2026-09-20,BLR_HYD,1,11497.6,212,5,4,2026-09-18,10975.5,109.14256426085691,109.14256426085691
2026-09-20,BLR_HYD,7,9157.6,195,5,4,2026-09-18,10128.875,100.547805596184,100.547805596184
2026-09-20,BLR_HYD,15,9237.4,202,5,4,2026-09-18,8446.75,127.85222635443128,127.85222635443128
2026-09-20,BLR_HYD,30,9678.6,205,5,5,2026-09-18,10357.8,93.84924755972011,93.84924755972011
2026-09-20,BLR_HYD,45,9880.7,217,5,4,2026-09-18,9574.125,112.42116931922013,112.42116931922013
2026-09-20,BOM_BLR,1,8633.0,240,5,5,2026-09-18,7264.5,115.99078006245145,115.99078006245145
2026-09-20,BOM_BLR,7,6527.5,240,5,5,2026-09-18,7707.3,93.64293550387727,93.64293550387727
2026-09-20,BOM_BLR,15,6590.8,243,5,5,2026-09-18,6150.3,107.8923687029891,107.8923687029891
2026-09-20,BOM_BLR,30,6215.416666666667,271,6,5,2026-09-18,6630.1,95.69806617089621,95.69806617089621
2026-09-20,BOM_BLR,45,7390.2,269,5,4,2026-09-18,7582.25,100.16079274253835,100.16079274253835
2026-09-20,BOM_DEL,1,6969.1,291,5,5,2026-09-18,7835.2,94.49281337950637,94.49281337950637
2026-09-20,BOM_DEL,7,6691.4,304,5,4,2026-09-18,7021.0,96.69320086618278,96.69320086618278
2026-09-20,BOM_DEL,15,6549.0,300,5,5,2026-09-18,6410.9,102.05963754694771,102.05963754694771
2026-09-20,BOM_DEL,30,6923.4,284,5,5,2026-09-18,6923.0,100.00533404453927,100.00533404453927
2026-09-20,BOM_DEL,45,8689.4,278,5,5,2026-09-18,7795.8,110.52816347976685,110.52816347976685
2026-09-20,BOM_GOI,1,8015.125,167,4,4,2026-09-18,6392.25,121.60595680381414,121.60595680381414
2026-09-20,BOM_GOI,7,5810.0,175,4,4,2026-09-18,10164.25,62.55535341039304,62.55535341039304
2026-09-20,BOM_GOI,15,5243.625,176,4,4,2026-09-18,7732.25,85.09884521539865,85.09884521539865
2026-09-20,BOM_GOI,30,5625.875,185,4,4,2026-09-18,8343.875,83.80690020996875,83.80690020996875
2026-09-20,BOM_GOI,45,6092.625,187,4,4,2026-09-18,8589.375,86.29957493337301,86.29957493337301
2026-09-20,BOM_MAA,1,8967.2,286,5,5,2026-09-18,7581.6,114.862484662112,114.862484662112
2026-09-20,BOM_MAA,7,7287.9,284,5,5,2026-09-18,7509.4,97.64105099789191,97.64105099789191
2026-09-20,BOM_MAA,15,7691.6,284,5,5,2026-09-18,6742.9,112.36449519501818,112.36449519501818
2026-09-20,BOM_MAA,30,7512.0,288,5,5,2026-09-18,7136.0,104.56499514790607,104.56499514790607
2026-09-20,BOM_MAA,45,8518.25,285,4,4,2026-09-18,7481.5,112.09401324087081,112.09401324087081
2026-09-20,CCU_DEL,1,8522.9,192,5,5,2026-09-18,8512.6,100.10581878095562,100.10581878095562
2026-09-20,CCU_DEL,7,10889.666666666666,214,6,5,2026-09-18,8366.2,100.60533985355465,100.60533985355465
2026-09-20,CCU_DEL,15,8223.5,232,5,5,2026-09-18,8105.8,101.35062079790411,101.35062079790411
2026-09-20,CCU_DEL,30,14841.083333333334,245,6,6,2026-09-18,13012.166666666666,114.0896881244643,114.0896881244643
2026-09-20,CCU_DEL,45,9519.0,232,6,5,2026-09-18,9111.3,102.62170413347503,102.62170413347503
2026-09-20,DEL_AMD,1,8962.8,163,5,4,2026-09-18,10330.25,95.12762648404619,95.12762648404619
2026-09-20,DEL_AMD,7,7847.6,155,5,3,2026-09-18,7781.833333333333,101.95149990007879,101.95149990007879
2026-09-20,DEL_AMD,15,8068.5,160,5,4,2026-09-18,7328.625,118.77788894878313,118.77788894878313
2026-09-20,DEL_AMD,30,8243.0,175,5,4,2026-09-18,7406.0,122.35842505889858,122.35842505889858
2026-09-20,DEL_AMD,45,8569.333333333334,183,6,4,2026-09-18,8187.75,106.28433000446653,106.28433000446653
2026-09-20,DEL_BLR,1,9991.0,415,5,5,2026-09-18,9892.6,101.04970539215313,101.04970539215313
2026-09-20,DEL_BLR,7,10007.0,439,5,5,2026-09-18,9234.8,106.82883425259976,106.82883425259976
2026-09-20,DEL_BLR,15,9581.4,462,5,5,2026-09-18,9320.2,102.82863360367772,102.82863360367772
2026-09-20,DEL_BLR,30,10114.6,483,5,5,2026-09-18,10146.0,99.82279994655914,99.82279994655914
2026-09-20,DEL_BLR,45,12649.8,501,5,5,2026-09-18,10096.8,123.98964215419089,123.98964215419089
2026-09-20,DEL_BOM,1,7090.6,253,5,5,2026-09-18,6495.1,108.40728844897328,108.40728844897328
2026-09-20,DEL_BOM,7,9174.75,285,6,4,2026-09-18,8136.5,102.13922264654556,102.13922264654556
2026-09-20,DEL_BOM,15,6680.6,303,5,4,2026-09-18,6597.75,102.2377860109033,102.2377860109033
2026-09-20,DEL_BOM,30,6748.2,259,5,4,2026-09-18,7101.75,96.22418869466533,96.22418869466533
2026-09-20,DEL_BOM,45,6936.8,275,5,5,2026-09-18,7205.0,97.16238284278445,97.16238284278445
2026-09-20,DEL_CCU,1,9412.9,291,5,4,2026-09-18,9580.25,102.31267478387332,102.31267478387332
2026-09-20,DEL_CCU,7,9287.875,306,4,4,2026-09-18,8782.0,104.49747150682828,104.49747150682828
2026-09-20,DEL_CCU,15,8481.0,286,5,5,2026-09-18,8448.0,100.42166326659078,100.42166326659078
2026-09-20,DEL_CCU,30,11711.166666666666,394,6,5,2026-09-18,12707.6,98.61924747884646,98.61924747884646
2026-09-20,DEL_CCU,45,10877.583333333334,323,6,6,2026-09-18,10583.5,101.87803062575843,101.87803062575843
2026-09-20,DEL_GOI,1,9352.75,230,4,4,2026-09-18,9144.0,102.18532404855983,102.18532404855983
2026-09-20,DEL_GOI,7,8445.0,308,4,4,2026-09-18,12481.0,72.59911021740785,72.59911021740785
2026-09-20,DEL_GOI,15,8365.625,287,4,4,2026-09-18,8119.25,102.50932226793358,102.50932226793358
2026-09-20,DEL_GOI,30,9176.0,329,4,4,2026-09-18,8979.0,102.04522607224528,102.04522607224528
2026-09-20,DEL_GOI,45,10232.4,323,5,5,2026-09-18,10068.2,101.45874709559368,101.45874709559368
2026-09-20,DEL_HYD,1,10816.6,316,5,5,2026-09-18,9990.8,107.53056835052686,107.53056835052686
2026-09-20,DEL_HYD,7,10082.6,339,5,5,2026-09-18,8941.6,111.37264689424437,111.37264689424437
2026-09-20,DEL_HYD,15,9697.2,363,5,5,2026-09-18,9570.8,100.68872260816661,100.68872260816661
2026-09-20,DEL_HYD,30,10127.0,365,5,5,2026-09-18,10643.9,96.34210437148798,96.34210437148798
2026-09-20,DEL_HYD,45,10960.333333333334,371,6,5,2026-09-18,10330.1,98.3538299091398,98.3538299091398
2026-09-20,DEL_MAA,1,10434.75,207,4,4,2026-09-18,10844.5,97.57452955524197,97.57452955524197
2026-09-20,DEL_MAA,7,10585.5,217,5,5,2026-09-18,10940.0,97.68686388575738,97.68686388575738
2026-09-20,DEL_MAA,15,10318.4,232,5,5,2026-09-18,10305.4,101.27465100797839,101.27465100797839
2026-09-20,DEL_MAA,30,10863.4,368,5,5,2026-09-18,10895.4,99.82673390905201,99.82673390905201
2026-09-20,DEL_MAA,45,11635.0,342,5,5,2026-09-18,9913.5,116.31821542861894,116.31821542861894
2026-09-20,HYD_BLR,1,10652.3,200,5,5,2026-09-18,11219.0,95.48818830342576,95.48818830342576
2026-09-20,HYD_BLR,7,9821.4,194,5,5,2026-09-18,10293.5,96.55382087023035,96.55382087023035
2026-09-20,HYD_BLR,15,8321.2,204,5,5,2026-09-18,7661.6,108.5111704993275,108.5111704993275
2026-09-20,HYD_BLR,30,8769.4,205,5,4,2026-09-18,5618.0,111.5783062377288,111.5783062377288
2026-09-20,HYD_BLR,45,8062.5,213,5,4,2026-09-18,8487.0,105.9178446334923,105.9178446334923
2026-09-20,HYD_DEL,1,9977.1,331,5,4,2026-09-18,9983.625,101.95056669202097,101.95056669202097
2026-09-20,HYD_DEL,7,10074.0,361,5,5,2026-09-18,9787.2,102.11484867830013,102.11484867830013
2026-09-20,HYD_DEL,15,9147.9,352,5,4,2026-09-18,8931.5,102.52032935587044,102.52032935587044
2026-09-20,HYD_DEL,30,9198.9,369,5,5,2026-09-18,9398.0,98.1440228918204,98.1440228918204
2026-09-20,HYD_DEL,45,12466.5,376,4,4,2026-09-18,12302.25,109.72300191565022,109.72300191565022
2026-09-20,MAA_BOM,1,8475.8,196,5,4,2026-09-18,8274.25,103.65944801298312,103.65944801298312
2026-09-20,MAA_BOM,7,7773.0,202,5,4,2026-09-18,8271.25,96.02034131781377,96.02034131781377
2026-09-20,MAA_BOM,15,7093.2,205,5,5,2026-09-18,8404.2,92.4225345309938,92.4225345309938
2026-09-20,MAA_BOM,30,7485.2,209,5,5,2026-09-18,7615.0,98.66694053609942,98.66694053609942
2026-09-20,MAA_BOM,45,7535.0,188,4,3,2026-09-18,7383.666666666667,100.0,100.0
2026-09-20,MAA_DEL,1,10299.75,304,4,4,2026-09-18,11166.125,94.11696287093226,94.11696287093226
2026-09-20,MAA_DEL,7,10780.5,323,4,4,2026-09-18,11547.5,96.00636839550242,96.00636839550242
2026-09-20,MAA_DEL,15,9848.0,334,4,4,2026-09-18,9667.0,101.72990538086592,101.72990538086592
2026-09-20,MAA_DEL,30,10415.5,338,4,4,2026-09-18,11169.5,94.77765453082509,94.77765453082509
2026-09-20,MAA_DEL,45,12939.5,320,4,3,2026-09-18,10346.0,121.27851962271802,121.27851962271802
2026-09-21,AMD_DEL,1,7960.625,202,8,5,2026-09-20,9640.8,93.33331766189335,93.33331766189335
2026-09-21,AMD_DEL,7,7898.357142857143,243,7,5,2026-09-20,9130.7,94.87777858089632,94.87777858089632
2026-09-21,AMD_DEL,15,7922.142857142857,283,7,5,2026-09-20,8199.5,106.61035702285491,106.61035702285491
2026-09-21,AMD_DEL,30,8439.142857142857,224,7,5,2026-09-20,10836.6,89.00978375251937,89.00978375251937
2026-09-21,AMD_DEL,45,12067.25,285,8,5,2026-09-20,11727.9,111.92400414384713,111.92400414384713
2026-09-21,BLR_BOM,1,6756.875,353,8,5,2026-09-20,7067.0,98.54377234020657,98.54377234020657
2026-09-21,BLR_BOM,7,6423.375,360,8,4,2026-09-20,6693.5,94.2320711603679,94.2320711603679
2026-09-21,BLR_BOM,15,6129.25,377,8,5,2026-09-20,6523.1,91.96078961913217,91.96078961913217
2026-09-21,BLR_BOM,30,6738.333333333333,411,9,5,2026-09-20,6402.2,101.31637958935032,101.31637958935032
2026-09-21,BLR_BOM,45,8087.75,355,8,6,2026-09-20,7513.083333333333,103.19023108912938,103.19023108912938
2026-09-21,BLR_DEL,1,8973.6875,560,8,5,2026-09-20,9941.6,93.62005080292086,93.62005080292086
2026-09-21,BLR_DEL,7,9030.875,588,8,5,2026-09-20,9314.6,98.36059085053738,98.36059085053738
2026-09-21,BLR_DEL,15,8687.785714285714,553,7,4,2026-09-20,9251.125,95.95077210739453,95.95077210739453
2026-09-21,BLR_DEL,30,9984.222222222223,637,9,6,2026-09-20,10025.0,100.4292980886616,100.4292980886616
2026-09-21,BLR_DEL,45,14590.92857142857,561,7,4,2026-09-20,15523.625,98.13729755754983,98.13729755754983
2026-09-21,BLR_HYD,1,11005.9375,332,8,5,2026-09-20,11497.6,95.96250381001178,95.96250381001178
2026-09-21,BLR_HYD,7,8428.875,309,8,5,2026-09-20,9157.6,100.8409327216822,100.8409327216822
2026-09-21,BLR_HYD,15,6969.4375,321,8,5,2026-09-20,9237.4,83.79497296379536,83.79497296379536
2026-09-21,BLR_HYD,30,6540.928571428572,311,7,4,2026-09-20,7402.0,93.77588486921003,93.77588486921003
2026-09-21,BLR_HYD,45,9533.42857142857,256,7,5,2026-09-20,9880.7,102.12652192760355,102.12652192760355
2026-09-21,BOM_BLR,1,8084.571428571428,357,7,4,2026-09-20,9479.0,86.45827164003943,86.45827164003943
2026-09-21,BOM_BLR,7,6607.375,351,8,5,2026-09-20,6527.5,97.54039027755975,97.54039027755975
2026-09-21,BOM_BLR,15,6292.125,368,8,5,2026-09-20,6590.8,91.7072535079528,91.7072535079528
2026-09-21,BOM_BLR,30,6681.555555555556,406,9,6,2026-09-20,6215.416666666667,102.4133315393279,102.4133315393279
2026-09-21,BOM_BLR,45,8127.0,352,8,5,2026-09-20,7390.2,112.23845479066604,112.23845479066604
2026-09-21,BOM_DEL,1,6693.722222222223,467,9,5,2026-09-20,6969.1,96.89752589343713,96.89752589343713
2026-09-21,BOM_DEL,7,6678.444444444444,441,9,5,2026-09-20,6691.4,96.74553737325476,96.74553737325476
2026-09-21,BOM_DEL,15,6561.722222222223,515,9,5,2026-09-20,6549.0,99.08415350843993,99.08415350843993
2026-09-21,BOM_DEL,30,7079.5,379,8,5,2026-09-20,6923.4,101.52512998266897,101.52512998266897
2026-09-21,BOM_DEL,45,13094.75,416,8,5,2026-09-20,8689.4,130.33633940989324,130.33633940989324
2026-09-21,BOM_GOI,1,6779.25,190,6,4,2026-09-20,8015.125,91.49365789375797,91.49365789375797
2026-09-21,BOM_GOI,7,5753.714285714285,230,7,4,2026-09-20,5810.0,103.24047456128102,103.24047456128102
2026-09-21,BOM_GOI,15,4810.0,236,7,4,2026-09-20,5243.625,96.30242388958239,96.30242388958239
2026-09-21,BOM_GOI,30,5517.071428571428,237,7,4,2026-09-20,5625.875,98.06113225938049,98.06113225938049
2026-09-21,BOM_GOI,45,7134.857142857143,264,7,4,2026-09-20,6092.625,123.52463005025785,123.52463005025785
2026-09-21,BOM_MAA,1,7838.428571428572,367,7,4,2026-09-20,9519.25,89.7718634924772,89.7718634924772
2026-09-21,BOM_MAA,7,7299.5,372,7,4,2026-09-20,7607.875,97.41955090387833,97.41955090387833
2026-09-21,BOM_MAA,15,6613.928571428572,364,7,4,2026-09-20,8112.5,84.95271982362372,84.95271982362372
2026-09-21,BOM_MAA,30,7407.0,391,8,5,2026-09-20,7512.0,99.40337214562702,99.40337214562702
2026-09-21,BOM_MAA,45,9144.166666666666,300,6,4,2026-09-20,8518.25,110.5127412080135,110.5127412080135
2026-09-21,CCU_DEL,1,8613.5,292,8,5,2026-09-20,8522.9,98.46358457028846,98.46358457028846
2026-09-21,CCU_DEL,7,8355.0625,316,8,5,2026-09-20,8426.6,96.97157346421366,96.97157346421366
2026-09-21,CCU_DEL,15,8270.5,311,9,5,2026-09-20,8223.5,98.80450191014533,98.80450191014533
2026-09-21,CCU_DEL,30,12843.777777777777,373,9,6,2026-09-20,14841.083333333334,86.97308446013407,86.97308446013407
2026-09-21,CCU_DEL,45,9880.25,287,8,6,2026-09-20,9519.0,101.89347391740482,101.89347391740482
2026-09-21,DEL_AMD,1,7739.25,206,8,5,2026-09-20,8962.8,97.31228245900273,97.31228245900273
2026-09-21,DEL_AMD,7,7316.785714285715,211,7,5,2026-09-20,7847.6,98.94225750429588,98.94225750429588
2026-09-21,DEL_AMD,15,6502.5,212,8,5,2026-09-20,8068.5,90.92584462955628,90.92584462955628
2026-09-21,DEL_AMD,30,7496.5,206,7,5,2026-09-20,8243.0,99.74252284342329,99.74252284342329
2026-09-21,DEL_AMD,45,7892.125,232,8,6,2026-09-20,8569.333333333334,98.92800665653095,98.92800665653095
2026-09-21,DEL_BLR,1,9598.857142857143,537,7,4,2026-09-20,10281.5,94.6199500783811,94.6199500783811
2026-09-21,DEL_BLR,7,9292.0,561,7,4,2026-09-20,10301.5,92.64017379356908,92.64017379356908
2026-09-21,DEL_BLR,15,9043.857142857143,582,7,4,2026-09-20,9769.5,93.57729642019795,93.57729642019795
2026-09-21,DEL_BLR,30,10373.722222222223,673,9,5,2026-09-20,10114.6,101.90131780893188,101.90131780893188
2026-09-21,DEL_BLR,45,10072.5625,549,8,5,2026-09-20,12649.8,90.27214964223263,90.27214964223263
2026-09-21,DEL_BOM,1,6530.875,430,8,4,2026-09-20,7230.75,92.12596663306198,92.12596663306198
2026-09-21,DEL_BOM,7,7563.75,402,8,5,2026-09-20,9703.7,88.26039463937646,88.26039463937646
2026-09-21,DEL_BOM,15,6763.611111111111,501,9,5,2026-09-20,6680.6,97.10755083836412,97.10755083836412
2026-09-21,DEL_BOM,30,6970.5,400,8,5,2026-09-20,6748.2,101.39670955480202,101.39670955480202
2026-09-21,DEL_BOM,45,6990.285714285715,461,7,4,2026-09-20,7038.5,98.72623385753448,98.72623385753448
2026-09-21,DEL_CCU,1,8926.0,404,7,4,2026-09-20,9788.875,93.09800997568881,93.09800997568881
2026-09-21,DEL_CCU,7,8796.625,430,8,4,2026-09-20,9287.875,97.53879985258791,97.53879985258791
2026-09-21,DEL_CCU,15,8443.25,427,8,4,2026-09-20,8349.25,98.70024117730523,98.70024117730523
2026-09-21,DEL_CCU,30,11774.0,480,8,5,2026-09-20,11524.6,105.29206528878846,105.29206528878846
2026-09-21,DEL_CCU,45,12151.75,352,8,6,2026-09-20,10877.583333333334,108.1097581899027,108.1097581899027
2026-09-21,DEL_GOI,1,8780.57142857143,343,7,4,2026-09-20,9352.75,94.34708902497478,94.34708902497478
2026-09-21,DEL_GOI,7,9124.714285714286,353,7,4,2026-09-20,8445.0,101.53828107177027,101.53828107177027
2026-09-21,DEL_GOI,15,8134.571428571428,407,7,4,2026-09-20,8365.625,100.58728945011339,100.58728945011339
2026-09-21,DEL_GOI,30,9594.57142857143,372,7,4,2026-09-20,9176.0,102.79919207093108,102.79919207093108
2026-09-21,DEL_GOI,45,9745.714285714286,354,7,5,2026-09-20,10232.4,101.16107932301308,101.16107932301308
2026-09-21,DEL_HYD,1,8998.5625,405,8,5,2026-09-20,10816.6,88.37116689478887,88.37116689478887
2026-09-21,DEL_HYD,7,8898.0625,430,8,5,2026-09-20,10082.6,91.8709932479148,91.8709932479148
2026-09-21,DEL_HYD,15,9073.3125,484,8,5,2026-09-20,9697.2,95.15402948748965,95.15402948748965
2026-09-21,DEL_HYD,30,10222.75,496,8,5,2026-09-20,10127.0,99.79058543966848,99.79058543966848
2026-09-21,DEL_HYD,45,11575.25,470,8,6,2026-09-20,10960.333333333334,110.45257734404406,110.45257734404406
2026-09-21,DEL_MAA,1,10036.57142857143,302,7,4,2026-09-20,10434.75,95.71984693818524,95.71984693818524
2026-09-21,DEL_MAA,7,10187.0,305,8,5,2026-09-20,10585.5,96.74728220911798,96.74728220911798
2026-09-21,DEL_MAA,15,9326.42857142857,313,7,4,2026-09-20,9916.25,92.98729806624848,92.98729806624848
2026-09-21,DEL_MAA,30,9989.5,309,7,4,2026-09-20,10679.5,93.96092362344582,93.96092362344582
2026-09-21,DEL_MAA,45,10228.833333333334,254,6,4,2026-09-20,11374.25,90.84520199180156,90.84520199180156
2026-09-21,HYD_BLR,1,11968.625,321,8,5,2026-09-20,10652.3,111.55056759267958,111.55056759267958
2026-09-21,HYD_BLR,7,7271.8125,293,8,5,2026-09-20,9821.4,83.35220440714909,83.35220440714909
2026-09-21,HYD_BLR,15,5254.857142857143,395,7,4,2026-09-20,5839.0,96.89084490395402,96.89084490395402
2026-09-21,HYD_BLR,30,8585.1875,317,8,5,2026-09-20,8769.4,114.88515270255213,114.88515270255213
2026-09-21,HYD_BLR,45,7455.571428571428,248,7,5,2026-09-20,8062.5,106.37920322623677,106.37920322623677
2026-09-21,HYD_DEL,1,9097.5,428,8,5,2026-09-20,9977.1,95.57549897221162,95.57549897221162
2026-09-21,HYD_DEL,7,8549.25,462,8,5,2026-09-20,10074.0,90.25338286590026,90.25338286590026
2026-09-21,HYD_DEL,15,8425.6875,438,8,5,2026-09-20,9147.9,93.38783313963638,93.38783313963638
2026-09-21,HYD_DEL,30,9181.5,503,8,5,2026-09-20,9198.9,102.42803790759072,102.42803790759072
2026-09-21,HYD_DEL,45,12905.625,402,8,4,2026-09-20,12466.5,104.28266655815419,104.28266655815419
2026-09-21,MAA_BOM,1,8266.8125,313,8,5,2026-09-20,8475.8,95.91723848146553,95.91723848146553
2026-09-21,MAA_BOM,7,7817.0625,302,8,5,2026-09-20,7773.0,97.27636220983759,97.27636220983759
2026-09-21,MAA_BOM,15,7108.125,302,8,5,2026-09-20,7093.2,96.99291174820748,96.99291174820748
2026-09-21,MAA_BOM,30,7682.25,297,8,5,2026-09-20,7485.2,99.26090602230884,99.26090602230884
2026-09-21,MAA_BOM,45,7939.5,223,6,4,2026-09-20,7535.0,106.56009119530995,106.56009119530995
2026-09-21,MAA_DEL,1,10278.285714285714,417,7,4,2026-09-20,10299.75,98.75981423797579,98.75981423797579
2026-09-21,MAA_DEL,7,10081.857142857143,419,7,4,2026-09-20,10780.5,93.95823898368323,93.95823898368323
2026-09-21,MAA_DEL,15,9671.5,422,7,4,2026-09-20,9848.0,97.43991844365927,97.43991844365927
2026-09-21,MAA_DEL,30,11776.75,417,8,4,2026-09-20,10415.5,122.80158962543719,122.80158962543719
2026-09-21,MAA_DEL,45,13437.333333333334,370,6,4,2026-09-20,12939.5,106.1998530144597,106.1998530144597
2026-09-22,AMD_DEL,1,9674.0625,202,8,7,2026-09-21,8190.571428571428,124.46797861840017,124.46797861840017
2026-09-22,AMD_DEL,7,7975.6875,293,8,6,2026-09-21,8156.25,105.8527369018038,105.8527369018038
2026-09-22,AMD_DEL,15,7493.875,261,8,6,2026-09-21,8194.166666666666,98.10840255914343,98.10840255914343
2026-09-22,AMD_DEL,30,8979.75,304,8,6,2026-09-21,8771.333333333334,114.50316920607423,114.50316920607423
2026-09-22,AMD_DEL,45,15587.625,284,8,6,2026-09-21,12869.833333333334,121.95794640152872,121.95794640152872
2026-09-22,BLR_BOM,1,6705.833333333333,411,9,8,2026-09-21,6756.875,98.17252790493282,98.17252790493282
2026-09-22,BLR_BOM,7,6390.5,437,9,8,2026-09-21,6423.375,98.51855617539087,98.51855617539087
2026-09-22,BLR_BOM,15,6260.222222222223,450,9,8,2026-09-21,6129.25,100.61335863315645,100.61335863315645
2026-09-22,BLR_BOM,30,6298.45,467,10,9,2026-09-21,6738.333333333333,95.82354878806498,95.82354878806498
2026-09-22,BLR_BOM,45,8986.45,480,10,8,2026-09-21,8087.75,107.62247046355519,107.62247046355519
2026-09-22,BLR_DEL,1,10374.166666666666,615,9,8,2026-09-21,8973.6875,111.38177427192896,111.38177427192896
2026-09-22,BLR_DEL,7,8889.0,633,9,8,2026-09-21,9030.875,99.38953657000386,99.38953657000386
2026-09-22,BLR_DEL,15,8648.611111111111,657,9,7,2026-09-21,8687.785714285714,100.01500437253367,100.01500437253367
2026-09-22,BLR_DEL,30,9636.4,695,10,9,2026-09-21,9984.222222222223,97.39624802375583,97.39624802375583
2026-09-22,BLR_DEL,45,15369.0,670,9,6,2026-09-21,14630.583333333334,106.28589278739314,106.28589278739314
2026-09-22,BLR_HYD,1,9910.0625,327,8,7,2026-09-21,10148.5,98.49247351528747,98.49247351528747
2026-09-22,BLR_HYD,7,5369.5625,303,8,7,2026-09-21,7296.285714285715,78.37015415325683,78.37015415325683
2026-09-22,BLR_HYD,15,7415.166666666667,323,9,8,2026-09-21,6969.4375,110.82489735638987,110.82489735638987
2026-09-22,BLR_HYD,30,7363.722222222223,332,9,7,2026-09-21,6540.928571428572,93.8567493634225,93.8567493634225
2026-09-22,BLR_HYD,45,8686.75,339,8,6,2026-09-21,8247.583333333334,105.9969717940675,105.9969717940675
2026-09-22,BOM_BLR,1,7538.888888888889,450,9,7,2026-09-21,8084.571428571428,96.5062072638787,96.5062072638787
2026-09-22,BOM_BLR,7,6750.888888888889,406,9,8,2026-09-21,6607.375,101.83937118759964,101.83937118759964
2026-09-22,BOM_BLR,15,6112.444444444444,438,9,8,2026-09-21,6292.125,95.60729122461736,95.60729122461736
2026-09-22,BOM_BLR,30,6630.277777777777,472,9,8,2026-09-21,6749.125,97.42907879590484,97.42907879590484
2026-09-22,BOM_BLR,45,9430.05,443,10,8,2026-09-21,8127.0,111.23862067596241,111.23862067596241
2026-09-22,BOM_DEL,1,6889.5,502,10,9,2026-09-21,6693.722222222223,102.77878123374956,102.77878123374956
2026-09-22,BOM_DEL,7,6568.0,543,9,8,2026-09-21,6697.875,98.29310941255343,98.29310941255343
2026-09-22,BOM_DEL,15,7244.722222222223,569,9,8,2026-09-21,6527.1875,111.54196352602291,111.54196352602291
2026-09-22,BOM_DEL,30,7124.7,579,10,8,2026-09-21,7079.5,99.91498437353286,99.91498437353286
2026-09-22,BOM_DEL,45,15017.55,620,10,8,2026-09-21,13094.75,108.16619594512814,108.16619594512814
2026-09-22,BOM_GOI,1,8082.75,245,8,6,2026-09-21,6779.25,116.05933027305092,116.05933027305092
2026-09-22,BOM_GOI,7,6106.875,248,8,7,2026-09-21,5753.714285714285,110.27424358927192,110.27424358927192
2026-09-22,BOM_GOI,15,5683.0625,231,8,7,2026-09-21,4810.0,118.38738352312569,118.38738352312569
2026-09-22,BOM_GOI,30,6751.125,268,8,7,2026-09-21,5517.071428571428,125.28951297724329,125.28951297724329
2026-09-22,BOM_GOI,45,7258.722222222223,294,9,7,2026-09-21,7134.857142857143,102.9170510246316,102.9170510246316
2026-09-22,BOM_MAA,1,8014.9375,380,8,7,2026-09-21,7838.428571428572,103.36853559167311,103.36853559167311
2026-09-22,BOM_MAA,7,7001.555555555556,377,9,7,2026-09-21,7299.5,98.71231419636176,98.71231419636176
2026-09-22,BOM_MAA,15,6563.722222222223,397,9,7,2026-09-21,6613.928571428572,100.24412703037441,100.24412703037441
2026-09-22,BOM_MAA,30,7183.777777777777,411,9,8,2026-09-21,7407.0,98.28634702002674,98.28634702002674
2026-09-22,BOM_MAA,45,10815.444444444445,393,9,6,2026-09-21,9144.166666666666,120.68826271960388,120.68826271960388
2026-09-22,CCU_DEL,1,8830.45,336,10,8,2026-09-21,8613.5,101.40347241853462,101.40347241853462
2026-09-22,CCU_DEL,7,8238.5,306,9,8,2026-09-21,8355.0625,97.80109027263099,97.80109027263099
2026-09-22,CCU_DEL,15,8314.666666666666,367,9,8,2026-09-21,8245.8125,100.01480995443625,100.01480995443625
2026-09-22,CCU_DEL,30,12992.3,374,10,9,2026-09-21,12843.777777777777,101.11812856955551,101.11812856955551
2026-09-22,CCU_DEL,45,9826.0,355,9,7,2026-09-21,9830.857142857143,99.05272299289257,99.05272299289257
2026-09-22,DEL_AMD,1,9317.625,220,8,7,2026-09-21,7968.285714285715,119.63488477388577,119.63488477388577
2026-09-22,DEL_AMD,7,7141.9375,229,8,6,2026-09-21,7500.25,101.14808516474734,101.14808516474734
2026-09-22,DEL_AMD,15,7029.5,156,7,6,2026-09-21,6719.666666666667,108.04913169607649,108.04913169607649
2026-09-22,DEL_AMD,30,7405.875,240,8,6,2026-09-21,7775.833333333333,99.8361780585867,99.8361780585867
2026-09-22,DEL_AMD,45,7443.0,227,8,6,2026-09-21,8308.333333333334,97.44128301169131,97.44128301169131
2026-09-22,DEL_BLR,1,9219.944444444445,609,9,7,2026-09-21,9598.857142857143,97.16083489095321,97.16083489095321
2026-09-22,DEL_BLR,7,8971.444444444445,600,9,7,2026-09-21,9292.0,97.7786250144194,97.7786250144194
2026-09-22,DEL_BLR,15,8941.555555555555,673,9,7,2026-09-21,9043.857142857143,99.31866511934295,99.31866511934295
2026-09-22,DEL_BLR,30,9905.555555555555,661,9,8,2026-09-21,10391.5625,95.81161809245697,95.81161809245697
2026-09-22,DEL_BLR,45,10558.944444444445,675,9,7,2026-09-21,10116.92857142857,103.69950725528909,103.69950725528909
2026-09-22,DEL_BOM,1,7449.722222222223,563,9,8,2026-09-21,6530.875,115.12073516588742,115.12073516588742
2026-09-22,DEL_BOM,7,7621.277777777777,483,9,8,2026-09-21,7563.75,102.05065964236597,102.05065964236597
2026-09-22,DEL_BOM,15,6604.0,599,10,9,2026-09-21,6763.611111111111,98.03465633194054,98.03465633194054
2026-09-22,DEL_BOM,30,6894.6,569,10,8,2026-09-21,6970.5,98.35850964283274,98.35850964283274
2026-09-22,DEL_BOM,45,7499.4,557,10,7,2026-09-21,6990.285714285715,108.24127462227833,108.24127462227833
2026-09-22,DEL_CCU,1,8711.55,447,10,7,2026-09-21,8926.0,99.2680980761023,99.2680980761023
2026-09-22,DEL_CCU,7,8591.1875,439,8,7,2026-09-21,8763.0,98.19131545439832,98.19131545439832
2026-09-22,DEL_CCU,15,8888.4,438,10,8,2026-09-21,8443.25,102.56278996983713,102.56278996983713
2026-09-22,DEL_CCU,30,12879.111111111111,566,9,7,2026-09-21,11864.857142857143,109.46374461771974,109.46374461771974
2026-09-22,DEL_CCU,45,13812.444444444445,435,9,7,2026-09-21,12220.857142857143,107.36763829964444,107.36763829964444
2026-09-22,DEL_GOI,1,10435.625,374,8,7,2026-09-21,8780.57142857143,117.32227347288256,117.32227347288256
2026-09-22,DEL_GOI,7,9529.1875,433,8,7,2026-09-21,9124.714285714286,105.24718418327318,105.24718418327318
2026-09-22,DEL_GOI,15,9987.1875,433,8,7,2026-09-21,8134.571428571428,120.37175358828482,120.37175358828482
2026-09-22,DEL_GOI,30,9742.8125,361,8,7,2026-09-21,9594.57142857143,101.41420740794483,101.41420740794483
2026-09-22,DEL_GOI,45,9589.5,425,8,6,2026-09-21,9142.5,105.0418344291097,105.0418344291097
2026-09-22,DEL_HYD,1,9354.1875,474,8,7,2026-09-21,9086.214285714286,103.48097375145574,103.48097375145574
2026-09-22,DEL_HYD,7,8921.0,481,9,8,2026-09-21,8898.0625,100.18047865827869,100.18047865827869
2026-09-22,DEL_HYD,15,9389.555555555555,537,9,8,2026-09-21,9073.3125,103.12678982529329,103.12678982529329
2026-09-22,DEL_HYD,30,9801.611111111111,515,9,8,2026-09-21,10222.75,95.7418930492676,95.7418930492676
2026-09-22,DEL_HYD,45,10953.333333333334,510,9,7,2026-09-21,11037.714285714286,98.33460195088085,98.33460195088085
2026-09-22,DEL_MAA,1,11521.611111111111,306,9,7,2026-09-21,10036.57142857143,102.9681470486461,102.9681470486461
2026-09-22,DEL_MAA,7,10110.388888888889,328,9,8,2026-09-21,10187.0,99.14264192817066,99.14264192817066
2026-09-22,DEL_MAA,15,9386.1875,305,8,7,2026-09-21,9326.42857142857,99.7264732359255,99.7264732359255
2026-09-22,DEL_MAA,30,10011.555555555555,330,9,7,2026-09-21,9989.5,98.66962157419235,98.66962157419235
2026-09-22,DEL_MAA,45,11531.444444444445,341,9,6,2026-09-21,10228.833333333334,103.95909404513344,103.95909404513344
2026-09-22,HYD_BLR,1,11481.5,298,8,7,2026-09-21,11862.07142857143,97.60671930928599,97.60671930928599
2026-09-22,HYD_BLR,7,7183.125,292,8,7,2026-09-21,7564.928571428572,98.18987334592806,98.18987334592806
2026-09-22,HYD_BLR,15,7382.0,297,8,6,2026-09-21,5320.666666666667,111.93032003777243,111.93032003777243
2026-09-22,HYD_BLR,30,7398.0,303,8,7,2026-09-21,8877.714285714286,86.31608036329341,86.31608036329341
2026-09-22,HYD_BLR,45,7290.375,300,8,6,2026-09-21,7888.166666666667,101.72715572557375,101.72715572557375
2026-09-22,HYD_DEL,1,9247.833333333334,433,9,8,2026-09-21,9097.5,102.65471592923556,102.65471592923556
2026-09-22,HYD_DEL,7,8248.444444444445,458,9,8,2026-09-21,8549.25,97.41041069124041,97.41041069124041
2026-09-22,HYD_DEL,15,8961.722222222223,526,9,8,2026-09-21,8425.6875,105.9017101177843,105.9017101177843
2026-09-22,HYD_DEL,30,9376.277777777777,518,9,8,2026-09-21,9181.5,101.67893476849493,101.67893476849493
2026-09-22,HYD_DEL,45,13746.65,494,10,8,2026-09-21,12905.625,101.92169911950087,101.92169911950087
2026-09-22,MAA_BOM,1,8529.833333333334,316,9,8,2026-09-21,8266.8125,102.27161934835532,102.27161934835532
2026-09-22,MAA_BOM,7,7764.25,293,8,7,2026-09-21,7925.071428571428,98.67595049616374,98.67595049616374
2026-09-22,MAA_BOM,15,7339.555555555556,326,9,8,2026-09-21,7108.125,103.03655492261503,103.03655492261503
2026-09-22,MAA_BOM,30,7643.875,305,8,7,2026-09-21,7753.428571428572,98.82426421450964,98.82426421450964
2026-09-22,MAA_BOM,45,9022.25,318,8,6,2026-09-21,7939.5,105.62759195539168,105.62759195539168
2026-09-22,MAA_DEL,1,11491.0,416,9,7,2026-09-21,10278.285714285714,106.19621309316075,106.19621309316075
2026-09-22,MAA_DEL,7,10476.055555555555,451,9,7,2026-09-21,10081.857142857143,100.27495617510746,100.27495617510746
2026-09-22,MAA_DEL,15,9973.111111111111,444,9,7,2026-09-21,9671.5,101.01189740537394,101.01189740537394
2026-09-22,MAA_DEL,30,10698.333333333334,448,9,8,2026-09-21,11776.75,94.87688079815912,94.87688079815912
2026-09-22,MAA_DEL,45,16173.625,418,8,6,2026-09-21,13437.333333333334,119.7392374125206,119.7392374125206
2026-09-23,AMD_DEL,1,8586.166666666666,152,6,6,2026-09-22,9876.5,90.25632113553168,90.25632113553168
2026-09-23,AMD_DEL,7,6769.9,125,5,5,2026-09-22,7886.2,90.7307204580641,90.7307204580641
2026-09-23,AMD_DEL,15,6922.583333333333,146,6,6,2026-09-22,7479.666666666667,95.59237126976431,95.59237126976431
2026-09-23,AMD_DEL,30,7101.583333333333,156,6,6,2026-09-22,8581.666666666666,89.18097559938035,89.18097559938035
2026-09-23,AMD_DEL,45,12100.0,173,7,6,2026-09-22,14854.833333333334,92.2616636668951,92.2616636668951
2026-09-23,BLR_BOM,1,7023.142857142857,372,7,7,2026-09-22,6948.642857142857,100.56404451121318,100.56404451121318
2026-09-23,BLR_BOM,7,6626.0,248,6,6,2026-09-22,6438.833333333333,103.36492137233995,103.36492137233995
2026-09-23,BLR_BOM,15,6205.166666666667,252,6,6,2026-09-22,6250.666666666667,99.18284291734248,99.18284291734248
2026-09-23,BLR_BOM,30,6560.714285714285,244,7,7,2026-09-22,6261.214285714285,105.76362284774852,105.76362284774852
2026-09-23,BLR_BOM,45,8494.0,260,7,7,2026-09-22,8396.5,101.99870898109839,101.99870898109839
2026-09-23,BLR_DEL,1,11715.285714285714,401,7,7,2026-09-22,10690.42857142857,108.94884880342283,108.94884880342283
2026-09-23,BLR_DEL,7,8744.142857142857,406,7,7,2026-09-22,8997.285714285714,99.0305526755379,99.0305526755379
2026-09-23,BLR_DEL,15,8740.0,417,7,7,2026-09-22,8659.785714285714,102.40897915614889,102.40897915614889
2026-09-23,BLR_DEL,30,9310.07142857143,434,7,7,2026-09-22,9434.857142857143,99.20198220888368,99.20198220888368
2026-09-23,BLR_DEL,45,13254.1875,448,8,7,2026-09-22,15285.42857142857,91.42329973212766,91.42329973212766
2026-09-23,BLR_HYD,1,10407.833333333334,212,6,5,2026-09-22,9512.1,94.58621973062255,94.58621973062255
2026-09-23,BLR_HYD,7,5435.4,187,5,5,2026-09-22,5151.1,105.32308866616329,105.32308866616329
2026-09-23,BLR_HYD,15,9093.666666666666,199,6,6,2026-09-22,7671.583333333333,121.66055731385522,121.66055731385522
2026-09-23,BLR_HYD,30,7684.333333333333,197,6,6,2026-09-22,7552.75,100.71012889356611,100.71012889356611
2026-09-23,BLR_HYD,45,10433.25,221,6,5,2026-09-22,7651.5,114.58781601876755,114.58781601876755
2026-09-23,BOM_BLR,1,7462.428571428572,366,7,7,2026-09-22,7635.428571428572,97.22057043828336,97.22057043828336
2026-09-23,BOM_BLR,7,6853.285714285715,375,7,7,2026-09-22,6922.571428571428,98.87116029410176,98.87116029410176
2026-09-23,BOM_BLR,15,6344.642857142857,374,7,7,2026-09-22,6389.142857142857,99.22185050646347,99.22185050646347
2026-09-23,BOM_BLR,30,6822.25,385,8,7,2026-09-22,6757.714285714285,104.79641323053126,104.79641323053126
2026-09-23,BOM_BLR,45,9062.07142857143,367,7,7,2026-09-22,9501.57142857143,96.12399581265467,96.12399581265467
2026-09-23,BOM_DEL,1,7899.5,479,8,8,2026-09-22,6927.75,113.36909114469371,113.36909114469371
2026-09-23,BOM_DEL,7,7495.6875,431,8,7,2026-09-22,6549.714285714285,115.77229740520485,115.77229740520485
2026-09-23,BOM_DEL,15,6495.142857142857,486,7,7,2026-09-22,6506.214285714285,99.82160967232737,99.82160967232737
2026-09-23,BOM_DEL,30,7051.5,473,8,8,2026-09-22,7141.125,98.78267681576597,98.78267681576597
2026-09-23,BOM_DEL,45,11383.5,357,6,6,2026-09-22,13761.916666666666,86.526266853103,86.526266853103
2026-09-23,BOM_GOI,1,9068.4,146,5,5,2026-09-22,7785.0,116.06932858490902,116.06932858490902
2026-09-23,BOM_GOI,7,7171.6,146,5,5,2026-09-22,5321.2,136.72153220881415,136.72153220881415
2026-09-23,BOM_GOI,15,6888.9,162,5,5,2026-09-22,4948.1,139.48081399451843,139.48081399451843
2026-09-23,BOM_GOI,30,7084.6,159,5,5,2026-09-22,6358.8,111.6014416052409,111.6014416052409
2026-09-23,BOM_GOI,45,5857.7,183,5,5,2026-09-22,6788.4,86.1992394670879,86.1992394670879
2026-09-23,BOM_MAA,1,7008.6,129,5,4,2026-09-22,7832.5,94.99971285650206,94.99971285650206
2026-09-23,BOM_MAA,7,6897.5,178,5,5,2026-09-22,7050.8,98.4703234034812,98.4703234034812
2026-09-23,BOM_MAA,15,6596.416666666667,189,6,6,2026-09-22,6430.666666666667,102.65470929434981,102.65470929434981
2026-09-23,BOM_MAA,30,6731.0,181,5,5,2026-09-22,7205.8,94.73905817174514,94.73905817174514
2026-09-23,BOM_MAA,45,10417.6,173,5,5,2026-09-22,11071.0,95.31778378550868,95.31778378550868
2026-09-23,CCU_DEL,1,8271.333333333334,204,6,6,2026-09-22,8486.75,97.64592585755697,97.64592585755697
2026-09-23,CCU_DEL,7,10224.92857142857,212,7,6,2026-09-22,8014.083333333333,104.19040706928901,104.19040706928901
2026-09-23,CCU_DEL,15,8166.785714285715,220,7,6,2026-09-22,7990.0,101.45350281221651,101.45350281221651
2026-09-23,CCU_DEL,30,10531.42857142857,238,7,7,2026-09-22,12615.285714285714,85.90032996894288,85.90032996894288
2026-09-23,CCU_DEL,45,9108.0,220,7,6,2026-09-22,9234.333333333334,99.71042110376266,99.71042110376266
2026-09-23,DEL_AMD,1,7674.5,156,6,6,2026-09-22,8866.333333333334,88.0325006059063,88.0325006059063
2026-09-23,DEL_AMD,7,7174.833333333333,145,6,6,2026-09-22,6533.583333333333,109.19353847545274,109.19353847545274
2026-09-23,DEL_AMD,15,7037.2,143,5,5,2026-09-22,7155.7,98.15182169036527,98.15182169036527
2026-09-23,DEL_AMD,30,5558.6,142,5,5,2026-09-22,5937.7,94.46249937101365,94.46249937101365
2026-09-23,DEL_AMD,45,5975.5,169,6,5,2026-09-22,5911.8,100.38150164737989,100.38150164737989
2026-09-23,DEL_BLR,1,8588.0,270,6,6,2026-09-22,9005.083333333334,96.79495383385147,96.79495383385147
2026-09-23,DEL_BLR,7,8845.857142857143,414,7,7,2026-09-22,8970.42857142857,99.03253632327002,99.03253632327002
2026-09-23,DEL_BLR,15,8340.857142857143,421,7,7,2026-09-22,8932.0,94.88622742706093,94.88622742706093
2026-09-23,DEL_BLR,30,10123.0,444,7,6,2026-09-22,9869.5,103.96077010276527,103.96077010276527
2026-09-23,DEL_BLR,45,9550.714285714286,448,7,7,2026-09-22,10672.785714285714,91.93351897308322,91.93351897308322
2026-09-23,DEL_BOM,1,6815.833333333333,513,9,8,2026-09-22,7542.3125,96.19743663025878,96.19743663025878
2026-09-23,DEL_BOM,7,6683.666666666667,540,9,8,2026-09-22,6953.6875,97.90750976840408,97.90750976840408
2026-09-23,DEL_BOM,15,6462.875,413,8,8,2026-09-22,6539.875,98.86483194809284,98.86483194809284
2026-09-23,DEL_BOM,30,6842.222222222223,521,9,9,2026-09-22,6891.555555555556,99.33169571610988,99.33169571610988
2026-09-23,DEL_BOM,45,7439.3125,557,8,8,2026-09-22,7653.125,97.21562366604513,97.21562366604513
2026-09-23,DEL_CCU,1,8472.5,211,6,6,2026-09-22,8589.583333333334,99.44280685398208,99.44280685398208
2026-09-23,DEL_CCU,7,8038.25,208,6,5,2026-09-22,8352.9,95.48908025652656,95.48908025652656
2026-09-23,DEL_CCU,15,8766.666666666666,229,6,6,2026-09-22,8797.666666666666,99.88965986450853,99.88965986450853
2026-09-23,DEL_CCU,30,11710.285714285714,240,7,6,2026-09-22,12487.5,98.76732847690182,98.76732847690182
2026-09-23,DEL_CCU,45,12107.166666666666,216,6,5,2026-09-22,14152.4,89.55426055303495,89.55426055303495
2026-09-23,DEL_GOI,1,9258.625,116,4,4,2026-09-22,10074.75,95.16707817822444,95.16707817822444
2026-09-23,DEL_GOI,7,10530.4,170,5,5,2026-09-22,9434.9,111.35070380590881,111.35070380590881
2026-09-23,DEL_GOI,15,7722.375,118,4,4,2026-09-22,10066.875,79.8870104569585,79.8870104569585
2026-09-23,DEL_GOI,30,9693.6,171,5,5,2026-09-22,9594.3,101.89339067063868,101.89339067063868
2026-09-23,DEL_GOI,45,8019.3,174,5,5,2026-09-22,9590.6,89.07721070676416,89.07721070676416
2026-09-23,DEL_HYD,1,8445.666666666666,223,6,5,2026-09-22,9177.0,93.96259144124772,93.96259144124772
2026-09-23,DEL_HYD,7,8145.6,159,5,5,2026-09-22,8949.2,93.99748452199978,93.99748452199978
2026-09-23,DEL_HYD,15,8302.8,169,5,5,2026-09-22,9408.8,92.33216106487667,92.33216106487667
2026-09-23,DEL_HYD,30,8695.75,229,6,6,2026-09-22,9767.333333333334,91.19829574822609,91.19829574822609
2026-09-23,DEL_HYD,45,9330.285714285714,227,7,6,2026-09-22,10682.666666666666,91.92070660065538,91.92070660065538
2026-09-23,DEL_MAA,1,10234.25,190,6,5,2026-09-22,10110.0,96.27246882653937,96.27246882653937
2026-09-23,DEL_MAA,7,9295.0,175,5,5,2026-09-22,9268.8,100.26202620262026,100.26202620262026
2026-09-23,DEL_MAA,15,9723.5,146,6,5,2026-09-22,8935.2,107.03128371089535,107.03128371089535
2026-09-23,DEL_MAA,30,9365.666666666666,188,6,6,2026-09-22,9432.0,99.40704984952772,99.40704984952772
2026-09-23,DEL_MAA,45,10490.833333333334,188,6,6,2026-09-22,11228.5,94.30911992388842,94.30911992388842
2026-09-23,HYD_BLR,1,12182.0,209,6,6,2026-09-22,11291.5,108.1546805672509,108.1546805672509
2026-09-23,HYD_BLR,7,7009.3,195,5,5,2026-09-22,5372.8,130.91686668726283,130.91686668726283
2026-09-23,HYD_BLR,15,7554.583333333333,201,6,6,2026-09-22,7463.166666666667,101.07506182435259,101.07506182435259
2026-09-23,HYD_BLR,30,7763.666666666667,199,6,6,2026-09-22,7671.666666666667,101.44948098054117,101.44948098054117
2026-09-23,HYD_BLR,45,7222.583333333333,177,6,6,2026-09-22,7149.333333333333,99.2925576307664,99.2925576307664
2026-09-23,HYD_DEL,1,9059.5,218,6,6,2026-09-22,9100.416666666666,101.81835770398503,101.81835770398503
2026-09-23,HYD_DEL,7,7999.0,223,6,6,2026-09-22,8096.333333333333,99.09756375135413,99.09756375135413
2026-09-23,HYD_DEL,15,9508.833333333334,233,6,6,2026-09-22,9004.833333333334,107.05981848170087,107.05981848170087
2026-09-23,HYD_DEL,30,8345.416666666666,230,6,6,2026-09-22,9513.25,91.86298532153198,91.86298532153198
2026-09-23,HYD_DEL,45,11152.833333333334,227,6,6,2026-09-22,12913.416666666666,90.65673500513897,90.65673500513897
2026-09-23,MAA_BOM,1,8052.25,184,6,6,2026-09-22,8262.583333333334,97.66140342147844,97.66140342147844
2026-09-23,MAA_BOM,7,7446.2,175,5,5,2026-09-22,7506.2,98.94736842105263,98.94736842105263
2026-09-23,MAA_BOM,15,7212.166666666667,190,6,6,2026-09-22,7121.0,101.21150535563832,101.21150535563832
2026-09-23,MAA_BOM,30,7444.5,189,6,5,2026-09-22,7446.2,100.0,100.0
2026-09-23,MAA_BOM,45,8184.4,185,5,5,2026-09-22,8476.8,97.42594233762341,97.42594233762341
2026-09-23,MAA_DEL,1,11735.333333333334,187,6,6,2026-09-22,11510.333333333334,102.49293279127339,102.49293279127339
2026-09-23,MAA_DEL,7,9138.7,173,5,5,2026-09-22,9709.2,95.19597355670551,95.19597355670551
2026-09-23,MAA_DEL,15,9673.166666666666,193,6,6,2026-09-22,9783.833333333334,99.74611013240884,99.74611013240884
2026-09-23,MAA_DEL,30,9999.6,133,5,5,2026-09-22,10727.2,94.39982764614487,94.39982764614487
2026-09-23,MAA_DEL,45,10830.75,129,4,4,2026-09-22,13180.0,87.4747517390259,87.4747517390259
2026-09-24,AMD_DEL,1,11086.833333333334,223,9,6,2026-09-23,8586.166666666666,126.79244975070817,126.79244975070817
2026-09-24,AMD_DEL,7,7492.555555555556,227,9,5,2026-09-23,6769.9,108.0832013066517,108.0832013066517
2026-09-24,AMD_DEL,15,6965.1875,195,8,5,2026-09-23,7049.1,102.68178555528297,102.68178555528297
2026-09-24,AMD_DEL,30,7682.833333333333,242,9,6,2026-09-23,7101.583333333333,101.03103583351078,101.03103583351078
2026-09-24,AMD_DEL,45,9824.222222222223,268,9,6,2026-09-23,12235.5,80.81566626732008,80.81566626732008
2026-09-24,BLR_BOM,1,7383.833333333333,406,9,7,2026-09-23,7023.142857142857,107.23955581949599,107.23955581949599
2026-09-24,BLR_BOM,7,6896.111111111111,441,9,6,2026-09-23,6626.0,101.47260162778282,101.47260162778282
2026-09-24,BLR_BOM,15,7297.222222222223,407,9,6,2026-09-23,6205.166666666667,111.49068321046623,111.49068321046623
2026-09-24,BLR_BOM,30,6608.666666666667,404,9,6,2026-09-23,6532.166666666667,99.28730557913464,99.28730557913464
2026-09-24,BLR_BOM,45,7319.35,422,10,7,2026-09-23,8494.0,84.37538926543597,84.37538926543597
2026-09-24,BLR_DEL,1,16048.277777777777,442,9,7,2026-09-23,11715.285714285714,131.5766521951994,131.5766521951994
2026-09-24,BLR_DEL,7,9566.5,476,9,7,2026-09-23,8744.142857142857,109.36093988799006,109.36093988799006
2026-09-24,BLR_DEL,15,10430.833333333334,489,9,7,2026-09-23,8740.0,118.50806575080891,118.50806575080891
2026-09-24,BLR_DEL,30,9501.05,492,10,7,2026-09-23,9310.07142857143,101.15001364489136,101.15001364489136
2026-09-24,BLR_DEL,45,9595.055555555555,493,9,7,2026-09-23,13270.714285714286,74.61218707050247,74.61218707050247
2026-09-24,BLR_HYD,1,11223.5625,246,8,5,2026-09-23,10682.9,111.76567252547201,111.76567252547201
2026-09-24,BLR_HYD,7,8974.0625,253,8,4,2026-09-23,5158.5,149.14336352894838,149.14336352894838
2026-09-24,BLR_HYD,15,9141.0625,246,8,5,2026-09-23,9567.6,101.81246165477708,101.81246165477708
2026-09-24,BLR_HYD,30,5764.0,244,7,4,2026-09-23,5158.5,98.50925925925927,98.50925925925927
2026-09-24,BLR_HYD,45,6201.857142857143,251,7,4,2026-09-23,8408.25,64.53408711694544,64.53408711694544
2026-09-24,BOM_BLR,1,7142.666666666667,408,9,7,2026-09-23,7462.428571428572,99.07832702569559,99.07832702569559
2026-09-24,BOM_BLR,7,7720.444444444444,403,9,7,2026-09-23,6853.285714285715,115.42301736970373,115.42301736970373
2026-09-24,BOM_BLR,15,6737.888888888889,415,9,7,2026-09-23,6344.642857142857,108.6030357505441,108.6030357505441
2026-09-24,BOM_BLR,30,7225.2,410,10,8,2026-09-23,6822.25,106.38626732087428,106.38626732087428
2026-09-24,BOM_BLR,45,8040.5,446,10,7,2026-09-23,9062.07142857143,91.70934492580349,91.70934492580349
2026-09-24,BOM_DEL,1,8306.222222222223,523,9,7,2026-09-23,8096.142857142857,111.80720228854751,111.80720228854751
2026-09-24,BOM_DEL,7,8246.444444444445,503,9,7,2026-09-23,7634.642857142857,116.00822553733633,116.00822553733633
2026-09-24,BOM_DEL,15,6696.85,545,10,7,2026-09-23,6495.142857142857,103.0612961643532,103.0612961643532
2026-09-24,BOM_DEL,30,7035.166666666667,573,9,7,2026-09-23,7121.714285714285,99.0733806920982,99.0733806920982
2026-09-24,BOM_DEL,45,8144.7,589,10,6,2026-09-23,11383.5,75.28945055643574,75.28945055643574
2026-09-24,BOM_GOI,1,10063.125,222,8,5,2026-09-23,9068.4,111.70927939817356,111.70927939817356
2026-09-24,BOM_GOI,7,11403.75,262,8,5,2026-09-23,7171.6,147.66618078822972,147.66618078822972
2026-09-24,BOM_GOI,15,6811.375,267,8,5,2026-09-23,6888.9,95.58362419108087,95.58362419108087
2026-09-24,BOM_GOI,30,6072.25,241,8,5,2026-09-23,7084.6,84.4738338973067,84.4738338973067
2026-09-24,BOM_GOI,45,5512.888888888889,318,9,5,2026-09-23,5857.7,92.4714330753238,92.4714330753238
2026-09-24,BOM_MAA,1,7788.833333333333,316,9,4,2026-09-23,7286.0,100.86640599368533,100.86640599368533
2026-09-24,BOM_MAA,7,7445.444444444444,316,9,5,2026-09-23,6897.5,103.03371542951925,103.03371542951925
2026-09-24,BOM_MAA,15,7023.444444444444,308,9,6,2026-09-23,6596.416666666667,103.89805827871824,103.89805827871824
2026-09-24,BOM_MAA,30,6911.666666666667,315,9,5,2026-09-23,6731.0,100.0,100.0
2026-09-24,BOM_MAA,45,7858.166666666667,295,9,5,2026-09-23,10417.6,77.46037391958433,77.46037391958433
2026-09-24,CCU_DEL,1,8692.333333333334,319,9,6,2026-09-23,8271.333333333334,101.1950929889926,101.1950929889926
2026-09-24,CCU_DEL,7,8454.611111111111,369,9,6,2026-09-23,8348.583333333334,98.05217387175684,98.05217387175684
2026-09-24,CCU_DEL,15,8495.5,362,9,6,2026-09-23,8232.75,99.9443129123044,99.9443129123044
2026-09-24,CCU_DEL,30,11408.055555555555,379,9,6,2026-09-23,10637.666666666666,101.85482215141434,101.85482215141434
2026-09-24,CCU_DEL,45,11057.444444444445,357,9,6,2026-09-23,9208.5,112.98328141364925,112.98328141364925
2026-09-24,DEL_AMD,1,8517.07142857143,202,7,4,2026-09-23,6614.5,119.99231170454223,119.99231170454223
2026-09-24,DEL_AMD,7,7360.125,215,8,5,2026-09-23,7244.4,95.9538486380819,95.9538486380819
2026-09-24,DEL_AMD,15,7389.6875,210,8,4,2026-09-23,7100.5,98.90265486725664,98.90265486725664
2026-09-24,DEL_AMD,30,6524.722222222223,223,9,5,2026-09-23,5558.6,106.07889828271625,106.07889828271625
2026-09-24,DEL_AMD,45,7031.722222222223,256,9,5,2026-09-23,5939.4,96.80222762311035,96.80222762311035
2026-09-24,DEL_BLR,1,9051.888888888889,460,9,6,2026-09-23,8588.0,101.33354908396979,101.33354908396979
2026-09-24,DEL_BLR,7,8893.0,482,9,7,2026-09-23,8845.857142857143,99.95373161532746,99.95373161532746
2026-09-24,DEL_BLR,15,8862.111111111111,478,9,7,2026-09-23,8340.857142857143,105.54706918235334,105.54706918235334
2026-09-24,DEL_BLR,30,10913.45,469,10,7,2026-09-23,10123.0,106.29716605034017,106.29716605034017
2026-09-24,DEL_BLR,45,9618.1,490,10,7,2026-09-23,9550.714285714286,98.44686833184832,98.44686833184832
2026-09-24,DEL_BOM,1,8022.05,496,10,9,2026-09-23,6815.833333333333,117.6482399586752,117.6482399586752
2026-09-24,DEL_BOM,7,7577.166666666667,558,9,8,2026-09-23,6572.0,104.30929653044224,104.30929653044224
2026-09-24,DEL_BOM,15,6635.3125,551,8,6,2026-09-23,6454.333333333333,101.68777311623563,101.68777311623563
2026-09-24,DEL_BOM,30,6872.5,562,8,7,2026-09-23,6931.714285714285,99.0777906339569,99.0777906339569
2026-09-24,DEL_BOM,45,7708.666666666667,607,9,7,2026-09-23,7569.5,103.5124856927584,103.5124856927584
2026-09-24,DEL_CCU,1,8638.166666666666,330,9,6,2026-09-23,8472.5,97.07132436850854,97.07132436850854
2026-09-24,DEL_CCU,7,9108.555555555555,353,9,6,2026-09-23,8038.25,108.81772708303022,108.81772708303022
2026-09-24,DEL_CCU,15,9819.5,352,9,6,2026-09-23,8766.666666666666,106.80386353265702,106.80386353265702
2026-09-24,DEL_CCU,30,13156.25,376,10,7,2026-09-23,11710.285714285714,105.33258879578703,105.33258879578703
2026-09-24,DEL_CCU,45,10299.944444444445,347,9,5,2026-09-23,12340.4,83.59414897367586,83.59414897367586
2026-09-24,DEL_GOI,1,12091.5625,308,8,4,2026-09-23,9258.625,129.83814115903738,129.83814115903738
2026-09-24,DEL_GOI,7,14476.25,278,8,5,2026-09-23,10530.4,129.0243445307133,129.0243445307133
2026-09-24,DEL_GOI,15,8437.5,290,8,4,2026-09-23,7722.375,99.10628336450918,99.10628336450918
2026-09-24,DEL_GOI,30,9942.75,300,8,5,2026-09-23,9693.6,98.70641288808616,98.70641288808616
2026-09-24,DEL_GOI,45,7864.9375,328,8,5,2026-09-23,8019.3,94.0020980912474,94.0020980912474
2026-09-24,DEL_HYD,1,8701.0,348,9,6,2026-09-23,8445.666666666666,99.12910609948966,99.12910609948966
2026-09-24,DEL_HYD,7,9054.111111111111,369,9,5,2026-09-23,8145.6,106.59915555698953,106.59915555698953
2026-09-24,DEL_HYD,15,8586.777777777777,345,9,5,2026-09-23,8302.8,100.33755274261603,100.33755274261603
2026-09-24,DEL_HYD,30,9633.111111111111,355,9,6,2026-09-23,8695.75,107.60658460681115,107.60658460681115
2026-09-24,DEL_HYD,45,9691.111111111111,393,9,6,2026-09-23,9347.166666666666,97.9101378289708,97.9101378289708
2026-09-24,DEL_MAA,1,10647.0,321,9,6,2026-09-23,10234.25,100.07991597780682,100.07991597780682
2026-09-24,DEL_MAA,7,10392.722222222223,324,9,5,2026-09-23,9295.0,102.69316529326224,102.69316529326224
2026-09-24,DEL_MAA,15,10887.833333333334,330,9,6,2026-09-23,9723.5,98.19916174798402,98.19916174798402
2026-09-24,DEL_MAA,30,9973.666666666666,310,9,6,2026-09-23,9365.666666666666,101.7830422314377,101.7830422314377
2026-09-24,DEL_MAA,45,9940.0,297,8,5,2026-09-23,10496.0,93.15184351444843,93.15184351444843
2026-09-24,HYD_BLR,1,13054.388888888889,314,9,6,2026-09-23,12182.0,108.75252985147739,108.75252985147739
2026-09-24,HYD_BLR,7,10195.1875,252,8,4,2026-09-23,7029.375,123.90149799952634,123.90149799952634
2026-09-24,HYD_BLR,15,8495.625,243,8,5,2026-09-23,7940.4,119.42232019454505,119.42232019454505
2026-09-24,HYD_BLR,30,8242.25,256,8,5,2026-09-23,8136.8,110.22686475550438,110.22686475550438
2026-09-24,HYD_BLR,45,6685.875,248,8,5,2026-09-23,7443.5,97.36235777201728,97.36235777201728
2026-09-24,HYD_DEL,1,10697.666666666666,342,9,6,2026-09-23,9059.5,110.53326025680151,110.53326025680151
2026-09-24,HYD_DEL,7,9331.277777777777,355,9,6,2026-09-23,7999.0,110.98711948546027,110.98711948546027
2026-09-24,HYD_DEL,15,10072.333333333334,353,9,6,2026-09-23,9508.833333333334,101.81434902062362,101.81434902062362
2026-09-24,HYD_DEL,30,9414.944444444445,380,9,6,2026-09-23,8345.416666666666,106.98738269649078,106.98738269649078
2026-09-24,HYD_DEL,45,8865.333333333334,407,9,6,2026-09-23,11152.833333333334,80.32205421704224,80.32205421704224
2026-09-24,MAA_BOM,1,8407.714285714286,239,7,4,2026-09-23,7446.25,101.71192195269344,101.71192195269344
2026-09-24,MAA_BOM,7,7664.571428571428,235,7,3,2026-09-23,6826.666666666667,102.55968169761275,102.55968169761275
2026-09-24,MAA_BOM,15,7743.142857142857,244,7,4,2026-09-23,7041.75,100.0,100.0
2026-09-24,MAA_BOM,30,7676.5,285,8,5,2026-09-23,7091.2,100.34965034965035,100.34965034965035
2026-09-24,MAA_BOM,45,7543.9375,264,8,4,2026-09-23,7231.5,97.14375140975007,97.14375140975007
2026-09-24,MAA_DEL,1,14118.222222222223,279,9,6,2026-09-23,11735.333333333334,113.60659348781581,113.60659348781581
2026-09-24,MAA_DEL,7,10839.222222222223,302,9,5,2026-09-23,9138.7,110.11237722575049,110.11237722575049
2026-09-24,MAA_DEL,15,10571.111111111111,328,9,6,2026-09-23,9673.166666666666,102.41454794722749,102.41454794722749
2026-09-24,MAA_DEL,30,11064.888888888889,318,9,5,2026-09-23,9999.6,105.73374966014426,105.73374966014426
2026-09-24,MAA_DEL,45,10391.555555555555,308,9,4,2026-09-23,10830.75,87.97959022229254,87.97959022229254
2026-09-25,AMD_DEL,1,10043.4375,185,8,8,2026-09-24,11305.8125,89.5828887912046,89.5828887912046
2026-09-25,AMD_DEL,7,7000.0625,245,8,8,2026-09-24,7624.75,93.53047337216678,93.53047337216678
2026-09-25,AMD_DEL,15,7006.5,228,8,7,2026-09-24,7056.785714285715,100.7321773540821,100.7321773540821
2026-09-25,AMD_DEL,30,6975.1875,227,8,8,2026-09-24,7838.8125,94.14573416316942,94.14573416316942
2026-09-25,AMD_DEL,45,12290.5,282,9,8,2026-09-24,10134.75,123.20995706147725,123.20995706147725
2026-09-25,BLR_BOM,1,6990.0,393,9,9,2026-09-24,7383.833333333333,95.69907941950962,95.69907941950962
2026-09-25,BLR_BOM,7,6669.333333333333,373,9,9,2026-09-24,6896.111111111111,97.23456781444291,97.23456781444291
2026-09-25,BLR_BOM,15,7382.25,273,8,8,2026-09-24,6908.0,106.61691696165687,106.61691696165687
2026-09-25,BLR_BOM,30,7417.9,423,10,9,2026-09-24,6608.666666666667,113.81489438157041,113.81489438157041
2026-09-25,BLR_BOM,45,7348.7,427,10,10,2026-09-24,7319.35,100.65883455611633,100.65883455611633
2026-09-25,BLR_DEL,1,10975.388888888889,427,9,9,2026-09-24,16048.277777777777,76.42344590756448,76.42344590756448
2026-09-25,BLR_DEL,7,8732.666666666666,461,9,9,2026-09-24,9566.5,92.09088362909056,92.09088362909056
2026-09-25,BLR_DEL,15,12069.777777777777,478,9,9,2026-09-24,10430.833333333334,115.30594403499634,115.30594403499634
2026-09-25,BLR_DEL,30,9601.75,501,10,10,2026-09-24,9501.05,100.97808280440164,100.97808280440164
2026-09-25,BLR_DEL,45,9231.555555555555,508,9,9,2026-09-24,9595.055555555555,96.539270198433,96.539270198433
2026-09-25,BLR_HYD,1,9743.875,316,8,7,2026-09-24,11857.07142857143,84.20780318446681,84.20780318446681
2026-09-25,BLR_HYD,7,8655.3125,328,8,7,2026-09-24,9355.214285714286,91.74210972896029,91.74210972896029
2026-09-25,BLR_HYD,15,8876.25,321,8,7,2026-09-24,9523.785714285714,94.20648502427125,94.20648502427125
2026-09-25,BLR_HYD,30,7376.125,326,8,6,2026-09-24,5746.666666666667,97.39926382030353,97.39926382030353
2026-09-25,BLR_HYD,45,7539.875,311,8,6,2026-09-24,6323.666666666667,96.09339379970827,96.09339379970827
2026-09-25,BOM_BLR,1,6710.944444444444,383,9,9,2026-09-24,7142.666666666667,95.71654782702514,95.71654782702514
2026-09-25,BOM_BLR,7,6779.166666666667,387,9,9,2026-09-24,7720.444444444444,88.21927082365168,88.21927082365168
2026-09-25,BOM_BLR,15,6689.222222222223,390,9,9,2026-09-24,6737.888888888889,99.34791355410039,99.34791355410039
2026-09-25,BOM_BLR,30,8152.3,436,10,10,2026-09-24,7225.2,111.74149289936074,111.74149289936074
2026-09-25,BOM_BLR,45,8765.0,297,9,9,2026-09-24,7810.888888888889,111.76107711078652,111.76107711078652
2026-09-25,BOM_DEL,1,8074.85,489,10,9,2026-09-24,8306.222222222223,96.84603998106509,96.84603998106509
2026-09-25,BOM_DEL,7,7298.95,515,10,9,2026-09-24,8246.444444444445,90.38246067029593,90.38246067029593
2026-09-25,BOM_DEL,15,6614.4,532,10,10,2026-09-24,6696.85,98.85847691745366,98.85847691745366
2026-09-25,BOM_DEL,30,7000.85,589,10,9,2026-09-24,7035.166666666667,100.31097663866498,100.31097663866498
2026-09-25,BOM_DEL,45,8018.35,564,10,10,2026-09-24,8144.7,98.62669289350907,98.62669289350907
2026-09-25,BOM_GOI,1,8731.5,231,7,7,2026-09-24,10280.857142857143,86.65230889629991,86.65230889629991
2026-09-25,BOM_GOI,7,10110.785714285714,276,7,7,2026-09-24,11648.142857142857,88.20727857250071,88.20727857250071
2026-09-25,BOM_GOI,15,5727.785714285715,265,7,7,2026-09-24,6941.142857142857,82.21246547617797,82.21246547617797
2026-09-25,BOM_GOI,30,5150.375,261,8,7,2026-09-24,6094.857142857143,85.54791851261511,85.54791851261511
2026-09-25,BOM_GOI,45,6215.5625,306,8,8,2026-09-24,5588.75,111.01249884229357,111.01249884229357
2026-09-25,BOM_MAA,1,7141.375,299,8,8,2026-09-24,7833.6875,91.58345468466813,91.58345468466813
2026-09-25,BOM_MAA,7,7054.0,303,8,8,2026-09-24,7508.25,95.31014282318034,95.31014282318034
2026-09-25,BOM_MAA,15,7028.785714285715,316,7,7,2026-09-24,7043.428571428572,99.65359118380398,99.65359118380398
2026-09-25,BOM_MAA,30,8173.6875,299,8,8,2026-09-24,6907.75,118.0697079999532,118.0697079999532
2026-09-25,BOM_MAA,45,8802.75,292,8,8,2026-09-24,7952.9375,110.51368984419652,110.51368984419652
2026-09-25,CCU_DEL,1,8561.6,324,10,9,2026-09-24,8692.333333333334,98.18237232335167,98.18237232335167
2026-09-25,CCU_DEL,7,8402.15,362,10,9,2026-09-24,8454.611111111111,99.67768563086139,99.67768563086139
2026-09-25,CCU_DEL,15,8493.6,365,10,9,2026-09-24,8495.5,100.52416677551484,100.52416677551484
2026-09-25,CCU_DEL,30,14151.5,344,10,9,2026-09-24,11408.055555555555,110.98445839358675,110.98445839358675
2026-09-25,CCU_DEL,45,11383.95,347,10,9,2026-09-24,11057.444444444445,105.18760314987804,105.18760314987804
2026-09-25,DEL_AMD,1,7955.75,222,8,6,2026-09-24,8808.25,84.2781556952361,84.2781556952361
2026-09-25,DEL_AMD,7,6560.625,194,8,7,2026-09-24,7563.714285714285,91.51566449700623,91.51566449700623
2026-09-25,DEL_AMD,15,7385.3125,242,8,7,2026-09-24,7597.5,98.40311696780778,98.40311696780778
2026-09-25,DEL_AMD,30,6902.75,237,8,8,2026-09-24,6598.4375,104.86010457553242,104.86010457553242
2026-09-25,DEL_AMD,45,6663.111111111111,236,9,8,2026-09-24,7162.6875,96.58916263438917,96.58916263438917
2026-09-25,DEL_BLR,1,9008.0,449,9,9,2026-09-24,9051.888888888889,99.49143028432877,99.49143028432877
2026-09-25,DEL_BLR,7,8758.222222222223,468,9,9,2026-09-24,8893.0,98.53140438622681,98.53140438622681
2026-09-25,DEL_BLR,15,8925.888888888889,441,9,9,2026-09-24,8862.111111111111,100.71117442891331,100.71117442891331
2026-09-25,DEL_BLR,30,12341.5,494,10,10,2026-09-24,10913.45,112.34210439965247,112.34210439965247
2026-09-25,DEL_BLR,45,9850.4,495,10,10,2026-09-24,9618.1,102.29103201507701,102.29103201507701
2026-09-25,DEL_BOM,1,6651.333333333333,515,9,9,2026-09-24,6758.611111111111,98.50849072794057,98.50849072794057
2026-09-25,DEL_BOM,7,7236.9,539,10,9,2026-09-24,7577.166666666667,96.57529987645178,96.57529987645178
2026-09-25,DEL_BOM,15,6514.0,509,10,8,2026-09-24,6635.3125,98.32630445962934,98.32630445962934
2026-09-25,DEL_BOM,30,6970.666666666667,597,9,8,2026-09-24,6872.5,102.15999900835413,102.15999900835413
2026-09-25,DEL_BOM,45,7499.1,607,10,9,2026-09-24,7708.666666666667,98.99388904941092,98.99388904941092
2026-09-25,DEL_CCU,1,8741.1,332,10,9,2026-09-24,8638.166666666666,100.76696964766317,100.76696964766317
2026-09-25,DEL_CCU,7,8728.2,352,10,9,2026-09-24,9108.555555555555,97.09732363703773,97.09732363703773
2026-09-25,DEL_CCU,15,11254.9,369,10,9,2026-09-24,9819.5,117.15009283951518,117.15009283951518
2026-09-25,DEL_CCU,30,17990.65,353,10,10,2026-09-24,13156.25,134.59658063906852,134.59658063906852
2026-09-25,DEL_CCU,45,10223.25,347,10,9,2026-09-24,10299.944444444445,99.24576211169398,99.24576211169398
2026-09-25,DEL_GOI,1,9894.1875,247,8,8,2026-09-24,12091.5625,84.29713171834024,84.29713171834024
2026-09-25,DEL_GOI,7,13250.0625,305,8,8,2026-09-24,14476.25,93.14523966153496,93.14523966153496
2026-09-25,DEL_GOI,15,8084.125,281,8,8,2026-09-24,8437.5,96.10796470101788,96.10796470101788
2026-09-25,DEL_GOI,30,8059.0,311,9,8,2026-09-24,9942.75,80.47176403623482,80.47176403623482
2026-09-25,DEL_GOI,45,8871.5625,329,8,8,2026-09-24,7864.9375,112.53900204195281,112.53900204195281
2026-09-25,DEL_HYD,1,8914.722222222223,348,9,9,2026-09-24,8701.0,102.06579779962776,102.06579779962776
2026-09-25,DEL_HYD,7,8559.777777777777,365,9,9,2026-09-24,9054.111111111111,94.88219721794718,94.88219721794718
2026-09-25,DEL_HYD,15,8439.222222222223,341,9,9,2026-09-24,8586.777777777777,98.39800101126379,98.39800101126379
2026-09-25,DEL_HYD,30,10782.611111111111,352,9,9,2026-09-24,9633.111111111111,111.34505205374484,111.34505205374484
2026-09-25,DEL_HYD,45,9935.5,374,10,9,2026-09-24,9691.111111111111,102.59979332681226,102.59979332681226
2026-09-25,DEL_MAA,1,10441.125,298,8,8,2026-09-24,10691.125,97.74576562871444,97.74576562871444
2026-09-25,DEL_MAA,7,10034.125,312,8,8,2026-09-24,10405.0625,96.8110743359877,96.8110743359877
2026-09-25,DEL_MAA,15,9558.75,312,8,8,2026-09-24,9706.6875,98.56714811862254,98.56714811862254
2026-09-25,DEL_MAA,30,11754.375,321,8,8,2026-09-24,9933.625,117.37588273039003,117.37588273039003
2026-09-25,DEL_MAA,45,10626.5,315,8,7,2026-09-24,9866.857142857143,106.55315145970935,106.55315145970935
2026-09-25,HYD_BLR,1,9222.625,329,8,8,2026-09-24,13624.9375,70.78750614555415,70.78750614555415
2026-09-25,HYD_BLR,7,7864.1875,340,8,7,2026-09-24,10730.5,71.61566802924105,71.61566802924105
2026-09-25,HYD_BLR,15,8372.5625,352,8,7,2026-09-24,8907.42857142857,94.78196297415776,94.78196297415776
2026-09-25,HYD_BLR,30,10577.8125,330,8,7,2026-09-24,8427.0,133.59508851489585,133.59508851489585
2026-09-25,HYD_BLR,45,7281.625,313,8,7,2026-09-24,6839.142857142857,110.0428739796703,110.0428739796703
2026-09-25,HYD_DEL,1,8849.333333333334,336,9,9,2026-09-24,10697.666666666666,84.93052883075897,84.93052883075897
2026-09-25,HYD_DEL,7,8484.222222222223,347,9,9,2026-09-24,9331.277777777777,91.97194904857366,91.97194904857366
2026-09-25,HYD_DEL,15,11602.722222222223,347,9,9,2026-09-24,10072.333333333334,114.09149043013953,114.09149043013953
2026-09-25,HYD_DEL,30,9351.777777777777,353,9,9,2026-09-24,9414.944444444445,99.7027193239674,99.7027193239674
2026-09-25,HYD_DEL,45,8767.2,394,10,9,2026-09-24,8865.333333333334,100.2149467281196,100.2149467281196
2026-09-25,MAA_BOM,1,8341.25,310,8,6,2026-09-24,8433.666666666666,95.56060202477589,95.56060202477589
2026-09-25,MAA_BOM,7,7640.25,330,8,6,2026-09-24,7645.5,97.26123175526827,97.26123175526827
2026-09-25,MAA_BOM,15,7889.428571428572,317,7,6,2026-09-24,7737.166666666667,99.36213512306098,99.36213512306098
2026-09-25,MAA_BOM,30,7929.5,300,8,7,2026-09-24,7654.285714285715,101.33822016984084,101.33822016984084
2026-09-25,MAA_BOM,45,7629.75,289,8,7,2026-09-24,7480.357142857143,99.32872176899279,99.32872176899279
2026-09-25,MAA_DEL,1,13209.375,299,8,8,2026-09-24,14149.375,93.90018299533413,93.90018299533413
2026-09-25,MAA_DEL,7,9956.857142857143,299,7,7,2026-09-24,10647.57142857143,94.09740415638198,94.09740415638198
2026-09-25,MAA_DEL,15,10333.4375,303,8,8,2026-09-24,10587.25,97.89270584038269,97.89270584038269
2026-09-25,MAA_DEL,30,11147.875,333,8,8,2026-09-24,11142.75,99.90752299984602,99.90752299984602
2026-09-25,MAA_DEL,45,10379.875,308,8,8,2026-09-24,10365.5,99.80666163487014,99.80666163487014
2026-09-26,AMD_DEL,1,7266.777777777777,170,9,8,2026-09-25,10043.4375,75.90505376433174,75.90505376433174
2026-09-26,AMD_DEL,7,6478.333333333333,194,9,8,2026-09-25,7000.0625,93.5449040775483,93.5449040775483
2026-09-26,AMD_DEL,15,6721.5,180,9,8,2026-09-25,7006.5,96.83483733814187,96.83483733814187
2026-09-26,AMD_DEL,30,6728.55,206,10,8,2026-09-25,6975.1875,97.58358724408048,97.58358724408048
2026-09-26,AMD_DEL,45,10026.05,217,10,9,2026-09-25,12290.5,86.36571241651774,86.36571241651774
2026-09-26,BLR_BOM,1,7293.277777777777,312,9,9,2026-09-25,6990.0,106.79871680187628,106.79871680187628
2026-09-26,BLR_BOM,7,6153.777777777777,297,9,9,2026-09-25,6669.333333333333,92.66463912086668,92.66463912086668
2026-09-26,BLR_BOM,15,7519.444444444444,299,9,8,2026-09-25,7382.25,100.58693483616011,100.58693483616011
2026-09-26,BLR_BOM,30,6962.95,331,10,10,2026-09-25,7417.9,94.36469679186592,94.36469679186592
2026-09-26,BLR_BOM,45,7525.05,349,10,10,2026-09-25,7348.7,102.87892154616107,102.87892154616107
2026-09-26,BLR_DEL,1,9666.111111111111,351,9,9,2026-09-25,10975.388888888889,89.36934793249947,89.36934793249947
2026-09-26,BLR_DEL,7,8068.111111111111,359,9,9,2026-09-25,8732.666666666666,93.35938373628856,93.35938373628856
2026-09-26,BLR_DEL,15,10421.333333333334,374,9,9,2026-09-25,12069.777777777777,87.55926171232619,87.55926171232619
2026-09-26,BLR_DEL,30,9295.25,375,10,10,2026-09-25,9601.75,97.22072296948204,97.22072296948204
2026-09-26,BLR_DEL,45,9152.1,374,10,9,2026-09-25,9231.555555555555,99.33142135150598,99.33142135150598
2026-09-26,BLR_HYD,1,10832.277777777777,254,9,8,2026-09-25,9743.875,119.9977814941231,119.9977814941231
2026-09-26,BLR_HYD,7,6210.944444444444,239,9,8,2026-09-25,8655.3125,71.40986661932055,71.40986661932055
2026-09-26,BLR_HYD,15,7452.0,232,9,8,2026-09-25,8876.25,85.14787587980727,85.14787587980727
2026-09-26,BLR_HYD,30,6468.0,233,9,8,2026-09-25,7376.125,90.67757245797779,90.67757245797779
2026-09-26,BLR_HYD,45,6654.388888888889,223,9,8,2026-09-25,7539.875,97.26200404564099,97.26200404564099
2026-09-26,BOM_BLR,1,7801.5,332,9,9,2026-09-25,6710.944444444444,115.75297714012783,115.75297714012783
2026-09-26,BOM_BLR,7,6277.666666666667,291,9,9,2026-09-25,6779.166666666667,93.3510196478639,93.3510196478639
2026-09-26,BOM_BLR,15,6752.166666666667,305,9,9,2026-09-25,6689.222222222223,100.88411400349482,100.88411400349482
2026-09-26,BOM_BLR,30,7179.2,334,10,10,2026-09-25,8152.3,90.18126025639306,90.18126025639306
2026-09-26,BOM_BLR,45,9149.055555555555,453,9,8,2026-09-25,8956.375,100.36731194441097,100.36731194441097
2026-09-26,BOM_DEL,1,7121.95,428,10,10,2026-09-25,8074.85,94.05573927806185,94.05573927806185
2026-09-26,BOM_DEL,7,6427.85,463,10,10,2026-09-25,7298.95,91.17543942641197,91.17543942641197
2026-09-26,BOM_DEL,15,6583.8,447,10,10,2026-09-25,6614.4,99.5786397986182,99.5786397986182
2026-09-26,BOM_DEL,30,6903.45,446,10,10,2026-09-25,7000.85,98.79263230599406,98.79263230599406
2026-09-26,BOM_DEL,45,7741.0,494,10,10,2026-09-25,8018.35,97.0002863403979,97.0002863403979
2026-09-26,BOM_GOI,1,6511.9375,194,8,7,2026-09-25,8731.5,72.12909997442195,72.12909997442195
2026-09-26,BOM_GOI,7,5153.125,187,8,7,2026-09-25,10110.785714285714,55.207058938969475,55.207058938969475
2026-09-26,BOM_GOI,15,4737.9375,192,8,7,2026-09-25,5727.785714285715,87.58724797809592,87.58724797809592
2026-09-26,BOM_GOI,30,4721.0625,206,8,7,2026-09-25,5301.0,93.16432360630367,93.16432360630367
2026-09-26,BOM_GOI,45,6205.555555555556,220,9,8,2026-09-25,6215.5625,108.26452016869405,108.26452016869405
2026-09-26,BOM_MAA,1,7115.333333333333,228,9,8,2026-09-25,7141.375,101.82030560662177,101.82030560662177
2026-09-26,BOM_MAA,7,6484.888888888889,233,9,8,2026-09-25,7054.0,92.09785665558844,92.09785665558844
2026-09-26,BOM_MAA,15,6719.444444444444,231,9,7,2026-09-25,7028.785714285715,96.23576748561062,96.23576748561062
2026-09-26,BOM_MAA,30,6728.0,199,8,7,2026-09-25,8047.357142857143,85.58565926264926,85.58565926264926
2026-09-26,BOM_MAA,45,9078.611111111111,218,9,8,2026-09-25,8802.75,102.35961078482958,102.35961078482958
2026-09-26,CCU_DEL,1,10249.35,259,10,10,2026-09-25,8561.6,119.20724300494507,119.20724300494507
2026-09-26,CCU_DEL,7,8306.9,279,10,10,2026-09-25,8402.15,98.93371434044084,98.93371434044084
2026-09-26,CCU_DEL,15,8536.3,293,10,10,2026-09-25,8493.6,100.52125754401033,100.52125754401033
2026-09-26,CCU_DEL,30,11653.05,278,10,10,2026-09-25,14151.5,87.25917031691436,87.25917031691436
2026-09-26,CCU_DEL,45,11898.444444444445,273,9,9,2026-09-25,11485.611111111111,103.98658914113507,103.98658914113507
2026-09-26,DEL_AMD,1,9403.555555555555,185,9,8,2026-09-25,7955.75,125.4275990500777,125.4275990500777
2026-09-26,DEL_AMD,7,6474.222222222223,207,9,8,2026-09-25,6560.625,101.02880443671347,101.02880443671347
2026-09-26,DEL_AMD,15,6747.888888888889,183,9,8,2026-09-25,7385.3125,96.9016205907861,96.9016205907861
2026-09-26,DEL_AMD,30,6424.2,208,10,8,2026-09-25,6902.75,95.93344884940605,95.93344884940605
2026-09-26,DEL_AMD,45,7218.111111111111,207,9,8,2026-09-25,6726.5,111.36853068476292,111.36853068476292
2026-09-26,DEL_BLR,1,11939.333333333334,365,9,9,2026-09-25,9008.0,130.99466361831583,130.99466361831583
2026-09-26,DEL_BLR,7,8601.666666666666,367,9,9,2026-09-25,8758.222222222223,98.5934788513577,98.5934788513577
2026-09-26,DEL_BLR,15,9804.833333333334,375,9,9,2026-09-25,8925.888888888889,109.5613116758457,109.5613116758457
2026-09-26,DEL_BLR,30,10623.4,373,10,10,2026-09-25,12341.5,87.66779100333642,87.66779100333642
2026-09-26,DEL_BLR,45,10858.611111111111,369,9,9,2026-09-25,9890.444444444445,109.34433558671428,109.34433558671428
2026-09-26,DEL_BOM,1,8533.45,430,10,9,2026-09-25,6651.333333333333,113.15553371889564,113.15553371889564
2026-09-26,DEL_BOM,7,7075.2,462,10,10,2026-09-25,7236.9,97.63765020600603,97.63765020600603
2026-09-26,DEL_BOM,15,6608.65,475,10,10,2026-09-25,6514.0,101.42479029469446,101.42479029469446
2026-09-26,DEL_BOM,30,6786.2,489,10,9,2026-09-25,6970.666666666667,98.1939051449437,98.1939051449437
2026-09-26,DEL_BOM,45,8094.4,527,10,10,2026-09-25,7499.1,107.7611919181224,107.7611919181224
2026-09-26,DEL_CCU,1,8746.1,262,10,10,2026-09-25,8741.1,100.72490617547021,100.72490617547021
2026-09-26,DEL_CCU,7,8495.444444444445,278,9,9,2026-09-25,8751.666666666666,97.26210107534475,97.26210107534475
2026-09-26,DEL_CCU,15,9984.722222222223,290,9,9,2026-09-25,11447.0,88.50262006841442,88.50262006841442
2026-09-26,DEL_CCU,30,14852.3,274,10,10,2026-09-25,17990.65,84.53120387813779,84.53120387813779
2026-09-26,DEL_CCU,45,10152.8,274,10,10,2026-09-25,10223.25,99.5231212646056,99.5231212646056
2026-09-26,DEL_GOI,1,8891.125,199,8,8,2026-09-25,9894.1875,91.20839337617285,91.20839337617285
2026-09-26,DEL_GOI,7,9006.375,205,8,8,2026-09-25,13250.0625,70.83388549813705,70.83388549813705
2026-09-26,DEL_GOI,15,7571.0,204,8,8,2026-09-25,8084.125,94.36852658765473,94.36852658765473
2026-09-26,DEL_GOI,30,7535.625,208,8,8,2026-09-25,7852.0,96.89648275239847,96.89648275239847
2026-09-26,DEL_GOI,45,9253.555555555555,212,9,8,2026-09-25,8871.5625,102.60100149589347,102.60100149589347
2026-09-26,DEL_HYD,1,9219.833333333334,279,9,9,2026-09-25,8914.722222222223,105.03143665133383,105.03143665133383
2026-09-26,DEL_HYD,7,8562.222222222223,283,9,9,2026-09-25,8559.777777777777,100.12828559427267,100.12828559427267
2026-09-26,DEL_HYD,15,8617.888888888889,292,9,9,2026-09-25,8439.222222222223,102.03960243092169,102.03960243092169
2026-09-26,DEL_HYD,30,9783.0,280,9,9,2026-09-25,10782.611111111111,92.00208797991047,92.00208797991047
2026-09-26,DEL_HYD,45,10088.222222222223,285,9,9,2026-09-25,9960.777777777777,101.29695738229641,101.29695738229641
2026-09-26,DEL_MAA,1,12464.555555555555,217,9,8,2026-09-25,10441.125,121.60832760189767,121.60832760189767
2026-09-26,DEL_MAA,7,9846.222222222223,229,9,8,2026-09-25,10034.125,98.56995238719087,98.56995238719087
2026-09-26,DEL_MAA,15,9758.25,209,8,7,2026-09-25,9495.42857142857,101.62516067973502,101.62516067973502
2026-09-26,DEL_MAA,30,10098.0,231,9,8,2026-09-25,11754.375,87.15128141521672,87.15128141521672
2026-09-26,DEL_MAA,45,12130.111111111111,232,9,8,2026-09-25,10626.5,113.09738921079938,113.09738921079938
2026-09-26,HYD_BLR,1,11530.666666666666,248,9,8,2026-09-25,9222.625,135.57000486901043,135.57000486901043
2026-09-26,HYD_BLR,7,6610.833333333333,250,9,8,2026-09-25,7864.1875,86.88105203343389,86.88105203343389
2026-09-26,HYD_BLR,15,7549.555555555556,233,9,8,2026-09-25,8372.5625,94.80340435484143,94.80340435484143
2026-09-26,HYD_BLR,30,7595.722222222223,239,9,8,2026-09-25,10577.8125,74.70182545744221,74.70182545744221
2026-09-26,HYD_BLR,45,7811.333333333333,241,9,8,2026-09-25,7281.625,119.04723369162127,119.04723369162127
2026-09-26,HYD_DEL,1,8663.944444444445,278,9,9,2026-09-25,8849.333333333334,98.15816170427048,98.15816170427048
2026-09-26,HYD_DEL,7,8227.0,270,9,9,2026-09-25,8484.222222222223,97.25101870251378,97.25101870251378
2026-09-26,HYD_DEL,15,10769.5625,263,8,8,2026-09-25,11411.0625,94.8066995100172,94.8066995100172
2026-09-26,HYD_DEL,30,8747.722222222223,278,9,9,2026-09-25,9351.777777777777,94.19655369422134,94.19655369422134
2026-09-26,HYD_DEL,45,8611.3,276,10,10,2026-09-25,8767.2,98.72282112933812,98.72282112933812
2026-09-26,MAA_BOM,1,9159.055555555555,232,9,8,2026-09-25,8341.25,111.93259669803953,111.93259669803953
2026-09-26,MAA_BOM,7,7278.444444444444,234,9,8,2026-09-25,7640.25,95.4129323541294,95.4129323541294
2026-09-26,MAA_BOM,15,7662.0,232,9,7,2026-09-25,7889.428571428572,97.50266148533846,97.50266148533846
2026-09-26,MAA_BOM,30,7524.222222222223,220,9,8,2026-09-25,7929.5,95.2068645435771,95.2068645435771
2026-09-26,MAA_BOM,45,7744.555555555556,221,9,8,2026-09-25,7629.75,101.4413468471486,101.4413468471486
2026-09-26,MAA_DEL,1,13430.0,214,9,8,2026-09-25,13209.375,102.94128875889955,102.94128875889955
2026-09-26,MAA_DEL,7,9992.222222222223,226,9,7,2026-09-25,9956.857142857143,99.25994391041567,99.25994391041567
2026-09-26,MAA_DEL,15,9984.0,212,8,7,2026-09-25,10314.92857142857,97.34571491934923,97.34571491934923
2026-09-26,MAA_DEL,30,11240.666666666666,232,9,8,2026-09-25,11147.875,91.53945730337372,91.53945730337372
2026-09-26,MAA_DEL,45,10373.777777777777,232,9,8,2026-09-25,10379.875,100.12751811237527,100.12751811237527
2026-09-27,AMD_DEL,1,10186.888888888889,252,9,9,2026-09-26,7266.777777777777,141.52330891772186,141.52330891772186
2026-09-27,AMD_DEL,7,9628.055555555555,333,9,9,2026-09-26,6478.333333333333,148.76126131227832,148.76126131227832
2026-09-27,AMD_DEL,15,8912.444444444445,259,9,9,2026-09-26,6721.5,135.59921314411932,135.59921314411932
2026-09-27,AMD_DEL,30,9091.944444444445,269,9,9,2026-09-26,6768.944444444444,137.02454566494748,137.02454566494748
2026-09-27,AMD_DEL,45,12692.277777777777,224,9,9,2026-09-26,9986.222222222223,130.74701708214934,130.74701708214934
2026-09-27,BLR_BOM,1,10533.5,616,9,9,2026-09-26,7293.277777777777,148.13987680481114,148.13987680481114
2026-09-27,BLR_BOM,7,10002.444444444445,519,9,9,2026-09-26,6153.777777777777,162.317401129862,162.317401129862
2026-09-27,BLR_BOM,15,7830.555555555556,610,9,9,2026-09-26,7519.444444444444,104.42189181647902,104.42189181647902
2026-09-27,BLR_BOM,30,7678.888888888889,624,9,9,2026-09-26,7087.055555555556,109.52000071045263,109.52000071045263
2026-09-27,BLR_BOM,45,8863.0,602,9,9,2026-09-26,7607.277777777777,119.72768586830486,119.72768586830486
2026-09-27,BLR_DEL,1,11172.555555555555,691,9,9,2026-09-26,9666.111111111111,119.83680237979348,119.83680237979348
2026-09-27,BLR_DEL,7,11204.277777777777,750,9,9,2026-09-26,8068.111111111111,141.55027913672845,141.55027913672845
2026-09-27,BLR_DEL,15,10329.055555555555,730,9,9,2026-09-26,10421.333333333334,104.03137857624056,104.03137857624056
2026-09-27,BLR_DEL,30,10471.85,742,10,10,2026-09-26,9295.25,116.09030151831341,116.09030151831341
2026-09-27,BLR_DEL,45,11127.65,754,10,10,2026-09-26,9152.1,124.74755658691379,124.74755658691379
2026-09-27,BLR_HYD,1,13017.222222222223,483,9,9,2026-09-26,10832.277777777777,127.90578516053883,127.90578516053883
2026-09-27,BLR_HYD,7,13250.333333333334,615,9,9,2026-09-26,6210.944444444444,241.60652464785596,241.60652464785596
2026-09-27,BLR_HYD,15,9050.5,473,9,9,2026-09-26,7452.0,131.33595766595502,131.33595766595502
2026-09-27,BLR_HYD,30,8329.722222222223,473,9,9,2026-09-26,6468.0,139.35946498225655,139.35946498225655
2026-09-27,BLR_HYD,45,9271.5,448,8,8,2026-09-26,5370.5,176.85743434699032,176.85743434699032
2026-09-27,BOM_BLR,1,9265.444444444445,583,9,9,2026-09-26,7801.5,122.33967988511898,122.33967988511898
2026-09-27,BOM_BLR,7,11555.222222222223,601,9,9,2026-09-26,6277.666666666667,184.6978450625869,184.6978450625869
2026-09-27,BOM_BLR,15,7407.222222222223,568,9,9,2026-09-26,6752.166666666667,110.22139552151762,110.22139552151762
2026-09-27,BOM_BLR,30,7505.8,642,10,10,2026-09-26,7179.2,106.10530807901053,106.10530807901053
2026-09-27,BOM_BLR,45,10068.5,643,10,9,2026-09-26,9149.055555555555,118.16878869444275,118.16878869444275
2026-09-27,BOM_DEL,1,8414.0,766,10,10,2026-09-26,7121.95,120.6356870590158,120.6356870590158
2026-09-27,BOM_DEL,7,8737.1,750,10,10,2026-09-26,6427.85,136.51476994846877,136.51476994846877
2026-09-27,BOM_DEL,15,7026.7,780,10,10,2026-09-26,6583.8,107.07228748088144,107.07228748088144
2026-09-27,BOM_DEL,30,7707.35,812,10,10,2026-09-26,6903.45,112.02640803045897,112.02640803045897
2026-09-27,BOM_DEL,45,8712.8,812,10,10,2026-09-26,7741.0,114.27387466818797,114.27387466818797
2026-09-27,BOM_GOI,1,10843.625,275,8,8,2026-09-26,6511.9375,183.709621359527,183.709621359527
2026-09-27,BOM_GOI,7,8228.5,312,8,8,2026-09-26,5153.125,159.06345504031034,159.06345504031034
2026-09-27,BOM_GOI,15,8389.3125,298,8,8,2026-09-26,4737.9375,182.0980885263976,182.0980885263976
2026-09-27,BOM_GOI,30,7608.1875,328,8,8,2026-09-26,4721.0625,165.14711129868058,165.14711129868058
2026-09-27,BOM_GOI,45,10044.25,318,8,8,2026-09-26,6233.0625,162.17767090138614,162.17767090138614
2026-09-27,BOM_MAA,1,8771.111111111111,373,9,9,2026-09-26,7115.333333333333,125.67056997738831,125.67056997738831
2026-09-27,BOM_MAA,7,12138.8125,469,8,8,2026-09-26,6544.5,188.29310038604777,188.29310038604777
2026-09-27,BOM_MAA,15,8560.333333333334,444,9,9,2026-09-26,6719.444444444444,129.69552893744745,129.69552893744745
2026-09-27,BOM_MAA,30,8505.166666666666,384,9,8,2026-09-26,6728.0,112.06692678711904,112.06692678711904
2026-09-27,BOM_MAA,45,11418.6875,381,8,8,2026-09-26,9391.5625,126.7370402836528,126.7370402836528
2026-09-27,CCU_DEL,1,9037.5,396,8,8,2026-09-26,8622.125,108.15171293414573,108.15171293414573
2026-09-27,CCU_DEL,7,11444.666666666666,409,9,9,2026-09-26,8363.0,140.39680826686106,140.39680826686106
2026-09-27,CCU_DEL,15,8938.0,505,10,10,2026-09-26,8536.3,107.12694295993185,107.12694295993185
2026-09-27,CCU_DEL,30,11887.2,481,10,10,2026-09-26,11653.05,109.17733914793446,109.17733914793446
2026-09-27,CCU_DEL,45,12880.05,481,10,9,2026-09-26,11898.444444444445,118.91507602037002,118.91507602037002
2026-09-27,DEL_AMD,1,11971.888888888889,313,9,9,2026-09-26,9403.555555555555,134.8058366164988,134.8058366164988
2026-09-27,DEL_AMD,7,14072.055555555555,336,9,9,2026-09-26,6474.222222222223,219.46005596008322,219.46005596008322
2026-09-27,DEL_AMD,15,9657.888888888889,353,9,9,2026-09-26,6747.888888888889,144.83264712249402,144.83264712249402
2026-09-27,DEL_AMD,30,9834.666666666666,366,9,9,2026-09-26,6490.0,155.50700917219464,155.50700917219464
2026-09-27,DEL_AMD,45,13025.2,388,10,9,2026-09-26,7218.111111111111,192.13226352346948,192.13226352346948
2026-09-27,DEL_BLR,1,10956.888888888889,703,9,9,2026-09-26,11939.333333333334,98.74225103809084,98.74225103809084
2026-09-27,DEL_BLR,7,14009.833333333334,826,9,9,2026-09-26,8601.666666666666,167.38774132968587,167.38774132968587
2026-09-27,DEL_BLR,15,10071.666666666666,805,9,9,2026-09-26,9804.833333333334,107.16462508039687,107.16462508039687
2026-09-27,DEL_BLR,30,11080.45,791,10,10,2026-09-26,10623.4,109.02954721896481,109.02954721896481
2026-09-27,DEL_BLR,45,14513.55,786,10,9,2026-09-26,10858.611111111111,142.8223284666728,142.8223284666728
2026-09-27,DEL_BOM,1,10158.4,730,10,10,2026-09-26,8533.45,126.11375899693398,126.11375899693398
2026-09-27,DEL_BOM,7,11704.7,710,10,10,2026-09-26,7075.2,172.64835586271653,172.64835586271653
2026-09-27,DEL_BOM,15,7069.25,736,10,10,2026-09-26,6608.65,107.29233101369475,107.29233101369475
2026-09-27,DEL_BOM,30,7109.2,805,10,10,2026-09-26,6786.2,105.43648837460503,105.43648837460503
2026-09-27,DEL_BOM,45,10325.1,840,10,10,2026-09-26,8094.4,130.52615047937277,130.52615047937277
2026-09-27,DEL_CCU,1,11771.4375,502,8,8,2026-09-26,8530.4375,143.84024456635134,143.84024456635134
2026-09-27,DEL_CCU,7,10004.888888888889,464,9,8,2026-09-26,8534.25,123.0804782655857,123.0804782655857
2026-09-27,DEL_CCU,15,11622.444444444445,575,9,8,2026-09-26,9858.5,128.30117024708164,128.30117024708164
2026-09-27,DEL_CCU,30,14842.333333333334,532,9,9,2026-09-26,14623.277777777777,118.67336391009174,118.67336391009174
2026-09-27,DEL_CCU,45,11898.111111111111,497,9,9,2026-09-26,10068.888888888889,125.13211237471688,125.13211237471688
2026-09-27,DEL_GOI,1,11486.4375,443,8,8,2026-09-26,8891.125,131.02897829166582,131.02897829166582
2026-09-27,DEL_GOI,7,10106.3125,465,8,8,2026-09-26,9006.375,117.38699541853549,117.38699541853549
2026-09-27,DEL_GOI,15,8986.375,378,8,8,2026-09-26,7571.0,121.12294969372215,121.12294969372215
2026-09-27,DEL_GOI,30,9545.25,472,8,8,2026-09-26,7535.625,129.46035662550173,129.46035662550173
2026-09-27,DEL_GOI,45,12922.375,558,8,8,2026-09-26,9023.25,150.583488775581,150.583488775581
2026-09-27,DEL_HYD,1,12739.333333333334,545,9,9,2026-09-26,9219.833333333334,150.57168596403474,150.57168596403474
2026-09-27,DEL_HYD,7,12670.5625,416,8,8,2026-09-26,8581.375,154.46444251707672,154.46444251707672
2026-09-27,DEL_HYD,15,9708.611111111111,574,9,9,2026-09-26,8617.888888888889,116.1772700570203,116.1772700570203
2026-09-27,DEL_HYD,30,9983.444444444445,476,9,9,2026-09-26,9783.0,106.7234877326519,106.7234877326519
2026-09-27,DEL_HYD,45,12033.6,464,10,9,2026-09-26,10088.222222222223,124.92545659744435,124.92545659744435
2026-09-27,DEL_MAA,1,12208.1875,494,8,8,2026-09-26,12304.0,108.6245020241065,108.6245020241065
2026-09-27,DEL_MAA,7,15870.888888888889,617,9,9,2026-09-26,9846.222222222223,167.53248786686126,167.53248786686126
2026-09-27,DEL_MAA,15,11374.944444444445,645,9,8,2026-09-26,9758.25,117.85034796836099,117.85034796836099
2026-09-27,DEL_MAA,30,11110.611111111111,501,9,9,2026-09-26,10098.0,114.31133740660201,114.31133740660201
2026-09-27,DEL_MAA,45,15403.388888888889,517,9,9,2026-09-26,12130.111111111111,133.90425092616525,133.90425092616525
2026-09-27,HYD_BLR,1,10746.388888888889,482,9,9,2026-09-26,11530.666666666666,99.33686958436282,99.33686958436282
2026-09-27,HYD_BLR,7,13916.222222222223,485,9,9,2026-09-26,6610.833333333333,234.84348439641633,234.84348439641633
2026-09-27,HYD_BLR,15,7609.777777777777,426,9,9,2026-09-26,7549.555555555556,102.98134623039842,102.98134623039842
2026-09-27,HYD_BLR,30,8958.0,455,9,9,2026-09-26,7595.722222222223,126.90120546635055,126.90120546635055
2026-09-27,HYD_BLR,45,11239.388888888889,438,9,9,2026-09-26,7811.333333333333,148.37986658149222,148.37986658149222
2026-09-27,HYD_DEL,1,9653.5,374,8,8,2026-09-26,8206.0,121.25754854083202,121.25754854083202
2026-09-27,HYD_DEL,7,11603.1875,398,8,8,2026-09-26,8207.25,145.9962250971223,145.9962250971223
2026-09-27,HYD_DEL,15,10136.1875,476,8,7,2026-09-26,10707.357142857143,102.53019238852426,102.53019238852426
2026-09-27,HYD_DEL,30,9413.125,458,8,8,2026-09-26,8771.9375,110.42988904709597,110.42988904709597
2026-09-27,HYD_DEL,45,10416.888888888889,474,9,9,2026-09-26,8561.333333333334,124.55615268534737,124.55615268534737
2026-09-27,MAA_BOM,1,10560.555555555555,445,9,9,2026-09-26,9159.055555555555,121.86810352400852,121.86810352400852
2026-09-27,MAA_BOM,7,11545.055555555555,456,9,9,2026-09-26,7278.444444444444,162.24789449444705,162.24789449444705
2026-09-27,MAA_BOM,15,8910.555555555555,439,9,9,2026-09-26,7662.0,118.71456340912363,118.71456340912363
2026-09-27,MAA_BOM,30,8981.222222222223,392,9,9,2026-09-26,7524.222222222223,122.13935261897824,122.13935261897824
2026-09-27,MAA_BOM,45,9954.125,384,8,8,2026-09-26,7783.125,132.66475055119045,132.66475055119045
2026-09-27,MAA_DEL,1,11730.055555555555,418,9,9,2026-09-26,13430.0,95.1166515259092,95.1166515259092
2026-09-27,MAA_DEL,7,13577.0,522,9,9,2026-09-26,9992.222222222223,141.67007844020176,141.67007844020176
2026-09-27,MAA_DEL,15,11772.777777777777,454,9,8,2026-09-26,9984.0,121.75404946109141,121.75404946109141
2026-09-27,MAA_DEL,30,11213.888888888889,464,9,9,2026-09-26,11240.666666666666,109.94006923716013,109.94006923716013
2026-09-27,MAA_DEL,45,11732.6875,430,8,8,2026-09-26,9866.5,124.67291212475095,124.67291212475095
2026-09-28,AMD_DEL,1,10240.0,192,7,7,2026-09-27,10471.714285714286,100.02872342464391,100.02872342464391
2026-09-28,AMD_DEL,7,8290.857142857143,187,7,7,2026-09-27,9775.857142857143,87.87334539855213,87.87334539855213
2026-09-28,AMD_DEL,15,8099.714285714285,163,7,7,2026-09-27,8846.42857142857,93.92137396614302,93.92137396614302
2026-09-28,AMD_DEL,30,9428.57142857143,175,7,7,2026-09-27,9032.92857142857,103.2094550795488,103.2094550795488
2026-09-28,AMD_DEL,45,10346.57142857143,211,7,7,2026-09-27,12085.357142857143,87.55328810279663,87.55328810279663
2026-09-28,BLR_BOM,1,8058.125,508,8,8,2026-09-27,10758.8125,75.25279235078179,75.25279235078179
2026-09-28,BLR_BOM,7,9414.3125,510,8,8,2026-09-27,10029.0,98.89193435616518,98.89193435616518
2026-09-28,BLR_BOM,15,7564.125,547,8,8,2026-09-27,7879.5,97.72917921350529,97.72917921350529
2026-09-28,BLR_BOM,30,8234.375,579,8,8,2026-09-27,7705.625,106.82288253780558,106.82288253780558
2026-09-28,BLR_BOM,45,8874.1875,543,8,8,2026-09-27,9004.4375,98.27752026256545,98.27752026256545
2026-09-28,BLR_DEL,1,10358.375,591,8,8,2026-09-27,11288.0,92.75982783350037,92.75982783350037
2026-09-28,BLR_DEL,7,9883.3125,646,8,8,2026-09-27,11253.3125,88.22437228028016,88.22437228028016
2026-09-28,BLR_DEL,15,9892.42857142857,476,7,7,2026-09-27,10094.5,98.16194988882857,98.16194988882857
2026-09-28,BLR_DEL,30,10742.142857142857,482,7,7,2026-09-27,10040.214285714286,106.8838749329333,106.8838749329333
2026-09-28,BLR_DEL,45,10801.5,477,8,8,2026-09-27,10878.4375,99.33246104475307,99.33246104475307
2026-09-28,BLR_HYD,1,13423.785714285714,282,7,7,2026-09-27,12927.142857142857,108.02372378358201,108.02372378358201
2026-09-28,BLR_HYD,7,12134.857142857143,325,7,7,2026-09-27,13294.0,99.33315450138302,99.33315450138302
2026-09-28,BLR_HYD,15,11049.642857142857,312,7,7,2026-09-27,9553.642857142857,120.07354631718127,120.07354631718127
2026-09-28,BLR_HYD,30,9850.07142857143,317,7,7,2026-09-27,8952.642857142857,112.59414102392601,112.59414102392601
2026-09-28,BLR_HYD,45,9075.0,286,6,6,2026-09-27,9184.0,99.24041616967106,99.24041616967106
2026-09-28,BOM_BLR,1,7787.0,391,7,7,2026-09-27,8798.42857142857,89.1746657786764,89.1746657786764
2026-09-28,BOM_BLR,7,9629.5625,519,8,8,2026-09-27,11696.875,84.27213758118847,84.27213758118847
2026-09-28,BOM_BLR,15,6906.6875,509,8,8,2026-09-27,7411.375,94.67970567150158,94.67970567150158
2026-09-28,BOM_BLR,30,7757.722222222223,593,9,9,2026-09-27,7497.111111111111,103.90383790719225,103.90383790719225
2026-09-28,BOM_BLR,45,10011.611111111111,596,9,9,2026-09-27,10147.277777777777,97.42111368808622,97.42111368808622
2026-09-28,BOM_DEL,1,8209.375,669,8,8,2026-09-27,8423.1875,97.9384510240061,97.9384510240061
2026-09-28,BOM_DEL,7,7571.222222222223,677,9,9,2026-09-27,8808.222222222223,87.5449499670146,87.5449499670146
2026-09-28,BOM_DEL,15,6825.888888888889,664,9,9,2026-09-27,7053.444444444444,97.13923600652663,97.13923600652663
2026-09-28,BOM_DEL,30,7600.0,734,9,9,2026-09-27,7768.388888888889,98.59106997518279,98.59106997518279
2026-09-28,BOM_DEL,45,8713.8125,660,8,8,2026-09-27,8946.0,97.05495428734945,97.05495428734945
2026-09-28,BOM_GOI,1,10050.357142857143,235,7,7,2026-09-27,10487.92857142857,100.25921788612011,100.25921788612011
2026-09-28,BOM_GOI,7,6947.0,220,7,7,2026-09-27,8335.857142857143,88.23579500653229,88.23579500653229
2026-09-28,BOM_GOI,15,6882.428571428572,232,7,7,2026-09-27,8519.642857142857,86.16086502876882,86.16086502876882
2026-09-28,BOM_GOI,30,8327.714285714286,309,7,7,2026-09-27,7626.928571428572,107.25301669349373,107.25301669349373
2026-09-28,BOM_GOI,45,9177.25,286,8,7,2026-09-27,10411.0,94.5156078481747,94.5156078481747
2026-09-28,BOM_MAA,1,8583.357142857143,309,7,7,2026-09-27,9121.857142857143,94.53209718160085,94.53209718160085
2026-09-28,BOM_MAA,7,9344.42857142857,328,7,6,2026-09-27,11961.666666666666,81.04807402219397,81.04807402219397
2026-09-28,BOM_MAA,15,7837.714285714285,262,7,7,2026-09-27,8560.857142857143,93.7206298240815,93.7206298240815
2026-09-28,BOM_MAA,30,7892.142857142857,238,7,7,2026-09-27,8563.214285714286,96.91221205674096,96.91221205674096
2026-09-28,BOM_MAA,45,10409.083333333334,251,6,6,2026-09-27,11534.75,89.43922150709678,89.43922150709678
2026-09-28,CCU_DEL,1,9691.9375,379,8,8,2026-09-27,9037.5,107.05376908161581,107.05376908161581
2026-09-28,CCU_DEL,7,8986.0,403,9,9,2026-09-27,11444.666666666666,83.35097374847517,83.35097374847517
2026-09-28,CCU_DEL,15,9039.777777777777,422,9,9,2026-09-27,9064.222222222223,99.76962157514487,99.76962157514487
2026-09-28,CCU_DEL,30,11486.125,440,8,8,2026-09-27,11965.625,95.70342539024603,95.70342539024603
2026-09-28,CCU_DEL,45,13256.8125,417,8,8,2026-09-27,13200.625,100.51515955082813,100.51515955082813
2026-09-28,DEL_AMD,1,11250.92857142857,230,7,7,2026-09-27,12322.57142857143,90.19565664701445,90.19565664701445
2026-09-28,DEL_AMD,7,10311.714285714286,243,7,7,2026-09-27,14025.214285714286,75.00074769198265,75.00074769198265
2026-09-28,DEL_AMD,15,10375.142857142857,257,7,7,2026-09-27,9669.714285714286,108.23144854443804,108.23144854443804
2026-09-28,DEL_AMD,30,9897.0,233,7,7,2026-09-27,9861.142857142857,100.30435144606045,100.30435144606045
2026-09-28,DEL_AMD,45,12722.07142857143,276,7,7,2026-09-27,13735.214285714286,94.40257684485445,94.40257684485445
2026-09-28,DEL_BLR,1,10723.3125,666,8,8,2026-09-27,11048.8125,97.26441513090084,97.26441513090084
2026-09-28,DEL_BLR,7,10709.5625,650,8,8,2026-09-27,14107.9375,76.4368432339464,76.4368432339464
2026-09-28,DEL_BLR,15,9751.0,692,8,8,2026-09-27,10071.0,97.49830839313721,97.49830839313721
2026-09-28,DEL_BLR,30,10859.5,706,8,8,2026-09-27,11197.375,97.2495132050297,97.2495132050297
2026-09-28,DEL_BLR,45,13322.277777777777,727,9,9,2026-09-27,14558.055555555555,91.07681526295663,91.07681526295663
2026-09-28,DEL_BOM,1,8240.5625,711,8,8,2026-09-27,10046.875,85.19287462708574,85.19287462708574
2026-09-28,DEL_BOM,7,8518.333333333334,683,9,9,2026-09-27,11711.444444444445,72.50268565512081,72.50268565512081
2026-09-28,DEL_BOM,15,7536.111111111111,688,9,9,2026-09-27,7109.333333333333,107.50226819067335,107.50226819067335
2026-09-28,DEL_BOM,30,7248.277777777777,726,9,9,2026-09-27,7108.0,101.91013594153014,101.91013594153014
2026-09-28,DEL_BOM,45,9882.0,683,9,9,2026-09-27,10451.0,95.32839604826317,95.32839604826317
2026-09-28,DEL_CCU,1,10125.4375,467,8,8,2026-09-27,11771.4375,88.36206908636075,88.36206908636075
2026-09-28,DEL_CCU,7,10237.25,484,8,8,2026-09-27,10232.125,100.46749477342351,100.46749477342351
2026-09-28,DEL_CCU,15,11734.777777777777,502,9,9,2026-09-27,11622.444444444445,102.81539590474702,102.81539590474702
2026-09-28,DEL_CCU,30,11843.888888888889,502,9,9,2026-09-27,14842.333333333334,79.78531177617634,79.78531177617634
2026-09-28,DEL_CCU,45,11888.625,495,8,8,2026-09-27,12017.75,98.8727960385971,98.8727960385971
2026-09-28,DEL_GOI,1,11150.214285714286,339,7,7,2026-09-27,11318.57142857143,101.99942018871145,101.99942018871145
2026-09-28,DEL_GOI,7,9669.285714285714,326,7,7,2026-09-27,10090.642857142857,94.8755439511325,94.8755439511325
2026-09-28,DEL_GOI,15,8873.642857142857,344,7,7,2026-09-27,8897.57142857143,99.69842107301045,99.69842107301045
2026-09-28,DEL_GOI,30,10847.714285714286,367,7,7,2026-09-27,9530.142857142857,117.69971658998934,117.69971658998934
2026-09-28,DEL_GOI,45,12664.1875,389,8,7,2026-09-27,13165.42857142857,96.96305947625206,96.96305947625206
2026-09-28,DEL_HYD,1,10925.3125,497,8,8,2026-09-27,13090.3125,87.45723366333681,87.45723366333681
2026-09-28,DEL_HYD,7,11088.5625,476,8,8,2026-09-27,12670.5625,92.14810396358062,92.14810396358062
2026-09-28,DEL_HYD,15,9323.125,469,8,8,2026-09-27,9871.0625,94.78743903964879,94.78743903964879
2026-09-28,DEL_HYD,30,10647.0,485,8,8,2026-09-27,10102.0,106.81007504778482,106.81007504778482
2026-09-28,DEL_HYD,45,12245.777777777777,497,9,9,2026-09-27,12038.333333333334,105.02801523257592,105.02801523257592
2026-09-28,DEL_MAA,1,11983.25,472,8,7,2026-09-27,12433.214285714286,94.77457830443576,94.77457830443576
2026-09-28,DEL_MAA,7,12867.1875,485,8,8,2026-09-27,16032.75,80.83019620729114,80.83019620729114
2026-09-28,DEL_MAA,15,11290.375,490,8,8,2026-09-27,11546.9375,98.33841522165123,98.33841522165123
2026-09-28,DEL_MAA,30,10437.75,303,8,8,2026-09-27,11249.5625,93.97252495946316,93.97252495946316
2026-09-28,DEL_MAA,45,13483.92857142857,405,7,7,2026-09-27,14565.92857142857,93.43628854176961,93.43628854176961
2026-09-28,HYD_BLR,1,11876.57142857143,268,7,7,2026-09-27,10698.5,113.22400023797127,113.22400023797127
2026-09-28,HYD_BLR,7,10173.5,327,7,7,2026-09-27,14007.42857142857,71.48991147739798,71.48991147739798
2026-09-28,HYD_BLR,15,8820.642857142857,290,7,7,2026-09-27,7999.285714285715,112.90374468454718,112.90374468454718
2026-09-28,HYD_BLR,30,8672.357142857143,286,7,7,2026-09-27,9664.57142857143,91.35735172124055,91.35735172124055
2026-09-28,HYD_BLR,45,10507.714285714286,260,7,7,2026-09-27,11556.5,92.18615055501722,92.18615055501722
2026-09-28,HYD_DEL,1,9874.375,459,8,8,2026-09-27,9653.5,104.03126660855516,104.03126660855516
2026-09-28,HYD_DEL,7,9636.0625,459,8,8,2026-09-27,11603.1875,85.81916629083274,85.81916629083274
2026-09-28,HYD_DEL,15,9655.6875,426,8,8,2026-09-27,10136.1875,95.62302022963937,95.62302022963937
2026-09-28,HYD_DEL,30,9690.9375,449,8,8,2026-09-27,9413.125,103.58134915963902,103.58134915963902
2026-09-28,HYD_DEL,45,9875.625,445,8,8,2026-09-27,10215.125,97.9390523233325,97.9390523233325
2026-09-28,MAA_BOM,1,9363.166666666666,270,6,6,2026-09-27,10655.666666666666,90.57083198041452,90.57083198041452
2026-09-28,MAA_BOM,7,8838.142857142857,278,7,7,2026-09-27,11205.357142857143,80.44150676120591,80.44150676120591
2026-09-28,MAA_BOM,15,8300.714285714286,252,7,7,2026-09-27,8734.714285714286,96.03761247382957,96.03761247382957
2026-09-28,MAA_BOM,30,9120.92857142857,264,7,7,2026-09-27,8922.42857142857,102.02650686059108,102.02650686059108
2026-09-28,MAA_BOM,45,9856.25,256,6,6,2026-09-27,10001.5,98.88672657741296,98.88672657741296
2026-09-28,MAA_DEL,1,11454.285714285714,386,7,7,2026-09-27,11671.785714285714,98.426682590955,98.426682590955
2026-09-28,MAA_DEL,7,11486.25,338,8,8,2026-09-27,13800.6875,85.49140067291903,85.49140067291903
2026-09-28,MAA_DEL,15,10433.5,385,8,8,2026-09-27,12012.25,90.99982562318695,90.99982562318695
2026-09-28,MAA_DEL,30,11561.6875,393,8,8,2026-09-27,11383.5,101.42799547723635,101.42799547723635
2026-09-28,MAA_DEL,45,11866.357142857143,384,7,7,2026-09-27,11981.92857142857,99.07192440868663,99.07192440868663
2026-09-29,AMD_DEL,1,11405.722222222223,249,9,7,2026-09-28,10240.0,111.62482833049644,111.62482833049644
2026-09-29,AMD_DEL,7,7735.555555555556,263,9,7,2026-09-28,8290.857142857143,96.21894669614888,96.21894669614888
2026-09-29,AMD_DEL,15,9380.166666666666,219,9,7,2026-09-28,8099.714285714285,116.30062931477882,116.30062931477882
2026-09-29,AMD_DEL,30,8895.222222222223,255,9,7,2026-09-28,9428.57142857143,96.23931405450818,96.23931405450818
2026-09-29,AMD_DEL,45,11289.055555555555,308,9,6,2026-09-28,10891.666666666666,101.38882158185521,101.38882158185521
2026-09-29,BLR_BOM,1,8852.666666666666,592,9,8,2026-09-28,8058.125,114.57058008844928,114.57058008844928
2026-09-29,BLR_BOM,7,6862.944444444444,631,9,8,2026-09-28,9414.3125,74.73253427033043,74.73253427033043
2026-09-29,BLR_BOM,15,7947.0,581,9,8,2026-09-28,7564.125,107.09460042390091,107.09460042390091
2026-09-29,BLR_BOM,30,8661.666666666666,625,9,8,2026-09-28,8234.375,106.73523080424953,106.73523080424953
2026-09-29,BLR_BOM,45,8823.25,623,10,8,2026-09-28,8874.1875,105.23881984765565,105.23881984765565
2026-09-29,BLR_DEL,1,12007.944444444445,720,9,8,2026-09-28,10358.375,117.6354276123149,117.6354276123149
2026-09-29,BLR_DEL,7,9025.888888888889,690,9,8,2026-09-28,9883.3125,94.14332036949459,94.14332036949459
2026-09-29,BLR_DEL,15,10914.333333333334,711,9,7,2026-09-28,9892.42857142857,109.2286380699297,109.2286380699297
2026-09-29,BLR_DEL,30,11579.444444444445,717,9,7,2026-09-28,10742.142857142857,107.53343542965906,107.53343542965906
2026-09-29,BLR_DEL,45,10759.722222222223,721,9,7,2026-09-28,10599.785714285714,97.73490738716878,97.73490738716878
2026-09-29,BLR_HYD,1,11414.333333333334,481,9,7,2026-09-28,13423.785714285714,82.66074674740528,82.66074674740528
2026-09-29,BLR_HYD,7,9389.277777777777,481,9,7,2026-09-28,12134.857142857143,80.93700394019984,80.93700394019984
2026-09-29,BLR_HYD,15,10695.388888888889,461,9,7,2026-09-28,11049.642857142857,100.58126974689348,100.58126974689348
2026-09-29,BLR_HYD,30,9669.277777777777,485,9,7,2026-09-28,9850.07142857143,106.70838890226823,106.70838890226823
2026-09-29,BLR_HYD,45,9982.0,443,9,6,2026-09-28,9075.0,100.70735289623588,100.70735289623588
2026-09-29,BOM_BLR,1,8746.944444444445,597,9,7,2026-09-28,7787.0,105.84404370170652,105.84404370170652
2026-09-29,BOM_BLR,7,7213.0,586,9,8,2026-09-28,9629.5625,77.61517389125946,77.61517389125946
2026-09-29,BOM_BLR,15,7338.222222222223,595,9,8,2026-09-28,6906.6875,106.39557006279944,106.39557006279944
2026-09-29,BOM_BLR,30,8104.0,605,10,9,2026-09-28,7757.722222222223,105.63832669069922,105.63832669069922
2026-09-29,BOM_BLR,45,9747.8,676,10,9,2026-09-28,10011.611111111111,97.72778415039423,97.72778415039423
2026-09-29,BOM_DEL,1,10574.8,693,10,8,2026-09-28,8209.375,118.87779307304805,118.87779307304805
2026-09-29,BOM_DEL,7,6854.2,757,10,9,2026-09-28,7571.222222222223,92.47430701111465,92.47430701111465
2026-09-29,BOM_DEL,15,6935.95,758,10,9,2026-09-28,6825.888888888889,101.78895472923426,101.78895472923426
2026-09-29,BOM_DEL,30,7808.55,775,10,9,2026-09-28,7600.0,103.55160150581531,103.55160150581531
2026-09-29,BOM_DEL,45,8361.611111111111,792,9,8,2026-09-28,8713.8125,96.65170196642435,96.65170196642435
2026-09-29,BOM_GOI,1,12084.375,250,8,7,2026-09-28,10050.357142857143,125.19049484850915,125.19049484850915
2026-09-29,BOM_GOI,7,7239.5,295,8,7,2026-09-28,6947.0,120.93667604751195,120.93667604751195
2026-09-29,BOM_GOI,15,8490.4375,325,8,7,2026-09-28,6882.428571428572,139.72087920695796,139.72087920695796
2026-09-29,BOM_GOI,30,8814.8125,325,8,7,2026-09-28,8327.714285714286,105.05297085358609,105.05297085358609
2026-09-29,BOM_GOI,45,9255.375,349,8,7,2026-09-28,9865.42857142857,98.08556427410261,98.08556427410261
2026-09-29,BOM_MAA,1,9752.6875,398,8,7,2026-09-28,8583.357142857143,114.42908636202988,114.42908636202988
2026-09-29,BOM_MAA,7,8573.055555555555,424,9,7,2026-09-28,9344.42857142857,89.48821026620024,89.48821026620024
2026-09-29,BOM_MAA,15,8089.333333333333,394,9,7,2026-09-28,7837.714285714285,102.50298454857598,102.50298454857598
2026-09-29,BOM_MAA,30,8257.111111111111,367,9,7,2026-09-28,7892.142857142857,102.35760277702703,102.35760277702703
2026-09-29,BOM_MAA,45,9866.3125,356,8,6,2026-09-28,10409.083333333334,96.09004892220698,96.09004892220698
2026-09-29,CCU_DEL,1,9244.25,490,10,8,2026-09-28,9691.9375,98.19729162723368,98.19729162723368
2026-09-29,CCU_DEL,7,8674.8,462,10,9,2026-09-28,8986.0,97.61398528727146,97.61398528727146
2026-09-29,CCU_DEL,15,11171.888888888889,494,9,8,2026-09-28,9172.125,122.21263795054004,122.21263795054004
2026-09-29,CCU_DEL,30,9768.85,482,10,8,2026-09-28,11486.125,87.29008077889367,87.29008077889367
2026-09-29,CCU_DEL,45,13435.0,508,10,8,2026-09-28,13256.8125,103.19562194471638,103.19562194471638
2026-09-29,DEL_AMD,1,11297.555555555555,282,9,7,2026-09-28,11250.92857142857,103.98973148566593,103.98973148566593
2026-09-29,DEL_AMD,7,9170.333333333334,295,9,7,2026-09-28,10311.714285714286,87.93393539440383,87.93393539440383
2026-09-29,DEL_AMD,15,10555.888888888889,319,9,7,2026-09-28,10375.142857142857,105.09757625393878,105.09757625393878
2026-09-29,DEL_AMD,30,8971.222222222223,318,9,7,2026-09-28,9897.0,91.9374934159997,91.9374934159997
2026-09-29,DEL_AMD,45,12597.6,360,10,7,2026-09-28,12722.07142857143,109.00638798998752,109.00638798998752
2026-09-29,DEL_BLR,1,11157.277777777777,733,9,8,2026-09-28,10723.3125,104.88520140702701,104.88520140702701
2026-09-29,DEL_BLR,7,9500.555555555555,759,9,8,2026-09-28,10709.5625,90.7742650742682,90.7742650742682
2026-09-29,DEL_BLR,15,9880.0,771,9,8,2026-09-28,9751.0,100.99705643613997,100.99705643613997
2026-09-29,DEL_BLR,30,10614.388888888889,773,9,8,2026-09-28,10859.5,98.69976339294249,98.69976339294249
2026-09-29,DEL_BLR,45,13120.3,801,10,9,2026-09-28,13322.277777777777,99.18929781188108,99.18929781188108
2026-09-29,DEL_BOM,1,8270.833333333334,772,9,8,2026-09-28,8240.5625,102.29971844754596,102.29971844754596
2026-09-29,DEL_BOM,7,7053.8,740,10,9,2026-09-28,8518.333333333334,86.62456236215303,86.62456236215303
2026-09-29,DEL_BOM,15,6864.7,742,10,9,2026-09-28,7536.111111111111,95.28323121971765,95.28323121971765
2026-09-29,DEL_BOM,30,7370.555555555556,776,9,8,2026-09-28,7335.4375,100.9436461616889,100.9436461616889
2026-09-29,DEL_BOM,45,9942.222222222223,736,9,8,2026-09-28,10068.875,99.03638887354721,99.03638887354721
2026-09-29,DEL_CCU,1,10125.65,524,10,8,2026-09-28,10125.4375,103.09751859641024,103.09751859641024
2026-09-29,DEL_CCU,7,9308.4,557,10,8,2026-09-28,10237.25,92.07351052741397,92.07351052741397
2026-09-29,DEL_CCU,15,13474.7,571,10,9,2026-09-28,11734.777777777777,114.57247038330271,114.57247038330271
2026-09-29,DEL_CCU,30,11225.8,519,10,9,2026-09-28,11843.888888888889,96.70604971308546,96.70604971308546
2026-09-29,DEL_CCU,45,11538.3,551,10,8,2026-09-28,11888.625,100.20369996361698,100.20369996361698
2026-09-29,DEL_GOI,1,13581.8125,434,8,7,2026-09-28,11150.214285714286,120.07731407411335,120.07731407411335
2026-09-29,DEL_GOI,7,8991.9375,547,8,7,2026-09-28,9669.285714285714,94.97170703558909,94.97170703558909
2026-09-29,DEL_GOI,15,9239.375,410,8,7,2026-09-28,8873.642857142857,102.50455389547457,102.50455389547457
2026-09-29,DEL_GOI,30,9595.3125,417,8,7,2026-09-28,10847.714285714286,92.7198687860937,92.7198687860937
2026-09-29,DEL_GOI,45,14232.8125,566,8,7,2026-09-28,12755.5,117.54763091669076,117.54763091669076
2026-09-29,DEL_HYD,1,10474.0,558,9,8,2026-09-28,10925.3125,98.5830430726163,98.5830430726163
2026-09-29,DEL_HYD,7,9568.166666666666,520,9,8,2026-09-28,11088.5625,88.79916153335692,88.79916153335692
2026-09-29,DEL_HYD,15,9641.055555555555,553,9,8,2026-09-28,9323.125,104.69680633527848,104.69680633527848
2026-09-29,DEL_HYD,30,10095.111111111111,546,9,8,2026-09-28,10647.0,97.2718052349365,97.2718052349365
2026-09-29,DEL_HYD,45,12263.5,569,10,9,2026-09-28,12245.777777777777,99.31923734508844,99.31923734508844
2026-09-29,DEL_MAA,1,12193.555555555555,507,9,8,2026-09-28,11983.25,103.78492701190241,103.78492701190241
2026-09-29,DEL_MAA,7,11523.722222222223,512,9,8,2026-09-28,12867.1875,92.11473827099803,92.11473827099803
2026-09-29,DEL_MAA,15,11283.0,509,9,8,2026-09-28,11290.375,100.86205003753165,100.86205003753165
2026-09-29,DEL_MAA,30,10783.166666666666,455,9,8,2026-09-28,10437.75,104.10111336288865,104.10111336288865
2026-09-29,DEL_MAA,45,13715.666666666666,461,9,7,2026-09-28,13483.92857142857,103.70363298083218,103.70363298083218
2026-09-29,HYD_BLR,1,12346.666666666666,450,9,7,2026-09-28,11876.57142857143,109.56963725774108,109.56963725774108
2026-09-29,HYD_BLR,7,8169.777777777777,467,9,7,2026-09-28,10173.5,83.44211473150135,83.44211473150135
2026-09-29,HYD_BLR,15,9149.277777777777,480,9,7,2026-09-28,8820.642857142857,111.60078451285938,111.60078451285938
2026-09-29,HYD_BLR,30,8827.722222222223,418,9,7,2026-09-28,8672.357142857143,115.58864166816845,115.58864166816845
2026-09-29,HYD_BLR,45,10326.444444444445,402,9,7,2026-09-28,10507.714285714286,102.810435901156,102.810435901156
2026-09-29,HYD_DEL,1,11317.777777777777,547,9,8,2026-09-28,9874.375,114.37636865808369,114.37636865808369
2026-09-29,HYD_DEL,7,8381.333333333334,490,9,8,2026-09-28,9636.0625,88.21119793739275,88.21119793739275
2026-09-29,HYD_DEL,15,10189.055555555555,540,9,8,2026-09-28,9655.6875,106.86138112306874,106.86138112306874
2026-09-29,HYD_DEL,30,9473.0,501,9,8,2026-09-28,9690.9375,98.63263508622056,98.63263508622056
2026-09-29,HYD_DEL,45,10287.5,520,10,8,2026-09-28,9875.625,102.64402898495125,102.64402898495125
2026-09-29,MAA_BOM,1,10085.0625,410,8,6,2026-09-28,9363.166666666666,104.45738508682786,104.45738508682786
2026-09-29,MAA_BOM,7,8576.666666666666,372,9,7,2026-09-28,8838.142857142857,92.77218370233831,92.77218370233831
2026-09-29,MAA_BOM,15,10065.166666666666,407,9,7,2026-09-28,8300.714285714286,100.88076902648118,100.88076902648118
2026-09-29,MAA_BOM,30,9123.277777777777,405,9,7,2026-09-28,9120.92857142857,98.37538634027369,98.37538634027369
2026-09-29,MAA_BOM,45,10019.25,381,8,6,2026-09-28,9856.25,100.75209047853053,100.75209047853053
2026-09-29,MAA_DEL,1,12403.125,473,8,7,2026-09-28,11454.285714285714,108.06024459503291,108.06024459503291
2026-09-29,MAA_DEL,7,10824.055555555555,404,9,8,2026-09-28,11486.25,94.71971125007043,94.71971125007043
2026-09-29,MAA_DEL,15,11867.0,462,9,8,2026-09-28,10433.5,114.39468919095155,114.39468919095155
2026-09-29,MAA_DEL,30,11336.0,478,9,8,2026-09-28,11561.6875,100.10058219178532,100.10058219178532
2026-09-29,MAA_DEL,45,11901.75,420,8,7,2026-09-28,11866.357142857143,102.50293038256066,102.50293038256066
2026-09-30,AMD_DEL,1,15015.833333333334,260,9,9,2026-09-29,11405.722222222223,133.5133160066648,133.5133160066648
2026-09-30,AMD_DEL,7,8629.666666666666,266,9,9,2026-09-29,7735.555555555556,112.18222773074925,112.18222773074925
2026-09-30,AMD_DEL,15,9153.888888888889,265,9,9,2026-09-29,9380.166666666666,97.04910353746286,97.04910353746286
2026-09-30,AMD_DEL,30,9054.166666666666,248,9,9,2026-09-29,8895.222222222223,100.97893707147753,100.97893707147753
2026-09-30,AMD_DEL,45,9205.888888888889,284,9,8,2026-09-29,10989.4375,88.32059279713317,88.32059279713317
2026-09-30,BLR_BOM,1,10643.611111111111,604,9,9,2026-09-29,8852.666666666666,118.24669290645618,118.24669290645618
2026-09-30,BLR_BOM,7,8305.111111111111,621,9,9,2026-09-29,6862.944444444444,117.18397794376041,117.18397794376041
2026-09-30,BLR_BOM,15,10383.944444444445,618,9,9,2026-09-29,7947.0,126.69315068753797,126.69315068753797
2026-09-30,BLR_BOM,30,9553.0,638,10,9,2026-09-29,8661.666666666666,113.11169973843755,113.11169973843755
2026-09-30,BLR_BOM,45,9413.45,610,10,10,2026-09-29,8823.25,107.17279541700466,107.17279541700466
2026-09-30,BLR_DEL,1,14429.333333333334,733,9,9,2026-09-29,12007.944444444445,121.11720028152094,121.11720028152094
2026-09-30,BLR_DEL,7,10051.722222222223,712,9,9,2026-09-29,9025.888888888889,110.69950173977007,110.69950173977007
2026-09-30,BLR_DEL,15,13208.166666666666,721,9,9,2026-09-29,10914.333333333334,120.91327680894307,120.91327680894307
2026-09-30,BLR_DEL,30,13542.0,750,10,9,2026-09-29,11579.444444444445,116.90540385251782,116.90540385251782
2026-09-30,BLR_DEL,45,12205.5,682,10,9,2026-09-29,10759.722222222223,115.35408222025154,115.35408222025154
2026-09-30,BLR_HYD,1,13710.111111111111,515,9,9,2026-09-29,11414.333333333334,121.87097584438874,121.87097584438874
2026-09-30,BLR_HYD,7,11017.277777777777,492,9,9,2026-09-29,9389.277777777777,121.57287322713157,121.57287322713157
2026-09-30,BLR_HYD,15,12527.333333333334,491,9,9,2026-09-29,10695.388888888889,118.72135632934993,118.72135632934993
2026-09-30,BLR_HYD,30,10558.0,464,9,9,2026-09-29,9669.277777777777,116.33839996222463,116.33839996222463
2026-09-30,BLR_HYD,45,10555.055555555555,449,9,9,2026-09-29,9982.0,105.74746212069198,105.74746212069198
2026-09-30,BOM_BLR,1,12019.944444444445,531,9,9,2026-09-29,8746.944444444445,135.32718473687714,135.32718473687714
2026-09-30,BOM_BLR,7,7951.833333333333,626,9,9,2026-09-29,7213.0,108.68092781407098,108.68092781407098
2026-09-30,BOM_BLR,15,7833.611111111111,607,9,9,2026-09-29,7338.222222222223,105.43265349711518,105.43265349711518
2026-09-30,BOM_BLR,30,8695.45,630,10,10,2026-09-29,8104.0,107.15869949288792,107.15869949288792
2026-09-30,BOM_BLR,45,10391.45,645,10,10,2026-09-29,9747.8,109.05677847422889,109.05677847422889
2026-09-30,BOM_DEL,1,18565.7,666,10,10,2026-09-29,10574.8,197.01055348062718,197.01055348062718
2026-09-30,BOM_DEL,7,7405.6,773,10,10,2026-09-29,6854.2,107.6749051037098,107.6749051037098
2026-09-30,BOM_DEL,15,7531.95,757,10,10,2026-09-29,6935.95,108.34275433939088,108.34275433939088
2026-09-30,BOM_DEL,30,8844.9,786,10,10,2026-09-29,7808.55,112.47124609326856,112.47124609326856
2026-09-30,BOM_DEL,45,9026.45,854,10,9,2026-09-29,8361.611111111111,109.94742917979362,109.94742917979362
2026-09-30,BOM_GOI,1,19291.3125,264,8,8,2026-09-29,12084.375,160.63724823782817,160.63724823782817
2026-09-30,BOM_GOI,7,8890.5625,292,8,8,2026-09-29,7239.5,125.19086352188326,125.19086352188326
2026-09-30,BOM_GOI,15,9705.0,288,8,8,2026-09-29,8490.4375,113.50023067970439,113.50023067970439
2026-09-30,BOM_GOI,30,9167.875,344,8,8,2026-09-29,8814.8125,111.0522539747813,111.0522539747813
2026-09-30,BOM_GOI,45,8037.055555555556,332,9,8,2026-09-29,9255.375,90.34510475999359,90.34510475999359
2026-09-30,BOM_MAA,1,11385.888888888889,382,9,8,2026-09-29,9752.6875,120.53948853712403,120.53948853712403
2026-09-30,BOM_MAA,7,9571.222222222223,425,9,9,2026-09-29,8573.055555555555,110.83394581981514,110.83394581981514
2026-09-30,BOM_MAA,15,9502.666666666666,423,9,9,2026-09-29,8089.333333333333,115.92918596464857,115.92918596464857
2026-09-30,BOM_MAA,30,8922.444444444445,370,9,9,2026-09-29,8257.111111111111,107.13120997868683,107.13120997868683
2026-09-30,BOM_MAA,45,10426.9375,339,8,8,2026-09-29,9866.3125,105.60355545302652,105.60355545302652
2026-09-30,CCU_DEL,1,9004.6,492,10,10,2026-09-29,9244.25,97.58629211714211,97.58629211714211
2026-09-30,CCU_DEL,7,8962.222222222223,475,9,9,2026-09-29,8751.888888888889,102.4658201413537,102.4658201413537
2026-09-30,CCU_DEL,15,14675.35,530,10,9,2026-09-29,11171.888888888889,132.38947567187927,132.38947567187927
2026-09-30,CCU_DEL,30,10891.15,507,10,10,2026-09-29,9768.85,110.96678647481615,110.96678647481615
2026-09-30,CCU_DEL,45,13301.7,483,10,10,2026-09-29,13435.0,99.2061273022758,99.2061273022758
2026-09-30,DEL_AMD,1,11519.666666666666,296,9,9,2026-09-29,11297.555555555555,99.56177423165406,99.56177423165406
2026-09-30,DEL_AMD,7,11147.111111111111,236,9,9,2026-09-29,9170.333333333334,130.47980830834138,130.47980830834138
2026-09-30,DEL_AMD,15,8585.111111111111,313,9,9,2026-09-29,10555.888888888889,84.47752400311202,84.47752400311202
2026-09-30,DEL_AMD,30,9631.555555555555,347,9,9,2026-09-29,8971.222222222223,109.11211406303048,109.11211406303048
2026-09-30,DEL_AMD,45,16525.166666666668,354,9,9,2026-09-29,13245.611111111111,132.55363832694445,132.55363832694445
2026-09-30,DEL_BLR,1,12002.833333333334,763,9,9,2026-09-29,11157.277777777777,107.747620506461,107.747620506461
2026-09-30,DEL_BLR,7,10220.555555555555,770,9,9,2026-09-29,9500.555555555555,106.55348111224953,106.55348111224953
2026-09-30,DEL_BLR,15,10719.333333333334,769,9,9,2026-09-29,9880.0,108.0114825280395,108.0114825280395
2026-09-30,DEL_BLR,30,11133.2,773,10,9,2026-09-29,10614.388888888889,104.37029244437043,104.37029244437043
2026-09-30,DEL_BLR,45,16069.75,749,10,10,2026-09-29,13120.3,124.0517907571674,124.0517907571674
2026-09-30,DEL_BOM,1,11063.666666666666,746,9,9,2026-09-29,8270.833333333334,135.0922293302538,135.0922293302538
2026-09-30,DEL_BOM,7,7490.6,750,10,10,2026-09-29,7053.8,106.32615155010072,106.32615155010072
2026-09-30,DEL_BOM,15,7311.35,766,10,10,2026-09-29,6864.7,106.44800024711802,106.44800024711802
2026-09-30,DEL_BOM,30,7719.0,769,10,9,2026-09-29,7370.555555555556,105.83950771206014,105.83950771206014
2026-09-30,DEL_BOM,45,11792.5,822,10,9,2026-09-29,9942.222222222223,120.79539731779235,120.79539731779235
2026-09-30,DEL_CCU,1,10093.25,530,10,10,2026-09-29,10125.65,99.91448048907344,99.91448048907344
2026-09-30,DEL_CCU,7,9956.1,540,10,10,2026-09-29,9308.4,106.84611748484815,106.84611748484815
2026-09-30,DEL_CCU,15,15896.9,575,10,10,2026-09-29,13474.7,119.0604994425842,119.0604994425842
2026-09-30,DEL_CCU,30,10861.75,531,10,10,2026-09-29,11225.8,96.97503699108294,96.97503699108294
2026-09-30,DEL_CCU,45,12032.65,528,10,10,2026-09-29,11538.3,105.13105246441322,105.13105246441322
2026-09-30,DEL_GOI,1,18305.5625,411,8,8,2026-09-29,13581.8125,136.0009397266505,136.0009397266505
2026-09-30,DEL_GOI,7,10717.5,534,8,8,2026-09-29,8991.9375,119.04879070950409,119.04879070950409
2026-09-30,DEL_GOI,15,9660.125,392,8,8,2026-09-29,9239.375,104.89786609091334,104.89786609091334
2026-09-30,DEL_GOI,30,10716.9375,443,8,8,2026-09-29,9595.3125,112.63601444423477,112.63601444423477
2026-09-30,DEL_GOI,45,13660.388888888889,518,9,8,2026-09-29,14232.8125,99.94994504278107,99.94994504278107
2026-09-30,DEL_HYD,1,12505.722222222223,537,9,9,2026-09-29,10474.0,118.87882729665398,118.87882729665398
2026-09-30,DEL_HYD,7,11281.388888888889,549,9,9,2026-09-29,9568.166666666666,118.15461991253463,118.15461991253463
2026-09-30,DEL_HYD,15,11369.5,563,9,9,2026-09-29,9641.055555555555,117.0699871646502,117.0699871646502
2026-09-30,DEL_HYD,30,11082.222222222223,571,9,9,2026-09-29,10095.111111111111,109.43076942121735,109.43076942121735
2026-09-30,DEL_HYD,45,13433.25,585,10,10,2026-09-29,12263.5,109.00647528314855,109.00647528314855
2026-09-30,DEL_MAA,1,13923.944444444445,540,9,9,2026-09-29,12193.555555555555,113.7742882617344,113.7742882617344
2026-09-30,DEL_MAA,7,12657.277777777777,539,9,9,2026-09-29,11523.722222222223,110.48613958492952,110.48613958492952
2026-09-30,DEL_MAA,15,13724.5,503,9,9,2026-09-29,11283.0,122.67036186119319,122.67036186119319
2026-09-30,DEL_MAA,30,12036.166666666666,483,9,9,2026-09-29,10783.166666666666,112.17898960868804,112.17898960868804
2026-09-30,DEL_MAA,45,16346.388888888889,460,9,9,2026-09-29,13715.666666666666,119.0574872254753,119.0574872254753
2026-09-30,HYD_BLR,1,15269.333333333334,463,9,9,2026-09-29,12346.666666666666,123.63109216191717,123.63109216191717
2026-09-30,HYD_BLR,7,9567.777777777777,488,9,9,2026-09-29,8169.777777777777,122.47831405334588,122.47831405334588
2026-09-30,HYD_BLR,15,8828.666666666666,462,9,9,2026-09-29,9149.277777777777,94.8185543947788,94.8185543947788
2026-09-30,HYD_BLR,30,9143.944444444445,464,9,9,2026-09-29,8827.722222222223,104.18596532322418,104.18596532322418
2026-09-30,HYD_BLR,45,12791.777777777777,448,9,9,2026-09-29,10326.444444444445,127.49580939891413,127.49580939891413
2026-09-30,HYD_DEL,1,13172.388888888889,536,9,9,2026-09-29,11317.777777777777,114.23761751266592,114.23761751266592
2026-09-30,HYD_DEL,7,10294.666666666666,526,9,9,2026-09-29,8381.333333333334,122.57674763238742,122.57674763238742
2026-09-30,HYD_DEL,15,11291.777777777777,548,9,9,2026-09-29,10189.055555555555,110.46229685036303,110.46229685036303
2026-09-30,HYD_DEL,30,11799.722222222223,509,9,9,2026-09-29,9473.0,124.23537945195501,124.23537945195501
2026-09-30,HYD_DEL,45,10974.2,537,10,10,2026-09-29,10287.5,106.53617850729468,106.53617850729468
2026-09-30,MAA_BOM,1,11828.888888888889,416,9,8,2026-09-29,10085.0625,119.97671177850202,119.97671177850202
2026-09-30,MAA_BOM,7,8924.111111111111,427,9,9,2026-09-29,8576.666666666666,104.63294596434717,104.63294596434717
2026-09-30,MAA_BOM,15,9575.277777777777,400,9,9,2026-09-29,10065.166666666666,102.70348420301758,102.70348420301758
2026-09-30,MAA_BOM,30,9797.777777777777,405,9,9,2026-09-29,9123.277777777777,106.21747302188272,106.21747302188272
2026-09-30,MAA_BOM,45,11789.111111111111,407,9,8,2026-09-29,10019.25,122.41511675283581,122.41511675283581
2026-09-30,MAA_DEL,1,15757.8125,509,8,8,2026-09-29,12403.125,126.66655097646394,126.66655097646394
2026-09-30,MAA_DEL,7,11719.0,484,9,9,2026-09-29,10824.055555555555,108.16847545093182,108.16847545093182
2026-09-30,MAA_DEL,15,13055.888888888889,480,9,9,2026-09-29,11867.0,109.48679046268916,109.48679046268916
2026-09-30,MAA_DEL,30,13961.888888888889,462,9,9,2026-09-29,11336.0,123.21868310750538,123.21868310750538
2026-09-30,MAA_DEL,45,14224.0,465,9,8,2026-09-29,11901.75,106.27074546403163,106.27074546403163
2026-10-01,AMD_DEL,1,9187.222222222223,250,9,9,2026-09-30,15015.833333333334,62.9521988118585,62.9521988118585
2026-10-01,AMD_DEL,7,7976.277777777777,272,9,9,2026-09-30,8629.666666666666,92.5067095309923,92.5067095309923
2026-10-01,AMD_DEL,15,9841.722222222223,310,9,9,2026-09-30,9153.888888888889,105.85560080395274,105.85560080395274
2026-10-01,AMD_DEL,30,9827.555555555555,288,9,9,2026-09-30,9054.166666666666,117.34435277069477,117.34435277069477
2026-10-01,AMD_DEL,45,11137.333333333334,329,9,8,2026-09-30,9520.75,110.06690155177078,110.06690155177078
2026-10-01,BLR_BOM,1,8489.055555555555,526,9,9,2026-09-30,10643.611111111111,82.01272216477004,82.01272216477004
2026-10-01,BLR_BOM,7,8699.388888888889,546,9,9,2026-09-30,8305.111111111111,105.51828609173782,105.51828609173782
2026-10-01,BLR_BOM,15,11858.777777777777,595,9,9,2026-09-30,10383.944444444445,115.85505656999266,115.85505656999266
2026-10-01,BLR_BOM,30,9631.35,606,10,10,2026-09-30,9553.0,100.96130133936157,100.96130133936157
2026-10-01,BLR_BOM,45,11455.65,622,10,10,2026-09-30,9413.45,121.38579273934681,121.38579273934681
2026-10-01,BLR_DEL,1,11624.555555555555,674,9,9,2026-09-30,14429.333333333334,81.5317990077664,81.5317990077664
2026-10-01,BLR_DEL,7,11882.388888888889,699,9,9,2026-09-30,10051.722222222223,118.51644329098127,118.51644329098127
2026-10-01,BLR_DEL,15,16341.777777777777,729,9,9,2026-09-30,13208.166666666666,123.8270140511771,123.8270140511771
2026-10-01,BLR_DEL,30,13925.222222222223,739,9,9,2026-09-30,13551.666666666666,103.16743428981746,103.16743428981746
2026-10-01,BLR_DEL,45,11820.166666666666,747,9,9,2026-09-30,12128.666666666666,100.08561274911752,100.08561274911752
2026-10-01,BLR_HYD,1,11696.222222222223,497,9,9,2026-09-30,13710.111111111111,84.65290397678504,84.65290397678504
2026-10-01,BLR_HYD,7,13012.944444444445,492,9,9,2026-09-30,11017.277777777777,123.17812122329393,123.17812122329393
2026-10-01,BLR_HYD,15,15190.333333333334,510,9,9,2026-09-30,12527.333333333334,122.45108332303153,122.45108332303153
2026-10-01,BLR_HYD,30,11239.111111111111,484,9,9,2026-09-30,10558.0,104.86642282077652,104.86642282077652
2026-10-01,BLR_HYD,45,11478.222222222223,448,9,9,2026-09-30,10555.055555555555,107.49103516547888,107.49103516547888
2026-10-01,BOM_BLR,1,8807.055555555555,524,9,9,2026-09-30,12019.944444444445,77.44940594920155,77.44940594920155
2026-10-01,BOM_BLR,7,8273.0,607,9,9,2026-09-30,7951.833333333333,103.47538852227906,103.47538852227906
2026-10-01,BOM_BLR,15,8324.388888888889,605,9,9,2026-09-30,7833.611111111111,106.27705821168884,106.27705821168884
2026-10-01,BOM_BLR,30,8656.5,626,10,10,2026-09-30,8695.45,101.19536628276731,101.19536628276731
2026-10-01,BOM_BLR,45,10796.8,670,10,10,2026-09-30,10391.45,103.44796610180376,103.44796610180376
2026-10-01,BOM_DEL,1,11077.5,701,9,9,2026-09-30,18754.777777777777,59.502333089255735,59.502333089255735
2026-10-01,BOM_DEL,7,7922.55,701,10,10,2026-09-30,7405.6,106.57330493123895,106.57330493123895
2026-10-01,BOM_DEL,15,8563.333333333334,719,9,9,2026-09-30,7507.5,113.4070313240979,113.4070313240979
2026-10-01,BOM_DEL,30,8984.1,782,10,10,2026-09-30,8844.9,102.14989995386216,102.14989995386216
2026-10-01,BOM_DEL,45,9493.95,817,10,10,2026-09-30,9026.45,103.75645234148074,103.75645234148074
2026-10-01,BOM_GOI,1,14685.625,272,8,8,2026-09-30,19291.3125,78.51454694563972,78.51454694563972
2026-10-01,BOM_GOI,7,10975.75,300,8,8,2026-09-30,8890.5625,132.78820478021737,132.78820478021737
2026-10-01,BOM_GOI,15,11257.4375,294,8,8,2026-09-30,9705.0,121.96155401631198,121.96155401631198
2026-10-01,BOM_GOI,30,8362.75,322,8,8,2026-09-30,9167.875,90.25193910359937,90.25193910359937
2026-10-01,BOM_GOI,45,6654.666666666667,306,9,9,2026-09-30,8037.055555555556,88.06770395116682,88.06770395116682
2026-10-01,BOM_MAA,1,9674.888888888889,362,9,9,2026-09-30,11385.888888888889,88.95554226163682,88.95554226163682
2026-10-01,BOM_MAA,7,9849.888888888889,416,9,9,2026-09-30,9571.222222222223,104.09890846782474,104.09890846782474
2026-10-01,BOM_MAA,15,9609.388888888889,415,9,9,2026-09-30,9502.666666666666,101.06673225372403,101.06673225372403
2026-10-01,BOM_MAA,30,8440.611111111111,367,9,9,2026-09-30,8922.444444444445,95.6011295103187,95.6011295103187
2026-10-01,BOM_MAA,45,10896.166666666666,343,9,8,2026-09-30,10426.9375,109.33317048229632,109.33317048229632
2026-10-01,CCU_DEL,1,10134.1,481,10,10,2026-09-30,9004.6,112.07748768135141,112.07748768135141
2026-10-01,CCU_DEL,7,9864.95,476,10,9,2026-09-30,8962.222222222223,112.20793613969333,112.20793613969333
2026-10-01,CCU_DEL,15,20165.88888888889,533,9,9,2026-09-30,14827.055555555555,136.50625291872313,136.50625291872313
2026-10-01,CCU_DEL,30,10879.2,506,10,10,2026-09-30,10891.15,100.55608747189471,100.55608747189471
2026-10-01,CCU_DEL,45,14023.15,528,10,10,2026-09-30,13301.7,106.28879177408571,106.28879177408571
2026-10-01,DEL_AMD,1,9023.333333333334,278,9,9,2026-09-30,11519.666666666666,83.89679992322985,83.89679992322985
2026-10-01,DEL_AMD,7,9750.166666666666,349,9,9,2026-09-30,11147.111111111111,90.26574199754927,90.26574199754927
2026-10-01,DEL_AMD,15,10674.0,313,9,9,2026-09-30,8585.111111111111,124.22587187566131,124.22587187566131
2026-10-01,DEL_AMD,30,9343.555555555555,325,9,9,2026-09-30,9631.555555555555,97.27001674669968,97.27001674669968
2026-10-01,DEL_AMD,45,21681.944444444445,338,9,9,2026-09-30,16525.166666666668,134.50672385287328,134.50672385287328
2026-10-01,DEL_BLR,1,10752.833333333334,707,9,9,2026-09-30,12002.833333333334,90.09141013852273,90.09141013852273
2026-10-01,DEL_BLR,7,10771.722222222223,786,9,9,2026-09-30,10220.555555555555,106.32633449226488,106.32633449226488
2026-10-01,DEL_BLR,15,11723.166666666666,770,9,9,2026-09-30,10719.333333333334,109.84135931343761,109.84135931343761
2026-10-01,DEL_BLR,30,11299.3,769,10,10,2026-09-30,11133.2,101.7061985556737,101.7061985556737
2026-10-01,DEL_BLR,45,19274.944444444445,794,9,9,2026-09-30,16120.277777777777,120.11227994080124,120.11227994080124
2026-10-01,DEL_BOM,1,8513.111111111111,691,9,9,2026-09-30,11063.666666666666,80.85540408266714,80.85540408266714
2026-10-01,DEL_BOM,7,8339.9,765,10,10,2026-09-30,7490.6,112.41674941302135,112.41674941302135
2026-10-01,DEL_BOM,15,8561.888888888889,727,9,9,2026-09-30,7249.388888888889,116.54393840132133,116.54393840132133
2026-10-01,DEL_BOM,30,7785.055555555556,787,9,9,2026-09-30,7848.777777777777,99.36320247772802,99.36320247772802
2026-10-01,DEL_BOM,45,16153.8,829,10,10,2026-09-30,11792.5,144.82123054740393,144.82123054740393
2026-10-01,DEL_CCU,1,11335.05,511,10,10,2026-09-30,10093.25,112.51716362792756,112.51716362792756
2026-10-01,DEL_CCU,7,11414.95,565,10,10,2026-09-30,9956.1,114.42449273969127,114.42449273969127
2026-10-01,DEL_CCU,15,18695.65,567,10,10,2026-09-30,15896.9,117.48494549392449,117.48494549392449
2026-10-01,DEL_CCU,30,12304.555555555555,553,9,9,2026-09-30,11053.055555555555,111.8221980292273,111.8221980292273
2026-10-01,DEL_CCU,45,12741.95,536,10,10,2026-09-30,12032.65,105.9726544228258,105.9726544228258
2026-10-01,DEL_GOI,1,15892.5,473,8,8,2026-09-30,18305.5625,87.27782047569596,87.27782047569596
2026-10-01,DEL_GOI,7,11646.3125,524,8,8,2026-09-30,10717.5,108.48282276208684,108.48282276208684
2026-10-01,DEL_GOI,15,11962.375,554,8,8,2026-09-30,9660.125,126.05370596068063,126.05370596068063
2026-10-01,DEL_GOI,30,10019.625,610,8,8,2026-09-30,10716.9375,93.84176643131778,93.84176643131778
2026-10-01,DEL_GOI,45,15146.444444444445,417,9,9,2026-09-30,13660.388888888889,110.83866921350369,110.83866921350369
2026-10-01,DEL_HYD,1,11546.555555555555,538,9,9,2026-09-30,12505.722222222223,93.95857644998831,93.95857644998831
2026-10-01,DEL_HYD,7,11590.333333333334,536,9,9,2026-09-30,11281.388888888889,102.32435697200842,102.32435697200842
2026-10-01,DEL_HYD,15,13255.555555555555,584,9,9,2026-09-30,11369.5,116.17222395776015,116.17222395776015
2026-10-01,DEL_HYD,30,11237.833333333334,544,9,9,2026-09-30,11082.222222222223,101.82372997866119,101.82372997866119
2026-10-01,DEL_HYD,45,16011.6,570,10,10,2026-09-30,13433.25,121.30243257980116,121.30243257980116
2026-10-01,DEL_MAA,1,12147.388888888889,472,9,9,2026-09-30,13923.944444444445,89.27187058953338,89.27187058953338
2026-10-01,DEL_MAA,7,14252.611111111111,572,9,9,2026-09-30,12657.277777777777,115.71745036009507,115.71745036009507
2026-10-01,DEL_MAA,15,13640.888888888889,533,9,9,2026-09-30,13724.5,102.94248904624448,102.94248904624448
2026-10-01,DEL_MAA,30,12166.222222222223,453,9,9,2026-09-30,12036.166666666666,101.76481177294485,101.76481177294485
2026-10-01,DEL_MAA,45,18615.38888888889,455,9,9,2026-09-30,16346.388888888889,114.07638840882643,114.07638840882643
2026-10-01,HYD_BLR,1,10288.388888888889,463,9,9,2026-09-30,15269.333333333334,66.89585988333516,66.89585988333516
2026-10-01,HYD_BLR,7,10135.611111111111,451,9,9,2026-09-30,9567.777777777777,105.6391928412095,105.6391928412095
2026-10-01,HYD_BLR,15,10082.222222222223,490,9,9,2026-09-30,8828.666666666666,115.47777550313873,115.47777550313873
2026-10-01,HYD_BLR,30,8421.0,437,9,9,2026-09-30,9143.944444444445,93.67674977331608,93.67674977331608
2026-10-01,HYD_BLR,45,13724.111111111111,466,9,9,2026-09-30,12791.777777777777,106.9870908565791,106.9870908565791
2026-10-01,HYD_DEL,1,11341.111111111111,506,9,9,2026-09-30,13172.388888888889,89.97052005355417,89.97052005355417
2026-10-01,HYD_DEL,7,12146.333333333334,521,9,9,2026-09-30,10294.666666666666,117.5128117483351,117.5128117483351
2026-10-01,HYD_DEL,15,12926.444444444445,523,9,9,2026-09-30,11291.777777777777,114.58980556419988,114.58980556419988
2026-10-01,HYD_DEL,30,12248.777777777777,568,9,9,2026-09-30,11799.722222222223,103.82857429496748,103.82857429496748
2026-10-01,HYD_DEL,45,12156.85,531,10,10,2026-09-30,10974.2,110.63406131203064,110.63406131203064
2026-10-01,MAA_BOM,1,8868.055555555555,424,9,9,2026-09-30,11828.888888888889,80.57939398256342,80.57939398256342
2026-10-01,MAA_BOM,7,9919.055555555555,444,9,9,2026-09-30,8924.111111111111,110.39115033737255,110.39115033737255
2026-10-01,MAA_BOM,15,10875.5,426,9,9,2026-09-30,9575.277777777777,110.94906803232954,110.94906803232954
2026-10-01,MAA_BOM,30,9463.0,393,9,9,2026-09-30,9797.777777777777,98.04668102611697,98.04668102611697
2026-10-01,MAA_BOM,45,14411.5,416,9,9,2026-09-30,11789.111111111111,127.29589412366029,127.29589412366029
2026-10-01,MAA_DEL,1,12603.111111111111,463,9,8,2026-09-30,15757.8125,79.32222055646893,79.32222055646893
2026-10-01,MAA_DEL,7,13297.111111111111,483,9,9,2026-09-30,11719.0,112.90575208759019,112.90575208759019
2026-10-01,MAA_DEL,15,16200.444444444445,494,9,9,2026-09-30,13055.888888888889,124.83958203267146,124.83958203267146
2026-10-01,MAA_DEL,30,13323.111111111111,484,9,9,2026-09-30,13961.888888888889,97.75766107339349,97.75766107339349
2026-10-01,MAA_DEL,45,14566.555555555555,486,9,9,2026-09-30,14224.0,105.83843709537769,105.83843709537769
2026-10-02,AMD_DEL,1,7633.111111111111,234,9,9,2026-10-01,9187.222222222223,84.63018007402879,84.63018007402879
2026-10-02,AMD_DEL,7,8300.833333333334,279,9,9,2026-10-01,7976.277777777777,105.18470842857431,105.18470842857431
2026-10-02,AMD_DEL,15,9446.444444444445,266,9,9,2026-10-01,9841.722222222223,97.85958633732497,97.85958633732497
2026-10-02,AMD_DEL,30,9856.444444444445,304,9,9,2026-10-01,9827.555555555555,99.07777179546399,99.07777179546399
2026-10-02,AMD_DEL,45,10247.2,282,10,9,2026-10-01,11137.333333333334,96.78926981207483,96.78926981207483
2026-10-02,BLR_BOM,1,7894.777777777777,565,9,9,2026-10-01,8489.055555555555,91.29107566035452,91.29107566035452
2026-10-02,BLR_BOM,7,11967.055555555555,546,9,9,2026-10-01,8699.388888888889,144.40154847437606,144.40154847437606
2026-10-02,BLR_BOM,15,10085.75,557,10,9,2026-10-01,11858.777777777777,89.39576322534502,89.39576322534502
2026-10-02,BLR_BOM,30,10947.0,668,10,10,2026-10-01,9631.35,113.39462445881227,113.39462445881227
2026-10-02,BLR_BOM,45,10237.65,616,10,10,2026-10-01,11455.65,89.54811873485184,89.54811873485184
2026-10-02,BLR_DEL,1,10044.666666666666,671,9,9,2026-10-01,11624.555555555555,86.81933811434578,86.81933811434578
2026-10-02,BLR_DEL,7,15175.111111111111,670,9,9,2026-10-01,11882.388888888889,127.69715919333774,127.69715919333774
2026-10-02,BLR_DEL,15,16540.166666666668,696,9,9,2026-10-01,16341.777777777777,101.79109743997867,101.79109743997867
2026-10-02,BLR_DEL,30,14508.15,730,10,9,2026-10-01,13925.222222222223,103.56635784745599,103.56635784745599
2026-10-02,BLR_DEL,45,12136.25,739,10,9,2026-10-01,11820.166666666666,102.20423707283965,102.20423707283965
2026-10-02,BLR_HYD,1,8780.055555555555,481,9,9,2026-10-01,11696.222222222223,73.38421700519376,73.38421700519376
2026-10-02,BLR_HYD,7,14783.388888888889,507,9,9,2026-10-01,13012.944444444445,113.2556731188088,113.2556731188088
2026-10-02,BLR_HYD,15,15282.555555555555,472,9,9,2026-10-01,15190.333333333334,100.26015201451922,100.26015201451922
2026-10-02,BLR_HYD,30,12672.777777777777,559,9,9,2026-10-01,11239.111111111111,121.51468179207593,121.51468179207593
2026-10-02,BLR_HYD,45,11209.555555555555,446,9,9,2026-10-01,11478.222222222223,100.14547365365287,100.14547365365287
2026-10-02,BOM_BLR,1,8745.0,531,9,9,2026-10-01,8807.055555555555,98.7462047230424,98.7462047230424
2026-10-02,BOM_BLR,7,8976.888888888889,630,9,9,2026-10-01,8273.0,105.77660029525728,105.77660029525728
2026-10-02,BOM_BLR,15,8001.65,564,10,9,2026-10-01,8324.388888888889,98.59081984818593,98.59081984818593
2026-10-02,BOM_BLR,30,10278.722222222223,667,9,9,2026-10-01,8814.555555555555,118.15429989985225,118.15429989985225
2026-10-02,BOM_BLR,45,9893.333333333334,626,9,9,2026-10-01,11129.0,88.64097669141194,88.64097669141194
2026-10-02,BOM_DEL,1,7602.75,646,10,9,2026-10-01,11077.5,71.7379472760752,71.7379472760752
2026-10-02,BOM_DEL,7,8690.666666666666,721,9,9,2026-10-01,8083.722222222223,106.95102710942233,106.95102710942233
2026-10-02,BOM_DEL,15,8283.2,615,10,9,2026-10-01,8563.333333333334,96.59608504474014,96.59608504474014
2026-10-02,BOM_DEL,30,9961.9,783,10,10,2026-10-01,8984.1,109.18492417980387,109.18492417980387
2026-10-02,BOM_DEL,45,9890.15,777,10,10,2026-10-01,9493.95,104.34844499921269,104.34844499921269
2026-10-02,BOM_GOI,1,11546.6875,270,8,8,2026-10-01,14685.625,78.78718979693149,78.78718979693149
2026-10-02,BOM_GOI,7,11011.6875,260,8,8,2026-10-01,10975.75,98.49455254677147,98.49455254677147
2026-10-02,BOM_GOI,15,11178.9375,293,8,8,2026-10-01,11257.4375,100.36925780256159,100.36925780256159
2026-10-02,BOM_GOI,30,8908.625,321,8,8,2026-10-01,8362.75,109.48859339876341,109.48859339876341
2026-10-02,BOM_GOI,45,8273.944444444445,320,9,9,2026-10-01,6654.666666666667,129.69676981197253,129.69676981197253
2026-10-02,BOM_MAA,1,8217.055555555555,347,9,9,2026-10-01,9674.888888888889,85.46770716824086,85.46770716824086
2026-10-02,BOM_MAA,7,10644.444444444445,384,9,9,2026-10-01,9849.888888888889,106.35167898568145,106.35167898568145
2026-10-02,BOM_MAA,15,9032.722222222223,366,9,9,2026-10-01,9609.388888888889,94.90125884165074,94.90125884165074
2026-10-02,BOM_MAA,30,11223.0,388,9,9,2026-10-01,8440.611111111111,132.03057343243736,132.03057343243736
2026-10-02,BOM_MAA,45,9931.888888888889,334,9,9,2026-10-01,10896.166666666666,90.8855360537779,90.8855360537779
2026-10-02,CCU_DEL,1,10083.0,456,9,9,2026-10-01,10361.777777777777,98.03565172383418,98.03565172383418
2026-10-02,CCU_DEL,7,10050.1,461,10,10,2026-10-01,9864.95,101.99904513364686,101.99904513364686
2026-10-02,CCU_DEL,15,21305.666666666668,458,9,9,2026-10-01,20165.88888888889,106.61804725555392,106.61804725555392
2026-10-02,CCU_DEL,30,12722.5,485,9,9,2026-10-01,11013.444444444445,114.2543866832806,114.2543866832806
2026-10-02,CCU_DEL,45,13543.25,494,10,10,2026-10-01,14023.15,95.64963638164343,95.64963638164343
2026-10-02,DEL_AMD,1,8811.111111111111,332,9,9,2026-10-01,9023.333333333334,98.17023706747129,98.17023706747129
2026-10-02,DEL_AMD,7,10083.777777777777,303,9,9,2026-10-01,9750.166666666666,104.74793793047407,104.74793793047407
2026-10-02,DEL_AMD,15,9460.222222222223,339,9,9,2026-10-01,10674.0,89.75148809359165,89.75148809359165
2026-10-02,DEL_AMD,30,10465.055555555555,363,9,9,2026-10-01,9343.555555555555,116.01589181063845,116.01589181063845
2026-10-02,DEL_AMD,45,16217.05,332,10,9,2026-10-01,21681.944444444445,76.9197943748928,76.9197943748928
2026-10-02,DEL_BLR,1,10910.277777777777,675,9,9,2026-10-01,10752.833333333334,101.12872284888125,101.12872284888125
2026-10-02,DEL_BLR,7,10813.888888888889,784,9,9,2026-10-01,10771.722222222223,100.5145758045436,100.5145758045436
2026-10-02,DEL_BLR,15,11509.611111111111,734,9,9,2026-10-01,11723.166666666666,98.02248947832757,98.02248947832757
2026-10-02,DEL_BLR,30,12923.5,768,10,10,2026-10-01,11299.3,114.19504574510431,114.19504574510431
2026-10-02,DEL_BLR,45,16594.5,769,10,9,2026-10-01,19274.944444444445,85.69225901781846,85.69225901781846
2026-10-02,DEL_BOM,1,8144.85,550,10,9,2026-10-01,8513.111111111111,96.49430956970001,96.49430956970001
2026-10-02,DEL_BOM,7,8249.85,726,10,10,2026-10-01,8339.9,99.1410007026995,99.1410007026995
2026-10-02,DEL_BOM,15,7482.5,737,9,9,2026-10-01,8561.888888888889,90.04398441498637,90.04398441498637
2026-10-02,DEL_BOM,30,9254.95,752,10,9,2026-10-01,7785.055555555556,120.20286595091426,120.20286595091426
2026-10-02,DEL_BOM,45,13305.4,790,10,10,2026-10-01,16153.8,83.13579269071067,83.13579269071067
2026-10-02,DEL_CCU,1,10527.75,538,10,10,2026-10-01,11335.05,94.00971538171356,94.00971538171356
2026-10-02,DEL_CCU,7,11962.65,538,10,10,2026-10-01,11414.95,104.87634886665646,104.87634886665646
2026-10-02,DEL_CCU,15,17762.9,579,10,10,2026-10-01,18695.65,95.55869742218923,95.55869742218923
2026-10-02,DEL_CCU,30,13443.8,550,10,9,2026-10-01,12304.555555555555,112.00427576024268,112.00427576024268
2026-10-02,DEL_CCU,45,13027.611111111111,510,9,9,2026-10-01,12917.611111111111,99.52497567490015,99.52497567490015
2026-10-02,DEL_GOI,1,11186.5625,477,8,8,2026-10-01,15892.5,70.40064290638607,70.40064290638607
2026-10-02,DEL_GOI,7,10246.25,421,8,8,2026-10-01,11646.3125,88.38671981173425,88.38671981173425
2026-10-02,DEL_GOI,15,11527.5,502,8,8,2026-10-01,11962.375,96.50027525499806,96.50027525499806
2026-10-02,DEL_GOI,30,9661.0,426,8,8,2026-10-01,10019.625,96.44317768208889,96.44317768208889
2026-10-02,DEL_GOI,45,14384.625,568,8,8,2026-10-01,15269.0625,95.22882570980263,95.22882570980263
2026-10-02,DEL_HYD,1,11314.0,519,9,9,2026-10-01,11546.555555555555,98.6875511772175,98.6875511772175
2026-10-02,DEL_HYD,7,11832.833333333334,558,9,9,2026-10-01,11590.333333333334,102.71759010976847,102.71759010976847
2026-10-02,DEL_HYD,15,12993.611111111111,557,9,9,2026-10-01,13255.555555555555,100.20021804838368,100.20021804838368
2026-10-02,DEL_HYD,30,13170.555555555555,557,9,9,2026-10-01,11237.833333333334,116.4190317277623,116.4190317277623
2026-10-02,DEL_HYD,45,14482.777777777777,538,9,9,2026-10-01,16001.166666666666,90.06261210199955,90.06261210199955
2026-10-02,DEL_MAA,1,11995.888888888889,474,9,9,2026-10-01,12147.388888888889,98.83515454080305,98.83515454080305
2026-10-02,DEL_MAA,7,13559.055555555555,519,9,9,2026-10-01,14252.611111111111,98.47277069288678,98.47277069288678
2026-10-02,DEL_MAA,15,12635.0,498,9,9,2026-10-01,13640.888888888889,93.15668039345441,93.15668039345441
2026-10-02,DEL_MAA,30,15052.5,462,9,9,2026-10-01,12166.222222222223,125.30963212912899,125.30963212912899
2026-10-02,DEL_MAA,45,15219.5,449,9,9,2026-10-01,18615.38888888889,83.04246815830648,83.04246815830648
2026-10-02,HYD_BLR,1,9390.388888888889,469,9,9,2026-10-01,10288.388888888889,90.784910120921,90.784910120921
2026-10-02,HYD_BLR,7,13484.0,460,9,9,2026-10-01,10135.611111111111,140.97292229632475,140.97292229632475
2026-10-02,HYD_BLR,15,9709.888888888889,464,9,9,2026-10-01,10082.222222222223,98.06809188342366,98.06809188342366
2026-10-02,HYD_BLR,30,10819.611111111111,454,9,9,2026-10-01,8421.0,138.99296883065446,138.99296883065446
2026-10-02,HYD_BLR,45,12646.055555555555,449,9,9,2026-10-01,13724.111111111111,92.07841190855711,92.07841190855711
2026-10-02,HYD_DEL,1,10500.722222222223,481,9,9,2026-10-01,11341.111111111111,93.4499292394633,93.4499292394633
2026-10-02,HYD_DEL,7,14036.666666666666,509,9,9,2026-10-01,12146.333333333334,118.85170260309103,118.85170260309103
2026-10-02,HYD_DEL,15,12656.166666666666,508,9,9,2026-10-01,12926.444444444445,98.29344109045861,98.29344109045861
2026-10-02,HYD_DEL,30,12915.666666666666,551,9,9,2026-10-01,12248.777777777777,104.93405049962594,104.93405049962594
2026-10-02,HYD_DEL,45,12365.944444444445,506,9,9,2026-10-01,12133.277777777777,101.2025664720589,101.2025664720589
2026-10-02,MAA_BOM,1,8841.388888888889,410,9,9,2026-10-01,8868.055555555555,99.58669035020884,99.58669035020884
2026-10-02,MAA_BOM,7,13258.777777777777,396,9,9,2026-10-01,9919.055555555555,130.72959283225924,130.72959283225924
2026-10-02,MAA_BOM,15,9810.277777777777,408,9,9,2026-10-01,10875.5,93.03853146678833,93.03853146678833
2026-10-02,MAA_BOM,30,11277.0,418,9,9,2026-10-01,9463.0,118.1136100332513,118.1136100332513
2026-10-02,MAA_BOM,45,12517.277777777777,387,9,9,2026-10-01,14411.5,88.09811730642662,88.09811730642662
2026-10-02,MAA_DEL,1,11853.722222222223,416,9,9,2026-10-01,12603.111111111111,95.11564001892513,95.11564001892513
2026-10-02,MAA_DEL,7,16167.555555555555,486,9,9,2026-10-01,13297.111111111111,120.555031721331,120.555031721331
2026-10-02,MAA_DEL,15,14284.722222222223,466,9,9,2026-10-01,16200.444444444445,88.41536228156941,88.41536228156941
2026-10-02,MAA_DEL,30,14118.222222222223,474,9,9,2026-10-01,13323.111111111111,105.73966970188755,105.73966970188755
2026-10-02,MAA_DEL,45,13653.944444444445,456,9,9,2026-10-01,14566.555555555555,94.66863835750098,94.66863835750098
2026-10-03,AMD_DEL,1,11654.4375,250,8,8,2026-10-02,7796.75,142.8806093969299,142.8806093969299
2026-10-03,AMD_DEL,7,8575.5,275,8,8,2026-10-02,8534.0625,100.02303704067923,100.02303704067923
2026-10-03,AMD_DEL,15,9059.125,225,8,8,2026-10-02,9822.875,93.43399726583182,93.43399726583182
2026-10-03,AMD_DEL,30,9976.375,262,8,8,2026-10-02,10284.5,97.0834407156622,97.0834407156622
2026-10-03,AMD_DEL,45,8974.222222222223,268,9,9,2026-10-02,10659.111111111111,84.90673940905923,84.90673940905923
2026-10-03,BLR_BOM,1,14304.0625,546,8,8,2026-10-02,8311.625,175.0129573874549,175.0129573874549
2026-10-03,BLR_BOM,7,13099.625,561,8,8,2026-10-02,12297.8125,113.94427354456289,113.94427354456289
2026-10-03,BLR_BOM,15,9392.8125,586,8,8,2026-10-02,10775.4375,87.0330562902959,87.0330562902959
2026-10-03,BLR_BOM,30,8896.944444444445,643,9,9,2026-10-02,11196.888888888889,81.07902545554028,81.07902545554028
2026-10-03,BLR_BOM,45,8339.444444444445,657,9,9,2026-10-02,10346.388888888889,81.3308741949499,81.3308741949499
2026-10-03,BLR_DEL,1,16533.375,672,8,8,2026-10-02,10219.125,161.6151769920973,161.6151769920973
2026-10-03,BLR_DEL,7,15749.0,701,8,8,2026-10-02,15510.125,104.01442064664757,104.01442064664757
2026-10-03,BLR_DEL,15,12328.833333333334,699,9,8,2026-10-02,16880.1875,73.98550138696221,73.98550138696221
2026-10-03,BLR_DEL,30,12581.444444444445,731,9,9,2026-10-02,14765.277777777777,85.9169537367717,85.9169537367717
2026-10-03,BLR_DEL,45,10628.833333333334,746,9,9,2026-10-02,12379.611111111111,86.9888076879249,86.9888076879249
2026-10-03,BLR_HYD,1,18669.25,504,8,8,2026-10-02,9200.1875,221.97267913799806,221.97267913799806
2026-10-03,BLR_HYD,7,15176.0,520,8,8,2026-10-02,15510.6875,95.23242719696584,95.23242719696584
2026-10-03,BLR_HYD,15,12569.625,454,8,8,2026-10-02,15795.75,78.24442235351165,78.24442235351165
2026-10-03,BLR_HYD,30,10859.125,477,8,8,2026-10-02,13475.125,78.22046262160173,78.22046262160173
2026-10-03,BLR_HYD,45,8994.1875,398,8,8,2026-10-02,11933.375,76.89722852885798,76.89722852885798
2026-10-03,BOM_BLR,1,14559.9375,564,8,8,2026-10-02,9170.0,157.46932645246105,157.46932645246105
2026-10-03,BOM_BLR,7,8908.3125,558,8,8,2026-10-02,9450.875,97.60929408004357,97.60929408004357
2026-10-03,BOM_BLR,15,7502.666666666667,521,9,9,2026-10-02,8228.611111111111,91.67969580131405,91.67969580131405
2026-10-03,BOM_BLR,30,8231.333333333334,649,9,8,2026-10-02,10594.6875,82.37890054048455,82.37890054048455
2026-10-03,BOM_BLR,45,8051.777777777777,668,9,8,2026-10-02,10167.625,84.64228768392684,84.64228768392684
2026-10-03,BOM_DEL,1,9661.277777777777,644,9,9,2026-10-02,7698.5,126.35169032402342,126.35169032402342
2026-10-03,BOM_DEL,7,8107.888888888889,713,9,8,2026-10-02,8920.25,96.12184387202572,96.12184387202572
2026-10-03,BOM_DEL,15,8108.8125,679,8,8,2026-10-02,8367.75,97.05496900172913,97.05496900172913
2026-10-03,BOM_DEL,30,9058.5,816,8,8,2026-10-02,10578.75,88.03183476559707,88.03183476559707
2026-10-03,BOM_DEL,45,7853.277777777777,798,9,9,2026-10-02,10222.277777777777,82.02930866285621,82.02930866285621
2026-10-03,BOM_GOI,1,11189.0,287,7,7,2026-10-02,12261.214285714286,88.31635131108362,88.31635131108362
2026-10-03,BOM_GOI,7,11379.07142857143,308,7,7,2026-10-02,11785.92857142857,92.44834281267879,92.44834281267879
2026-10-03,BOM_GOI,15,9949.642857142857,295,7,7,2026-10-02,12142.92857142857,80.88554886691145,80.88554886691145
2026-10-03,BOM_GOI,30,8250.142857142857,316,7,7,2026-10-02,9535.857142857143,87.94313537917871,87.94313537917871
2026-10-03,BOM_GOI,45,6772.5,310,8,8,2026-10-02,8743.4375,79.37079157463614,79.37079157463614
2026-10-03,BOM_MAA,1,14708.6875,402,8,8,2026-10-02,8383.1875,169.66028936143118,169.66028936143118
2026-10-03,BOM_MAA,7,9916.8125,409,8,8,2026-10-02,11094.0,90.88880114356095,90.88880114356095
2026-10-03,BOM_MAA,15,8745.75,385,8,8,2026-10-02,9280.8125,95.1469428229423,95.1469428229423
2026-10-03,BOM_MAA,30,8589.3125,327,8,8,2026-10-02,11686.625,76.88809902800192,76.88809902800192
2026-10-03,BOM_MAA,45,8453.25,335,8,8,2026-10-02,10285.875,84.23233848705317,84.23233848705317
2026-10-03,CCU_DEL,1,13232.777777777777,473,9,8,2026-10-02,10210.375,134.05248222366595,134.05248222366595
2026-10-03,CCU_DEL,7,9926.166666666666,493,9,9,2026-10-02,10154.777777777777,98.07861790354686,98.07861790354686
2026-10-03,CCU_DEL,15,16412.61111111111,509,9,8,2026-10-02,22133.75,77.88304965641233,77.88304965641233
2026-10-03,CCU_DEL,30,9997.277777777777,473,9,8,2026-10-02,13160.1875,78.74253232051701,78.74253232051701
2026-10-03,CCU_DEL,45,11409.0,481,8,8,2026-10-02,13951.3125,84.02844819408169,84.02844819408169
2026-10-03,DEL_AMD,1,16217.125,286,8,8,2026-10-02,9201.375,176.9765616912186,176.9765616912186
2026-10-03,DEL_AMD,7,10645.1875,359,8,8,2026-10-02,10602.375,101.79150073426244,101.79150073426244
2026-10-03,DEL_AMD,15,9672.1875,316,8,8,2026-10-02,9900.875,98.68464278380162,98.68464278380162
2026-10-03,DEL_AMD,30,11260.3125,359,8,8,2026-10-02,11031.8125,100.49580480414394,100.49580480414394
2026-10-03,DEL_AMD,45,14956.166666666666,348,9,9,2026-10-02,16741.722222222223,89.63713189994677,89.63713189994677
2026-10-03,DEL_BLR,1,19397.4375,716,8,8,2026-10-02,11134.3125,176.7756733265326,176.7756733265326
2026-10-03,DEL_BLR,7,10624.75,728,8,8,2026-10-02,11019.25,96.78267120305888,96.78267120305888
2026-10-03,DEL_BLR,15,11663.111111111111,745,9,8,2026-10-02,11668.9375,102.26219562337153,102.26219562337153
2026-10-03,DEL_BLR,30,11259.777777777777,765,9,9,2026-10-02,13217.555555555555,86.0156247069839,86.0156247069839
2026-10-03,DEL_BLR,45,12985.333333333334,746,9,9,2026-10-02,16905.333333333332,77.29697940785967,77.29697940785967
2026-10-03,DEL_BOM,1,13914.3125,686,8,8,2026-10-02,8523.5625,176.67628218765483,176.67628218765483
2026-10-03,DEL_BOM,7,7641.125,749,8,8,2026-10-02,7795.5625,98.12667441163454,98.12667441163454
2026-10-03,DEL_BOM,15,7819.0,762,8,8,2026-10-02,7559.0625,103.32020242378228,103.32020242378228
2026-10-03,DEL_BOM,30,7693.666666666667,699,9,9,2026-10-02,9502.277777777777,84.97531826259812,84.97531826259812
2026-10-03,DEL_BOM,45,9025.444444444445,846,9,9,2026-10-02,13438.666666666666,67.62960189300756,67.62960189300756
2026-10-03,DEL_CCU,1,12345.166666666666,531,9,9,2026-10-02,10685.722222222223,113.15697638029651,113.15697638029651
2026-10-03,DEL_CCU,7,12869.833333333334,556,9,9,2026-10-02,12249.055555555555,105.26815221714783,105.26815221714783
2026-10-03,DEL_CCU,15,12857.166666666666,576,9,9,2026-10-02,18205.666666666668,70.66602821461564,70.66602821461564
2026-10-03,DEL_CCU,30,11254.166666666666,541,9,9,2026-10-02,13879.111111111111,82.37918089019267,82.37918089019267
2026-10-03,DEL_CCU,45,10600.555555555555,455,9,8,2026-10-02,13465.3125,82.71115057539252,82.71115057539252
2026-10-03,DEL_GOI,1,11852.57142857143,404,7,7,2026-10-02,11625.357142857143,100.98083881572735,100.98083881572735
2026-10-03,DEL_GOI,7,9498.642857142857,442,7,7,2026-10-02,10640.0,90.54635407008307,90.54635407008307
2026-10-03,DEL_GOI,15,10166.714285714286,377,7,7,2026-10-02,11804.285714285714,86.84391386365705,86.84391386365705
2026-10-03,DEL_GOI,30,9683.285714285714,395,7,7,2026-10-02,9971.142857142857,97.19667372996058,97.19667372996058
2026-10-03,DEL_GOI,45,11412.214285714286,503,7,7,2026-10-02,15369.57142857143,74.37874044384101,74.37874044384101
2026-10-03,DEL_HYD,1,19095.125,537,8,8,2026-10-02,11589.625,164.73905833375747,164.73905833375747
2026-10-03,DEL_HYD,7,11607.75,550,8,8,2026-10-02,12173.3125,95.56433989316102,95.56433989316102
2026-10-03,DEL_HYD,15,13289.1875,561,8,8,2026-10-02,13286.3125,99.79171577312309,99.79171577312309
2026-10-03,DEL_HYD,30,11295.9375,553,8,8,2026-10-02,13521.375,85.47653967862921,85.47653967862921
2026-10-03,DEL_HYD,45,11764.222222222223,570,9,8,2026-10-02,14858.875,80.30034828895883,80.30034828895883
2026-10-03,DEL_MAA,1,21164.4375,522,8,8,2026-10-02,12208.625,173.1825160666802,173.1825160666802
2026-10-03,DEL_MAA,7,12657.4375,490,8,8,2026-10-02,13967.1875,91.3918957780257,91.3918957780257
2026-10-03,DEL_MAA,15,13072.625,523,8,8,2026-10-02,12927.625,101.6963530845626,101.6963530845626
2026-10-03,DEL_MAA,30,11531.75,405,8,8,2026-10-02,14299.8125,81.17730159888431,81.17730159888431
2026-10-03,DEL_MAA,45,12532.9375,437,8,8,2026-10-02,15815.4375,80.91383795185037,80.91383795185037
2026-10-03,HYD_BLR,1,18754.625,453,8,8,2026-10-02,9929.6875,201.76259290076337,201.76259290076337
2026-10-03,HYD_BLR,7,12890.6875,475,8,8,2026-10-02,13998.5,94.22886869930086,94.22886869930086
2026-10-03,HYD_BLR,15,9312.0625,463,8,8,2026-10-02,10124.125,89.12244363005033,89.12244363005033
2026-10-03,HYD_BLR,30,8462.75,407,8,8,2026-10-02,11562.5625,71.1244847563809,71.1244847563809
2026-10-03,HYD_BLR,45,11035.75,415,8,8,2026-10-02,13531.6875,81.470020007463,81.470020007463
2026-10-03,HYD_DEL,1,14662.3125,534,8,8,2026-10-02,10742.5625,133.8209903198121,133.8209903198121
2026-10-03,HYD_DEL,7,16953.125,488,8,8,2026-10-02,14312.625,119.17496330020175,119.17496330020175
2026-10-03,HYD_DEL,15,11060.5,517,8,8,2026-10-02,12876.6875,86.03667822775428,86.03667822775428
2026-10-03,HYD_DEL,30,11133.125,542,8,8,2026-10-02,13302.0,85.14213212690731,85.14213212690731
2026-10-03,HYD_DEL,45,9870.777777777777,496,9,8,2026-10-02,12746.9375,79.01966855282036,79.01966855282036
2026-10-03,MAA_BOM,1,14322.625,411,8,8,2026-10-02,8967.5625,155.90354185850757,155.90354185850757
2026-10-03,MAA_BOM,7,11312.0,380,8,8,2026-10-02,13937.125,82.41194572537799,82.41194572537799
2026-10-03,MAA_BOM,15,9520.6875,415,8,8,2026-10-02,10057.5625,95.29679681349938,95.29679681349938
2026-10-03,MAA_BOM,30,9157.6875,380,8,8,2026-10-02,11688.0,80.68269469374225,80.68269469374225
2026-10-03,MAA_BOM,45,9854.0625,387,8,8,2026-10-02,12708.3125,77.15322673426984,77.15322673426984
2026-10-03,MAA_DEL,1,17120.8125,492,8,8,2026-10-02,12030.1875,141.42575778839102,141.42575778839102
2026-10-03,MAA_DEL,7,14262.625,453,8,8,2026-10-02,16763.875,85.75283793658924,85.75283793658924
2026-10-03,MAA_DEL,15,13231.8125,474,8,8,2026-10-02,14765.0625,89.94452241235378,89.94452241235378
2026-10-03,MAA_DEL,30,11531.875,427,8,8,2026-10-02,14558.0,80.40858531983878,80.40858531983878
2026-10-03,MAA_DEL,45,11548.25,424,8,8,2026-10-02,13783.1875,84.6605117761398,84.6605117761398
2026-10-05,AMD_DEL,1,8547.611111111111,272,9,8,2026-10-03,11654.4375,82.3650749540653,82.3650749540653
2026-10-05,AMD_DEL,7,8583.222222222223,250,9,8,2026-10-03,8575.5,101.56840995760908,101.56840995760908
2026-10-05,AMD_DEL,15,9367.166666666666,276,9,8,2026-10-03,9059.125,107.69757849674693,107.69757849674693
2026-10-05,AMD_DEL,30,14950.888888888889,269,9,8,2026-10-03,9976.375,165.17221845104095,165.17221845104095
2026-10-05,AMD_DEL,45,10098.2,334,10,9,2026-10-03,8974.222222222223,113.38592291074826,113.38592291074826
2026-10-05,BLR_BOM,1,11142.277777777777,588,9,8,2026-10-03,14304.0625,74.31117235497416,74.31117235497416
2026-10-05,BLR_BOM,7,9217.222222222223,599,9,8,2026-10-03,13099.625,72.1241048528722,72.1241048528722
2026-10-05,BLR_BOM,15,8841.5,614,9,8,2026-10-03,9392.8125,96.53141401915917,96.53141401915917
2026-10-05,BLR_BOM,30,10530.6,693,10,9,2026-10-03,8896.944444444445,115.89063022765698,115.89063022765698
2026-10-05,BLR_BOM,45,9532.277777777777,658,9,8,2026-10-03,8700.375,107.59652119603072,107.59652119603072
2026-10-05,BLR_DEL,1,11967.166666666666,659,9,8,2026-10-03,16533.375,76.7419479923912,76.7419479923912
2026-10-05,BLR_DEL,7,10548.055555555555,729,9,8,2026-10-03,15749.0,68.36861791585723,68.36861791585723
2026-10-05,BLR_DEL,15,10905.1,746,10,9,2026-10-03,12328.833333333334,89.04509990117018,89.04509990117018
2026-10-05,BLR_DEL,30,15590.111111111111,802,9,8,2026-10-03,12691.0,123.85168855395925,123.85168855395925
2026-10-05,BLR_DEL,45,10790.611111111111,746,9,8,2026-10-03,10766.6875,100.98279828018279,100.98279828018279
2026-10-05,BLR_HYD,1,15164.444444444445,477,9,8,2026-10-03,18669.25,80.21974707485843,80.21974707485843
2026-10-05,BLR_HYD,7,11587.833333333334,528,9,8,2026-10-03,15176.0,73.12198457226226,73.12198457226226
2026-10-05,BLR_HYD,15,11479.777777777777,512,9,8,2026-10-03,12569.625,90.30483888991235,90.30483888991235
2026-10-05,BLR_HYD,30,12915.722222222223,491,9,8,2026-10-03,10859.125,112.40237540864675,112.40237540864675
2026-10-05,BLR_HYD,45,9576.5,459,9,8,2026-10-03,8994.1875,100.0595057434295,100.0595057434295
2026-10-05,BOM_BLR,1,10502.111111111111,603,9,8,2026-10-03,14559.9375,74.99257962139552,74.99257962139552
2026-10-05,BOM_BLR,7,7822.833333333333,567,9,8,2026-10-03,8908.3125,90.09905194051348,90.09905194051348
2026-10-05,BOM_BLR,15,8456.6,649,10,9,2026-10-03,7502.666666666667,113.28673651895592,113.28673651895592
2026-10-05,BOM_BLR,30,8595.9,690,10,9,2026-10-03,8231.333333333334,104.1545920532868,104.1545920532868
2026-10-05,BOM_BLR,45,8439.75,589,10,9,2026-10-03,8051.777777777777,103.98274460135346,103.98274460135346
2026-10-05,BOM_DEL,1,8975.333333333334,700,9,8,2026-10-03,9971.0625,91.46686760116025,91.46686760116025
2026-10-05,BOM_DEL,7,7828.0,707,9,8,2026-10-03,8305.875,95.3675412232038,95.3675412232038
2026-10-05,BOM_DEL,15,8035.5,756,9,8,2026-10-03,8108.8125,99.52650188856606,99.52650188856606
2026-10-05,BOM_DEL,30,11928.2,837,10,8,2026-10-03,9058.5,133.19019691724702,133.19019691724702
2026-10-05,BOM_DEL,45,8968.95,743,10,9,2026-10-03,7853.277777777777,114.57726776205047,114.57726776205047
2026-10-05,BOM_GOI,1,11863.214285714286,288,7,7,2026-10-03,11189.0,105.89498711059525,105.89498711059525
2026-10-05,BOM_GOI,7,10039.357142857143,284,7,7,2026-10-03,11379.07142857143,87.94307011492502,87.94307011492502
2026-10-05,BOM_GOI,15,9853.42857142857,290,7,7,2026-10-03,9949.642857142857,98.46781482176361,98.46781482176361
2026-10-05,BOM_GOI,30,7079.642857142857,277,7,7,2026-10-03,8250.142857142857,92.89443803515691,92.89443803515691
2026-10-05,BOM_GOI,45,9581.5,276,7,7,2026-10-03,7154.857142857143,146.85552033993943,146.85552033993943
2026-10-05,BOM_MAA,1,11316.625,407,8,8,2026-10-03,14708.6875,79.19792351854639,79.19792351854639
2026-10-05,BOM_MAA,7,8877.75,387,8,8,2026-10-03,9916.8125,92.96623252842214,92.96623252842214
2026-10-05,BOM_MAA,15,9322.8125,382,8,8,2026-10-03,8745.75,106.2461676129682,106.2461676129682
2026-10-05,BOM_MAA,30,9387.4375,366,8,8,2026-10-03,8589.3125,110.89579096805609,110.89579096805609
2026-10-05,BOM_MAA,45,10001.444444444445,320,9,8,2026-10-03,8453.25,102.77680618618243,102.77680618618243
2026-10-05,CCU_DEL,1,10472.222222222223,451,9,8,2026-10-03,13838.125,78.59749835661005,78.59749835661005
2026-10-05,CCU_DEL,7,9863.388888888889,465,9,8,2026-10-03,10156.3125,98.3778487186281,98.3778487186281
2026-10-05,CCU_DEL,15,15094.15,484,10,9,2026-10-03,16412.61111111111,91.02142681138794,91.02142681138794
2026-10-05,CCU_DEL,30,10656.666666666666,496,9,8,2026-10-03,10091.8125,107.00838122627222,107.00838122627222
2026-10-05,CCU_DEL,45,10841.722222222223,529,9,8,2026-10-03,11409.0,96.54314580327247,96.54314580327247
2026-10-05,DEL_AMD,1,13677.277777777777,310,9,8,2026-10-03,16217.125,82.88063253725359,82.88063253725359
2026-10-05,DEL_AMD,7,10278.722222222223,330,9,8,2026-10-03,10645.1875,93.84616189521746,93.84616189521746
2026-10-05,DEL_AMD,15,11012.3125,324,8,7,2026-10-03,10222.42857142857,107.70750909192923,107.70750909192923
2026-10-05,DEL_AMD,30,14364.875,361,8,7,2026-10-03,12025.642857142857,114.92353119852986,114.92353119852986
2026-10-05,DEL_AMD,45,13366.15,339,10,9,2026-10-03,14956.166666666666,84.34116808540425,84.34116808540425
2026-10-05,DEL_BLR,1,13588.944444444445,695,9,8,2026-10-03,19397.4375,70.03019870065863,70.03019870065863
2026-10-05,DEL_BLR,7,9984.722222222223,733,9,8,2026-10-03,10624.75,95.74402455799449,95.74402455799449
2026-10-05,DEL_BLR,15,11313.888888888889,777,9,8,2026-10-03,11874.75,96.5298623468112,96.5298623468112
2026-10-05,DEL_BLR,30,11090.7,797,10,9,2026-10-03,11259.777777777777,99.37600345214538,99.37600345214538
2026-10-05,DEL_BLR,45,11793.4,775,10,9,2026-10-03,12985.333333333334,90.83670668077075,90.83670668077075
2026-10-05,DEL_BOM,1,9734.555555555555,727,9,8,2026-10-03,13914.3125,69.16862296358502,69.16862296358502
2026-10-05,DEL_BOM,7,7633.0,788,9,8,2026-10-03,7641.125,101.29947845140427,101.29947845140427
2026-10-05,DEL_BOM,15,7913.055555555556,755,9,8,2026-10-03,7819.0,101.70099284352429,101.70099284352429
2026-10-05,DEL_BOM,30,8254.555555555555,848,9,8,2026-10-03,7770.75,106.91535995264253,106.91535995264253
2026-10-05,DEL_BOM,45,9612.222222222223,729,9,8,2026-10-03,9269.0,104.78389552604764,104.78389552604764
2026-10-05,DEL_CCU,1,11041.333333333334,504,9,8,2026-10-03,12838.5625,90.15800835670895,90.15800835670895
2026-10-05,DEL_CCU,7,10784.222222222223,555,9,8,2026-10-03,13223.4375,81.57693987480549,81.57693987480549
2026-10-05,DEL_CCU,15,11705.0,591,10,9,2026-10-03,12857.166666666666,90.96489688014498,90.96489688014498
2026-10-05,DEL_CCU,30,15048.5,557,9,8,2026-10-03,11518.4375,132.06205422055535,132.06205422055535
2026-10-05,DEL_CCU,45,11101.15,539,10,9,2026-10-03,10600.555555555555,102.98457505316574,102.98457505316574
2026-10-05,DEL_GOI,1,11413.8125,436,8,7,2026-10-03,11852.57142857143,95.96251995626949,95.96251995626949
2026-10-05,DEL_GOI,7,9325.92857142857,364,7,7,2026-10-03,9498.642857142857,98.18971016582039,98.18971016582039
2026-10-05,DEL_GOI,15,9868.42857142857,460,7,7,2026-10-03,10166.714285714286,97.00878424744118,97.00878424744118
2026-10-05,DEL_GOI,30,9878.0,424,7,7,2026-10-03,9683.285714285714,101.79689039411703,101.79689039411703
2026-10-05,DEL_GOI,45,12814.214285714286,512,7,7,2026-10-03,11412.214285714286,112.50916096110741,112.50916096110741
2026-10-05,DEL_HYD,1,13655.0625,492,8,8,2026-10-03,19095.125,70.81318184201025,70.81318184201025
2026-10-05,DEL_HYD,7,11174.611111111111,543,9,8,2026-10-03,11607.75,99.0595074105575,99.0595074105575
2026-10-05,DEL_HYD,15,12716.055555555555,597,9,8,2026-10-03,13289.1875,97.55022502704206,97.55022502704206
2026-10-05,DEL_HYD,30,12038.888888888889,568,9,8,2026-10-03,11295.9375,107.4964231409698,107.4964231409698
2026-10-05,DEL_HYD,45,11563.444444444445,563,9,8,2026-10-03,11931.5,97.68956396872183,97.68956396872183
2026-10-05,DEL_MAA,1,15722.6875,539,8,8,2026-10-03,21164.4375,74.26749780140676,74.26749780140676
2026-10-05,DEL_MAA,7,11989.3125,510,8,8,2026-10-03,12657.4375,94.79744020834755,94.79744020834755
2026-10-05,DEL_MAA,15,12883.875,523,8,8,2026-10-03,13072.625,98.45317892595449,98.45317892595449
2026-10-05,DEL_MAA,30,13210.6875,479,8,8,2026-10-03,11531.75,115.5913538818474,115.5913538818474
2026-10-05,DEL_MAA,45,11883.375,439,8,8,2026-10-03,12532.9375,95.56889510567507,95.56889510567507
2026-10-05,HYD_BLR,1,13236.5,532,9,8,2026-10-03,18754.625,71.65568294792745,71.65568294792745
2026-10-05,HYD_BLR,7,9762.722222222223,487,9,8,2026-10-03,12890.6875,71.64098610169411,71.64098610169411
2026-10-05,HYD_BLR,15,10174.277777777777,491,9,8,2026-10-03,9312.0625,110.69053708139083,110.69053708139083
2026-10-05,HYD_BLR,30,8964.444444444445,438,9,8,2026-10-03,8462.75,110.22154456875425,110.22154456875425
2026-10-05,HYD_BLR,45,10048.722222222223,441,9,8,2026-10-03,11035.75,91.48680500992765,91.48680500992765
2026-10-05,HYD_DEL,1,11485.9375,526,8,7,2026-10-03,15484.357142857143,78.62507307027506,78.62507307027506
2026-10-05,HYD_DEL,7,12436.0,538,9,8,2026-10-03,16953.125,71.75902667018121,71.75902667018121
2026-10-05,HYD_DEL,15,10343.444444444445,526,9,8,2026-10-03,11060.5,93.42389193482092,93.42389193482092
2026-10-05,HYD_DEL,30,13343.222222222223,539,9,8,2026-10-03,11133.125,120.68788995254287,120.68788995254287
2026-10-05,HYD_DEL,45,10036.05,536,10,9,2026-10-03,9870.777777777777,102.3464837591887,102.3464837591887
2026-10-05,MAA_BOM,1,12055.388888888889,400,9,8,2026-10-03,14322.625,86.5285289550796,86.5285289550796
2026-10-05,MAA_BOM,7,9432.888888888889,423,9,8,2026-10-03,11312.0,87.12548944628044,87.12548944628044
2026-10-05,MAA_BOM,15,8881.777777777777,392,9,8,2026-10-03,9520.6875,96.22335471498641,96.22335471498641
2026-10-05,MAA_BOM,30,11390.555555555555,399,9,8,2026-10-03,9157.6875,108.92680472982961,108.92680472982961
2026-10-05,MAA_BOM,45,11613.625,363,8,7,2026-10-03,10123.214285714286,104.19899090786907,104.19899090786907
2026-10-05,MAA_DEL,1,13627.6875,421,8,8,2026-10-03,17120.8125,80.63462406083437,80.63462406083437
2026-10-05,MAA_DEL,7,11811.75,444,8,8,2026-10-03,14262.625,83.89519322253483,83.89519322253483
2026-10-05,MAA_DEL,15,12718.6875,440,8,8,2026-10-03,13231.8125,96.68274692599861,96.68274692599861
2026-10-05,MAA_DEL,30,15992.5,456,8,8,2026-10-03,11531.875,138.05345357442513,138.05345357442513
2026-10-05,MAA_DEL,45,11863.92857142857,469,7,7,2026-10-03,11156.285714285714,106.28280006263427,106.28280006263427
