collection_date,route,advance_days,representative_fare,observation_count
2026-07-01,BLR_DEL,1,12766.82,7
2026-07-01,BLR_HYD,1,7969.66,10
2026-07-01,BOM_BLR,1,10536.8,21
2026-07-01,BOM_DEL,1,11787.115,14
2026-07-01,CCU_DEL,1,12308.66,10
2026-07-01,DEL_BLR,1,13136.69,14
2026-07-01,DEL_BOM,1,11601.5,19
2026-07-01,DEL_CCU,1,11537.265,14
2026-07-01,HYD_DEL,1,10507.67,14
2026-07-01,MAA_DEL,1,14184.83,13
2026-07-01,BLR_DEL,7,10173.86,11
2026-07-01,BLR_HYD,7,5977.64,15
2026-07-01,BOM_BLR,7,7932.34,17
2026-07-01,BOM_DEL,7,9014.355,14
2026-07-01,CCU_DEL,7,10115.5,19
2026-07-01,DEL_BLR,7,9534.44,13
2026-07-01,DEL_BOM,7,9592.17,15
2026-07-01,DEL_CCU,7,10379.28,21
2026-07-01,HYD_DEL,7,8597.87,17
2026-07-01,MAA_DEL,7,11078.26,15
2026-07-01,BLR_DEL,15,8999.96,13
2026-07-01,BLR_HYD,15,5421.8,12
2026-07-01,BOM_BLR,15,6400.97,15
2026-07-01,BOM_DEL,15,7879.1,11
2026-07-01,CCU_DEL,15,7770.5,15
2026-07-01,DEL_BLR,15,8958.545,18
2026-07-01,DEL_BOM,15,7519.805,16
2026-07-01,DEL_CCU,15,8472.825,16
2026-07-01,HYD_DEL,15,7450.45,11
2026-07-01,MAA_DEL,15,9493.135,18
2026-07-01,BLR_DEL,30,7815.85,10
2026-07-01,BLR_HYD,30,4301.545,14
2026-07-01,BOM_BLR,30,6115.514999999999,16
2026-07-01,BOM_DEL,30,6848.37,9
2026-07-01,CCU_DEL,30,6733.35,13
2026-07-01,DEL_BLR,30,7623.15,6
2026-07-01,DEL_BOM,30,7151.67,17
2026-07-01,DEL_CCU,30,7713.21,15
2026-07-01,HYD_DEL,30,6347.889999999999,16
2026-07-01,MAA_DEL,30,8161.56,15
2026-07-01,BLR_DEL,45,8566.51,11
2026-07-01,BLR_HYD,45,4603.35,20
2026-07-01,BOM_BLR,45,6142.85,12
2026-07-01,BOM_DEL,45,7155.57,13
2026-07-01,CCU_DEL,45,7085.785,16
2026-07-01,DEL_BLR,45,8901.25,9
2026-07-01,DEL_BOM,45,7146.81,21
2026-07-01,DEL_CCU,45,7506.02,15
2026-07-01,HYD_DEL,45,6175.18,13
2026-07-01,MAA_DEL,45,8226.95,11
2026-07-02,BLR_DEL,1,14458.314999999999,14
2026-07-02,BLR_HYD,1,7537.93,9
2026-07-02,BOM_BLR,1,10258.66,11
2026-07-02,BOM_DEL,1,11621.74,15
2026-07-02,CCU_DEL,1,12603.830000000002,14
2026-07-02,DEL_BLR,1,12767.26,13
2026-07-02,DEL_BOM,1,11466.14,9
2026-07-02,DEL_CCU,1,12325.0,12
2026-07-02,HYD_DEL,1,10988.59,18
2026-07-02,MAA_DEL,1,13172.075,16
2026-07-02,BLR_DEL,7,10200.73,17
2026-07-02,BLR_HYD,7,5772.16,13
2026-07-02,BOM_BLR,7,7961.4400000000005,20
2026-07-02,BOM_DEL,7,8981.26,14
2026-07-02,CCU_DEL,7,9426.29,10
2026-07-02,DEL_BLR,7,10598.965,14
2026-07-02,DEL_BOM,7,9462.92,19
2026-07-02,DEL_CCU,7,9631.45,23
2026-07-02,HYD_DEL,7,8805.58,13
2026-07-02,MAA_DEL,7,10709.08,13
2026-07-02,BLR_DEL,15,8416.46,9
2026-07-02,BLR_HYD,15,5278.875,12
2026-07-02,BOM_BLR,15,7072.13,9
2026-07-02,BOM_DEL,15,8112.215,18
2026-07-02,CCU_DEL,15,8234.29,18
2026-07-02,DEL_BLR,15,8454.61,15
2026-07-02,DEL_BOM,15,7997.63,15
2026-07-02,DEL_CCU,15,8252.41,8
2026-07-02,HYD_DEL,15,7434.105,18
2026-07-02,MAA_DEL,15,9255.14,15
2026-07-02,BLR_DEL,30,8449.904999999999,14
2026-07-02,BLR_HYD,30,5028.895,12
2026-07-02,BOM_BLR,30,6436.65,11
2026-07-02,BOM_DEL,30,7888.57,9
2026-07-02,CCU_DEL,30,8033.5650000000005,18
2026-07-02,DEL_BLR,30,8364.27,10
2026-07-02,DEL_BOM,30,7122.715,24
2026-07-02,DEL_CCU,30,8180.05,11
2026-07-02,HYD_DEL,30,6970.63,11
2026-07-02,MAA_DEL,30,9192.57,16
2026-07-02,BLR_DEL,45,8002.455,14
2026-07-02,BLR_HYD,45,4648.25,15
2026-07-02,BOM_BLR,45,6478.280000000001,14
2026-07-02,BOM_DEL,45,7422.02,14
2026-07-02,CCU_DEL,45,7518.715,8
2026-07-02,DEL_BLR,45,7985.82,15
2026-07-02,DEL_BOM,45,7108.92,17
2026-07-02,DEL_CCU,45,7608.74,21
2026-07-02,HYD_DEL,45,6421.14,14
2026-07-02,MAA_DEL,45,7681.455,12
2026-07-03,BLR_DEL,1,13308.54,12
2026-07-03,BLR_HYD,1,8333.63,15
2026-07-03,BOM_BLR,1,11538.994999999999,14
2026-07-03,BOM_DEL,1,13008.39,17
2026-07-03,CCU_DEL,1,12845.19,10
2026-07-03,DEL_BLR,1,14311.12,17
2026-07-03,DEL_BOM,1,12774.75,12
2026-07-03,DEL_CCU,1,13327.12,15
2026-07-03,HYD_DEL,1,11287.25,12
2026-07-03,MAA_DEL,1,15211.43,11
2026-07-03,BLR_DEL,7,10137.25,16
2026-07-03,BLR_HYD,7,6183.745,16
2026-07-03,BOM_BLR,7,8146.065,16
2026-07-03,BOM_DEL,7,8516.745,16
2026-07-03,CCU_DEL,7,9738.27,14
2026-07-03,DEL_BLR,7,10959.835,14
2026-07-03,DEL_BOM,7,9242.325,20
2026-07-03,DEL_CCU,7,9332.23,21
2026-07-03,HYD_DEL,7,8108.45,11
2026-07-03,MAA_DEL,7,11493.06,17
2026-07-03,BLR_DEL,15,9541.19,17
2026-07-03,BLR_HYD,15,5073.61,15
2026-07-03,BOM_BLR,15,7770.61,16
2026-07-03,BOM_DEL,15,9082.76,17
2026-07-03,CCU_DEL,15,9046.5,14
2026-07-03,DEL_BLR,15,9518.7,13
2026-07-03,DEL_BOM,15,7996.3,7
2026-07-03,DEL_CCU,15,9105.654999999999,12
2026-07-03,HYD_DEL,15,7890.87,16
2026-07-03,MAA_DEL,15,10285.939999999999,14
2026-07-03,BLR_DEL,30,8628.645,14
2026-07-03,BLR_HYD,30,4607.32,13
2026-07-03,BOM_BLR,30,6473.36,11
2026-07-03,BOM_DEL,30,7516.745,18
2026-07-03,CCU_DEL,30,7788.8,14
2026-07-03,DEL_BLR,30,8660.21,19
2026-07-03,DEL_BOM,30,8159.42,15
2026-07-03,DEL_CCU,30,7830.549999999999,16
2026-07-03,HYD_DEL,30,6543.29,11
2026-07-03,MAA_DEL,30,8757.3,18
2026-07-03,BLR_DEL,45,7502.725,14
2026-07-03,BLR_HYD,45,4261.8150000000005,14
2026-07-03,BOM_BLR,45,5735.87,14
2026-07-03,BOM_DEL,45,6308.53,9
2026-07-03,CCU_DEL,45,6682.58,20
2026-07-03,DEL_BLR,45,7428.74,15
2026-07-03,DEL_BOM,45,6527.125,10
2026-07-03,DEL_CCU,45,6650.8099999999995,18
2026-07-03,HYD_DEL,45,5861.65,18
2026-07-03,MAA_DEL,45,7720.41,21
2026-07-04,BLR_DEL,1,15319.3,13
2026-07-04,BLR_HYD,1,8481.75,15
2026-07-04,BOM_BLR,1,11415.23,24
2026-07-04,BOM_DEL,1,12551.51,13
2026-07-04,CCU_DEL,1,14350.105,16
2026-07-04,DEL_BLR,1,14623.925,12
2026-07-04,DEL_BOM,1,12731.605,12
2026-07-04,DEL_CCU,1,13938.68,13
2026-07-04,HYD_DEL,1,12059.05,13
2026-07-04,MAA_DEL,1,15422.74,15
2026-07-04,BLR_DEL,7,11969.88,11
2026-07-04,BLR_HYD,7,6649.14,13
2026-07-04,BOM_BLR,7,8872.59,20
2026-07-04,BOM_DEL,7,9769.24,17
2026-07-04,CCU_DEL,7,10527.72,13
2026-07-04,DEL_BLR,7,11013.87,13
2026-07-04,DEL_BOM,7,10212.54,15
2026-07-04,DEL_CCU,7,10033.14,16
2026-07-04,HYD_DEL,7,8793.99,17
2026-07-04,MAA_DEL,7,12645.585,12
2026-07-04,BLR_DEL,15,9818.825,12
2026-07-04,BLR_HYD,15,5757.4,15
2026-07-04,BOM_BLR,15,7926.86,15
2026-07-04,BOM_DEL,15,8754.93,16
2026-07-04,CCU_DEL,15,8164.46,10
2026-07-04,DEL_BLR,15,9572.42,15
2026-07-04,DEL_BOM,15,9173.12,17
2026-07-04,DEL_CCU,15,9817.74,12
2026-07-04,HYD_DEL,15,7479.22,13
2026-07-04,MAA_DEL,15,9915.02,17
2026-07-04,BLR_DEL,30,7767.905000000001,18
2026-07-04,BLR_HYD,30,4406.105,12
2026-07-04,BOM_BLR,30,6019.860000000001,10
2026-07-04,BOM_DEL,30,7245.74,15
2026-07-04,CCU_DEL,30,6753.93,13
2026-07-04,DEL_BLR,30,7364.865,16
2026-07-04,DEL_BOM,30,7010.125,12
2026-07-04,DEL_CCU,30,6630.99,10
2026-07-04,HYD_DEL,30,5921.8,9
2026-07-04,MAA_DEL,30,8018.165,18
2026-07-04,BLR_DEL,45,7436.41,15
2026-07-04,BLR_HYD,45,4116.15,15
2026-07-04,BOM_BLR,45,5502.395,14
2026-07-04,BOM_DEL,45,6861.89,15
2026-07-04,CCU_DEL,45,7160.07,15
2026-07-04,DEL_BLR,45,6976.785,20
2026-07-04,DEL_BOM,45,6906.68,13
2026-07-04,DEL_CCU,45,6578.33,7
2026-07-04,HYD_DEL,45,5875.97,17
2026-07-04,MAA_DEL,45,7912.29,11
2026-07-05,BLR_DEL,1,12417.3,15
2026-07-05,BLR_HYD,1,7189.18,15
2026-07-05,BOM_BLR,1,10327.240000000002,22
2026-07-05,BOM_DEL,1,11555.9,12
2026-07-05,CCU_DEL,1,11724.53,15
2026-07-05,DEL_BLR,1,13072.095000000001,12
2026-07-05,DEL_BOM,1,11353.15,19
2026-07-05,DEL_CCU,1,12144.46,23
2026-07-05,HYD_DEL,1,10305.335,18
2026-07-05,MAA_DEL,1,14061.82,6
2026-07-05,BLR_DEL,7,11594.14,9
2026-07-05,BLR_HYD,7,6504.81,9
2026-07-05,BOM_BLR,7,8681.064999999999,12
2026-07-05,BOM_DEL,7,9751.295,12
2026-07-05,CCU_DEL,7,10930.99,15
2026-07-05,DEL_BLR,7,11095.96,20
2026-07-05,DEL_BOM,7,10318.26,19
2026-07-05,DEL_CCU,7,10768.02,12
2026-07-05,HYD_DEL,7,9117.7,17
2026-07-05,MAA_DEL,7,12454.02,13
2026-07-05,BLR_DEL,15,8550.195,10
2026-07-05,BLR_HYD,15,4789.71,11
2026-07-05,BOM_BLR,15,7218.01,13
2026-07-05,BOM_DEL,15,8545.505000000001,8
2026-07-05,CCU_DEL,15,8148.36,27
2026-07-05,DEL_BLR,15,8762.880000000001,12
2026-07-05,DEL_BOM,15,8361.61,14
2026-07-05,DEL_CCU,15,8426.73,15
2026-07-05,HYD_DEL,15,6674.49,19
2026-07-05,MAA_DEL,15,9221.64,13
2026-07-05,BLR_DEL,30,7641.65,12
2026-07-05,BLR_HYD,30,4432.715,14
2026-07-05,BOM_BLR,30,5626.56,17
2026-07-05,BOM_DEL,30,6696.18,12
2026-07-05,CCU_DEL,30,7574.72,17
2026-07-05,DEL_BLR,30,7819.21,15
2026-07-05,DEL_BOM,30,6602.88,11
2026-07-05,DEL_CCU,30,7236.205,14
2026-07-05,HYD_DEL,30,6265.21,14
2026-07-05,MAA_DEL,30,7742.875,22
2026-07-05,BLR_DEL,45,6841.43,9
2026-07-05,BLR_HYD,45,4270.92,15
2026-07-05,BOM_BLR,45,5445.11,7
2026-07-05,BOM_DEL,45,6513.85,14
2026-07-05,CCU_DEL,45,6687.99,13
2026-07-05,DEL_BLR,45,7493.755,18
2026-07-05,DEL_BOM,45,6422.39,15
2026-07-05,DEL_CCU,45,6839.93,7
2026-07-05,HYD_DEL,45,6094.29,9
2026-07-05,MAA_DEL,45,7457.67,17
2026-07-06,BLR_DEL,1,12755.12,17
2026-07-06,BLR_HYD,1,7613.44,15
2026-07-06,BOM_BLR,1,9760.86,15
2026-07-06,BOM_DEL,1,12087.23,18
2026-07-06,CCU_DEL,1,12384.62,17
2026-07-06,DEL_BLR,1,12570.25,17
2026-07-06,DEL_BOM,1,11293.599999999999,12
2026-07-06,DEL_CCU,1,11935.8,14
2026-07-06,HYD_DEL,1,10919.6,12
2026-07-06,MAA_DEL,1,14395.81,11
2026-07-06,BLR_DEL,7,10648.23,10
2026-07-06,BLR_HYD,7,5874.985000000001,20
2026-07-06,BOM_BLR,7,8159.889999999999,12
2026-07-06,BOM_DEL,7,9320.630000000001,18
2026-07-06,CCU_DEL,7,9525.26,13
2026-07-06,DEL_BLR,7,10365.08,15
2026-07-06,DEL_BOM,7,9427.81,13
2026-07-06,DEL_CCU,7,10628.32,10
2026-07-06,HYD_DEL,7,8479.34,20
2026-07-06,MAA_DEL,7,11151.21,16
2026-07-06,BLR_DEL,15,8563.82,21
2026-07-06,BLR_HYD,15,5140.04,9
2026-07-06,BOM_BLR,15,7103.67,19
2026-07-06,BOM_DEL,15,7769.42,13
2026-07-06,CCU_DEL,15,8436.18,15
2026-07-06,DEL_BLR,15,8877.58,19
2026-07-06,DEL_BOM,15,8100.48,17
2026-07-06,DEL_CCU,15,8092.605,18
2026-07-06,HYD_DEL,15,7118.57,18
2026-07-06,MAA_DEL,15,9055.31,12
2026-07-06,BLR_DEL,30,7458.585,20
2026-07-06,BLR_HYD,30,4580.2,21
2026-07-06,BOM_BLR,30,5865.28,18
2026-07-06,BOM_DEL,30,7086.65,21
2026-07-06,CCU_DEL,30,6962.1900000000005,14
2026-07-06,DEL_BLR,30,7678.16,5
2026-07-06,DEL_BOM,30,6843.42,19
2026-07-06,DEL_CCU,30,7549.85,7
2026-07-06,HYD_DEL,30,5917.195,16
2026-07-06,MAA_DEL,30,7767.14,13
2026-07-06,BLR_DEL,45,7096.65,14
2026-07-06,BLR_HYD,45,4232.24,16
2026-07-06,BOM_BLR,45,5656.3,19
2026-07-06,BOM_DEL,45,6082.82,15
2026-07-06,CCU_DEL,45,7362.19,9
2026-07-06,DEL_BLR,45,7189.385,14
2026-07-06,DEL_BOM,45,6390.08,19
2026-07-06,DEL_CCU,45,7218.1,13
2026-07-06,HYD_DEL,45,6180.14,12
2026-07-06,MAA_DEL,45,7876.98,15
2026-07-07,BLR_DEL,1,12401.0,19
2026-07-07,BLR_HYD,1,7511.625,14
2026-07-07,BOM_BLR,1,10510.785,20
2026-07-07,BOM_DEL,1,11562.57,15
2026-07-07,CCU_DEL,1,11800.07,18
2026-07-07,DEL_BLR,1,12819.494999999999,10
2026-07-07,DEL_BOM,1,11882.48,13
2026-07-07,DEL_CCU,1,12957.14,15
2026-07-07,HYD_DEL,1,10226.51,23
2026-07-07,MAA_DEL,1,14191.29,19
2026-07-07,BLR_DEL,7,9635.435000000001,8
2026-07-07,BLR_HYD,7,6172.19,11
2026-07-07,BOM_BLR,7,8567.955,14
2026-07-07,BOM_DEL,7,9270.63,15
2026-07-07,CCU_DEL,7,10037.11,17
2026-07-07,DEL_BLR,7,9945.064999999999,14
2026-07-07,DEL_BOM,7,9644.560000000001,16
2026-07-07,DEL_CCU,7,10519.37,15
2026-07-07,HYD_DEL,7,8287.805,10
2026-07-07,MAA_DEL,7,10610.130000000001,14
2026-07-07,BLR_DEL,15,8536.805,14
2026-07-07,BLR_HYD,15,5001.26,10
2026-07-07,BOM_BLR,15,6635.02,9
2026-07-07,BOM_DEL,15,7961.445,16
2026-07-07,CCU_DEL,15,8451.42,16
2026-07-07,DEL_BLR,15,8495.3,14
2026-07-07,DEL_BOM,15,8210.53,19
2026-07-07,DEL_CCU,15,8033.73,15
2026-07-07,HYD_DEL,15,6950.04,20
2026-07-07,MAA_DEL,15,9559.11,13
2026-07-07,BLR_DEL,30,7811.025,10
2026-07-07,BLR_HYD,30,4457.895,12
2026-07-07,BOM_BLR,30,6168.71,13
2026-07-07,BOM_DEL,30,7285.675,14
2026-07-07,CCU_DEL,30,7194.695,14
2026-07-07,DEL_BLR,30,7303.59,12
2026-07-07,DEL_BOM,30,7183.58,11
2026-07-07,DEL_CCU,30,7183.72,11
2026-07-07,HYD_DEL,30,5813.05,13
2026-07-07,MAA_DEL,30,7741.76,15
2026-07-07,BLR_DEL,45,6942.12,23
2026-07-07,BLR_HYD,45,4084.43,15
2026-07-07,BOM_BLR,45,5478.91,16
2026-07-07,BOM_DEL,45,6529.28,19
2026-07-07,CCU_DEL,45,7213.0,19
2026-07-07,DEL_BLR,45,7148.48,20
2026-07-07,DEL_BOM,45,6642.674999999999,10
2026-07-07,DEL_CCU,45,6257.02,10
2026-07-07,HYD_DEL,45,5869.44,14
2026-07-07,MAA_DEL,45,7364.57,9
2026-07-08,BLR_DEL,1,13557.814999999999,16
2026-07-08,BLR_HYD,1,7174.41,15
2026-07-08,BOM_BLR,1,10182.26,17
2026-07-08,BOM_DEL,1,11845.825,12
2026-07-08,CCU_DEL,1,12077.755000000001,12
2026-07-08,DEL_BLR,1,13117.66,13
2026-07-08,DEL_BOM,1,11749.415,14
2026-07-08,DEL_CCU,1,12086.384999999998,16
2026-07-08,HYD_DEL,1,10020.52,17
2026-07-08,MAA_DEL,1,14287.494999999999,10
2026-07-08,BLR_DEL,7,10297.835,12
2026-07-08,BLR_HYD,7,6230.62,15
2026-07-08,BOM_BLR,7,7945.05,15
2026-07-08,BOM_DEL,7,9419.095000000001,26
2026-07-08,CCU_DEL,7,9779.81,19
2026-07-08,DEL_BLR,7,9799.825,16
2026-07-08,DEL_BOM,7,10124.965,10
2026-07-08,DEL_CCU,7,9961.93,17
2026-07-08,HYD_DEL,7,8636.07,8
2026-07-08,MAA_DEL,7,11515.925,12
2026-07-08,BLR_DEL,15,8643.369999999999,18
2026-07-08,BLR_HYD,15,5201.81,15
2026-07-08,BOM_BLR,15,6136.75,10
2026-07-08,BOM_DEL,15,7555.06,15
2026-07-08,CCU_DEL,15,8235.77,13
2026-07-08,DEL_BLR,15,9006.33,14
2026-07-08,DEL_BOM,15,7849.715,16
2026-07-08,DEL_CCU,15,7922.51,13
2026-07-08,HYD_DEL,15,7035.0599999999995,12
2026-07-08,MAA_DEL,15,8706.175,14
2026-07-08,BLR_DEL,30,8073.975,12
2026-07-08,BLR_HYD,30,4300.915,20
2026-07-08,BOM_BLR,30,6158.3,13
2026-07-08,BOM_DEL,30,6738.74,21
2026-07-08,CCU_DEL,30,7081.46,11
2026-07-08,DEL_BLR,30,7672.65,19
2026-07-08,DEL_BOM,30,6823.16,11
2026-07-08,DEL_CCU,30,7289.2,15
2026-07-08,HYD_DEL,30,6342.99,13
2026-07-08,MAA_DEL,30,7806.985000000001,12
2026-07-08,BLR_DEL,45,8212.06,18
2026-07-08,BLR_HYD,45,4865.72,7
2026-07-08,BOM_BLR,45,6016.035,10
2026-07-08,BOM_DEL,45,7521.89,7
2026-07-08,CCU_DEL,45,7555.215,12
2026-07-08,DEL_BLR,45,7818.01,29
2026-07-08,DEL_BOM,45,7261.675,18
2026-07-08,DEL_CCU,45,7448.035,10
2026-07-08,HYD_DEL,45,6452.87,13
2026-07-08,MAA_DEL,45,8594.47,13
2026-07-09,BLR_DEL,1,13513.205,10
2026-07-09,BLR_HYD,1,7453.075,20
2026-07-09,BOM_BLR,1,10258.58,17
2026-07-09,BOM_DEL,1,11269.745,18
2026-07-09,CCU_DEL,1,12048.095000000001,18
2026-07-09,DEL_BLR,1,13302.26,19
2026-07-09,DEL_BOM,1,12038.5,17
2026-07-09,DEL_CCU,1,11960.490000000002,22
2026-07-09,HYD_DEL,1,10501.79,9
2026-07-09,MAA_DEL,1,14157.119999999999,22
2026-07-09,BLR_DEL,7,10863.195,10
2026-07-09,BLR_HYD,7,5863.335,16
2026-07-09,BOM_BLR,7,8429.28,11
2026-07-09,BOM_DEL,7,9337.845000000001,14
2026-07-09,CCU_DEL,7,9379.220000000001,12
2026-07-09,DEL_BLR,7,10082.515,16
2026-07-09,DEL_BOM,7,9991.4,19
2026-07-09,DEL_CCU,7,9797.31,11
2026-07-09,HYD_DEL,7,8606.825,14
2026-07-09,MAA_DEL,7,10019.71,15
2026-07-09,BLR_DEL,15,8601.529999999999,18
2026-07-09,BLR_HYD,15,5097.035,14
2026-07-09,BOM_BLR,15,6979.3099999999995,10
2026-07-09,BOM_DEL,15,8211.585,10
2026-07-09,CCU_DEL,15,8282.58,19
2026-07-09,DEL_BLR,15,8838.44,17
2026-07-09,DEL_BOM,15,7407.195,12
2026-07-09,DEL_CCU,15,8621.55,11
2026-07-09,HYD_DEL,15,7440.64,11
2026-07-09,MAA_DEL,15,9192.3,17
2026-07-09,BLR_DEL,30,8694.77,13
2026-07-09,BLR_HYD,30,5121.56,13
2026-07-09,BOM_BLR,30,6140.63,14
2026-07-09,BOM_DEL,30,6937.275,10
2026-07-09,CCU_DEL,30,7781.415,14
2026-07-09,DEL_BLR,30,8636.73,17
2026-07-09,DEL_BOM,30,8071.405000000001,12
2026-07-09,DEL_CCU,30,8391.67,18
2026-07-09,HYD_DEL,30,7069.375,22
2026-07-09,MAA_DEL,30,8689.885,12
2026-07-09,BLR_DEL,45,8138.33,13
2026-07-09,BLR_HYD,45,4703.86,21
2026-07-09,BOM_BLR,45,6347.265,16
2026-07-09,BOM_DEL,45,6883.965,14
2026-07-09,CCU_DEL,45,7274.63,15
2026-07-09,DEL_BLR,45,8392.92,21
2026-07-09,DEL_BOM,45,7455.82,19
2026-07-09,DEL_CCU,45,7537.629999999999,14
2026-07-09,HYD_DEL,45,6359.61,21
2026-07-09,MAA_DEL,45,7842.67,15
2026-07-10,BLR_DEL,1,14150.81,16
2026-07-10,BLR_HYD,1,8608.74,17
2026-07-10,BOM_BLR,1,11268.97,13
2026-07-10,BOM_DEL,1,12836.505,16
2026-07-10,CCU_DEL,1,13104.33,11
2026-07-10,DEL_BLR,1,14537.46,15
2026-07-10,DEL_BOM,1,12767.99,15
2026-07-10,DEL_CCU,1,12869.39,22
2026-07-10,HYD_DEL,1,11268.205,14
2026-07-10,MAA_DEL,1,15831.95,13
2026-07-10,BLR_DEL,7,10791.375,18
2026-07-10,BLR_HYD,7,5918.84,14
2026-07-10,BOM_BLR,7,8079.895,12
2026-07-10,BOM_DEL,7,8327.62,11
2026-07-10,CCU_DEL,7,9282.055,16
2026-07-10,DEL_BLR,7,10059.15,15
2026-07-10,DEL_BOM,7,9217.8,15
2026-07-10,DEL_CCU,7,9582.48,7
2026-07-10,HYD_DEL,7,8205.455,18
2026-07-10,MAA_DEL,7,10861.54,13
2026-07-10,BLR_DEL,15,10161.34,17
2026-07-10,BLR_HYD,15,5720.610000000001,26
2026-07-10,BOM_BLR,15,7596.27,17
2026-07-10,BOM_DEL,15,8705.15,24
2026-07-10,CCU_DEL,15,9550.54,13
2026-07-10,DEL_BLR,15,9364.175,24
2026-07-10,DEL_BOM,15,8776.92,12
2026-07-10,DEL_CCU,15,8741.76,15
2026-07-10,HYD_DEL,15,8153.86,13
2026-07-10,MAA_DEL,15,10086.14,22
2026-07-10,BLR_DEL,30,8558.19,19
2026-07-10,BLR_HYD,30,4822.95,15
2026-07-10,BOM_BLR,30,6212.16,19
2026-07-10,BOM_DEL,30,7701.72,13
2026-07-10,CCU_DEL,30,8086.745,24
2026-07-10,DEL_BLR,30,8641.81,8
2026-07-10,DEL_BOM,30,7509.27,9
2026-07-10,DEL_CCU,30,8295.345,16
2026-07-10,HYD_DEL,30,6461.47,15
2026-07-10,MAA_DEL,30,9102.130000000001,20
2026-07-10,BLR_DEL,45,7129.05,15
2026-07-10,BLR_HYD,45,4678.9349999999995,8
2026-07-10,BOM_BLR,45,6011.93,17
2026-07-10,BOM_DEL,45,6390.59,10
2026-07-10,CCU_DEL,45,6840.01,9
2026-07-10,DEL_BLR,45,7161.87,14
2026-07-10,DEL_BOM,45,6232.66,15
2026-07-10,DEL_CCU,45,6632.59,18
2026-07-10,HYD_DEL,45,6436.07,11
2026-07-10,MAA_DEL,45,7318.5,13
2026-07-11,BLR_DEL,1,14369.14,12
2026-07-11,BLR_HYD,1,7779.4,13
2026-07-11,BOM_BLR,1,10868.63,6
2026-07-11,BOM_DEL,1,12745.34,16
2026-07-11,CCU_DEL,1,13276.18,17
2026-07-11,DEL_BLR,1,15705.7,15
2026-07-11,DEL_BOM,1,12909.95,17
2026-07-11,DEL_CCU,1,13268.01,15
2026-07-11,HYD_DEL,1,12111.92,11
2026-07-11,MAA_DEL,1,15502.81,13
2026-07-11,BLR_DEL,7,10639.405,16
2026-07-11,BLR_HYD,7,6287.875,16
2026-07-11,BOM_BLR,7,9458.09,15
2026-07-11,BOM_DEL,7,9981.87,15
2026-07-11,CCU_DEL,7,10882.77,16
2026-07-11,DEL_BLR,7,11704.515,14
2026-07-11,DEL_BOM,7,10719.21,9
2026-07-11,DEL_CCU,7,10398.065,16
2026-07-11,HYD_DEL,7,9753.77,13
2026-07-11,MAA_DEL,7,11407.42,21
2026-07-11,BLR_DEL,15,10189.04,17
2026-07-11,BLR_HYD,15,5139.26,13
2026-07-11,BOM_BLR,15,7765.674999999999,18
2026-07-11,BOM_DEL,15,8843.81,13
2026-07-11,CCU_DEL,15,9661.689999999999,20
2026-07-11,DEL_BLR,15,9711.41,19
2026-07-11,DEL_BOM,15,8586.645,12
2026-07-11,DEL_CCU,15,8958.2,20
2026-07-11,HYD_DEL,15,7317.38,9
2026-07-11,MAA_DEL,15,9802.86,12
2026-07-11,BLR_DEL,30,7655.860000000001,14
2026-07-11,BLR_HYD,30,4820.865,22
2026-07-11,BOM_BLR,30,5759.32,19
2026-07-11,BOM_DEL,30,6610.35,15
2026-07-11,CCU_DEL,30,7502.62,16
2026-07-11,DEL_BLR,30,7551.99,12
2026-07-11,DEL_BOM,30,6855.08,14
2026-07-11,DEL_CCU,30,7450.09,20
2026-07-11,HYD_DEL,30,6277.094999999999,18
2026-07-11,MAA_DEL,30,8664.04,16
2026-07-11,BLR_DEL,45,7349.69,17
2026-07-11,BLR_HYD,45,4376.6,13
2026-07-11,BOM_BLR,45,5419.53,17
2026-07-11,BOM_DEL,45,6458.93,15
2026-07-11,CCU_DEL,45,7073.35,21
2026-07-11,DEL_BLR,45,7345.75,16
2026-07-11,DEL_BOM,45,6685.495000000001,10
2026-07-11,DEL_CCU,45,7026.76,12
2026-07-11,HYD_DEL,45,5919.3,16
2026-07-11,MAA_DEL,45,7682.245000000001,6
2026-07-12,BLR_DEL,1,13358.3,17
2026-07-12,BLR_HYD,1,8063.97,13
2026-07-12,BOM_BLR,1,10146.76,14
2026-07-12,BOM_DEL,1,11535.67,21
2026-07-12,CCU_DEL,1,12784.5,16
2026-07-12,DEL_BLR,1,14084.02,9
2026-07-12,DEL_BOM,1,11927.8,13
2026-07-12,DEL_CCU,1,12175.82,14
2026-07-12,HYD_DEL,1,11174.43,15
2026-07-12,MAA_DEL,1,13837.11,13
2026-07-12,BLR_DEL,7,11449.43,12
2026-07-12,BLR_HYD,7,7018.21,15
2026-07-12,BOM_BLR,7,9161.2,15
2026-07-12,BOM_DEL,7,9776.1,15
2026-07-12,CCU_DEL,7,11190.86,20
2026-07-12,DEL_BLR,7,11049.82,13
2026-07-12,DEL_BOM,7,10475.88,19
2026-07-12,DEL_CCU,7,10287.45,17
2026-07-12,HYD_DEL,7,9128.48,11
2026-07-12,MAA_DEL,7,11356.61,13
2026-07-12,BLR_DEL,15,9067.45,23
2026-07-12,BLR_HYD,15,5010.83,12
2026-07-12,BOM_BLR,15,6255.37,15
2026-07-12,BOM_DEL,15,8235.52,12
2026-07-12,CCU_DEL,15,8324.560000000001,10
2026-07-12,DEL_BLR,15,8569.985,12
2026-07-12,DEL_BOM,15,7801.53,18
2026-07-12,DEL_CCU,15,8635.79,15
2026-07-12,HYD_DEL,15,7313.23,13
2026-07-12,MAA_DEL,15,9258.4,23
2026-07-12,BLR_DEL,30,7406.31,11
2026-07-12,BLR_HYD,30,4560.139999999999,14
2026-07-12,BOM_BLR,30,6013.69,9
2026-07-12,BOM_DEL,30,6725.59,14
2026-07-12,CCU_DEL,30,6994.35,14
2026-07-12,DEL_BLR,30,7961.73,14
2026-07-12,DEL_BOM,30,6914.91,15
2026-07-12,DEL_CCU,30,7052.41,11
2026-07-12,HYD_DEL,30,5915.0599999999995,20
2026-07-12,MAA_DEL,30,7880.504999999999,12
2026-07-12,BLR_DEL,45,7647.68,17
2026-07-12,BLR_HYD,45,4361.68,9
2026-07-12,BOM_BLR,45,5977.71,17
2026-07-12,BOM_DEL,45,6317.85,15
2026-07-12,CCU_DEL,45,6454.37,11
2026-07-12,DEL_BLR,45,7469.8,9
2026-07-12,DEL_BOM,45,6224.39,13
2026-07-12,DEL_CCU,45,6630.1,10
2026-07-12,HYD_DEL,45,5914.405,14
2026-07-12,MAA_DEL,45,7535.92,19
2026-07-13,BLR_DEL,1,13192.07,19
2026-07-13,BLR_HYD,1,7302.875,10
2026-07-13,BOM_BLR,1,9845.98,9
2026-07-13,BOM_DEL,1,11006.42,17
2026-07-13,CCU_DEL,1,12537.63,17
2026-07-13,DEL_BLR,1,11914.045,10
2026-07-13,DEL_BOM,1,11573.2,15
2026-07-13,DEL_CCU,1,12205.195,18
2026-07-13,HYD_DEL,1,10277.42,15
2026-07-13,MAA_DEL,1,13302.5,16
2026-07-13,BLR_DEL,7,10659.915,10
2026-07-13,BLR_HYD,7,5829.31,17
2026-07-13,BOM_BLR,7,7345.11,9
2026-07-13,BOM_DEL,7,8770.61,14
2026-07-13,CCU_DEL,7,9742.59,13
2026-07-13,DEL_BLR,7,10341.69,17
2026-07-13,DEL_BOM,7,8848.51,21
2026-07-13,DEL_CCU,7,9621.56,15
2026-07-13,HYD_DEL,7,8080.825000000001,10
2026-07-13,MAA_DEL,7,10810.83,16
2026-07-13,BLR_DEL,15,9318.74,17
2026-07-13,BLR_HYD,15,4889.9400000000005,10
2026-07-13,BOM_BLR,15,6803.455,14
2026-07-13,BOM_DEL,15,8054.95,9
2026-07-13,CCU_DEL,15,8799.36,15
2026-07-13,DEL_BLR,15,8216.025000000001,20
2026-07-13,DEL_BOM,15,8017.6,16
2026-07-13,DEL_CCU,15,8531.59,11
2026-07-13,HYD_DEL,15,6817.76,12
2026-07-13,MAA_DEL,15,9107.279999999999,14
2026-07-13,BLR_DEL,30,8080.29,21
2026-07-13,BLR_HYD,30,4671.055,18
2026-07-13,BOM_BLR,30,6440.385,20
2026-07-13,BOM_DEL,30,6726.66,15
2026-07-13,CCU_DEL,30,7801.08,12
2026-07-13,DEL_BLR,30,7565.75,14
2026-07-13,DEL_BOM,30,6579.17,17
2026-07-13,DEL_CCU,30,7731.82,13
2026-07-13,HYD_DEL,30,6796.97,17
2026-07-13,MAA_DEL,30,8088.77,21
2026-07-13,BLR_DEL,45,7118.985000000001,20
2026-07-13,BLR_HYD,45,4014.66,17
2026-07-13,BOM_BLR,45,5847.21,11
2026-07-13,BOM_DEL,45,6130.585,12
2026-07-13,CCU_DEL,45,6539.505,14
2026-07-13,DEL_BLR,45,7089.344999999999,18
2026-07-13,DEL_BOM,45,6597.0,11
2026-07-13,DEL_CCU,45,6865.219999999999,22
2026-07-13,HYD_DEL,45,5881.56,13
2026-07-13,MAA_DEL,45,7841.57,15
2026-07-14,BLR_DEL,1,13147.630000000001,24
2026-07-14,BLR_HYD,1,7313.59,15
2026-07-14,BOM_BLR,1,9942.79,11
2026-07-14,BOM_DEL,1,11819.41,17
2026-07-14,CCU_DEL,1,11855.130000000001,12
2026-07-14,DEL_BLR,1,12152.630000000001,12
2026-07-14,DEL_BOM,1,12473.575,16
2026-07-14,DEL_CCU,1,12323.130000000001,14
2026-07-14,HYD_DEL,1,11126.315,14
2026-07-14,MAA_DEL,1,13387.64,14
2026-07-14,BLR_DEL,7,10508.55,24
2026-07-14,BLR_HYD,7,5912.42,13
2026-07-14,BOM_BLR,7,7986.64,11
2026-07-14,BOM_DEL,7,9549.24,19
2026-07-14,CCU_DEL,7,9596.96,15
2026-07-14,DEL_BLR,7,10418.62,17
2026-07-14,DEL_BOM,7,9869.89,9
2026-07-14,DEL_CCU,7,9618.705,14
2026-07-14,HYD_DEL,7,8699.575,18
2026-07-14,MAA_DEL,7,10523.65,7
2026-07-14,BLR_DEL,15,8903.970000000001,8
2026-07-14,BLR_HYD,15,5283.344999999999,12
2026-07-14,BOM_BLR,15,7089.44,13
2026-07-14,BOM_DEL,15,7098.42,17
2026-07-14,CCU_DEL,15,9005.475,6
2026-07-14,DEL_BLR,15,8789.62,13
2026-07-14,DEL_BOM,15,7777.07,13
2026-07-14,DEL_CCU,15,7945.44,15
2026-07-14,HYD_DEL,15,6737.06,16
2026-07-14,MAA_DEL,15,9326.535,20
2026-07-14,BLR_DEL,30,7736.030000000001,16
2026-07-14,BLR_HYD,30,4261.59,15
2026-07-14,BOM_BLR,30,6076.045,20
2026-07-14,BOM_DEL,30,6885.57,13
2026-07-14,CCU_DEL,30,6311.415,14
2026-07-14,DEL_BLR,30,7937.28,13
2026-07-14,DEL_BOM,30,6750.34,13
2026-07-14,DEL_CCU,30,6978.655000000001,14
2026-07-14,HYD_DEL,30,6101.0599999999995,12
2026-07-14,MAA_DEL,30,7876.37,27
2026-07-14,BLR_DEL,45,7341.905,14
2026-07-14,BLR_HYD,45,4493.15,19
2026-07-14,BOM_BLR,45,5822.94,23
2026-07-14,BOM_DEL,45,6118.03,19
2026-07-14,CCU_DEL,45,6876.71,21
2026-07-14,DEL_BLR,45,7289.51,19
2026-07-14,DEL_BOM,45,6277.705,16
2026-07-14,DEL_CCU,45,6464.63,21
2026-07-14,HYD_DEL,45,5793.76,11
2026-07-14,MAA_DEL,45,7542.34,11
2026-07-15,BLR_DEL,1,12577.07,12
2026-07-15,BLR_HYD,1,7417.62,15
2026-07-15,BOM_BLR,1,9893.39,19
2026-07-15,BOM_DEL,1,11851.3,17
2026-07-15,CCU_DEL,1,13322.97,15
2026-07-15,DEL_BLR,1,12655.09,19
2026-07-15,DEL_BOM,1,11409.215,16
2026-07-15,DEL_CCU,1,12003.0,13
2026-07-15,HYD_DEL,1,10546.33,17
2026-07-15,MAA_DEL,1,13492.485,24
2026-07-15,BLR_DEL,7,10172.43,19
2026-07-15,BLR_HYD,7,5778.81,13
2026-07-15,BOM_BLR,7,7801.19,23
2026-07-15,BOM_DEL,7,9360.77,17
2026-07-15,CCU_DEL,7,9246.23,13
2026-07-15,DEL_BLR,7,10546.17,13
2026-07-15,DEL_BOM,7,10052.75,14
2026-07-15,DEL_CCU,7,10048.099999999999,14
2026-07-15,HYD_DEL,7,8421.11,12
2026-07-15,MAA_DEL,7,11191.025000000001,12
2026-07-15,BLR_DEL,15,8840.13,15
2026-07-15,BLR_HYD,15,4885.27,15
2026-07-15,BOM_BLR,15,6841.585,14
2026-07-15,BOM_DEL,15,7665.305,10
2026-07-15,CCU_DEL,15,8165.46,14
2026-07-15,DEL_BLR,15,9134.654999999999,20
2026-07-15,DEL_BOM,15,7756.7,22
2026-07-15,DEL_CCU,15,8734.56,16
2026-07-15,HYD_DEL,15,7303.71,17
2026-07-15,MAA_DEL,15,8932.97,9
2026-07-15,BLR_DEL,30,7553.0599999999995,18
2026-07-15,BLR_HYD,30,4615.9349999999995,20
2026-07-15,BOM_BLR,30,6050.48,13
2026-07-15,BOM_DEL,30,6534.14,21
2026-07-15,CCU_DEL,30,6942.42,23
2026-07-15,DEL_BLR,30,7583.365,16
2026-07-15,DEL_BOM,30,7045.52,13
2026-07-15,DEL_CCU,30,7383.1,13
2026-07-15,HYD_DEL,30,6096.055,12
2026-07-15,MAA_DEL,30,7579.24,9
2026-07-15,BLR_DEL,45,7860.84,14
2026-07-15,BLR_HYD,45,4811.73,15
2026-07-15,BOM_BLR,45,6149.0,9
2026-07-15,BOM_DEL,45,7556.46,18
2026-07-15,CCU_DEL,45,7365.594999999999,18
2026-07-15,DEL_BLR,45,7854.79,20
2026-07-15,DEL_BOM,45,7243.29,11
2026-07-15,DEL_CCU,45,7810.585,18
2026-07-15,HYD_DEL,45,6335.48,12
2026-07-15,MAA_DEL,45,8003.98,15
2026-07-16,BLR_DEL,1,14136.83,24
2026-07-16,BLR_HYD,1,7844.33,14
2026-07-16,BOM_BLR,1,9622.76,10
2026-07-16,BOM_DEL,1,11273.06,15
2026-07-16,CCU_DEL,1,11883.15,9
2026-07-16,DEL_BLR,1,11664.58,15
2026-07-16,DEL_BOM,1,11810.09,12
2026-07-16,DEL_CCU,1,12067.82,12
2026-07-16,HYD_DEL,1,10673.76,10
2026-07-16,MAA_DEL,1,13952.11,15
2026-07-16,BLR_DEL,7,10238.8,13
2026-07-16,BLR_HYD,7,5843.08,13
2026-07-16,BOM_BLR,7,8250.02,14
2026-07-16,BOM_DEL,7,10050.26,13
2026-07-16,CCU_DEL,7,10073.54,18
2026-07-16,DEL_BLR,7,9944.34,13
2026-07-16,DEL_BOM,7,9307.405,14
2026-07-16,DEL_CCU,7,9921.189999999999,16
2026-07-16,HYD_DEL,7,8485.35,26
2026-07-16,MAA_DEL,7,10880.24,22
2026-07-16,BLR_DEL,15,9358.79,13
2026-07-16,BLR_HYD,15,5184.61,7
2026-07-16,BOM_BLR,15,7059.82,10
2026-07-16,BOM_DEL,15,7923.514999999999,18
2026-07-16,CCU_DEL,15,8428.13,15
2026-07-16,DEL_BLR,15,8644.57,13
2026-07-16,DEL_BOM,15,8288.724999999999,10
2026-07-16,DEL_CCU,15,8612.77,21
2026-07-16,HYD_DEL,15,7669.79,8
2026-07-16,MAA_DEL,15,9552.25,12
2026-07-16,BLR_DEL,30,8237.72,19
2026-07-16,BLR_HYD,30,4796.299999999999,12
2026-07-16,BOM_BLR,30,6614.3150000000005,18
2026-07-16,BOM_DEL,30,7669.9349999999995,16
2026-07-16,CCU_DEL,30,8463.89,23
2026-07-16,DEL_BLR,30,8247.17,15
2026-07-16,DEL_BOM,30,7321.85,15
2026-07-16,DEL_CCU,30,7722.7,13
2026-07-16,HYD_DEL,30,7047.33,15
2026-07-16,MAA_DEL,30,8739.25,15
2026-07-16,BLR_DEL,45,8031.29,13
2026-07-16,BLR_HYD,45,4457.49,15
2026-07-16,BOM_BLR,45,6372.14,11
2026-07-16,BOM_DEL,45,6971.61,15
2026-07-16,CCU_DEL,45,7589.395,14
2026-07-16,DEL_BLR,45,8745.17,12
2026-07-16,DEL_BOM,45,6907.9400000000005,12
2026-07-16,DEL_CCU,45,7048.86,11
2026-07-16,HYD_DEL,45,6710.41,23
2026-07-16,MAA_DEL,45,7443.83,15
2026-07-17,BLR_DEL,1,13698.8,13
2026-07-17,BLR_HYD,1,8081.2,11
2026-07-17,BOM_BLR,1,11200.4,11
2026-07-17,BOM_DEL,1,12567.18,11
2026-07-17,CCU_DEL,1,12924.0,14
2026-07-17,DEL_BLR,1,14149.445,20
2026-07-17,DEL_BOM,1,12754.02,18
2026-07-17,DEL_CCU,1,13048.54,17
2026-07-17,HYD_DEL,1,10778.189999999999,16
2026-07-17,MAA_DEL,1,15342.365,14
2026-07-17,BLR_DEL,7,10000.55,13
2026-07-17,BLR_HYD,7,5755.82,17
2026-07-17,BOM_BLR,7,8560.535,14
2026-07-17,BOM_DEL,7,9414.925,18
2026-07-17,CCU_DEL,7,9974.42,7
2026-07-17,DEL_BLR,7,9717.21,21
2026-07-17,DEL_BOM,7,8976.88,13
2026-07-17,DEL_CCU,7,9158.22,9
2026-07-17,HYD_DEL,7,8497.07,9
2026-07-17,MAA_DEL,7,10721.59,15
2026-07-17,BLR_DEL,15,10281.555,10
2026-07-17,BLR_HYD,15,5751.97,17
2026-07-17,BOM_BLR,15,7817.43,12
2026-07-17,BOM_DEL,15,9337.84,13
2026-07-17,CCU_DEL,15,8522.45,16
2026-07-17,DEL_BLR,15,10185.415,18
2026-07-17,DEL_BOM,15,7794.59,13
2026-07-17,DEL_CCU,15,10054.78,15
2026-07-17,HYD_DEL,15,7687.525,18
2026-07-17,MAA_DEL,15,10556.86,11
2026-07-17,BLR_DEL,30,8626.28,27
2026-07-17,BLR_HYD,30,4945.6849999999995,20
2026-07-17,BOM_BLR,30,6336.04,21
2026-07-17,BOM_DEL,30,7467.51,13
2026-07-17,CCU_DEL,30,7930.61,9
2026-07-17,DEL_BLR,30,8841.435000000001,22
2026-07-17,DEL_BOM,30,7427.035,12
2026-07-17,DEL_CCU,30,7903.01,17
2026-07-17,HYD_DEL,30,6968.79,15
2026-07-17,MAA_DEL,30,9618.965,12
2026-07-17,BLR_DEL,45,7705.33,13
2026-07-17,BLR_HYD,45,3885.35,19
2026-07-17,BOM_BLR,45,5825.55,11
2026-07-17,BOM_DEL,45,6341.455,16
2026-07-17,CCU_DEL,45,6523.0,13
2026-07-17,DEL_BLR,45,6519.09,9
2026-07-17,DEL_BOM,45,6825.85,21
2026-07-17,DEL_CCU,45,6303.95,12
2026-07-17,HYD_DEL,45,6238.165,14
2026-07-17,MAA_DEL,45,7652.450000000001,14
2026-07-18,BLR_DEL,1,13763.025,16
2026-07-18,BLR_HYD,1,7769.93,10
2026-07-18,BOM_BLR,1,11124.39,19
2026-07-18,BOM_DEL,1,12780.81,13
2026-07-18,CCU_DEL,1,13616.009999999998,14
2026-07-18,DEL_BLR,1,13885.06,19
2026-07-18,DEL_BOM,1,12406.740000000002,16
2026-07-18,DEL_CCU,1,13685.16,19
2026-07-18,HYD_DEL,1,11402.02,17
2026-07-18,MAA_DEL,1,15647.955,14
2026-07-18,BLR_DEL,7,11104.69,21
2026-07-18,BLR_HYD,7,6697.655000000001,12
2026-07-18,BOM_BLR,7,8901.585,26
2026-07-18,BOM_DEL,7,10060.225,14
2026-07-18,CCU_DEL,7,10601.15,17
2026-07-18,DEL_BLR,7,11902.66,16
2026-07-18,DEL_BOM,7,10810.13,17
2026-07-18,DEL_CCU,7,10349.43,11
2026-07-18,HYD_DEL,7,9527.235,16
2026-07-18,MAA_DEL,7,11919.485,20
2026-07-18,BLR_DEL,15,10396.16,17
2026-07-18,BLR_HYD,15,5720.07,17
2026-07-18,BOM_BLR,15,7553.79,22
2026-07-18,BOM_DEL,15,8771.17,19
2026-07-18,CCU_DEL,15,8964.900000000001,14
2026-07-18,DEL_BLR,15,9689.61,20
2026-07-18,DEL_BOM,15,8936.630000000001,16
2026-07-18,DEL_CCU,15,8999.36,11
2026-07-18,HYD_DEL,15,7321.14,9
2026-07-18,MAA_DEL,15,10090.55,19
2026-07-18,BLR_DEL,30,7812.425,12
2026-07-18,BLR_HYD,30,4712.139999999999,16
2026-07-18,BOM_BLR,30,6350.01,12
2026-07-18,BOM_DEL,30,6304.66,14
2026-07-18,CCU_DEL,30,7445.305,20
2026-07-18,DEL_BLR,30,7284.28,15
2026-07-18,DEL_BOM,30,6799.59,11
2026-07-18,DEL_CCU,30,6676.88,15
2026-07-18,HYD_DEL,30,6521.415,18
2026-07-18,MAA_DEL,30,8707.07,16
2026-07-18,BLR_DEL,45,7165.785,20
2026-07-18,BLR_HYD,45,4394.91,22
2026-07-18,BOM_BLR,45,5785.16,8
2026-07-18,BOM_DEL,45,6744.91,14
2026-07-18,CCU_DEL,45,6825.04,18
2026-07-18,DEL_BLR,45,7319.53,11
2026-07-18,DEL_BOM,45,6593.37,12
2026-07-18,DEL_CCU,45,6557.4,21
2026-07-18,HYD_DEL,45,6093.98,13
2026-07-18,MAA_DEL,45,7980.04,17
2026-07-19,BLR_DEL,1,14348.925,12
2026-07-19,BLR_HYD,1,7593.41,16
2026-07-19,BOM_BLR,1,9808.52,23
2026-07-19,BOM_DEL,1,12753.335,16
2026-07-19,CCU_DEL,1,11813.224999999999,14
2026-07-19,DEL_BLR,1,12499.87,18
2026-07-19,DEL_BOM,1,10592.885,16
2026-07-19,DEL_CCU,1,12289.705,16
2026-07-19,HYD_DEL,1,10715.895,14
2026-07-19,MAA_DEL,1,14496.06,15
2026-07-19,BLR_DEL,7,11480.09,24
2026-07-19,BLR_HYD,7,6926.54,10
2026-07-19,BOM_BLR,7,7790.15,9
2026-07-19,BOM_DEL,7,10620.315,14
2026-07-19,CCU_DEL,7,11378.880000000001,12
2026-07-19,DEL_BLR,7,11518.03,23
2026-07-19,DEL_BOM,7,9533.93,12
2026-07-19,DEL_CCU,7,10507.84,17
2026-07-19,HYD_DEL,7,8792.035,16
2026-07-19,MAA_DEL,7,11627.205,20
2026-07-19,BLR_DEL,15,8466.375,16
2026-07-19,BLR_HYD,15,5372.89,13
2026-07-19,BOM_BLR,15,7050.01,13
2026-07-19,BOM_DEL,15,7235.639999999999,16
2026-07-19,CCU_DEL,15,8791.96,17
2026-07-19,DEL_BLR,15,9455.98,23
2026-07-19,DEL_BOM,15,7372.55,9
2026-07-19,DEL_CCU,15,7855.8,9
2026-07-19,HYD_DEL,15,7384.22,19
2026-07-19,MAA_DEL,15,9318.744999999999,10
2026-07-19,BLR_DEL,30,7031.4349999999995,14
2026-07-19,BLR_HYD,30,4448.889999999999,16
2026-07-19,BOM_BLR,30,6128.19,11
2026-07-19,BOM_DEL,30,6486.615,14
2026-07-19,CCU_DEL,30,7302.24,11
2026-07-19,DEL_BLR,30,7511.67,17
2026-07-19,DEL_BOM,30,7214.17,21
2026-07-19,DEL_CCU,30,7790.36,13
2026-07-19,HYD_DEL,30,6596.975,16
2026-07-19,MAA_DEL,30,8259.075,16
2026-07-19,BLR_DEL,45,7643.34,15
2026-07-19,BLR_HYD,45,4282.805,14
2026-07-19,BOM_BLR,45,5971.73,15
2026-07-19,BOM_DEL,45,6473.93,23
2026-07-19,CCU_DEL,45,7168.99,13
2026-07-19,DEL_BLR,45,7339.67,15
2026-07-19,DEL_BOM,45,6518.02,16
2026-07-19,DEL_CCU,45,6829.305,14
2026-07-19,HYD_DEL,45,6183.63,17
2026-07-19,MAA_DEL,45,7394.16,15
2026-07-20,BLR_DEL,1,13417.325,16
2026-07-20,BLR_HYD,1,8180.17,15
2026-07-20,BOM_BLR,1,10292.31,17
2026-07-20,BOM_DEL,1,11617.585,16
2026-07-20,CCU_DEL,1,12781.25,15
2026-07-20,DEL_BLR,1,12508.810000000001,16
2026-07-20,DEL_BOM,1,12435.84,13
2026-07-20,DEL_CCU,1,12704.2,9
2026-07-20,HYD_DEL,1,11127.49,15
2026-07-20,MAA_DEL,1,14272.67,13
2026-07-20,BLR_DEL,7,9829.38,15
2026-07-20,BLR_HYD,7,5902.68,21
2026-07-20,BOM_BLR,7,8002.514999999999,20
2026-07-20,BOM_DEL,7,9384.44,19
2026-07-20,CCU_DEL,7,9659.665,20
2026-07-20,DEL_BLR,7,10825.36,7
2026-07-20,DEL_BOM,7,9505.535,14
2026-07-20,DEL_CCU,7,9572.099999999999,14
2026-07-20,HYD_DEL,7,7947.0,11
2026-07-20,MAA_DEL,7,11156.31,19
2026-07-20,BLR_DEL,15,9803.055,10
2026-07-20,BLR_HYD,15,5017.75,12
2026-07-20,BOM_BLR,15,6652.200000000001,18
2026-07-20,BOM_DEL,15,8033.74,13
2026-07-20,CCU_DEL,15,8263.01,17
2026-07-20,DEL_BLR,15,8724.73,15
2026-07-20,DEL_BOM,15,8243.05,19
2026-07-20,DEL_CCU,15,8992.34,7
2026-07-20,HYD_DEL,15,7116.25,15
2026-07-20,MAA_DEL,15,8515.85,11
2026-07-20,BLR_DEL,30,8329.21,11
2026-07-20,BLR_HYD,30,4415.945,24
2026-07-20,BOM_BLR,30,5832.84,17
2026-07-20,BOM_DEL,30,7304.945,12
2026-07-20,CCU_DEL,30,6992.205,20
2026-07-20,DEL_BLR,30,7591.725,14
2026-07-20,DEL_BOM,30,7086.49,19
2026-07-20,DEL_CCU,30,7030.13,19
2026-07-20,HYD_DEL,30,6081.25,11
2026-07-20,MAA_DEL,30,7929.4400000000005,8
2026-07-20,BLR_DEL,45,7587.33,15
2026-07-20,BLR_HYD,45,4125.82,13
2026-07-20,BOM_BLR,45,5732.105,14
2026-07-20,BOM_DEL,45,6602.02,16
2026-07-20,CCU_DEL,45,6962.47,19
2026-07-20,DEL_BLR,45,7004.645,16
2026-07-20,DEL_BOM,45,6333.11,11
2026-07-20,DEL_CCU,45,7401.89,13
2026-07-20,HYD_DEL,45,6192.81,11
2026-07-20,MAA_DEL,45,7730.7,15
2026-07-21,BLR_DEL,1,12686.77,13
2026-07-21,BLR_HYD,1,6996.135,16
2026-07-21,BOM_BLR,1,10337.22,14
2026-07-21,BOM_DEL,1,11474.34,13
2026-07-21,CCU_DEL,1,12527.045,12
2026-07-21,DEL_BLR,1,12004.92,19
2026-07-21,DEL_BOM,1,11105.985,16
2026-07-21,DEL_CCU,1,12750.65,8
2026-07-21,HYD_DEL,1,11108.515,12
2026-07-21,MAA_DEL,1,14420.71,17
2026-07-21,BLR_DEL,7,10291.08,17
2026-07-21,BLR_HYD,7,6535.4349999999995,14
2026-07-21,BOM_BLR,7,8546.145,10
2026-07-21,BOM_DEL,7,8941.015,16
2026-07-21,CCU_DEL,7,9398.39,19
2026-07-21,DEL_BLR,7,10986.81,15
2026-07-21,DEL_BOM,7,9617.08,23
2026-07-21,DEL_CCU,7,9697.56,15
2026-07-21,HYD_DEL,7,8435.28,13
2026-07-21,MAA_DEL,7,11263.86,8
2026-07-21,BLR_DEL,15,8401.07,11
2026-07-21,BLR_HYD,15,5269.04,15
2026-07-21,BOM_BLR,15,7224.665,14
2026-07-21,BOM_DEL,15,8026.45,11
2026-07-21,CCU_DEL,15,7965.25,15
2026-07-21,DEL_BLR,15,8936.68,12
2026-07-21,DEL_BOM,15,8381.72,19
2026-07-21,DEL_CCU,15,8091.895,20
2026-07-21,HYD_DEL,15,7316.82,12
2026-07-21,MAA_DEL,15,9160.599999999999,12
2026-07-21,BLR_DEL,30,8173.235000000001,16
2026-07-21,BLR_HYD,30,4524.895,14
2026-07-21,BOM_BLR,30,6103.04,23
2026-07-21,BOM_DEL,30,6672.76,10
2026-07-21,CCU_DEL,30,7337.62,18
2026-07-21,DEL_BLR,30,7855.92,17
2026-07-21,DEL_BOM,30,6737.32,19
2026-07-21,DEL_CCU,30,7164.01,11
2026-07-21,HYD_DEL,30,6194.475,14
2026-07-21,MAA_DEL,30,7945.37,21
2026-07-21,BLR_DEL,45,7070.209999999999,14
2026-07-21,BLR_HYD,45,4333.53,13
2026-07-21,BOM_BLR,45,6112.71,14
2026-07-21,BOM_DEL,45,6658.0,12
2026-07-21,CCU_DEL,45,6963.57,19
2026-07-21,DEL_BLR,45,7121.655000000001,22
2026-07-21,DEL_BOM,45,6461.86,13
2026-07-21,DEL_CCU,45,6958.44,21
2026-07-21,HYD_DEL,45,5897.145,18
2026-07-21,MAA_DEL,45,7295.09,8
2026-07-22,BLR_DEL,1,13665.720000000001,14
2026-07-22,BLR_HYD,1,7478.344999999999,22
2026-07-22,BOM_BLR,1,9589.58,13
2026-07-22,BOM_DEL,1,11962.28,13
2026-07-22,CCU_DEL,1,12523.45,13
2026-07-22,DEL_BLR,1,13270.115,14
2026-07-22,DEL_BOM,1,11266.42,15
2026-07-22,DEL_CCU,1,12132.755000000001,16
2026-07-22,HYD_DEL,1,10189.515,20
2026-07-22,MAA_DEL,1,13157.0,13
2026-07-22,BLR_DEL,7,10714.36,19
2026-07-22,BLR_HYD,7,6320.17,12
2026-07-22,BOM_BLR,7,7888.53,17
2026-07-22,BOM_DEL,7,9643.06,13
2026-07-22,CCU_DEL,7,9400.185000000001,16
2026-07-22,DEL_BLR,7,11158.724999999999,8
2026-07-22,DEL_BOM,7,9946.330000000002,10
2026-07-22,DEL_CCU,7,9510.175,16
2026-07-22,HYD_DEL,7,8299.86,17
2026-07-22,MAA_DEL,7,11141.94,16
2026-07-22,BLR_DEL,15,9619.32,17
2026-07-22,BLR_HYD,15,5084.344999999999,18
2026-07-22,BOM_BLR,15,7320.555,18
2026-07-22,BOM_DEL,15,7418.54,15
2026-07-22,CCU_DEL,15,8267.43,14
2026-07-22,DEL_BLR,15,8580.51,9
2026-07-22,DEL_BOM,15,7247.370000000001,14
2026-07-22,DEL_CCU,15,7925.56,19
2026-07-22,HYD_DEL,15,6973.63,15
2026-07-22,MAA_DEL,15,9022.650000000001,20
2026-07-22,BLR_DEL,30,7798.94,15
2026-07-22,BLR_HYD,30,4328.63,16
2026-07-22,BOM_BLR,30,5962.39,15
2026-07-22,BOM_DEL,30,6988.26,17
2026-07-22,CCU_DEL,30,7279.46,19
2026-07-22,DEL_BLR,30,7329.64,13
2026-07-22,DEL_BOM,30,7062.97,13
2026-07-22,DEL_CCU,30,6665.45,16
2026-07-22,HYD_DEL,30,6202.405000000001,20
2026-07-22,MAA_DEL,30,7824.94,17
2026-07-22,BLR_DEL,45,8253.03,7
2026-07-22,BLR_HYD,45,4657.12,25
2026-07-22,BOM_BLR,45,6093.82,23
2026-07-22,BOM_DEL,45,7167.875,20
2026-07-22,CCU_DEL,45,7189.22,8
2026-07-22,DEL_BLR,45,7946.69,20
2026-07-22,DEL_BOM,45,7290.195,12
2026-07-22,DEL_CCU,45,6868.67,10
2026-07-22,HYD_DEL,45,6967.785,10
2026-07-22,MAA_DEL,45,8226.47,13
2026-07-23,BLR_DEL,1,12669.62,15
2026-07-23,BLR_HYD,1,7705.485,16
2026-07-23,BOM_BLR,1,10550.47,17
2026-07-23,BOM_DEL,1,11548.720000000001,12
2026-07-23,CCU_DEL,1,11333.49,17
2026-07-23,DEL_BLR,1,13157.8,17
2026-07-23,DEL_BOM,1,11035.7,15
2026-07-23,DEL_CCU,1,12216.884999999998,10
2026-07-23,HYD_DEL,1,9860.305,14
2026-07-23,MAA_DEL,1,13131.845000000001,12
2026-07-23,BLR_DEL,7,10793.835,14
2026-07-23,BLR_HYD,7,5590.5,11
2026-07-23,BOM_BLR,7,8361.75,14
2026-07-23,BOM_DEL,7,9726.41,5
2026-07-23,CCU_DEL,7,10306.1,15
2026-07-23,DEL_BLR,7,10417.755000000001,14
2026-07-23,DEL_BOM,7,8653.23,13
2026-07-23,DEL_CCU,7,10266.119999999999,18
2026-07-23,HYD_DEL,7,8944.41,13
2026-07-23,MAA_DEL,7,9826.16,9
2026-07-23,BLR_DEL,15,8595.87,13
2026-07-23,BLR_HYD,15,5185.2,17
2026-07-23,BOM_BLR,15,6839.115,12
2026-07-23,BOM_DEL,15,7880.2,7
2026-07-23,CCU_DEL,15,7751.15,18
2026-07-23,DEL_BLR,15,9245.28,23
2026-07-23,DEL_BOM,15,7544.01,10
2026-07-23,DEL_CCU,15,8331.53,11
2026-07-23,HYD_DEL,15,7173.18,16
2026-07-23,MAA_DEL,15,9069.97,7
2026-07-23,BLR_DEL,30,8222.14,14
2026-07-23,BLR_HYD,30,4713.8,17
2026-07-23,BOM_BLR,30,6428.299999999999,22
2026-07-23,BOM_DEL,30,7344.52,16
2026-07-23,CCU_DEL,30,7952.0,13
2026-07-23,DEL_BLR,30,8808.33,13
2026-07-23,DEL_BOM,30,7511.135,16
2026-07-23,DEL_CCU,30,7699.9,17
2026-07-23,HYD_DEL,30,6675.22,13
2026-07-23,MAA_DEL,30,8626.83,19
2026-07-23,BLR_DEL,45,7683.68,17
2026-07-23,BLR_HYD,45,4470.375,12
2026-07-23,BOM_BLR,45,5910.59,18
2026-07-23,BOM_DEL,45,7499.115,10
2026-07-23,CCU_DEL,45,7219.865,22
2026-07-23,DEL_BLR,45,8229.66,17
2026-07-23,DEL_BOM,45,7386.21,15
2026-07-23,DEL_CCU,45,8234.715,8
2026-07-23,HYD_DEL,45,6437.43,13
2026-07-23,MAA_DEL,45,8226.71,12
2026-07-24,BLR_DEL,1,15085.900000000001,20
2026-07-24,BLR_HYD,1,7975.67,14
2026-07-24,BOM_BLR,1,11907.17,14
2026-07-24,BOM_DEL,1,13206.35,17
2026-07-24,CCU_DEL,1,13564.885,14
2026-07-24,DEL_BLR,1,14947.97,11
2026-07-24,DEL_BOM,1,12793.68,11
2026-07-24,DEL_CCU,1,13025.404999999999,12
2026-07-24,HYD_DEL,1,12029.86,17
2026-07-24,MAA_DEL,1,15287.55,17
2026-07-24,BLR_DEL,7,10331.44,15
2026-07-24,BLR_HYD,7,6132.35,15
2026-07-24,BOM_BLR,7,7670.545,10
2026-07-24,BOM_DEL,7,9002.25,15
2026-07-24,CCU_DEL,7,10110.83,21
2026-07-24,DEL_BLR,7,10800.18,11
2026-07-24,DEL_BOM,7,8817.445,14
2026-07-24,DEL_CCU,7,9891.904999999999,12
2026-07-24,HYD_DEL,7,8688.64,25
2026-07-24,MAA_DEL,7,10832.0,17
2026-07-24,BLR_DEL,15,9869.779999999999,16
2026-07-24,BLR_HYD,15,6103.4,7
2026-07-24,BOM_BLR,15,7876.495,14
2026-07-24,BOM_DEL,15,8944.92,19
2026-07-24,CCU_DEL,15,9480.635,20
2026-07-24,DEL_BLR,15,9637.12,18
2026-07-24,DEL_BOM,15,8109.235000000001,10
2026-07-24,DEL_CCU,15,9373.02,18
2026-07-24,HYD_DEL,15,8420.14,19
2026-07-24,MAA_DEL,15,10161.87,19
2026-07-24,BLR_DEL,30,8351.825,18
2026-07-24,BLR_HYD,30,4814.385,20
2026-07-24,BOM_BLR,30,6278.495,18
2026-07-24,BOM_DEL,30,6815.43,8
2026-07-24,CCU_DEL,30,8101.42,9
2026-07-24,DEL_BLR,30,8291.37,17
2026-07-24,DEL_BOM,30,7774.85,9
2026-07-24,DEL_CCU,30,8143.33,13
2026-07-24,HYD_DEL,30,6617.87,15
2026-07-24,MAA_DEL,30,8538.725,12
2026-07-24,BLR_DEL,45,7120.12,13
2026-07-24,BLR_HYD,45,4247.799999999999,14
2026-07-24,BOM_BLR,45,5908.27,17
2026-07-24,BOM_DEL,45,6946.84,13
2026-07-24,CCU_DEL,45,6950.87,17
2026-07-24,DEL_BLR,45,7717.06,15
2026-07-24,DEL_BOM,45,6136.01,15
2026-07-24,DEL_CCU,45,6419.55,19
2026-07-24,HYD_DEL,45,5668.41,16
2026-07-24,MAA_DEL,45,7512.01,9
2026-07-25,BLR_DEL,1,14242.400000000001,14
2026-07-25,BLR_HYD,1,8292.99,15
2026-07-25,BOM_BLR,1,11737.22,15
2026-07-25,BOM_DEL,1,11674.035,10
2026-07-25,CCU_DEL,1,14014.85,20
2026-07-25,DEL_BLR,1,14629.51,15
2026-07-25,DEL_BOM,1,12716.315,16
2026-07-25,DEL_CCU,1,13017.605,16
2026-07-25,HYD_DEL,1,12058.925,20
2026-07-25,MAA_DEL,1,14856.675,8
2026-07-25,BLR_DEL,7,11033.05,15
2026-07-25,BLR_HYD,7,6471.14,13
2026-07-25,BOM_BLR,7,8920.89,9
2026-07-25,BOM_DEL,7,10119.71,17
2026-07-25,CCU_DEL,7,11003.43,17
2026-07-25,DEL_BLR,7,11612.87,13
2026-07-25,DEL_BOM,7,10500.4,15
2026-07-25,DEL_CCU,7,10836.445,12
2026-07-25,HYD_DEL,7,9219.59,13
2026-07-25,MAA_DEL,7,12308.134999999998,22
2026-07-25,BLR_DEL,15,10312.63,19
2026-07-25,BLR_HYD,15,5605.1,14
2026-07-25,BOM_BLR,15,7872.65,11
2026-07-25,BOM_DEL,15,8685.9,15
2026-07-25,CCU_DEL,15,9569.7,19
2026-07-25,DEL_BLR,15,9384.99,14
2026-07-25,DEL_BOM,15,8844.75,14
2026-07-25,DEL_CCU,15,8764.01,8
2026-07-25,HYD_DEL,15,7816.59,15
2026-07-25,MAA_DEL,15,11021.375,14
2026-07-25,BLR_DEL,30,7891.8,15
2026-07-25,BLR_HYD,30,4223.71,18
2026-07-25,BOM_BLR,30,5869.115,16
2026-07-25,BOM_DEL,30,6988.25,8
2026-07-25,CCU_DEL,30,7756.22,13
2026-07-25,DEL_BLR,30,8339.375,16
2026-07-25,DEL_BOM,30,7361.16,13
2026-07-25,DEL_CCU,30,6729.97,11
2026-07-25,HYD_DEL,30,6205.44,15
2026-07-25,MAA_DEL,30,7621.01,13
2026-07-25,BLR_DEL,45,8045.41,13
2026-07-25,BLR_HYD,45,4202.34,18
2026-07-25,BOM_BLR,45,5620.93,20
2026-07-25,BOM_DEL,45,6140.82,15
2026-07-25,CCU_DEL,45,7383.955,20
2026-07-25,DEL_BLR,45,7363.1,17
2026-07-25,DEL_BOM,45,6741.86,9
2026-07-25,DEL_CCU,45,7025.32,22
2026-07-25,HYD_DEL,45,6123.91,18
2026-07-25,MAA_DEL,45,7575.69,15
2026-07-26,BLR_DEL,1,13204.055,12
2026-07-26,BLR_HYD,1,7375.26,17
2026-07-26,BOM_BLR,1,10571.8,15
2026-07-26,BOM_DEL,1,11642.255,10
2026-07-26,CCU_DEL,1,12888.345000000001,6
2026-07-26,DEL_BLR,1,14057.67,13
2026-07-26,DEL_BOM,1,10764.925,16
2026-07-26,DEL_CCU,1,11900.35,21
2026-07-26,HYD_DEL,1,10522.0,14
2026-07-26,MAA_DEL,1,11876.4,3
2026-07-26,BLR_DEL,7,12425.11,15
2026-07-26,BLR_HYD,7,7090.280000000001,14
2026-07-26,BOM_BLR,7,8893.96,17
2026-07-26,BOM_DEL,7,10604.11,13
2026-07-26,CCU_DEL,7,10320.45,11
2026-07-26,DEL_BLR,7,11906.04,13
2026-07-26,DEL_BOM,7,9851.36,15
2026-07-26,DEL_CCU,7,10963.47,22
2026-07-26,HYD_DEL,7,9152.22,16
2026-07-26,MAA_DEL,7,12091.335,16
2026-07-26,BLR_DEL,15,9151.835,12
2026-07-26,BLR_HYD,15,5386.7,17
2026-07-26,BOM_BLR,15,7232.665,18
2026-07-26,BOM_DEL,15,7954.485000000001,16
2026-07-26,CCU_DEL,15,8362.08,14
2026-07-26,DEL_BLR,15,8771.675,16
2026-07-26,DEL_BOM,15,7972.299999999999,14
2026-07-26,DEL_CCU,15,8488.9,13
2026-07-26,HYD_DEL,15,7589.63,10
2026-07-26,MAA_DEL,15,9708.28,13
2026-07-26,BLR_DEL,30,7601.62,21
2026-07-26,BLR_HYD,30,4548.62,10
2026-07-26,BOM_BLR,30,5584.125,12
2026-07-26,BOM_DEL,30,6462.09,17
2026-07-26,CCU_DEL,30,7635.015,14
2026-07-26,DEL_BLR,30,7636.860000000001,10
2026-07-26,DEL_BOM,30,6935.745,14
2026-07-26,DEL_CCU,30,7024.44,11
2026-07-26,HYD_DEL,30,5956.514999999999,12
2026-07-26,MAA_DEL,30,7451.24,5
2026-07-26,BLR_DEL,45,6995.39,17
2026-07-26,BLR_HYD,45,4473.625,14
2026-07-26,BOM_BLR,45,5415.59,18
2026-07-26,BOM_DEL,45,6577.48,11
2026-07-26,CCU_DEL,45,6838.85,13
2026-07-26,DEL_BLR,45,6871.49,10
2026-07-26,DEL_BOM,45,6690.719999999999,14
2026-07-26,DEL_CCU,45,6804.700000000001,14
2026-07-26,HYD_DEL,45,6189.31,15
2026-07-26,MAA_DEL,45,7451.6849999999995,14
2026-07-27,BLR_DEL,1,12898.974999999999,12
2026-07-27,BLR_HYD,1,7121.28,11
2026-07-27,BOM_BLR,1,10395.105,12
2026-07-27,BOM_DEL,1,12230.904999999999,10
2026-07-27,CCU_DEL,1,13216.49,15
2026-07-27,DEL_BLR,1,12704.91,15
2026-07-27,DEL_BOM,1,12168.59,11
2026-07-27,DEL_CCU,1,13101.53,13
2026-07-27,HYD_DEL,1,10728.94,13
2026-07-27,MAA_DEL,1,14118.19,13
2026-07-27,BLR_DEL,7,10144.25,10
2026-07-27,BLR_HYD,7,5796.465,14
2026-07-27,BOM_BLR,7,9449.71,7
2026-07-27,BOM_DEL,7,9590.3,11
2026-07-27,CCU_DEL,7,9757.765,16
2026-07-27,DEL_BLR,7,9925.97,12
2026-07-27,DEL_BOM,7,8743.4,13
2026-07-27,DEL_CCU,7,9438.27,16
2026-07-27,HYD_DEL,7,8217.01,15
2026-07-27,MAA_DEL,7,10776.16,13
2026-07-27,BLR_DEL,15,8399.33,12
2026-07-27,BLR_HYD,15,4946.795,14
2026-07-27,BOM_BLR,15,7042.24,18
2026-07-27,BOM_DEL,15,7791.705,16
2026-07-27,CCU_DEL,15,7878.68,13
2026-07-27,DEL_BLR,15,9264.29,12
2026-07-27,DEL_BOM,15,7712.78,13
2026-07-27,DEL_CCU,15,8410.51,15
2026-07-27,HYD_DEL,15,7211.280000000001,16
2026-07-27,MAA_DEL,15,8838.205000000002,22
2026-07-27,BLR_DEL,30,7671.895,12
2026-07-27,BLR_HYD,30,4252.33,19
2026-07-27,BOM_BLR,30,5998.21,11
2026-07-27,BOM_DEL,30,7216.115,14
2026-07-27,CCU_DEL,30,7153.514999999999,22
2026-07-27,DEL_BLR,30,7782.870000000001,10
2026-07-27,DEL_BOM,30,6686.63,15
2026-07-27,DEL_CCU,30,7709.67,11
2026-07-27,HYD_DEL,30,6131.57,11
2026-07-27,MAA_DEL,30,7926.85,11
2026-07-27,BLR_DEL,45,7146.34,17
2026-07-27,BLR_HYD,45,4087.71,14
2026-07-27,BOM_BLR,45,5993.995000000001,14
2026-07-27,BOM_DEL,45,6447.25,11
2026-07-27,CCU_DEL,45,6639.725,18
2026-07-27,DEL_BLR,45,7045.200000000001,18
2026-07-27,DEL_BOM,45,6597.75,18
2026-07-27,DEL_CCU,45,6860.89,9
2026-07-27,HYD_DEL,45,6091.26,13
2026-07-27,MAA_DEL,45,8080.05,15
2026-07-28,BLR_DEL,1,12392.095000000001,12
2026-07-28,BLR_HYD,1,7463.64,15
2026-07-28,BOM_BLR,1,10030.79,18
2026-07-28,BOM_DEL,1,11804.31,18
2026-07-28,CCU_DEL,1,12872.0,20
2026-07-28,DEL_BLR,1,13393.88,23
2026-07-28,DEL_BOM,1,12199.97,13
2026-07-28,DEL_CCU,1,12750.82,13
2026-07-28,HYD_DEL,1,10615.31,17
2026-07-28,MAA_DEL,1,13165.92,13
2026-07-28,BLR_DEL,7,10678.57,19
2026-07-28,BLR_HYD,7,6319.075000000001,12
2026-07-28,BOM_BLR,7,8949.79,13
2026-07-28,BOM_DEL,7,9885.695,10
2026-07-28,CCU_DEL,7,9407.96,21
2026-07-28,DEL_BLR,7,10869.09,14
2026-07-28,DEL_BOM,7,9046.27,5
2026-07-28,DEL_CCU,7,9500.09,16
2026-07-28,HYD_DEL,7,7976.735000000001,12
2026-07-28,MAA_DEL,7,10605.57,17
2026-07-28,BLR_DEL,15,8021.335,14
2026-07-28,BLR_HYD,15,5137.14,9
2026-07-28,BOM_BLR,15,7274.66,12
2026-07-28,BOM_DEL,15,7989.46,13
2026-07-28,CCU_DEL,15,8355.255000000001,16
2026-07-28,DEL_BLR,15,8805.71,7
2026-07-28,DEL_BOM,15,7962.960000000001,18
2026-07-28,DEL_CCU,15,7808.94,15
2026-07-28,HYD_DEL,15,7213.13,15
2026-07-28,MAA_DEL,15,9216.66,17
2026-07-28,BLR_DEL,30,7805.01,8
2026-07-28,BLR_HYD,30,4185.485000000001,12
2026-07-28,BOM_BLR,30,5551.73,12
2026-07-28,BOM_DEL,30,7125.545,12
2026-07-28,CCU_DEL,30,7754.45,7
2026-07-28,DEL_BLR,30,7699.66,15
2026-07-28,DEL_BOM,30,6664.74,19
2026-07-28,DEL_CCU,30,6838.71,15
2026-07-28,HYD_DEL,30,6228.405000000001,24
2026-07-28,MAA_DEL,30,8475.17,18
2026-07-28,BLR_DEL,45,7199.34,19
2026-07-28,BLR_HYD,45,4193.24,16
2026-07-28,BOM_BLR,45,5968.085,16
2026-07-28,BOM_DEL,45,6252.26,11
2026-07-28,CCU_DEL,45,7066.93,19
2026-07-28,DEL_BLR,45,8091.54,10
2026-07-28,DEL_BOM,45,6111.3,13
2026-07-28,DEL_CCU,45,6728.51,9
2026-07-28,HYD_DEL,45,6099.31,19
2026-07-28,MAA_DEL,45,7650.23,15
2026-07-29,BLR_DEL,1,12406.39,7
2026-07-29,BLR_HYD,1,7581.17,22
2026-07-29,BOM_BLR,1,9871.605,14
2026-07-29,BOM_DEL,1,11827.42,15
2026-07-29,CCU_DEL,1,12011.365,8
2026-07-29,DEL_BLR,1,14414.105,10
2026-07-29,DEL_BOM,1,13171.42,9
2026-07-29,DEL_CCU,1,12281.12,11
2026-07-29,HYD_DEL,1,10309.395,8
2026-07-29,MAA_DEL,1,13963.585,10
2026-07-29,BLR_DEL,7,10393.52,11
2026-07-29,BLR_HYD,7,6180.93,18
2026-07-29,BOM_BLR,7,8007.49,15
2026-07-29,BOM_DEL,7,9929.935000000001,10
2026-07-29,CCU_DEL,7,9038.93,14
2026-07-29,DEL_BLR,7,9924.93,10
2026-07-29,DEL_BOM,7,8838.765,16
2026-07-29,DEL_CCU,7,9669.35,11
2026-07-29,HYD_DEL,7,8189.6,16
2026-07-29,MAA_DEL,7,10208.29,12
2026-07-29,BLR_DEL,15,8825.28,13
2026-07-29,BLR_HYD,15,5466.195,8
2026-07-29,BOM_BLR,15,7044.969999999999,12
2026-07-29,BOM_DEL,15,8037.745,24
2026-07-29,CCU_DEL,15,7954.549999999999,8
2026-07-29,DEL_BLR,15,8807.85,13
2026-07-29,DEL_BOM,15,7833.58,18
2026-07-29,DEL_CCU,15,8627.085,8
2026-07-29,HYD_DEL,15,7420.969999999999,16
2026-07-29,MAA_DEL,15,8870.98,19
2026-07-29,BLR_DEL,30,7702.42,17
2026-07-29,BLR_HYD,30,4313.705,14
2026-07-29,BOM_BLR,30,6086.639999999999,14
2026-07-29,BOM_DEL,30,6920.66,9
2026-07-29,CCU_DEL,30,6885.525,16
2026-07-29,DEL_BLR,30,8085.67,14
2026-07-29,DEL_BOM,30,6462.37,13
2026-07-29,DEL_CCU,30,7251.0,14
2026-07-29,HYD_DEL,30,6506.35,18
2026-07-29,MAA_DEL,30,7920.105,16
2026-07-29,BLR_DEL,45,7987.865,14
2026-07-29,BLR_HYD,45,4953.2,15
2026-07-29,BOM_BLR,45,6403.965,14
2026-07-29,BOM_DEL,45,6983.355,22
2026-07-29,CCU_DEL,45,7646.66,22
2026-07-29,DEL_BLR,45,8856.56,17
2026-07-29,DEL_BOM,45,6961.54,22
2026-07-29,DEL_CCU,45,7485.215,14
2026-07-29,HYD_DEL,45,6032.07,11
2026-07-29,MAA_DEL,45,7956.375,14
2026-07-30,BLR_DEL,1,12957.175,20
2026-07-30,BLR_HYD,1,7886.67,11
2026-07-30,BOM_BLR,1,10430.79,17
2026-07-30,BOM_DEL,1,12001.99,11
2026-07-30,CCU_DEL,1,12623.55,18
2026-07-30,DEL_BLR,1,12601.91,11
2026-07-30,DEL_BOM,1,11440.404999999999,18
2026-07-30,DEL_CCU,1,12981.15,7
2026-07-30,HYD_DEL,1,10428.490000000002,16
2026-07-30,MAA_DEL,1,13177.61,20
2026-07-30,BLR_DEL,7,9938.625,14
2026-07-30,BLR_HYD,7,6044.73,13
2026-07-30,BOM_BLR,7,8486.475,16
2026-07-30,BOM_DEL,7,9447.32,14
2026-07-30,CCU_DEL,7,9879.91,18
2026-07-30,DEL_BLR,7,10578.72,14
2026-07-30,DEL_BOM,7,9132.39,17
2026-07-30,DEL_CCU,7,9173.91,10
2026-07-30,HYD_DEL,7,8390.005000000001,20
2026-07-30,MAA_DEL,7,10829.82,15
2026-07-30,BLR_DEL,15,8747.27,16
2026-07-30,BLR_HYD,15,5057.57,16
2026-07-30,BOM_BLR,15,6721.92,17
2026-07-30,BOM_DEL,15,7480.23,14
2026-07-30,CCU_DEL,15,8108.54,19
2026-07-30,DEL_BLR,15,8651.515,14
2026-07-30,DEL_BOM,15,7480.61,17
2026-07-30,DEL_CCU,15,8042.33,13
2026-07-30,HYD_DEL,15,7362.52,14
2026-07-30,MAA_DEL,15,9975.1,27
2026-07-30,BLR_DEL,30,8834.425,16
2026-07-30,BLR_HYD,30,4808.14,17
2026-07-30,BOM_BLR,30,6436.7,13
2026-07-30,BOM_DEL,30,7385.375,20
2026-07-30,CCU_DEL,30,7720.68,18
2026-07-30,DEL_BLR,30,8011.93,18
2026-07-30,DEL_BOM,30,7337.110000000001,12
2026-07-30,DEL_CCU,30,7745.11,15
2026-07-30,HYD_DEL,30,7152.6,7
2026-07-30,MAA_DEL,30,8347.47,9
2026-07-30,BLR_DEL,45,8035.725,22
2026-07-30,BLR_HYD,45,4614.014999999999,20
2026-07-30,BOM_BLR,45,6214.46,13
2026-07-30,BOM_DEL,45,7092.55,17
2026-07-30,CCU_DEL,45,7364.17,12
2026-07-30,DEL_BLR,45,8214.22,13
2026-07-30,DEL_BOM,45,7241.12,14
2026-07-30,DEL_CCU,45,7273.53,7
2026-07-30,HYD_DEL,45,5980.27,14
2026-07-30,MAA_DEL,45,8286.67,9
2026-07-31,BLR_DEL,1,14439.17,9
2026-07-31,BLR_HYD,1,8025.47,17
2026-07-31,BOM_BLR,1,11140.445,14
2026-07-31,BOM_DEL,1,12161.395,18
2026-07-31,CCU_DEL,1,14262.13,17
2026-07-31,DEL_BLR,1,13262.0,17
2026-07-31,DEL_BOM,1,12603.87,21
2026-07-31,DEL_CCU,1,14835.974999999999,16
2026-07-31,HYD_DEL,1,12046.75,11
2026-07-31,MAA_DEL,1,14828.27,15
2026-07-31,BLR_DEL,7,10297.48,13
2026-07-31,BLR_HYD,7,6644.43,12
2026-07-31,BOM_BLR,7,8239.495,18
2026-07-31,BOM_DEL,7,9308.32,15
2026-07-31,CCU_DEL,7,9984.02,18
2026-07-31,DEL_BLR,7,10021.73,13
2026-07-31,DEL_BOM,7,9486.325,16
2026-07-31,DEL_CCU,7,9798.63,19
2026-07-31,HYD_DEL,7,8303.14,12
2026-07-31,MAA_DEL,7,10992.29,15
2026-07-31,BLR_DEL,15,9626.15,15
2026-07-31,BLR_HYD,15,5690.94,15
2026-07-31,BOM_BLR,15,7934.03,13
2026-07-31,BOM_DEL,15,8447.035,10
2026-07-31,CCU_DEL,15,9273.58,24
2026-07-31,DEL_BLR,15,9312.38,16
2026-07-31,DEL_BOM,15,7858.295,16
2026-07-31,DEL_CCU,15,9794.26,13
2026-07-31,HYD_DEL,15,8014.77,16
2026-07-31,MAA_DEL,15,10140.47,13
2026-07-31,BLR_DEL,30,8190.84,21
2026-07-31,BLR_HYD,30,4905.57,13
2026-07-31,BOM_BLR,30,6398.16,13
2026-07-31,BOM_DEL,30,7807.33,15
2026-07-31,CCU_DEL,30,7977.5650000000005,18
2026-07-31,DEL_BLR,30,8560.59,19
2026-07-31,DEL_BOM,30,7509.82,19
2026-07-31,DEL_CCU,30,7680.78,14
2026-07-31,HYD_DEL,30,6553.71,15
2026-07-31,MAA_DEL,30,9208.62,15
2026-07-31,BLR_DEL,45,7228.8,22
2026-07-31,BLR_HYD,45,3935.765,14
2026-07-31,BOM_BLR,45,5650.37,11
2026-07-31,BOM_DEL,45,6214.08,18
2026-07-31,CCU_DEL,45,6860.35,17
2026-07-31,DEL_BLR,45,7099.8150000000005,18
2026-07-31,DEL_BOM,45,6271.18,11
2026-07-31,DEL_CCU,45,6500.625,12
2026-07-31,HYD_DEL,45,6311.43,17
2026-07-31,MAA_DEL,45,7261.549999999999,12
2026-08-01,BLR_DEL,1,14877.195,18
2026-08-01,BLR_HYD,1,8634.22,17
2026-08-01,BOM_BLR,1,10921.18,21
2026-08-01,BOM_DEL,1,14271.21,15
2026-08-01,CCU_DEL,1,14185.88,19
2026-08-01,DEL_BLR,1,14304.07,13
2026-08-01,DEL_BOM,1,12007.244999999999,16
2026-08-01,DEL_CCU,1,14398.77,13
2026-08-01,HYD_DEL,1,11894.465,18
2026-08-01,MAA_DEL,1,14666.94,9
2026-08-01,BLR_DEL,7,11214.095000000001,16
2026-08-01,BLR_HYD,7,5870.52,17
2026-08-01,BOM_BLR,7,9079.61,7
2026-08-01,BOM_DEL,7,10141.529999999999,14
2026-08-01,CCU_DEL,7,10464.09,10
2026-08-01,DEL_BLR,7,12249.48,12
2026-08-01,DEL_BOM,7,10278.23,15
2026-08-01,DEL_CCU,7,10706.060000000001,20
2026-08-01,HYD_DEL,7,9177.74,15
2026-08-01,MAA_DEL,7,11562.865,12
2026-08-01,BLR_DEL,15,10488.525,18
2026-08-01,BLR_HYD,15,5731.76,19
2026-08-01,BOM_BLR,15,8198.14,14
2026-08-01,BOM_DEL,15,8344.32,15
2026-08-01,CCU_DEL,15,9075.564999999999,14
2026-08-01,DEL_BLR,15,9816.43,17
2026-08-01,DEL_BOM,15,8360.5,9
2026-08-01,DEL_CCU,15,8561.18,17
2026-08-01,HYD_DEL,15,7711.379999999999,14
2026-08-01,MAA_DEL,15,10268.345000000001,18
2026-08-01,BLR_DEL,30,7789.1,15
2026-08-01,BLR_HYD,30,4171.45,9
2026-08-01,BOM_BLR,30,5800.085,12
2026-08-01,BOM_DEL,30,6823.36,13
2026-08-01,CCU_DEL,30,6875.335,16
2026-08-01,DEL_BLR,30,7146.15,4
2026-08-01,DEL_BOM,30,6993.415,16
2026-08-01,DEL_CCU,30,7231.05,19
2026-08-01,HYD_DEL,30,6394.93,13
2026-08-01,MAA_DEL,30,7961.46,15
2026-08-01,BLR_DEL,45,7291.31,13
2026-08-01,BLR_HYD,45,4191.084999999999,10
2026-08-01,BOM_BLR,45,5824.47,11
2026-08-01,BOM_DEL,45,6765.855,8
2026-08-01,CCU_DEL,45,6793.31,17
2026-08-01,DEL_BLR,45,7304.53,13
2026-08-01,DEL_BOM,45,6611.9349999999995,18
2026-08-01,DEL_CCU,45,6902.61,21
2026-08-01,HYD_DEL,45,5716.07,20
2026-08-01,MAA_DEL,45,7796.9349999999995,8
2026-08-02,BLR_DEL,1,12950.46,18
2026-08-02,BLR_HYD,1,7327.895,14
2026-08-02,BOM_BLR,1,9996.105,20
2026-08-02,BOM_DEL,1,12039.04,8
2026-08-02,CCU_DEL,1,11710.38,13
2026-08-02,DEL_BLR,1,13172.59,15
2026-08-02,DEL_BOM,1,11713.88,11
2026-08-02,DEL_CCU,1,11982.77,13
2026-08-02,HYD_DEL,1,11084.725,16
2026-08-02,MAA_DEL,1,13644.795,18
2026-08-02,BLR_DEL,7,11633.68,15
2026-08-02,BLR_HYD,7,7314.805,12
2026-08-02,BOM_BLR,7,9447.36,13
2026-08-02,BOM_DEL,7,10081.23,16
2026-08-02,CCU_DEL,7,10537.12,13
2026-08-02,DEL_BLR,7,12126.715,4
2026-08-02,DEL_BOM,7,10371.15,16
2026-08-02,DEL_CCU,7,10477.07,17
2026-08-02,HYD_DEL,7,9337.26,13
2026-08-02,MAA_DEL,7,11616.39,16
2026-08-02,BLR_DEL,15,9444.51,15
2026-08-02,BLR_HYD,15,5101.9349999999995,18
2026-08-02,BOM_BLR,15,6748.32,16
2026-08-02,BOM_DEL,15,7694.29,15
2026-08-02,CCU_DEL,15,7269.61,5
2026-08-02,DEL_BLR,15,8777.189999999999,14
2026-08-02,DEL_BOM,15,8172.53,19
2026-08-02,DEL_CCU,15,8424.46,17
2026-08-02,HYD_DEL,15,7638.19,13
2026-08-02,MAA_DEL,15,9430.810000000001,14
2026-08-02,BLR_DEL,30,7516.4,17
2026-08-02,BLR_HYD,30,4346.9400000000005,8
2026-08-02,BOM_BLR,30,5869.174999999999,16
2026-08-02,BOM_DEL,30,6633.72,21
2026-08-02,CCU_DEL,30,7244.03,22
2026-08-02,DEL_BLR,30,7019.22,17
2026-08-02,DEL_BOM,30,6893.67,8
2026-08-02,DEL_CCU,30,7270.55,19
2026-08-02,HYD_DEL,30,6556.805,8
2026-08-02,MAA_DEL,30,8479.41,15
2026-08-02,BLR_DEL,45,7630.43,8
2026-08-02,BLR_HYD,45,4055.17,15
2026-08-02,BOM_BLR,45,5401.22,15
2026-08-02,BOM_DEL,45,7110.57,12
2026-08-02,CCU_DEL,45,6783.89,14
2026-08-02,DEL_BLR,45,7273.79,9
2026-08-02,DEL_BOM,45,6452.925,14
2026-08-02,DEL_CCU,45,6757.3150000000005,18
2026-08-02,HYD_DEL,45,6060.86,25
2026-08-02,MAA_DEL,45,7779.16,15
2026-08-03,BLR_DEL,1,12168.32,16
2026-08-03,BLR_HYD,1,7463.27,11
2026-08-03,BOM_BLR,1,10307.6,16
2026-08-03,BOM_DEL,1,11763.314999999999,8
2026-08-03,CCU_DEL,1,13098.875,18
2026-08-03,DEL_BLR,1,14121.9,6
2026-08-03,DEL_BOM,1,11685.47,15
2026-08-03,DEL_CCU,1,12815.55,15
2026-08-03,HYD_DEL,1,11009.5,17
2026-08-03,MAA_DEL,1,13813.16,18
2026-08-03,BLR_DEL,7,9606.115,8
2026-08-03,BLR_HYD,7,6170.36,13
2026-08-03,BOM_BLR,7,8509.8,13
2026-08-03,BOM_DEL,7,8731.26,15
2026-08-03,CCU_DEL,7,10044.95,13
2026-08-03,DEL_BLR,7,10800.11,9
2026-08-03,DEL_BOM,7,9302.595000000001,14
2026-08-03,DEL_CCU,7,9621.525,16
2026-08-03,HYD_DEL,7,8383.65,8
2026-08-03,MAA_DEL,7,11018.68,13
2026-08-03,BLR_DEL,15,8188.86,13
2026-08-03,BLR_HYD,15,4852.4,17
2026-08-03,BOM_BLR,15,6732.025,8
2026-08-03,BOM_DEL,15,7971.08,23
2026-08-03,CCU_DEL,15,7886.56,13
2026-08-03,DEL_BLR,15,8415.75,11
2026-08-03,DEL_BOM,15,8237.105,14
2026-08-03,DEL_CCU,15,8253.76,17
2026-08-03,HYD_DEL,15,7094.1,13
2026-08-03,MAA_DEL,15,8981.005000000001,12
2026-08-03,BLR_DEL,30,7279.92,10
2026-08-03,BLR_HYD,30,4315.385,16
2026-08-03,BOM_BLR,30,6225.32,16
2026-08-03,BOM_DEL,30,6694.825000000001,22
2026-08-03,CCU_DEL,30,7053.225,16
2026-08-03,DEL_BLR,30,7440.09,20
2026-08-03,DEL_BOM,30,6618.19,19
2026-08-03,DEL_CCU,30,7436.88,11
2026-08-03,HYD_DEL,30,5990.745,12
2026-08-03,MAA_DEL,30,8198.03,19
2026-08-03,BLR_DEL,45,7236.31,9
2026-08-03,BLR_HYD,45,4170.59,16
2026-08-03,BOM_BLR,45,5692.98,16
2026-08-03,BOM_DEL,45,6328.35,13
2026-08-03,CCU_DEL,45,6584.530000000001,18
2026-08-03,DEL_BLR,45,7147.295,14
2026-08-03,DEL_BOM,45,6232.56,15
2026-08-03,DEL_CCU,45,6805.07,10
2026-08-03,HYD_DEL,45,6129.66,16
2026-08-03,MAA_DEL,45,7514.9400000000005,6
2026-08-04,BLR_DEL,1,13193.41,17
2026-08-04,BLR_HYD,1,7690.55,24
2026-08-04,BOM_BLR,1,9562.310000000001,12
2026-08-04,BOM_DEL,1,12072.13,15
2026-08-04,CCU_DEL,1,11729.08,15
2026-08-04,DEL_BLR,1,14024.35,15
2026-08-04,DEL_BOM,1,11209.275000000001,12
2026-08-04,DEL_CCU,1,12329.305,18
2026-08-04,HYD_DEL,1,10509.11,19
2026-08-04,MAA_DEL,1,12956.055,6
2026-08-04,BLR_DEL,7,10506.34,23
2026-08-04,BLR_HYD,7,5858.81,13
2026-08-04,BOM_BLR,7,8371.4,9
2026-08-04,BOM_DEL,7,9176.3,14
2026-08-04,CCU_DEL,7,10265.735,22
2026-08-04,DEL_BLR,7,10429.81,11
2026-08-04,DEL_BOM,7,9333.915,16
2026-08-04,DEL_CCU,7,9681.015,18
2026-08-04,HYD_DEL,7,8512.33,12
2026-08-04,MAA_DEL,7,11158.349999999999,16
2026-08-04,BLR_DEL,15,9178.85,15
2026-08-04,BLR_HYD,15,5309.389999999999,16
2026-08-04,BOM_BLR,15,6944.92,10
2026-08-04,BOM_DEL,15,8333.36,15
2026-08-04,CCU_DEL,15,7770.71,11
2026-08-04,DEL_BLR,15,9609.59,9
2026-08-04,DEL_BOM,15,7866.81,13
2026-08-04,DEL_CCU,15,7937.1,18
2026-08-04,HYD_DEL,15,7214.65,17
2026-08-04,MAA_DEL,15,10230.66,13
2026-08-04,BLR_DEL,30,7485.48,19
2026-08-04,BLR_HYD,30,4438.39,12
2026-08-04,BOM_BLR,30,5880.355,10
2026-08-04,BOM_DEL,30,7007.03,9
2026-08-04,CCU_DEL,30,6992.26,17
2026-08-04,DEL_BLR,30,7616.84,11
2026-08-04,DEL_BOM,30,6545.6900000000005,10
2026-08-04,DEL_CCU,30,6668.83,14
2026-08-04,HYD_DEL,30,6099.57,10
2026-08-04,MAA_DEL,30,7611.775,18
2026-08-04,BLR_DEL,45,7364.46,13
2026-08-04,BLR_HYD,45,4158.505,24
2026-08-04,BOM_BLR,45,5646.23,15
2026-08-04,BOM_DEL,45,6363.26,12
2026-08-04,CCU_DEL,45,6743.32,17
2026-08-04,DEL_BLR,45,7218.985000000001,12
2026-08-04,DEL_BOM,45,6602.0,15
2026-08-04,DEL_CCU,45,6717.370000000001,8
2026-08-04,HYD_DEL,45,6248.535,14
2026-08-04,MAA_DEL,45,8049.39,19
2026-08-05,BLR_DEL,1,13702.33,15
2026-08-05,BLR_HYD,1,7116.030000000001,20
2026-08-05,BOM_BLR,1,10293.035,18
2026-08-05,BOM_DEL,1,11962.73,15
2026-08-05,CCU_DEL,1,11942.815,12
2026-08-05,DEL_BLR,1,13996.54,11
2026-08-05,DEL_BOM,1,11021.82,21
2026-08-05,DEL_CCU,1,12269.720000000001,14
2026-08-05,HYD_DEL,1,10731.505000000001,14
2026-08-05,MAA_DEL,1,13727.845000000001,18
2026-08-05,BLR_DEL,7,9899.07,23
2026-08-05,BLR_HYD,7,5999.915,14
2026-08-05,BOM_BLR,7,7937.67,13
2026-08-05,BOM_DEL,7,9698.765,20
2026-08-05,CCU_DEL,7,8967.71,16
2026-08-05,DEL_BLR,7,10258.72,15
2026-08-05,DEL_BOM,7,8631.974999999999,8
2026-08-05,DEL_CCU,7,9762.545,20
2026-08-05,HYD_DEL,7,9034.33,17
2026-08-05,MAA_DEL,7,10631.77,19
2026-08-05,BLR_DEL,15,8450.630000000001,12
2026-08-05,BLR_HYD,15,5127.33,7
2026-08-05,BOM_BLR,15,7234.37,9
2026-08-05,BOM_DEL,15,7369.73,15
2026-08-05,CCU_DEL,15,8333.990000000002,6
2026-08-05,DEL_BLR,15,8787.83,18
2026-08-05,DEL_BOM,15,8052.85,13
2026-08-05,DEL_CCU,15,8603.555,20
2026-08-05,HYD_DEL,15,7462.48,18
2026-08-05,MAA_DEL,15,9418.224999999999,18
2026-08-05,BLR_DEL,30,6949.07,14
2026-08-05,BLR_HYD,30,4516.375,10
2026-08-05,BOM_BLR,30,6208.46,17
2026-08-05,BOM_DEL,30,7404.995,18
2026-08-05,CCU_DEL,30,7557.55,21
2026-08-05,DEL_BLR,30,7707.27,12
2026-08-05,DEL_BOM,30,6217.915,8
2026-08-05,DEL_CCU,30,6586.87,9
2026-08-05,HYD_DEL,30,6363.8,25
2026-08-05,MAA_DEL,30,8417.48,17
2026-08-05,BLR_DEL,45,8350.36,14
2026-08-05,BLR_HYD,45,4836.26,17
2026-08-05,BOM_BLR,45,6198.64,17
2026-08-05,BOM_DEL,45,7341.74,18
2026-08-05,CCU_DEL,45,7561.77,12
2026-08-05,DEL_BLR,45,7841.39,12
2026-08-05,DEL_BOM,45,6640.13,11
2026-08-05,DEL_CCU,45,7999.91,14
2026-08-05,HYD_DEL,45,6631.65,13
2026-08-05,MAA_DEL,45,8551.23,20
2026-08-06,BLR_DEL,1,13158.94,17
2026-08-06,BLR_HYD,1,7418.33,20
2026-08-06,BOM_BLR,1,10378.619999999999,10
2026-08-06,BOM_DEL,1,11886.2,18
2026-08-06,CCU_DEL,1,13084.03,17
2026-08-06,DEL_BLR,1,12826.645,14
2026-08-06,DEL_BOM,1,11426.84,17
2026-08-06,DEL_CCU,1,11947.41,15
2026-08-06,HYD_DEL,1,11149.23,13
2026-08-06,MAA_DEL,1,14781.46,13
2026-08-06,BLR_DEL,7,10156.61,13
2026-08-06,BLR_HYD,7,5873.5599999999995,12
2026-08-06,BOM_BLR,7,8205.435000000001,10
2026-08-06,BOM_DEL,7,8567.59,9
2026-08-06,CCU_DEL,7,9852.535,16
2026-08-06,DEL_BLR,7,9757.5,21
2026-08-06,DEL_BOM,7,9191.04,9
2026-08-06,DEL_CCU,7,9736.78,17
2026-08-06,HYD_DEL,7,8037.59,13
2026-08-06,MAA_DEL,7,10446.24,12
2026-08-06,BLR_DEL,15,8974.055,16
2026-08-06,BLR_HYD,15,5015.5650000000005,10
2026-08-06,BOM_BLR,15,7226.0,15
2026-08-06,BOM_DEL,15,8221.805,18
2026-08-06,CCU_DEL,15,7638.605,12
2026-08-06,DEL_BLR,15,8778.23,15
2026-08-06,DEL_BOM,15,7997.83,12
2026-08-06,DEL_CCU,15,8442.86,15
2026-08-06,HYD_DEL,15,6807.58,13
2026-08-06,MAA_DEL,15,9473.77,13
2026-08-06,BLR_DEL,30,8644.25,10
2026-08-06,BLR_HYD,30,4845.115,16
2026-08-06,BOM_BLR,30,6771.76,12
2026-08-06,BOM_DEL,30,7269.09,10
2026-08-06,CCU_DEL,30,8040.64,9
2026-08-06,DEL_BLR,30,7921.32,17
2026-08-06,DEL_BOM,30,6994.82,19
2026-08-06,DEL_CCU,30,7406.5,21
2026-08-06,HYD_DEL,30,6833.33,11
2026-08-06,MAA_DEL,30,9248.29,13
2026-08-06,BLR_DEL,45,8046.77,17
2026-08-06,BLR_HYD,45,4374.75,17
2026-08-06,BOM_BLR,45,6370.83,16
2026-08-06,BOM_DEL,45,7480.0,25
2026-08-06,CCU_DEL,45,7386.295,18
2026-08-06,DEL_BLR,45,8715.36,13
2026-08-06,DEL_BOM,45,7013.16,11
2026-08-06,DEL_CCU,45,7945.69,13
2026-08-06,HYD_DEL,45,6251.66,7
2026-08-06,MAA_DEL,45,8075.445,12
2026-08-07,BLR_DEL,1,14402.73,15
2026-08-07,BLR_HYD,1,8540.94,9
2026-08-07,BOM_BLR,1,11048.205,20
2026-08-07,BOM_DEL,1,12491.6,16
2026-08-07,CCU_DEL,1,13209.62,9
2026-08-07,DEL_BLR,1,14243.3,21
2026-08-07,DEL_BOM,1,12903.47,16
2026-08-07,DEL_CCU,1,13800.905,12
2026-08-07,HYD_DEL,1,11649.455,22
2026-08-07,MAA_DEL,1,14755.83,17
2026-08-07,BLR_DEL,7,10376.93,15
2026-08-07,BLR_HYD,7,6243.32,7
2026-08-07,BOM_BLR,7,7879.11,9
2026-08-07,BOM_DEL,7,8393.525000000001,14
2026-08-07,CCU_DEL,7,9308.17,19
2026-08-07,DEL_BLR,7,10086.64,17
2026-08-07,DEL_BOM,7,9666.42,19
2026-08-07,DEL_CCU,7,9644.95,20
2026-08-07,HYD_DEL,7,9139.85,15
2026-08-07,MAA_DEL,7,10501.36,15
2026-08-07,BLR_DEL,15,9757.595,10
2026-08-07,BLR_HYD,15,5692.715,14
2026-08-07,BOM_BLR,15,8128.2,11
2026-08-07,BOM_DEL,15,8854.38,15
2026-08-07,CCU_DEL,15,8292.96,11
2026-08-07,DEL_BLR,15,9480.31,15
2026-08-07,DEL_BOM,15,8647.32,16
2026-08-07,DEL_CCU,15,9896.22,15
2026-08-07,HYD_DEL,15,7485.49,9
2026-08-07,MAA_DEL,15,9680.88,15
2026-08-07,BLR_DEL,30,8789.56,20
2026-08-07,BLR_HYD,30,5087.425,14
2026-08-07,BOM_BLR,30,6841.4,13
2026-08-07,BOM_DEL,30,7954.09,14
2026-08-07,CCU_DEL,30,7780.92,12
2026-08-07,DEL_BLR,30,8791.145,16
2026-08-07,DEL_BOM,30,7576.225,14
2026-08-07,DEL_CCU,30,8279.16,23
2026-08-07,HYD_DEL,30,6818.56,18
2026-08-07,MAA_DEL,30,8644.98,19
2026-08-07,BLR_DEL,45,7296.08,22
2026-08-07,BLR_HYD,45,4263.3,23
2026-08-07,BOM_BLR,45,5756.4400000000005,6
2026-08-07,BOM_DEL,45,6048.26,17
2026-08-07,CCU_DEL,45,6675.6,18
2026-08-07,DEL_BLR,45,7234.52,13
2026-08-07,DEL_BOM,45,6221.87,19
2026-08-07,DEL_CCU,45,6634.65,16
2026-08-07,HYD_DEL,45,6323.17,14
2026-08-07,MAA_DEL,45,7637.65,14
2026-08-08,BLR_DEL,1,14818.37,13
2026-08-08,BLR_HYD,1,7268.44,13
2026-08-08,BOM_BLR,1,12336.3,20
2026-08-08,BOM_DEL,1,12590.69,18
2026-08-08,CCU_DEL,1,13075.92,13
2026-08-08,DEL_BLR,1,14409.54,17
2026-08-08,DEL_BOM,1,12726.08,15
2026-08-08,DEL_CCU,1,13911.91,19
2026-08-08,HYD_DEL,1,12105.78,19
2026-08-08,MAA_DEL,1,15261.814999999999,6
2026-08-08,BLR_DEL,7,10815.81,13
2026-08-08,BLR_HYD,7,6850.5599999999995,26
2026-08-08,BOM_BLR,7,9151.15,13
2026-08-08,BOM_DEL,7,9500.01,9
2026-08-08,CCU_DEL,7,10560.14,23
2026-08-08,DEL_BLR,7,11224.04,11
2026-08-08,DEL_BOM,7,10300.03,23
2026-08-08,DEL_CCU,7,10600.59,17
2026-08-08,HYD_DEL,7,9010.07,23
2026-08-08,MAA_DEL,7,12882.78,14
2026-08-08,BLR_DEL,15,9980.49,13
2026-08-08,BLR_HYD,15,5498.855,16
2026-08-08,BOM_BLR,15,7505.71,15
2026-08-08,BOM_DEL,15,8274.22,21
2026-08-08,CCU_DEL,15,9398.79,15
2026-08-08,DEL_BLR,15,10096.955,16
2026-08-08,DEL_BOM,15,8746.86,23
2026-08-08,DEL_CCU,15,9204.38,13
2026-08-08,HYD_DEL,15,7801.54,17
2026-08-08,MAA_DEL,15,10077.95,15
2026-08-08,BLR_DEL,30,7727.78,15
2026-08-08,BLR_HYD,30,4384.42,17
2026-08-08,BOM_BLR,30,5932.344999999999,16
2026-08-08,BOM_DEL,30,6572.1900000000005,18
2026-08-08,CCU_DEL,30,7217.16,13
2026-08-08,DEL_BLR,30,7658.27,12
2026-08-08,DEL_BOM,30,6810.76,13
2026-08-08,DEL_CCU,30,6891.93,15
2026-08-08,HYD_DEL,30,6374.45,19
2026-08-08,MAA_DEL,30,7018.615,12
2026-08-08,BLR_DEL,45,7055.26,19
2026-08-08,BLR_HYD,45,3815.465,14
2026-08-08,BOM_BLR,45,5912.77,19
2026-08-08,BOM_DEL,45,6046.81,17
2026-08-08,CCU_DEL,45,6695.8150000000005,16
2026-08-08,DEL_BLR,45,6801.969999999999,12
2026-08-08,DEL_BOM,45,6389.745,22
2026-08-08,DEL_CCU,45,6245.195,10
2026-08-08,HYD_DEL,45,6278.385,14
2026-08-08,MAA_DEL,45,7332.66,16
2026-08-09,BLR_DEL,1,12865.97,17
2026-08-09,BLR_HYD,1,7224.485,14
2026-08-09,BOM_BLR,1,10319.17,13
2026-08-09,BOM_DEL,1,11635.53,13
2026-08-09,CCU_DEL,1,12159.3,11
2026-08-09,DEL_BLR,1,12845.915,12
2026-08-09,DEL_BOM,1,11564.38,11
2026-08-09,DEL_CCU,1,11777.19,13
2026-08-09,HYD_DEL,1,10616.62,17
2026-08-09,MAA_DEL,1,13186.43,12
2026-08-09,BLR_DEL,7,11633.01,13
2026-08-09,BLR_HYD,7,6919.225,16
2026-08-09,BOM_BLR,7,9507.48,7
2026-08-09,BOM_DEL,7,10237.765,18
2026-08-09,CCU_DEL,7,10604.16,16
2026-08-09,DEL_BLR,7,11218.04,17
2026-08-09,DEL_BOM,7,9613.3,13
2026-08-09,DEL_CCU,7,10568.619999999999,20
2026-08-09,HYD_DEL,7,8530.21,7
2026-08-09,MAA_DEL,7,11550.79,18
2026-08-09,BLR_DEL,15,9120.720000000001,22
2026-08-09,BLR_HYD,15,5233.31,15
2026-08-09,BOM_BLR,15,6465.67,11
2026-08-09,BOM_DEL,15,8094.0599999999995,22
2026-08-09,CCU_DEL,15,8645.650000000001,16
2026-08-09,DEL_BLR,15,8439.82,11
2026-08-09,DEL_BOM,15,7379.16,18
2026-08-09,DEL_CCU,15,8726.99,15
2026-08-09,HYD_DEL,15,7354.389999999999,6
2026-08-09,MAA_DEL,15,8879.445,16
2026-08-09,BLR_DEL,30,7853.57,23
2026-08-09,BLR_HYD,30,4500.95,16
2026-08-09,BOM_BLR,30,5952.83,19
2026-08-09,BOM_DEL,30,6885.3099999999995,18
2026-08-09,CCU_DEL,30,7440.799999999999,10
2026-08-09,DEL_BLR,30,7827.625,18
2026-08-09,DEL_BOM,30,7297.01,20
2026-08-09,DEL_CCU,30,7199.75,23
2026-08-09,HYD_DEL,30,6152.985000000001,20
2026-08-09,MAA_DEL,30,8644.77,25
2026-08-09,BLR_DEL,45,7313.55,16
2026-08-09,BLR_HYD,45,4152.665,10
2026-08-09,BOM_BLR,45,5590.59,15
2026-08-09,BOM_DEL,45,6424.110000000001,14
2026-08-09,CCU_DEL,45,6871.639999999999,14
2026-08-09,DEL_BLR,45,6933.53,15
2026-08-09,DEL_BOM,45,6620.46,15
2026-08-09,DEL_CCU,45,6813.66,9
2026-08-09,HYD_DEL,45,5621.045,16
2026-08-09,MAA_DEL,45,8174.2,18
2026-08-10,BLR_DEL,1,13620.53,20
2026-08-10,BLR_HYD,1,7367.78,11
2026-08-10,BOM_BLR,1,10731.43,15
2026-08-10,BOM_DEL,1,12053.75,17
2026-08-10,CCU_DEL,1,12163.64,21
2026-08-10,DEL_BLR,1,12739.925,10
2026-08-10,DEL_BOM,1,11326.94,21
2026-08-10,DEL_CCU,1,12693.635,18
2026-08-10,HYD_DEL,1,10491.94,13
2026-08-10,MAA_DEL,1,13920.154999999999,16
2026-08-10,BLR_DEL,7,10607.75,17
2026-08-10,BLR_HYD,7,6049.55,21
2026-08-10,BOM_BLR,7,8202.19,15
2026-08-10,BOM_DEL,7,9354.94,9
2026-08-10,CCU_DEL,7,9331.310000000001,18
2026-08-10,DEL_BLR,7,10586.0,15
2026-08-10,DEL_BOM,7,9518.32,11
2026-08-10,DEL_CCU,7,10482.28,16
2026-08-10,HYD_DEL,7,8732.064999999999,18
2026-08-10,MAA_DEL,7,10837.31,13
2026-08-10,BLR_DEL,15,8698.95,7
2026-08-10,BLR_HYD,15,5149.66,14
2026-08-10,BOM_BLR,15,6841.610000000001,12
2026-08-10,BOM_DEL,15,7971.54,14
2026-08-10,CCU_DEL,15,8847.855,14
2026-08-10,DEL_BLR,15,8420.06,19
2026-08-10,DEL_BOM,15,7879.01,12
2026-08-10,DEL_CCU,15,8019.465,12
2026-08-10,HYD_DEL,15,7102.89,16
2026-08-10,MAA_DEL,15,9009.759999999998,16
2026-08-10,BLR_DEL,30,7802.75,9
2026-08-10,BLR_HYD,30,4346.860000000001,16
2026-08-10,BOM_BLR,30,6160.1900000000005,10
2026-08-10,BOM_DEL,30,6915.01,13
2026-08-10,CCU_DEL,30,7263.98,12
2026-08-10,DEL_BLR,30,8134.610000000001,6
2026-08-10,DEL_BOM,30,7000.18,19
2026-08-10,DEL_CCU,30,7189.03,9
2026-08-10,HYD_DEL,30,6115.46,16
2026-08-10,MAA_DEL,30,7913.780000000001,12
2026-08-10,BLR_DEL,45,7031.645,10
2026-08-10,BLR_HYD,45,4151.285,16
2026-08-10,BOM_BLR,45,5608.08,19
2026-08-10,BOM_DEL,45,6766.84,16
2026-08-10,CCU_DEL,45,7264.665,16
2026-08-10,DEL_BLR,45,7163.78,13
2026-08-10,DEL_BOM,45,6897.08,19
2026-08-10,DEL_CCU,45,6643.21,13
2026-08-10,HYD_DEL,45,5906.219999999999,14
2026-08-10,MAA_DEL,45,7433.245,18
2026-08-11,BLR_DEL,1,13456.41,14
2026-08-11,BLR_HYD,1,7137.585,20
2026-08-11,BOM_BLR,1,10511.46,19
2026-08-11,BOM_DEL,1,12140.805,12
2026-08-11,CCU_DEL,1,12671.61,19
2026-08-11,DEL_BLR,1,13208.13,13
2026-08-11,DEL_BOM,1,10935.595000000001,12
2026-08-11,DEL_CCU,1,12084.134999999998,22
2026-08-11,HYD_DEL,1,11025.045,20
2026-08-11,MAA_DEL,1,13263.98,15
2026-08-11,BLR_DEL,7,10498.31,16
2026-08-11,BLR_HYD,7,6191.5599999999995,14
2026-08-11,BOM_BLR,7,7896.045,14
2026-08-11,BOM_DEL,7,9194.87,19
2026-08-11,CCU_DEL,7,9729.34,9
2026-08-11,DEL_BLR,7,10204.4,17
2026-08-11,DEL_BOM,7,9309.195,14
2026-08-11,DEL_CCU,7,9409.86,27
2026-08-11,HYD_DEL,7,8572.880000000001,14
2026-08-11,MAA_DEL,7,10442.545,10
2026-08-11,BLR_DEL,15,8831.16,20
2026-08-11,BLR_HYD,15,5380.405000000001,14
2026-08-11,BOM_BLR,15,7262.59,14
2026-08-11,BOM_DEL,15,8199.41,13
2026-08-11,CCU_DEL,15,7707.5650000000005,12
2026-08-11,DEL_BLR,15,9419.009999999998,12
2026-08-11,DEL_BOM,15,7656.725,16
2026-08-11,DEL_CCU,15,8546.255000000001,20
2026-08-11,HYD_DEL,15,7259.9349999999995,16
2026-08-11,MAA_DEL,15,9026.935,10
2026-08-11,BLR_DEL,30,7901.28,15
2026-08-11,BLR_HYD,30,4586.96,13
2026-08-11,BOM_BLR,30,5938.455,10
2026-08-11,BOM_DEL,30,6948.075,14
2026-08-11,CCU_DEL,30,7186.11,19
2026-08-11,DEL_BLR,30,7760.585,16
2026-08-11,DEL_BOM,30,6636.78,5
2026-08-11,DEL_CCU,30,7477.424999999999,8
2026-08-11,HYD_DEL,30,6786.76,11
2026-08-11,MAA_DEL,30,7532.17,12
2026-08-11,BLR_DEL,45,7515.41,15
2026-08-11,BLR_HYD,45,4304.379999999999,14
2026-08-11,BOM_BLR,45,5576.55,11
2026-08-11,BOM_DEL,45,6525.03,11
2026-08-11,CCU_DEL,45,6762.77,17
2026-08-11,DEL_BLR,45,7438.17,21
2026-08-11,DEL_BOM,45,6253.450000000001,10
2026-08-11,DEL_CCU,45,6887.265,14
2026-08-11,HYD_DEL,45,6425.625,12
2026-08-11,MAA_DEL,45,7460.75,11
2026-08-12,BLR_DEL,1,13453.46,19
2026-08-12,BLR_HYD,1,7650.870000000001,14
2026-08-12,BOM_BLR,1,10284.735,14
2026-08-12,BOM_DEL,1,11755.47,19
2026-08-12,CCU_DEL,1,12173.825,20
2026-08-12,DEL_BLR,1,12736.650000000001,10
2026-08-12,DEL_BOM,1,11739.55,16
2026-08-12,DEL_CCU,1,12115.744999999999,10
2026-08-12,HYD_DEL,1,10885.98,19
2026-08-12,MAA_DEL,1,14773.11,13
2026-08-12,BLR_DEL,7,10229.73,7
2026-08-12,BLR_HYD,7,5747.76,18
2026-08-12,BOM_BLR,7,8050.52,11
2026-08-12,BOM_DEL,7,9122.189999999999,14
2026-08-12,CCU_DEL,7,10152.09,11
2026-08-12,DEL_BLR,7,9934.02,23
2026-08-12,DEL_BOM,7,9320.23,15
2026-08-12,DEL_CCU,7,9790.06,14
2026-08-12,HYD_DEL,7,8752.6,17
2026-08-12,MAA_DEL,7,10951.04,15
2026-08-12,BLR_DEL,15,9008.98,11
2026-08-12,BLR_HYD,15,4925.4349999999995,20
2026-08-12,BOM_BLR,15,6880.615,10
2026-08-12,BOM_DEL,15,8092.76,17
2026-08-12,CCU_DEL,15,8201.98,14
2026-08-12,DEL_BLR,15,9006.02,15
2026-08-12,DEL_BOM,15,7663.28,11
2026-08-12,DEL_CCU,15,8406.61,15
2026-08-12,HYD_DEL,15,7394.39,13
2026-08-12,MAA_DEL,15,9556.58,13
2026-08-12,BLR_DEL,30,7828.879999999999,12
2026-08-12,BLR_HYD,30,4426.92,12
2026-08-12,BOM_BLR,30,5815.97,19
2026-08-12,BOM_DEL,30,7365.35,15
2026-08-12,CCU_DEL,30,7154.76,16
2026-08-12,DEL_BLR,30,7515.56,17
2026-08-12,DEL_BOM,30,7009.745,16
2026-08-12,DEL_CCU,30,6997.23,14
2026-08-12,HYD_DEL,30,6354.6,15
2026-08-12,MAA_DEL,30,7501.7,11
2026-08-12,BLR_DEL,45,8103.26,10
2026-08-12,BLR_HYD,45,5084.25,13
2026-08-12,BOM_BLR,45,6044.455,14
2026-08-12,BOM_DEL,45,7391.72,13
2026-08-12,CCU_DEL,45,7619.585,18
2026-08-12,DEL_BLR,45,7799.49,19
2026-08-12,DEL_BOM,45,7172.83,17
2026-08-12,DEL_CCU,45,7574.07,17
2026-08-12,HYD_DEL,45,6670.3,9
2026-08-12,MAA_DEL,45,8360.115,24
2026-08-13,BLR_DEL,1,13272.14,12
2026-08-13,BLR_HYD,1,7337.52,11
2026-08-13,BOM_BLR,1,10678.57,13
2026-08-13,BOM_DEL,1,11196.145,16
2026-08-13,CCU_DEL,1,13012.19,10
2026-08-13,DEL_BLR,1,12650.33,13
2026-08-13,DEL_BOM,1,11493.35,17
2026-08-13,DEL_CCU,1,12419.6,9
2026-08-13,HYD_DEL,1,10864.225,14
2026-08-13,MAA_DEL,1,13409.72,13
2026-08-13,BLR_DEL,7,10011.72,11
2026-08-13,BLR_HYD,7,5690.16,9
2026-08-13,BOM_BLR,7,8649.15,15
2026-08-13,BOM_DEL,7,9300.77,17
2026-08-13,CCU_DEL,7,9453.035,20
2026-08-13,DEL_BLR,7,10246.25,13
2026-08-13,DEL_BOM,7,9057.53,15
2026-08-13,DEL_CCU,7,9396.96,17
2026-08-13,HYD_DEL,7,8439.63,11
2026-08-13,MAA_DEL,7,11006.48,12
2026-08-13,BLR_DEL,15,9233.994999999999,16
2026-08-13,BLR_HYD,15,5084.33,19
2026-08-13,BOM_BLR,15,6624.33,13
2026-08-13,BOM_DEL,15,7351.74,11
2026-08-13,CCU_DEL,15,8678.46,7
2026-08-13,DEL_BLR,15,8749.42,9
2026-08-13,DEL_BOM,15,8156.06,21
2026-08-13,DEL_CCU,15,7996.23,15
2026-08-13,HYD_DEL,15,7075.03,13
2026-08-13,MAA_DEL,15,9554.96,8
2026-08-13,BLR_DEL,30,8350.37,11
2026-08-13,BLR_HYD,30,4880.57,15
2026-08-13,BOM_BLR,30,6394.67,17
2026-08-13,BOM_DEL,30,7541.305,12
2026-08-13,CCU_DEL,30,8010.17,16
2026-08-13,DEL_BLR,30,9100.365,20
2026-08-13,DEL_BOM,30,7391.77,11
2026-08-13,DEL_CCU,30,7059.9400000000005,10
2026-08-13,HYD_DEL,30,6775.745,18
2026-08-13,MAA_DEL,30,8252.31,15
2026-08-13,BLR_DEL,45,8350.21,19
2026-08-13,BLR_HYD,45,4837.425,22
2026-08-13,BOM_BLR,45,6262.35,14
2026-08-13,BOM_DEL,45,6795.12,22
2026-08-13,CCU_DEL,45,7568.38,16
2026-08-13,DEL_BLR,45,8074.86,19
2026-08-13,DEL_BOM,45,7410.485,12
2026-08-13,DEL_CCU,45,7571.7,23
2026-08-13,HYD_DEL,45,6834.44,13
2026-08-13,MAA_DEL,45,8604.29,16
2026-08-14,BLR_DEL,1,14456.43,21
2026-08-14,BLR_HYD,1,8846.7,14
2026-08-14,BOM_BLR,1,11596.405,10
2026-08-14,BOM_DEL,1,12814.77,13
2026-08-14,CCU_DEL,1,13050.34,14
2026-08-14,DEL_BLR,1,13223.675,12
2026-08-14,DEL_BOM,1,11872.06,8
2026-08-14,DEL_CCU,1,12921.04,15
2026-08-14,HYD_DEL,1,12559.21,17
2026-08-14,MAA_DEL,1,14012.36,17
2026-08-14,BLR_DEL,7,10885.24,9
2026-08-14,BLR_HYD,7,6104.95,17
2026-08-14,BOM_BLR,7,8189.855,22
2026-08-14,BOM_DEL,7,10306.939999999999,10
2026-08-14,CCU_DEL,7,10682.77,14
2026-08-14,DEL_BLR,7,10126.255000000001,18
2026-08-14,DEL_BOM,7,9197.86,15
2026-08-14,DEL_CCU,7,9586.25,18
2026-08-14,HYD_DEL,7,8025.8099999999995,12
2026-08-14,MAA_DEL,7,11031.05,11
2026-08-14,BLR_DEL,15,9264.59,15
2026-08-14,BLR_HYD,15,6159.469999999999,10
2026-08-14,BOM_BLR,15,7438.29,15
2026-08-14,BOM_DEL,15,8788.67,15
2026-08-14,CCU_DEL,15,9212.89,13
2026-08-14,DEL_BLR,15,9839.49,15
2026-08-14,DEL_BOM,15,8107.395,14
2026-08-14,DEL_CCU,15,9024.06,13
2026-08-14,HYD_DEL,15,7726.395,14
2026-08-14,MAA_DEL,15,10302.415,12
2026-08-14,BLR_DEL,30,8378.75,16
2026-08-14,BLR_HYD,30,4781.45,13
2026-08-14,BOM_BLR,30,6512.805,16
2026-08-14,BOM_DEL,30,7197.86,13
2026-08-14,CCU_DEL,30,7937.025,12
2026-08-14,DEL_BLR,30,8451.68,13
2026-08-14,DEL_BOM,30,7556.52,16
2026-08-14,DEL_CCU,30,7423.3,17
2026-08-14,HYD_DEL,30,6721.99,17
2026-08-14,MAA_DEL,30,8129.775,12
2026-08-14,BLR_DEL,45,7238.93,10
2026-08-14,BLR_HYD,45,4191.9,16
2026-08-14,BOM_BLR,45,6276.19,13
2026-08-14,BOM_DEL,45,5942.85,15
2026-08-14,CCU_DEL,45,6920.02,21
2026-08-14,DEL_BLR,45,6866.785,16
2026-08-14,DEL_BOM,45,6070.375,14
2026-08-14,DEL_CCU,45,7141.61,13
2026-08-14,HYD_DEL,45,5571.545,10
2026-08-14,MAA_DEL,45,7654.41,9
2026-08-15,BLR_DEL,1,15203.59,13
2026-08-15,BLR_HYD,1,8578.63,23
2026-08-15,BOM_BLR,1,11338.8,10
2026-08-15,BOM_DEL,1,13729.42,15
2026-08-15,CCU_DEL,1,13629.92,16
2026-08-15,DEL_BLR,1,14957.955,18
2026-08-15,DEL_BOM,1,13139.76,11
2026-08-15,DEL_CCU,1,13579.98,13
2026-08-15,HYD_DEL,1,11730.105,28
2026-08-15,MAA_DEL,1,14609.925,18
2026-08-15,BLR_DEL,7,10569.900000000001,12
2026-08-15,BLR_HYD,7,6752.6,12
2026-08-15,BOM_BLR,7,8534.19,19
2026-08-15,BOM_DEL,7,9956.83,13
2026-08-15,CCU_DEL,7,11671.61,7
2026-08-15,DEL_BLR,7,11576.14,11
2026-08-15,DEL_BOM,7,9662.805,10
2026-08-15,DEL_CCU,7,11590.81,11
2026-08-15,HYD_DEL,7,9814.83,15
2026-08-15,MAA_DEL,7,11774.41,16
2026-08-15,BLR_DEL,15,8760.95,12
2026-08-15,BLR_HYD,15,5463.86,19
2026-08-15,BOM_BLR,15,7250.1,19
2026-08-15,BOM_DEL,15,8202.095000000001,18
2026-08-15,CCU_DEL,15,9174.11,15
2026-08-15,DEL_BLR,15,9800.07,15
2026-08-15,DEL_BOM,15,8867.74,17
2026-08-15,DEL_CCU,15,9549.88,17
2026-08-15,HYD_DEL,15,7771.01,15
2026-08-15,MAA_DEL,15,9825.14,16
2026-08-15,BLR_DEL,30,7435.52,16
2026-08-15,BLR_HYD,30,4266.81,16
2026-08-15,BOM_BLR,30,5833.91,13
2026-08-15,BOM_DEL,30,7033.575,16
2026-08-15,CCU_DEL,30,7209.51,20
2026-08-15,DEL_BLR,30,7635.620000000001,10
2026-08-15,DEL_BOM,30,6480.15,13
2026-08-15,DEL_CCU,30,7635.1849999999995,14
2026-08-15,HYD_DEL,30,6286.01,17
2026-08-15,MAA_DEL,30,8071.54,11
2026-08-15,BLR_DEL,45,6921.37,19
2026-08-15,BLR_HYD,45,4404.57,7
2026-08-15,BOM_BLR,45,5560.53,15
2026-08-15,BOM_DEL,45,6539.25,11
2026-08-15,CCU_DEL,45,6837.365,18
2026-08-15,DEL_BLR,45,7626.74,11
2026-08-15,DEL_BOM,45,6598.25,15
2026-08-15,DEL_CCU,45,6593.43,19
2026-08-15,HYD_DEL,45,5555.71,19
2026-08-15,MAA_DEL,45,7458.094999999999,16
2026-08-16,BLR_DEL,1,12832.76,13
2026-08-16,BLR_HYD,1,7628.26,11
2026-08-16,BOM_BLR,1,10800.05,13
2026-08-16,BOM_DEL,1,11489.83,21
2026-08-16,CCU_DEL,1,12047.75,19
2026-08-16,DEL_BLR,1,12354.335,14
2026-08-16,DEL_BOM,1,12333.16,14
2026-08-16,DEL_CCU,1,11723.4,17
2026-08-16,HYD_DEL,1,11293.46,13
2026-08-16,MAA_DEL,1,13253.055,16
2026-08-16,BLR_DEL,7,10734.994999999999,14
2026-08-16,BLR_HYD,7,6795.41,19
2026-08-16,BOM_BLR,7,9344.2,14
2026-08-16,BOM_DEL,7,9535.475,16
2026-08-16,CCU_DEL,7,10586.705,18
2026-08-16,DEL_BLR,7,11490.445,10
2026-08-16,DEL_BOM,7,10572.72,14
2026-08-16,DEL_CCU,7,10136.71,15
2026-08-16,HYD_DEL,7,9712.69,16
2026-08-16,MAA_DEL,7,11732.8,12
2026-08-16,BLR_DEL,15,8572.075,12
2026-08-16,BLR_HYD,15,4824.22,13
2026-08-16,BOM_BLR,15,6917.155,18
2026-08-16,BOM_DEL,15,7955.36,9
2026-08-16,CCU_DEL,15,8066.3099999999995,16
2026-08-16,DEL_BLR,15,9111.105,14
2026-08-16,DEL_BOM,15,8211.75,16
2026-08-16,DEL_CCU,15,8711.619999999999,12
2026-08-16,HYD_DEL,15,7025.72,19
2026-08-16,MAA_DEL,15,9227.955,14
2026-08-16,BLR_DEL,30,7997.36,17
2026-08-16,BLR_HYD,30,4377.45,15
2026-08-16,BOM_BLR,30,5582.93,14
2026-08-16,BOM_DEL,30,6993.83,9
2026-08-16,CCU_DEL,30,7211.415,16
2026-08-16,DEL_BLR,30,7224.16,9
2026-08-16,DEL_BOM,30,7023.59,17
2026-08-16,DEL_CCU,30,6775.83,13
2026-08-16,HYD_DEL,30,5910.33,14
2026-08-16,MAA_DEL,30,8469.59,21
2026-08-16,BLR_DEL,45,7427.65,17
2026-08-16,BLR_HYD,45,4541.1,11
2026-08-16,BOM_BLR,45,5829.25,19
2026-08-16,BOM_DEL,45,6073.68,17
2026-08-16,CCU_DEL,45,6462.96,15
2026-08-16,DEL_BLR,45,7272.76,18
2026-08-16,DEL_BOM,45,6386.139999999999,22
2026-08-16,DEL_CCU,45,7181.6,7
2026-08-16,HYD_DEL,45,5969.26,19
2026-08-16,MAA_DEL,45,7425.465,10
2026-08-17,BLR_DEL,1,12635.31,15
2026-08-17,BLR_HYD,1,7685.389999999999,10
2026-08-17,BOM_BLR,1,10076.46,15
2026-08-17,BOM_DEL,1,12269.175,10
2026-08-17,CCU_DEL,1,11634.05,14
2026-08-17,DEL_BLR,1,12643.07,12
2026-08-17,DEL_BOM,1,11566.19,15
2026-08-17,DEL_CCU,1,12692.59,19
2026-08-17,HYD_DEL,1,11010.915,12
2026-08-17,MAA_DEL,1,12726.044999999998,16
2026-08-17,BLR_DEL,7,10119.505000000001,10
2026-08-17,BLR_HYD,7,5978.59,17
2026-08-17,BOM_BLR,7,8133.74,21
2026-08-17,BOM_DEL,7,9364.215,14
2026-08-17,CCU_DEL,7,9625.25,23
2026-08-17,DEL_BLR,7,10317.505000000001,14
2026-08-17,DEL_BOM,7,9016.64,15
2026-08-17,DEL_CCU,7,9482.455,18
2026-08-17,HYD_DEL,7,8663.37,7
2026-08-17,MAA_DEL,7,11355.08,14
2026-08-17,BLR_DEL,15,8523.06,17
2026-08-17,BLR_HYD,15,5021.5650000000005,12
2026-08-17,BOM_BLR,15,7208.665,14
2026-08-17,BOM_DEL,15,7947.69,15
2026-08-17,CCU_DEL,15,8515.7,10
2026-08-17,DEL_BLR,15,8801.259999999998,14
2026-08-17,DEL_BOM,15,7857.25,15
2026-08-17,DEL_CCU,15,7966.55,13
2026-08-17,HYD_DEL,15,7054.24,15
2026-08-17,MAA_DEL,15,9516.07,15
2026-08-17,BLR_DEL,30,7578.205,22
2026-08-17,BLR_HYD,30,4317.325000000001,10
2026-08-17,BOM_BLR,30,5885.02,17
2026-08-17,BOM_DEL,30,6755.64,11
2026-08-17,CCU_DEL,30,7337.35,16
2026-08-17,DEL_BLR,30,7343.165,14
2026-08-17,DEL_BOM,30,6625.375,10
2026-08-17,DEL_CCU,30,7142.98,14
2026-08-17,HYD_DEL,30,5904.71,15
2026-08-17,MAA_DEL,30,7584.2,19
2026-08-17,BLR_DEL,45,7728.4400000000005,14
2026-08-17,BLR_HYD,45,4332.95,13
2026-08-17,BOM_BLR,45,5669.69,13
2026-08-17,BOM_DEL,45,6505.72,21
2026-08-17,CCU_DEL,45,6528.99,13
2026-08-17,DEL_BLR,45,7050.34,21
2026-08-17,DEL_BOM,45,6326.34,7
2026-08-17,DEL_CCU,45,6861.045,14
2026-08-17,HYD_DEL,45,6102.3,15
2026-08-17,MAA_DEL,45,7592.23,19
2026-08-18,BLR_DEL,1,13507.58,21
2026-08-18,BLR_HYD,1,7575.72,23
2026-08-18,BOM_BLR,1,10128.17,13
2026-08-18,BOM_DEL,1,11560.665,12
2026-08-18,CCU_DEL,1,12399.585,18
2026-08-18,DEL_BLR,1,13246.32,15
2026-08-18,DEL_BOM,1,11487.88,20
2026-08-18,DEL_CCU,1,11564.945,14
2026-08-18,HYD_DEL,1,10525.845000000001,8
2026-08-18,MAA_DEL,1,14278.04,17
2026-08-18,BLR_DEL,7,10148.56,16
2026-08-18,BLR_HYD,7,5667.16,11
2026-08-18,BOM_BLR,7,8954.36,7
2026-08-18,BOM_DEL,7,8969.635,14
2026-08-18,CCU_DEL,7,9165.02,20
2026-08-18,DEL_BLR,7,9947.474999999999,14
2026-08-18,DEL_BOM,7,9875.04,13
2026-08-18,DEL_CCU,7,9878.18,13
2026-08-18,HYD_DEL,7,8421.23,15
2026-08-18,MAA_DEL,7,10709.279999999999,10
2026-08-18,BLR_DEL,15,9511.95,16
2026-08-18,BLR_HYD,15,5003.1900000000005,12
2026-08-18,BOM_BLR,15,6789.355,12
2026-08-18,BOM_DEL,15,7596.07,13
2026-08-18,CCU_DEL,15,8249.279999999999,8
2026-08-18,DEL_BLR,15,9771.31,14
2026-08-18,DEL_BOM,15,7907.36,23
2026-08-18,DEL_CCU,15,8160.95,11
2026-08-18,HYD_DEL,15,7551.68,10
2026-08-18,MAA_DEL,15,9173.28,23
2026-08-18,BLR_DEL,30,7837.094999999999,10
2026-08-18,BLR_HYD,30,4403.37,13
2026-08-18,BOM_BLR,30,6327.030000000001,16
2026-08-18,BOM_DEL,30,6971.995000000001,12
2026-08-18,CCU_DEL,30,8037.58,7
2026-08-18,DEL_BLR,30,7961.65,15
2026-08-18,DEL_BOM,30,6608.264999999999,6
2026-08-18,DEL_CCU,30,7683.13,17
2026-08-18,HYD_DEL,30,6527.235000000001,18
2026-08-18,MAA_DEL,30,8478.67,22
2026-08-18,BLR_DEL,45,7443.57,17
2026-08-18,BLR_HYD,45,4375.135,14
2026-08-18,BOM_BLR,45,5803.35,16
2026-08-18,BOM_DEL,45,6662.7,20
2026-08-18,CCU_DEL,45,6619.305,12
2026-08-18,DEL_BLR,45,7078.9,19
2026-08-18,DEL_BOM,45,6037.705,8
2026-08-18,DEL_CCU,45,6408.025,14
2026-08-18,HYD_DEL,45,5680.61,15
2026-08-18,MAA_DEL,45,7528.145,16
2026-08-19,BLR_DEL,1,12725.46,13
2026-08-19,BLR_HYD,1,7097.93,17
2026-08-19,BOM_BLR,1,10374.939999999999,20
2026-08-19,BOM_DEL,1,11752.74,14
2026-08-19,CCU_DEL,1,12356.195,14
2026-08-19,DEL_BLR,1,13018.42,16
2026-08-19,DEL_BOM,1,11332.77,25
2026-08-19,DEL_CCU,1,12117.945,10
2026-08-19,HYD_DEL,1,10437.53,15
2026-08-19,MAA_DEL,1,13149.72,15
2026-08-19,BLR_DEL,7,10390.61,11
2026-08-19,BLR_HYD,7,5864.8150000000005,12
2026-08-19,BOM_BLR,7,7840.58,11
2026-08-19,BOM_DEL,7,9107.21,13
2026-08-19,CCU_DEL,7,9392.015,10
2026-08-19,DEL_BLR,7,10159.39,13
2026-08-19,DEL_BOM,7,9619.965,12
2026-08-19,DEL_CCU,7,10177.87,19
2026-08-19,HYD_DEL,7,8669.56,15
2026-08-19,MAA_DEL,7,9857.02,18
2026-08-19,BLR_DEL,15,8624.04,13
2026-08-19,BLR_HYD,15,5282.79,14
2026-08-19,BOM_BLR,15,7058.825000000001,16
2026-08-19,BOM_DEL,15,7947.65,15
2026-08-19,CCU_DEL,15,8186.59,15
2026-08-19,DEL_BLR,15,8376.42,19
2026-08-19,DEL_BOM,15,7935.264999999999,8
2026-08-19,DEL_CCU,15,8133.52,13
2026-08-19,HYD_DEL,15,6959.02,14
2026-08-19,MAA_DEL,15,8575.21,11
2026-08-19,BLR_DEL,30,7563.32,15
2026-08-19,BLR_HYD,30,4370.575000000001,14
2026-08-19,BOM_BLR,30,5922.88,16
2026-08-19,BOM_DEL,30,7581.87,13
2026-08-19,CCU_DEL,30,7688.32,8
2026-08-19,DEL_BLR,30,7532.225,18
2026-08-19,DEL_BOM,30,6671.4349999999995,16
2026-08-19,DEL_CCU,30,6616.95,13
2026-08-19,HYD_DEL,30,6530.205,14
2026-08-19,MAA_DEL,30,8163.77,19
2026-08-19,BLR_DEL,45,8018.36,11
2026-08-19,BLR_HYD,45,4695.3,9
2026-08-19,BOM_BLR,45,6260.68,14
2026-08-19,BOM_DEL,45,6862.16,11
2026-08-19,CCU_DEL,45,7798.32,16
2026-08-19,DEL_BLR,45,7578.08,15
2026-08-19,DEL_BOM,45,6951.01,9
2026-08-19,DEL_CCU,45,7312.285,6
2026-08-19,HYD_DEL,45,6944.575000000001,18
2026-08-19,MAA_DEL,45,9013.11,19
2026-08-20,BLR_DEL,1,12738.46,13
2026-08-20,BLR_HYD,1,7416.3099999999995,20
2026-08-20,BOM_BLR,1,10721.98,18
2026-08-20,BOM_DEL,1,11674.75,13
2026-08-20,CCU_DEL,1,11654.55,12
2026-08-20,DEL_BLR,1,12865.029999999999,20
2026-08-20,DEL_BOM,1,11051.84,13
2026-08-20,DEL_CCU,1,12058.61,18
2026-08-20,HYD_DEL,1,11356.68,16
2026-08-20,MAA_DEL,1,14289.689999999999,22
2026-08-20,BLR_DEL,7,10196.09,17
2026-08-20,BLR_HYD,7,6000.61,19
2026-08-20,BOM_BLR,7,7628.43,19
2026-08-20,BOM_DEL,7,9591.93,16
2026-08-20,CCU_DEL,7,9873.16,19
2026-08-20,DEL_BLR,7,9706.029999999999,10
2026-08-20,DEL_BOM,7,9794.88,14
2026-08-20,DEL_CCU,7,10170.36,15
2026-08-20,HYD_DEL,7,8269.88,19
2026-08-20,MAA_DEL,7,10494.83,13
2026-08-20,BLR_DEL,15,8774.25,15
2026-08-20,BLR_HYD,15,4954.71,13
2026-08-20,BOM_BLR,15,6831.96,21
2026-08-20,BOM_DEL,15,8192.37,13
2026-08-20,CCU_DEL,15,7923.38,15
2026-08-20,DEL_BLR,15,9327.385,14
2026-08-20,DEL_BOM,15,7603.9,16
2026-08-20,DEL_CCU,15,7968.285,12
2026-08-20,HYD_DEL,15,7488.665,18
2026-08-20,MAA_DEL,15,9630.564999999999,14
2026-08-20,BLR_DEL,30,8556.16,11
2026-08-20,BLR_HYD,30,4959.895,16
2026-08-20,BOM_BLR,30,6530.84,15
2026-08-20,BOM_DEL,30,7712.415,14
2026-08-20,CCU_DEL,30,8344.73,14
2026-08-20,DEL_BLR,30,8060.55,17
2026-08-20,DEL_BOM,30,7474.51,15
2026-08-20,DEL_CCU,30,7952.96,13
2026-08-20,HYD_DEL,30,6631.11,13
2026-08-20,MAA_DEL,30,8917.08,10
2026-08-20,BLR_DEL,45,7576.69,25
2026-08-20,BLR_HYD,45,4683.465,18
2026-08-20,BOM_BLR,45,6321.59,14
2026-08-20,BOM_DEL,45,7074.03,15
2026-08-20,CCU_DEL,45,7380.705,18
2026-08-20,DEL_BLR,45,7963.58,11
2026-08-20,DEL_BOM,45,6886.33,13
2026-08-20,DEL_CCU,45,6567.11,7
2026-08-20,HYD_DEL,45,6508.45,10
2026-08-20,MAA_DEL,45,9391.51,19
2026-08-21,BLR_DEL,1,14879.07,7
2026-08-21,BLR_HYD,1,8148.82,22
2026-08-21,BOM_BLR,1,10872.28,21
2026-08-21,BOM_DEL,1,12543.25,10
2026-08-21,CCU_DEL,1,12837.99,17
2026-08-21,DEL_BLR,1,13903.76,9
2026-08-21,DEL_BOM,1,12530.605,12
2026-08-21,DEL_CCU,1,12628.8,14
2026-08-21,HYD_DEL,1,12621.05,13
2026-08-21,MAA_DEL,1,15470.59,16
2026-08-21,BLR_DEL,7,9709.56,11
2026-08-21,BLR_HYD,7,5899.5,17
2026-08-21,BOM_BLR,7,8510.77,16
2026-08-21,BOM_DEL,7,8959.575,16
2026-08-21,CCU_DEL,7,9320.05,15
2026-08-21,DEL_BLR,7,10870.15,9
2026-08-21,DEL_BOM,7,8916.305,12
2026-08-21,DEL_CCU,7,9786.875,16
2026-08-21,HYD_DEL,7,8907.675,12
2026-08-21,MAA_DEL,7,11364.45,17
2026-08-21,BLR_DEL,15,10093.625,14
2026-08-21,BLR_HYD,15,5738.1,15
2026-08-21,BOM_BLR,15,7740.780000000001,12
2026-08-21,BOM_DEL,15,9179.815,18
2026-08-21,CCU_DEL,15,8471.06,12
2026-08-21,DEL_BLR,15,9135.08,10
2026-08-21,DEL_BOM,15,9464.15,16
2026-08-21,DEL_CCU,15,8625.154999999999,14
2026-08-21,HYD_DEL,15,7553.955,20
2026-08-21,MAA_DEL,15,9948.64,19
2026-08-21,BLR_DEL,30,8569.63,9
2026-08-21,BLR_HYD,30,4881.15,17
2026-08-21,BOM_BLR,30,7080.219999999999,10
2026-08-21,BOM_DEL,30,7526.455,10
2026-08-21,CCU_DEL,30,7874.0,23
2026-08-21,DEL_BLR,30,8105.72,15
2026-08-21,DEL_BOM,30,7723.06,18
2026-08-21,DEL_CCU,30,7608.21,15
2026-08-21,HYD_DEL,30,6992.86,14
2026-08-21,MAA_DEL,30,9020.34,17
2026-08-21,BLR_DEL,45,7200.7,15
2026-08-21,BLR_HYD,45,4198.87,13
2026-08-21,BOM_BLR,45,5856.86,21
2026-08-21,BOM_DEL,45,7211.85,9
2026-08-21,CCU_DEL,45,6708.764999999999,18
2026-08-21,DEL_BLR,45,7020.92,16
2026-08-21,DEL_BOM,45,6431.12,14
2026-08-21,DEL_CCU,45,6542.8099999999995,14
2026-08-21,HYD_DEL,45,5794.3,15
2026-08-21,MAA_DEL,45,7553.49,15
2026-08-22,BLR_DEL,1,14623.825,10
2026-08-22,BLR_HYD,1,8510.515,18
2026-08-22,BOM_BLR,1,11747.26,19
2026-08-22,BOM_DEL,1,12064.46,19
2026-08-22,CCU_DEL,1,13190.02,16
2026-08-22,DEL_BLR,1,14043.43,19
2026-08-22,DEL_BOM,1,13601.564999999999,6
2026-08-22,DEL_CCU,1,13686.58,18
2026-08-22,HYD_DEL,1,12083.885,14
2026-08-22,MAA_DEL,1,14276.4,11
2026-08-22,BLR_DEL,7,10693.849999999999,14
2026-08-22,BLR_HYD,7,7098.995000000001,12
2026-08-22,BOM_BLR,7,9064.81,15
2026-08-22,BOM_DEL,7,10221.595,16
2026-08-22,CCU_DEL,7,11516.74,21
2026-08-22,DEL_BLR,7,11035.8,15
2026-08-22,DEL_BOM,7,10298.68,11
2026-08-22,DEL_CCU,7,10360.505000000001,12
2026-08-22,HYD_DEL,7,9461.634999999998,16
2026-08-22,MAA_DEL,7,12754.68,14
2026-08-22,BLR_DEL,15,9645.095000000001,12
2026-08-22,BLR_HYD,15,5590.73,15
2026-08-22,BOM_BLR,15,7775.875,14
2026-08-22,BOM_DEL,15,8205.94,14
2026-08-22,CCU_DEL,15,8976.07,15
2026-08-22,DEL_BLR,15,9475.55,14
2026-08-22,DEL_BOM,15,9450.56,11
2026-08-22,DEL_CCU,15,9807.665,16
2026-08-22,HYD_DEL,15,7810.835,8
2026-08-22,MAA_DEL,15,9492.310000000001,18
2026-08-22,BLR_DEL,30,7484.33,13
2026-08-22,BLR_HYD,30,4531.69,17
2026-08-22,BOM_BLR,30,5860.36,19
2026-08-22,BOM_DEL,30,6937.48,11
2026-08-22,CCU_DEL,30,7053.505,16
2026-08-22,DEL_BLR,30,7851.2,12
2026-08-22,DEL_BOM,30,6522.77,16
2026-08-22,DEL_CCU,30,7233.87,21
2026-08-22,HYD_DEL,30,6108.85,12
2026-08-22,MAA_DEL,30,8112.84,15
2026-08-22,BLR_DEL,45,7223.74,19
2026-08-22,BLR_HYD,45,4328.15,12
2026-08-22,BOM_BLR,45,5721.99,21
2026-08-22,BOM_DEL,45,6468.67,17
2026-08-22,CCU_DEL,45,6933.63,15
2026-08-22,DEL_BLR,45,7025.51,19
2026-08-22,DEL_BOM,45,7207.125,10
2026-08-22,DEL_CCU,45,6781.165,10
2026-08-22,HYD_DEL,45,5582.21,12
2026-08-22,MAA_DEL,45,7344.15,13
2026-08-23,BLR_DEL,1,13898.79,8
2026-08-23,BLR_HYD,1,7546.82,19
2026-08-23,BOM_BLR,1,9838.98,11
2026-08-23,BOM_DEL,1,11208.57,16
2026-08-23,CCU_DEL,1,11160.87,11
2026-08-23,DEL_BLR,1,12516.09,9
2026-08-23,DEL_BOM,1,11622.045,18
2026-08-23,DEL_CCU,1,12903.005000000001,14
2026-08-23,HYD_DEL,1,10871.5,18
2026-08-23,MAA_DEL,1,13778.32,15
2026-08-23,BLR_DEL,7,11668.83,16
2026-08-23,BLR_HYD,7,7102.06,9
2026-08-23,BOM_BLR,7,9164.73,17
2026-08-23,BOM_DEL,7,10271.845000000001,16
2026-08-23,CCU_DEL,7,11717.705,10
2026-08-23,DEL_BLR,7,11658.244999999999,14
2026-08-23,DEL_BOM,7,11012.765,12
2026-08-23,DEL_CCU,7,10660.5,11
2026-08-23,HYD_DEL,7,9571.994999999999,18
2026-08-23,MAA_DEL,7,11891.310000000001,10
2026-08-23,BLR_DEL,15,8972.15,13
2026-08-23,BLR_HYD,15,5208.16,18
2026-08-23,BOM_BLR,15,6783.58,11
2026-08-23,BOM_DEL,15,7489.4400000000005,6
2026-08-23,CCU_DEL,15,8021.1,13
2026-08-23,DEL_BLR,15,9149.65,15
2026-08-23,DEL_BOM,15,8110.895,12
2026-08-23,DEL_CCU,15,8341.28,13
2026-08-23,HYD_DEL,15,7286.07,15
2026-08-23,MAA_DEL,15,9336.455,16
2026-08-23,BLR_DEL,30,7324.045,14
2026-08-23,BLR_HYD,30,4192.65,17
2026-08-23,BOM_BLR,30,5948.26,11
2026-08-23,BOM_DEL,30,7216.325,20
2026-08-23,CCU_DEL,30,7116.83,15
2026-08-23,DEL_BLR,30,7994.735000000001,16
2026-08-23,DEL_BOM,30,6723.9349999999995,20
2026-08-23,DEL_CCU,30,7568.79,11
2026-08-23,HYD_DEL,30,6048.59,12
2026-08-23,MAA_DEL,30,8015.424999999999,16
2026-08-23,BLR_DEL,45,7118.02,13
2026-08-23,BLR_HYD,45,4302.35,21
2026-08-23,BOM_BLR,45,5957.25,16
2026-08-23,BOM_DEL,45,6434.469999999999,16
2026-08-23,CCU_DEL,45,6675.335,12
2026-08-23,DEL_BLR,45,7470.24,27
2026-08-23,DEL_BOM,45,6711.125,20
2026-08-23,DEL_CCU,45,6499.485000000001,16
2026-08-23,HYD_DEL,45,5989.58,17
2026-08-23,MAA_DEL,45,7013.69,15
2026-08-24,BLR_DEL,1,12876.25,10
2026-08-24,BLR_HYD,1,7363.825000000001,14
2026-08-24,BOM_BLR,1,11544.94,9
2026-08-24,BOM_DEL,1,11345.46,19
2026-08-24,CCU_DEL,1,12282.11,20
2026-08-24,DEL_BLR,1,12774.07,14
2026-08-24,DEL_BOM,1,12109.84,15
2026-08-24,DEL_CCU,1,11840.53,16
2026-08-24,HYD_DEL,1,10679.05,15
2026-08-24,MAA_DEL,1,14114.445,16
2026-08-24,BLR_DEL,7,10864.355,16
2026-08-24,BLR_HYD,7,5794.11,15
2026-08-24,BOM_BLR,7,8286.1,16
2026-08-24,BOM_DEL,7,9335.81,14
2026-08-24,CCU_DEL,7,9271.98,16
2026-08-24,DEL_BLR,7,10516.99,15
2026-08-24,DEL_BOM,7,9409.975,20
2026-08-24,DEL_CCU,7,9532.695,14
2026-08-24,HYD_DEL,7,8325.94,19
2026-08-24,MAA_DEL,7,11313.43,20
2026-08-24,BLR_DEL,15,9196.0,10
2026-08-24,BLR_HYD,15,4994.38,18
2026-08-24,BOM_BLR,15,6666.5,17
2026-08-24,BOM_DEL,15,7574.65,18
2026-08-24,CCU_DEL,15,7876.36,15
2026-08-24,DEL_BLR,15,8805.0,15
2026-08-24,DEL_BOM,15,8114.03,13
2026-08-24,DEL_CCU,15,8033.92,19
2026-08-24,HYD_DEL,15,7011.54,17
2026-08-24,MAA_DEL,15,9035.7,21
2026-08-24,BLR_DEL,30,7431.56,7
2026-08-24,BLR_HYD,30,4744.82,10
2026-08-24,BOM_BLR,30,5605.575000000001,12
2026-08-24,BOM_DEL,30,6345.53,13
2026-08-24,CCU_DEL,30,7151.72,19
2026-08-24,DEL_BLR,30,7864.28,15
2026-08-24,DEL_BOM,30,6848.49,18
2026-08-24,DEL_CCU,30,7270.03,19
2026-08-24,HYD_DEL,30,6248.6900000000005,14
2026-08-24,MAA_DEL,30,8657.29,16
2026-08-24,BLR_DEL,45,6982.79,15
2026-08-24,BLR_HYD,45,4035.06,11
2026-08-24,BOM_BLR,45,5809.915,10
2026-08-24,BOM_DEL,45,6833.92,9
2026-08-24,CCU_DEL,45,6654.155000000001,16
2026-08-24,DEL_BLR,45,7476.535,8
2026-08-24,DEL_BOM,45,6070.445,16
2026-08-24,DEL_CCU,45,6313.325000000001,14
2026-08-24,HYD_DEL,45,6036.295,12
2026-08-24,MAA_DEL,45,7585.635,26
2026-08-25,BLR_DEL,1,12377.81,17
2026-08-25,BLR_HYD,1,7374.79,14
2026-08-25,BOM_BLR,1,9815.470000000001,18
2026-08-25,BOM_DEL,1,10971.295,14
2026-08-25,CCU_DEL,1,12175.19,9
2026-08-25,DEL_BLR,1,12226.2,15
2026-08-25,DEL_BOM,1,11944.23,17
2026-08-25,DEL_CCU,1,12216.36,9
2026-08-25,HYD_DEL,1,10905.37,21
2026-08-25,MAA_DEL,1,13118.585,20
2026-08-25,BLR_DEL,7,10530.035,14
2026-08-25,BLR_HYD,7,6396.47,11
2026-08-25,BOM_BLR,7,8401.635,18
2026-08-25,BOM_DEL,7,8843.33,8
2026-08-25,CCU_DEL,7,9551.36,15
2026-08-25,DEL_BLR,7,10305.78,12
2026-08-25,DEL_BOM,7,9119.345000000001,14
2026-08-25,DEL_CCU,7,9864.745,20
2026-08-25,HYD_DEL,7,8173.68,15
2026-08-25,MAA_DEL,7,11519.41,12
2026-08-25,BLR_DEL,15,8391.509999999998,14
2026-08-25,BLR_HYD,15,5292.69,15
2026-08-25,BOM_BLR,15,7098.09,18
2026-08-25,BOM_DEL,15,8525.13,9
2026-08-25,CCU_DEL,15,8165.44,7
2026-08-25,DEL_BLR,15,9374.26,14
2026-08-25,DEL_BOM,15,7677.01,17
2026-08-25,DEL_CCU,15,8053.5599999999995,12
2026-08-25,HYD_DEL,15,6908.24,14
2026-08-25,MAA_DEL,15,8961.085,16
2026-08-25,BLR_DEL,30,7950.58,9
2026-08-25,BLR_HYD,30,4560.53,20
2026-08-25,BOM_BLR,30,6024.43,14
2026-08-25,BOM_DEL,30,7592.68,7
2026-08-25,CCU_DEL,30,7188.68,17
2026-08-25,DEL_BLR,30,7778.35,15
2026-08-25,DEL_BOM,30,6958.54,17
2026-08-25,DEL_CCU,30,7311.17,13
2026-08-25,HYD_DEL,30,6202.63,17
2026-08-25,MAA_DEL,30,8019.26,16
2026-08-25,BLR_DEL,45,7466.97,23
2026-08-25,BLR_HYD,45,4170.405000000001,18
2026-08-25,BOM_BLR,45,5767.55,15
2026-08-25,BOM_DEL,45,6756.135,18
2026-08-25,CCU_DEL,45,6956.16,11
2026-08-25,DEL_BLR,45,8064.25,22
2026-08-25,DEL_BOM,45,5870.45,17
2026-08-25,DEL_CCU,45,6461.81,15
2026-08-25,HYD_DEL,45,5956.110000000001,14
2026-08-25,MAA_DEL,45,7762.345,14
2026-08-26,BLR_DEL,1,12654.11,15
2026-08-26,BLR_HYD,1,7891.71,13
2026-08-26,BOM_BLR,1,9428.105,14
2026-08-26,BOM_DEL,1,11456.71,12
2026-08-26,CCU_DEL,1,11520.29,11
2026-08-26,DEL_BLR,1,12482.095,12
2026-08-26,DEL_BOM,1,12607.99,16
2026-08-26,DEL_CCU,1,12186.24,5
2026-08-26,HYD_DEL,1,10529.035,20
2026-08-26,MAA_DEL,1,13471.65,21
2026-08-26,BLR_DEL,7,11128.98,9
2026-08-26,BLR_HYD,7,5917.69,9
2026-08-26,BOM_BLR,7,8523.41,13
2026-08-26,BOM_DEL,7,9269.79,13
2026-08-26,CCU_DEL,7,10301.16,15
2026-08-26,DEL_BLR,7,10459.38,25
2026-08-26,DEL_BOM,7,9644.285,12
2026-08-26,DEL_CCU,7,9183.715,18
2026-08-26,HYD_DEL,7,8236.11,19
2026-08-26,MAA_DEL,7,11001.73,17
2026-08-26,BLR_DEL,15,8856.4,21
2026-08-26,BLR_HYD,15,5090.235000000001,12
2026-08-26,BOM_BLR,15,7357.86,15
2026-08-26,BOM_DEL,15,8071.375,14
2026-08-26,CCU_DEL,15,8547.93,10
2026-08-26,DEL_BLR,15,8298.3,14
2026-08-26,DEL_BOM,15,7863.635,10
2026-08-26,DEL_CCU,15,7906.88,13
2026-08-26,HYD_DEL,15,7662.045,8
2026-08-26,MAA_DEL,15,9250.189999999999,16
2026-08-26,BLR_DEL,30,7871.77,12
2026-08-26,BLR_HYD,30,4568.76,15
2026-08-26,BOM_BLR,30,5900.68,13
2026-08-26,BOM_DEL,30,6985.110000000001,18
2026-08-26,CCU_DEL,30,6797.485,18
2026-08-26,DEL_BLR,30,7721.43,16
2026-08-26,DEL_BOM,30,6881.200000000001,12
2026-08-26,DEL_CCU,30,6839.41,13
2026-08-26,HYD_DEL,30,6275.87,17
2026-08-26,MAA_DEL,30,8092.639999999999,16
2026-08-26,BLR_DEL,45,7672.405000000001,16
2026-08-26,BLR_HYD,45,4714.835,14
2026-08-26,BOM_BLR,45,6318.82,15
2026-08-26,BOM_DEL,45,7241.02,12
2026-08-26,CCU_DEL,45,7492.34,21
2026-08-26,DEL_BLR,45,7687.23,12
2026-08-26,DEL_BOM,45,7260.530000000001,20
2026-08-26,DEL_CCU,45,7182.99,13
2026-08-26,HYD_DEL,45,6301.51,15
2026-08-26,MAA_DEL,45,8531.68,13
2026-08-27,BLR_DEL,1,12556.29,10
2026-08-27,BLR_HYD,1,7883.360000000001,12
2026-08-27,BOM_BLR,1,10023.439999999999,20
2026-08-27,BOM_DEL,1,11193.095000000001,18
2026-08-27,CCU_DEL,1,12405.64,15
2026-08-27,DEL_BLR,1,12935.7,20
2026-08-27,DEL_BOM,1,12428.57,13
2026-08-27,DEL_CCU,1,12193.015,8
2026-08-27,HYD_DEL,1,10362.15,11
2026-08-27,MAA_DEL,1,13599.305,20
2026-08-27,BLR_DEL,7,10027.685,10
2026-08-27,BLR_HYD,7,6385.44,7
2026-08-27,BOM_BLR,7,7870.05,15
2026-08-27,BOM_DEL,7,8948.665,14
2026-08-27,CCU_DEL,7,9898.6,18
2026-08-27,DEL_BLR,7,10013.385,18
2026-08-27,DEL_BOM,7,9416.68,17
2026-08-27,DEL_CCU,7,10015.25,25
2026-08-27,HYD_DEL,7,8942.06,17
2026-08-27,MAA_DEL,7,10437.099999999999,14
2026-08-27,BLR_DEL,15,8914.744999999999,22
2026-08-27,BLR_HYD,15,5349.83,13
2026-08-27,BOM_BLR,15,6847.26,17
2026-08-27,BOM_DEL,15,7685.02,11
2026-08-27,CCU_DEL,15,8221.68,14
2026-08-27,DEL_BLR,15,8592.525000000001,16
2026-08-27,DEL_BOM,15,8325.95,13
2026-08-27,DEL_CCU,15,8926.865,14
2026-08-27,HYD_DEL,15,7235.56,19
2026-08-27,MAA_DEL,15,9870.435000000001,18
2026-08-27,BLR_DEL,30,8184.02,14
2026-08-27,BLR_HYD,30,4805.3,14
2026-08-27,BOM_BLR,30,5679.41,6
2026-08-27,BOM_DEL,30,7676.37,16
2026-08-27,CCU_DEL,30,7616.4,19
2026-08-27,DEL_BLR,30,7885.015,16
2026-08-27,DEL_BOM,30,8044.63,15
2026-08-27,DEL_CCU,30,7494.885,14
2026-08-27,HYD_DEL,30,7043.3099999999995,16
2026-08-27,MAA_DEL,30,8584.59,21
2026-08-27,BLR_DEL,45,7742.95,14
2026-08-27,BLR_HYD,45,4802.200000000001,22
2026-08-27,BOM_BLR,45,6394.32,17
2026-08-27,BOM_DEL,45,7179.365,10
2026-08-27,CCU_DEL,45,7151.215,8
2026-08-27,DEL_BLR,45,7677.54,17
2026-08-27,DEL_BOM,45,7479.42,15
2026-08-27,DEL_CCU,45,7614.12,21
2026-08-27,HYD_DEL,45,6299.47,17
2026-08-27,MAA_DEL,45,8373.77,17
2026-08-28,BLR_DEL,1,13788.49,15
2026-08-28,BLR_HYD,1,8137.6,19
2026-08-28,BOM_BLR,1,11826.03,19
2026-08-28,BOM_DEL,1,12874.23,21
2026-08-28,CCU_DEL,1,13943.66,15
2026-08-28,DEL_BLR,1,16669.52,6
2026-08-28,DEL_BOM,1,12679.285,12
2026-08-28,DEL_CCU,1,13985.88,9
2026-08-28,HYD_DEL,1,11396.71,13
2026-08-28,MAA_DEL,1,13644.23,12
2026-08-28,BLR_DEL,7,10081.7,12
2026-08-28,BLR_HYD,7,6154.59,15
2026-08-28,BOM_BLR,7,7979.81,19
2026-08-28,BOM_DEL,7,9291.61,11
2026-08-28,CCU_DEL,7,9759.740000000002,10
2026-08-28,DEL_BLR,7,10845.405,12
2026-08-28,DEL_BOM,7,8859.635,18
2026-08-28,DEL_CCU,7,10819.97,7
2026-08-28,HYD_DEL,7,8940.55,13
2026-08-28,MAA_DEL,7,10934.95,11
2026-08-28,BLR_DEL,15,9979.66,17
2026-08-28,BLR_HYD,15,5652.1,16
2026-08-28,BOM_BLR,15,7513.83,13
2026-08-28,BOM_DEL,15,8625.23,19
2026-08-28,CCU_DEL,15,8998.52,17
2026-08-28,DEL_BLR,15,9132.87,19
2026-08-28,DEL_BOM,15,8166.99,17
2026-08-28,DEL_CCU,15,8999.615,20
2026-08-28,HYD_DEL,15,8390.09,21
2026-08-28,MAA_DEL,15,9812.98,17
2026-08-28,BLR_DEL,30,8306.745,10
2026-08-28,BLR_HYD,30,5006.14,17
2026-08-28,BOM_BLR,30,6823.610000000001,10
2026-08-28,BOM_DEL,30,7437.82,11
2026-08-28,CCU_DEL,30,7823.745,16
2026-08-28,DEL_BLR,30,8135.45,18
2026-08-28,DEL_BOM,30,7072.08,17
2026-08-28,DEL_CCU,30,7881.95,11
2026-08-28,HYD_DEL,30,6134.36,13
2026-08-28,MAA_DEL,30,8537.27,13
2026-08-28,BLR_DEL,45,7363.610000000001,16
2026-08-28,BLR_HYD,45,4250.26,11
2026-08-28,BOM_BLR,45,5802.84,13
2026-08-28,BOM_DEL,45,6448.76,13
2026-08-28,CCU_DEL,45,6758.46,16
2026-08-28,DEL_BLR,45,7508.745,18
2026-08-28,DEL_BOM,45,6387.505,18
2026-08-28,DEL_CCU,45,7142.96,14
2026-08-28,HYD_DEL,45,5824.17,14
2026-08-28,MAA_DEL,45,7973.860000000001,14
2026-08-29,BLR_DEL,1,14183.715,20
2026-08-29,BLR_HYD,1,8763.485,18
2026-08-29,BOM_BLR,1,11507.794905274099,12
2026-08-29,BOM_DEL,1,12753.945,18
2026-08-29,CCU_DEL,1,13778.49,11
2026-08-29,DEL_BLR,1,14685.39,14
2026-08-29,DEL_BOM,1,12918.61,15
2026-08-29,DEL_CCU,1,12968.51,11
2026-08-29,HYD_DEL,1,11574.13,17
2026-08-29,MAA_DEL,1,14836.54,10
2026-08-29,BLR_DEL,7,11121.31,14
2026-08-29,BLR_HYD,7,6853.8,14
2026-08-29,BOM_BLR,7,8927.51,7
2026-08-29,BOM_DEL,7,11664.47,9
2026-08-29,CCU_DEL,7,10801.91,7
2026-08-29,DEL_BLR,7,11124.25,15
2026-08-29,DEL_BOM,7,9715.105,18
2026-08-29,DEL_CCU,7,10587.015,18
2026-08-29,HYD_DEL,7,9437.8,11
2026-08-29,MAA_DEL,7,12513.465,18
2026-08-29,BLR_DEL,15,10409.54,10
2026-08-29,BLR_HYD,15,5819.53,15
2026-08-29,BOM_BLR,15,7233.84,13
2026-08-29,BOM_DEL,15,8418.88,9
2026-08-29,CCU_DEL,15,8812.39,10
2026-08-29,DEL_BLR,15,9463.43,17
2026-08-29,DEL_BOM,15,8567.465,12
2026-08-29,DEL_CCU,15,9050.494999999999,14
2026-08-29,HYD_DEL,15,8239.970000000001,14
2026-08-29,MAA_DEL,15,9878.845000000001,18
2026-08-29,BLR_DEL,30,7696.915,18
2026-08-29,BLR_HYD,30,4288.16,18
2026-08-29,BOM_BLR,30,5742.955,12
2026-08-29,BOM_DEL,30,6800.51,18
2026-08-29,CCU_DEL,30,6733.73,14
2026-08-29,DEL_BLR,30,7962.49,15
2026-08-29,DEL_BOM,30,7052.780000000001,14
2026-08-29,DEL_CCU,30,7452.17,18
2026-08-29,HYD_DEL,30,6054.325000000001,18
2026-08-29,MAA_DEL,30,7600.08,18
2026-08-29,BLR_DEL,45,7579.52,15
2026-08-29,BLR_HYD,45,4207.665,18
2026-08-29,BOM_BLR,45,5652.37,12
2026-08-29,BOM_DEL,45,6363.08,15
2026-08-29,CCU_DEL,45,6597.745,18
2026-08-29,DEL_BLR,45,7597.625,20
2026-08-29,DEL_BOM,45,6157.145,6
2026-08-29,DEL_CCU,45,6537.11,15
2026-08-29,HYD_DEL,45,5978.76,19
2026-08-29,MAA_DEL,45,6869.65,16
2026-08-30,BLR_DEL,1,12326.919999999998,10
2026-08-30,BLR_HYD,1,7354.905000000001,14
2026-08-30,BOM_BLR,1,9977.64,17
2026-08-30,BOM_DEL,1,11669.005000000001,12
2026-08-30,CCU_DEL,1,12342.235,18
2026-08-30,DEL_BLR,1,13714.915,8
2026-08-30,DEL_BOM,1,12262.26,15
2026-08-30,DEL_CCU,1,12822.82,14
2026-08-30,HYD_DEL,1,10068.94,13
2026-08-30,MAA_DEL,1,13545.425,16
2026-08-30,BLR_DEL,7,10783.71,11
2026-08-30,BLR_HYD,7,6375.32,12
2026-08-30,BOM_BLR,7,9504.09,13
2026-08-30,BOM_DEL,7,10251.41,15
2026-08-30,CCU_DEL,7,10998.95,13
2026-08-30,DEL_BLR,7,10918.405,16
2026-08-30,DEL_BOM,7,9705.435000000001,6
2026-08-30,DEL_CCU,7,10028.805,10
2026-08-30,HYD_DEL,7,9335.38,9
2026-08-30,MAA_DEL,7,11790.44,13
2026-08-30,BLR_DEL,15,9219.87,19
2026-08-30,BLR_HYD,15,4999.735000000001,14
2026-08-30,BOM_BLR,15,7001.370000000001,16
2026-08-30,BOM_DEL,15,8146.32,20
2026-08-30,CCU_DEL,15,8194.835,16
2026-08-30,DEL_BLR,15,8717.78,13
2026-08-30,DEL_BOM,15,8320.48,13
2026-08-30,DEL_CCU,15,8646.51,15
2026-08-30,HYD_DEL,15,6783.64,11
2026-08-30,MAA_DEL,15,10100.54,15
2026-08-30,BLR_DEL,30,7882.37,13
2026-08-30,BLR_HYD,30,4301.255,14
2026-08-30,BOM_BLR,30,5999.69,21
2026-08-30,BOM_DEL,30,6688.9,24
2026-08-30,CCU_DEL,30,7237.37,21
2026-08-30,DEL_BLR,30,7402.07,10
2026-08-30,DEL_BOM,30,7142.79,13
2026-08-30,DEL_CCU,30,7291.77,13
2026-08-30,HYD_DEL,30,6315.38,21
2026-08-30,MAA_DEL,30,7400.08,8
2026-08-30,BLR_DEL,45,7309.17,13
2026-08-30,BLR_HYD,45,4165.655000000001,18
2026-08-30,BOM_BLR,45,5460.385,16
2026-08-30,BOM_DEL,45,6195.91,15
2026-08-30,CCU_DEL,45,6911.469999999999,16
2026-08-30,DEL_BLR,45,8047.4,10
2026-08-30,DEL_BOM,45,6391.32,17
2026-08-30,DEL_CCU,45,6895.5,15
2026-08-30,HYD_DEL,45,6123.58,16
2026-08-30,MAA_DEL,45,7372.23,13
2026-08-31,BLR_DEL,1,13309.47,12
2026-08-31,BLR_HYD,1,8072.37,14
2026-08-31,BOM_BLR,1,9796.93,7
2026-08-31,BOM_DEL,1,11369.975,16
2026-08-31,CCU_DEL,1,11716.900000000001,12
2026-08-31,DEL_BLR,1,12734.4,7
2026-08-31,DEL_BOM,1,11367.96,19
2026-08-31,DEL_CCU,1,12195.025000000001,14
2026-08-31,HYD_DEL,1,10395.599999999999,20
2026-08-31,MAA_DEL,1,14349.515,8
2026-08-31,BLR_DEL,7,10372.96,15
2026-08-31,BLR_HYD,7,5965.83,17
2026-08-31,BOM_BLR,7,7545.98,13
2026-08-31,BOM_DEL,7,9143.92,19
2026-08-31,CCU_DEL,7,9725.315,18
2026-08-31,DEL_BLR,7,10632.12,9
2026-08-31,DEL_BOM,7,10134.61,15
2026-08-31,DEL_CCU,7,10162.95,11
2026-08-31,HYD_DEL,7,8459.94,15
2026-08-31,MAA_DEL,7,11744.01,15
2026-08-31,BLR_DEL,15,9203.880000000001,16
2026-08-31,BLR_HYD,15,4882.13,9
2026-08-31,BOM_BLR,15,7219.98,15
2026-08-31,BOM_DEL,15,7621.9349999999995,12
2026-08-31,CCU_DEL,15,7656.799999999999,8
2026-08-31,DEL_BLR,15,8294.060000000001,8
2026-08-31,DEL_BOM,15,7620.36,17
2026-08-31,DEL_CCU,15,7809.13,13
2026-08-31,HYD_DEL,15,6956.25,18
2026-08-31,MAA_DEL,15,9040.075,14
2026-08-31,BLR_DEL,30,7201.48,15
2026-08-31,BLR_HYD,30,5060.16,12
2026-08-31,BOM_BLR,30,6028.34,19
2026-08-31,BOM_DEL,30,6528.17,15
2026-08-31,CCU_DEL,30,7208.77,13
2026-08-31,DEL_BLR,30,7465.8,21
2026-08-31,DEL_BOM,30,6891.334999999999,18
2026-08-31,DEL_CCU,30,7236.780000000001,14
2026-08-31,HYD_DEL,30,6294.335,12
2026-08-31,MAA_DEL,30,8109.84,9
2026-08-31,BLR_DEL,45,7261.9349999999995,16
2026-08-31,BLR_HYD,45,4183.95,15
2026-08-31,BOM_BLR,45,5374.61,9
2026-08-31,BOM_DEL,45,6237.995,14
2026-08-31,CCU_DEL,45,6955.33,15
2026-08-31,DEL_BLR,45,7109.8,11
2026-08-31,DEL_BOM,45,6102.51,14
2026-08-31,DEL_CCU,45,6439.635,14
2026-08-31,HYD_DEL,45,5905.67,22
2026-08-31,MAA_DEL,45,7844.51,19
2026-09-01,BLR_DEL,1,12406.15,16
2026-09-01,BLR_HYD,1,7196.265,10
2026-09-01,BOM_BLR,1,9879.92,19
2026-09-01,BOM_DEL,1,12052.939999999999,16
2026-09-01,CCU_DEL,1,12286.86,13
2026-09-01,DEL_BLR,1,13193.224999999999,12
2026-09-01,DEL_BOM,1,11561.83,12
2026-09-01,DEL_CCU,1,12373.13,13
2026-09-01,HYD_DEL,1,11888.89,8
2026-09-01,MAA_DEL,1,12356.12,13
2026-09-01,BLR_DEL,7,10054.84,12
2026-09-01,BLR_HYD,7,6160.33,5
2026-09-01,BOM_BLR,7,7558.76,14
2026-09-01,BOM_DEL,7,8746.900000000001,14
2026-09-01,CCU_DEL,7,10272.01,16
2026-09-01,DEL_BLR,7,9813.67,13
2026-09-01,DEL_BOM,7,9619.32,8
2026-09-01,DEL_CCU,7,8659.525000000001,14
2026-09-01,HYD_DEL,7,8947.86,16
2026-09-01,MAA_DEL,7,10716.935000000001,18
2026-09-01,BLR_DEL,15,8452.175,10
2026-09-01,BLR_HYD,15,5022.1,13
2026-09-01,BOM_BLR,15,6954.48,17
2026-09-01,BOM_DEL,15,8203.32,13
2026-09-01,CCU_DEL,15,7811.58,20
2026-09-01,DEL_BLR,15,8474.19,15
2026-09-01,DEL_BOM,15,7520.83,13
2026-09-01,DEL_CCU,15,8055.74,16
2026-09-01,HYD_DEL,15,7073.1,21
2026-09-01,MAA_DEL,15,9271.51,9
2026-09-01,BLR_DEL,30,7622.61,11
2026-09-01,BLR_HYD,30,4266.345,16
2026-09-01,BOM_BLR,30,5807.025,16
2026-09-01,BOM_DEL,30,7007.18,13
2026-09-01,CCU_DEL,30,7092.01,16
2026-09-01,DEL_BLR,30,8091.11,12
2026-09-01,DEL_BOM,30,6928.335,18
2026-09-01,DEL_CCU,30,6876.59,15
2026-09-01,HYD_DEL,30,6016.68,15
2026-09-01,MAA_DEL,30,8165.754999999999,22
2026-09-01,BLR_DEL,45,7676.29,14
2026-09-01,BLR_HYD,45,4036.135,18
2026-09-01,BOM_BLR,45,5638.75,18
2026-09-01,BOM_DEL,45,6977.93,19
2026-09-01,CCU_DEL,45,7100.5,16
2026-09-01,DEL_BLR,45,6766.97,18
2026-09-01,DEL_BOM,45,6218.445,16
2026-09-01,DEL_CCU,45,6352.13,13
2026-09-01,HYD_DEL,45,5516.145,10
2026-09-01,MAA_DEL,45,7648.84,11
2026-09-02,BLR_DEL,1,12982.485,10
2026-09-02,BLR_HYD,1,7344.79,17
2026-09-02,BOM_BLR,1,11572.235,10
2026-09-02,BOM_DEL,1,12347.380000000001,16
2026-09-02,CCU_DEL,1,12875.865,10
2026-09-02,DEL_BLR,1,12894.19,19
2026-09-02,DEL_BOM,1,11430.26,6
2026-09-02,DEL_CCU,1,12635.15,19
2026-09-02,HYD_DEL,1,10390.57,13
2026-09-02,MAA_DEL,1,14046.67,18
2026-09-02,BLR_DEL,7,10054.07,19
2026-09-02,BLR_HYD,7,5951.455,16
2026-09-02,BOM_BLR,7,7844.085,14
2026-09-02,BOM_DEL,7,8491.03,12
2026-09-02,CCU_DEL,7,9306.555,20
2026-09-02,DEL_BLR,7,10408.71,18
2026-09-02,DEL_BOM,7,9009.875,20
2026-09-02,DEL_CCU,7,9979.57,7
2026-09-02,HYD_DEL,7,8619.65,21
2026-09-02,MAA_DEL,7,11062.3,13
2026-09-02,BLR_DEL,15,8254.405,14
2026-09-02,BLR_HYD,15,4814.2,17
2026-09-02,BOM_BLR,15,7026.67,8
2026-09-02,BOM_DEL,15,7918.4,17
2026-09-02,CCU_DEL,15,7507.38,15
2026-09-02,DEL_BLR,15,9266.369999999999,16
2026-09-02,DEL_BOM,15,7667.71,9
2026-09-02,DEL_CCU,15,7876.57,13
2026-09-02,HYD_DEL,15,7264.49,12
2026-09-02,MAA_DEL,15,9573.61,13
2026-09-02,BLR_DEL,30,7896.74,10
2026-09-02,BLR_HYD,30,4253.54,19
2026-09-02,BOM_BLR,30,6006.08,14
2026-09-02,BOM_DEL,30,6607.2,17
2026-09-02,CCU_DEL,30,7587.15,15
2026-09-02,DEL_BLR,30,8191.62,9
2026-09-02,DEL_BOM,30,6458.7,9
2026-09-02,DEL_CCU,30,7456.71,12
2026-09-02,HYD_DEL,30,5732.32,14
2026-09-02,MAA_DEL,30,7365.23,11
2026-09-02,BLR_DEL,45,8362.15,13
2026-09-02,BLR_HYD,45,4690.14,23
2026-09-02,BOM_BLR,45,6093.6849999999995,16
2026-09-02,BOM_DEL,45,7321.61,19
2026-09-02,CCU_DEL,45,8198.45,11
2026-09-02,DEL_BLR,45,7733.4,18
2026-09-02,DEL_BOM,45,7141.79,15
2026-09-02,DEL_CCU,45,7708.73,11
2026-09-02,HYD_DEL,45,6845.82,17
2026-09-02,MAA_DEL,45,7894.44,11
2026-09-03,BLR_DEL,1,13471.619999999999,12
2026-09-03,BLR_HYD,1,7781.844999999999,10
2026-09-03,BOM_BLR,1,9854.21,19
2026-09-03,BOM_DEL,1,12410.36,13
2026-09-03,CCU_DEL,1,12750.91,5
2026-09-03,DEL_BLR,1,12414.11,11
2026-09-03,DEL_BOM,1,11320.17,12
2026-09-03,DEL_CCU,1,12402.05,15
2026-09-03,HYD_DEL,1,10509.58,17
2026-09-03,MAA_DEL,1,13633.53,19
2026-09-03,BLR_DEL,7,9974.22,15
2026-09-03,BLR_HYD,7,5800.99,9
2026-09-03,BOM_BLR,7,7557.57,15
2026-09-03,BOM_DEL,7,9078.14,20
2026-09-03,CCU_DEL,7,9714.46,16
2026-09-03,DEL_BLR,7,10441.185000000001,28
2026-09-03,DEL_BOM,7,9669.75,16
2026-09-03,DEL_CCU,7,9468.41,9
2026-09-03,HYD_DEL,7,8215.64,11
2026-09-03,MAA_DEL,7,10423.31,13
2026-09-03,BLR_DEL,15,9298.81,7
2026-09-03,BLR_HYD,15,5110.005,12
2026-09-03,BOM_BLR,15,6894.59,9
2026-09-03,BOM_DEL,15,7928.755,12
2026-09-03,CCU_DEL,15,8536.53,10
2026-09-03,DEL_BLR,15,9418.66,13
2026-09-03,DEL_BOM,15,7479.03,11
2026-09-03,DEL_CCU,15,8129.74,12
2026-09-03,HYD_DEL,15,7344.28,13
2026-09-03,MAA_DEL,15,9335.650000000001,18
2026-09-03,BLR_DEL,30,7909.595,24
2026-09-03,BLR_HYD,30,4612.79,12
2026-09-03,BOM_BLR,30,6678.51,15
2026-09-03,BOM_DEL,30,7855.0,15
2026-09-03,CCU_DEL,30,7683.52,25
2026-09-03,DEL_BLR,30,8043.514999999999,6
2026-09-03,DEL_BOM,30,7221.0,13
2026-09-03,DEL_CCU,30,8010.995000000001,18
2026-09-03,HYD_DEL,30,6878.11,17
2026-09-03,MAA_DEL,30,8604.54,15
2026-09-03,BLR_DEL,45,8049.280000000001,16
2026-09-03,BLR_HYD,45,4315.110000000001,12
2026-09-03,BOM_BLR,45,5964.78,15
2026-09-03,BOM_DEL,45,7410.58,4
2026-09-03,CCU_DEL,45,6950.35,12
2026-09-03,DEL_BLR,45,7930.58,13
2026-09-03,DEL_BOM,45,7006.34,17
2026-09-03,DEL_CCU,45,7580.585,18
2026-09-03,HYD_DEL,45,6963.86,15
2026-09-03,MAA_DEL,45,8565.98,10
