collection_date,route,advance_days,representative_fare,observation_count,base_fare,route_index
2026-07-01,BLR_DEL,1,12766.82,7,12766.82,100.0
2026-07-02,BLR_DEL,1,14458.314999999999,14,12766.82,113.24914896583486
2026-07-03,BLR_DEL,1,13308.54,12,12766.82,104.24318663535634
2026-07-04,BLR_DEL,1,15319.3,13,12766.82,119.99307580117838
2026-07-05,BLR_DEL,1,12417.3,15,12766.82,97.26227831206205
2026-07-06,BLR_DEL,1,12755.12,17,12766.82,99.90835619206663
2026-07-07,BLR_DEL,1,12401.0,19,12766.82,97.13460360528308
2026-07-08,BLR_DEL,1,13557.814999999999,16,12766.82,106.19570887660356
2026-07-09,BLR_DEL,1,13513.205,10,12766.82,105.84628748584221
2026-07-10,BLR_DEL,1,14150.81,16,12766.82,110.8405225420269
2026-07-11,BLR_DEL,1,14369.14,12,12766.82,112.5506586604965
2026-07-12,BLR_DEL,1,13358.3,17,12766.82,104.63294696721658
2026-07-13,BLR_DEL,1,13192.07,19,12766.82,103.33089994219391
2026-07-14,BLR_DEL,1,13147.630000000001,24,12766.82,102.98281012812902
2026-07-15,BLR_DEL,1,12577.07,12,12766.82,98.51372542261895
2026-07-16,BLR_DEL,1,14136.83,24,12766.82,110.73101994075267
2026-07-17,BLR_DEL,1,13698.8,13,12766.82,107.30001676220076
2026-07-18,BLR_DEL,1,13763.025,16,12766.82,107.80307860532223
2026-07-19,BLR_DEL,1,14348.925,12,12766.82,112.39231852567828
2026-07-20,BLR_DEL,1,13417.325,16,12766.82,105.09527822903434
2026-07-21,BLR_DEL,1,12686.77,13,12766.82,99.37298403204558
2026-07-22,BLR_DEL,1,13665.720000000001,14,12766.82,107.04090760267633
2026-07-23,BLR_DEL,1,12669.62,15,12766.82,99.23865144178426
2026-07-24,BLR_DEL,1,15085.900000000001,20,12766.82,118.16489932496896
2026-07-25,BLR_DEL,1,14242.400000000001,14,12766.82,111.55792906925923
2026-07-26,BLR_DEL,1,13204.055,12,12766.82,103.4247760992949
2026-07-27,BLR_DEL,1,12898.974999999999,12,12766.82,101.03514422542183
2026-07-28,BLR_DEL,1,12392.095000000001,12,12766.82,97.06485248480045
2026-07-29,BLR_DEL,1,12406.39,7,12766.82,97.1768224193652
2026-07-30,BLR_DEL,1,12957.175,20,12766.82,101.49101342385967
2026-07-31,BLR_DEL,1,14439.17,9,12766.82,113.09918993140032
2026-08-01,BLR_DEL,1,14877.195,18,12766.82,116.53015394593172
2026-08-02,BLR_DEL,1,12950.46,18,12766.82,101.43841614434919
2026-08-03,BLR_DEL,1,12168.32,16,12766.82,95.3120667480234
2026-08-04,BLR_DEL,1,13193.41,17,12766.82,103.34139589968372
2026-08-05,BLR_DEL,1,13702.33,15,12766.82,107.32766656066272
2026-08-06,BLR_DEL,1,13158.94,17,12766.82,103.07139914246461
2026-08-07,BLR_DEL,1,14402.73,15,12766.82,112.81376255011035
2026-08-08,BLR_DEL,1,14818.37,13,12766.82,116.06938924493335
2026-08-09,BLR_DEL,1,12865.97,17,12766.82,100.77662252620465
2026-08-10,BLR_DEL,1,13620.53,20,12766.82,106.68694318553878
2026-08-11,BLR_DEL,1,13456.41,14,12766.82,105.40142337716047
2026-08-12,BLR_DEL,1,13453.46,19,12766.82,105.3783166050747
2026-08-13,BLR_DEL,1,13272.14,12,12766.82,103.95807256623027
2026-08-14,BLR_DEL,1,14456.43,21,12766.82,113.23438413011229
2026-08-15,BLR_DEL,1,15203.59,13,12766.82,119.08674203912956
2026-08-16,BLR_DEL,1,12832.76,13,12766.82,100.5164951021476
2026-08-17,BLR_DEL,1,12635.31,15,12766.82,98.96990793322064
2026-08-18,BLR_DEL,1,13507.58,21,12766.82,105.80222796279732
2026-08-19,BLR_DEL,1,12725.46,13,12766.82,99.67603522255347
2026-08-20,BLR_DEL,1,12738.46,13,12766.82,99.77786167581276
2026-08-21,BLR_DEL,1,14879.07,7,12766.82,116.54484045361335
2026-08-22,BLR_DEL,1,14623.825,10,12766.82,114.54555637190782
2026-08-23,BLR_DEL,1,13898.79,8,12766.82,108.86649925353377
2026-08-24,BLR_DEL,1,12876.25,10,12766.82,100.85714375232047
2026-08-25,BLR_DEL,1,12377.81,17,12766.82,96.95296087827666
2026-08-26,BLR_DEL,1,12654.11,15,12766.82,99.1171646502418
2026-08-27,BLR_DEL,1,12556.29,10,12766.82,98.350959753486
2026-08-28,BLR_DEL,1,13788.49,15,12766.82,108.00254096164903
2026-08-29,BLR_DEL,1,14183.715,20,12766.82,111.09826096083441
2026-08-30,BLR_DEL,1,12326.919999999998,10,12766.82,96.55434947778694
2026-08-31,BLR_DEL,1,13309.47,12,12766.82,104.25047114316644
2026-09-01,BLR_DEL,1,12406.15,16,12766.82,97.17494254638194
2026-09-02,BLR_DEL,1,12982.485,10,12766.82,101.68926169555144
2026-09-03,BLR_DEL,1,13471.619999999999,12,12766.82,105.52056032747387
2026-07-01,BLR_DEL,7,10173.86,11,10173.86,100.0
2026-07-02,BLR_DEL,7,10200.73,17,10173.86,100.26410821458127
2026-07-03,BLR_DEL,7,10137.25,16,10173.86,99.64015624354964
2026-07-04,BLR_DEL,7,11969.88,11,10173.86,117.65328007265678
2026-07-05,BLR_DEL,7,11594.14,9,10173.86,113.96008987739165
2026-07-06,BLR_DEL,7,10648.23,10,10173.86,104.66263542057783
2026-07-07,BLR_DEL,7,9635.435000000001,8,10173.86,94.70776086952249
2026-07-08,BLR_DEL,7,10297.835,12,10173.86,101.21856404550485
2026-07-09,BLR_DEL,7,10863.195,10,10173.86,106.77555028278351
2026-07-10,BLR_DEL,7,10791.375,18,10173.86,106.0696235253876
2026-07-11,BLR_DEL,7,10639.405,16,10173.86,104.57589351534227
2026-07-12,BLR_DEL,7,11449.43,12,10173.86,112.53771921374975
2026-07-13,BLR_DEL,7,10659.915,10,10173.86,104.7774885834875
2026-07-14,BLR_DEL,7,10508.55,24,10173.86,103.2897051856424
2026-07-15,BLR_DEL,7,10172.43,19,10173.86,99.98594437116296
2026-07-16,BLR_DEL,7,10238.8,13,10173.86,100.63830247320091
2026-07-17,BLR_DEL,7,10000.55,13,10173.86,98.29651675961728
2026-07-18,BLR_DEL,7,11104.69,21,10173.86,109.14923146180506
2026-07-19,BLR_DEL,7,11480.09,24,10173.86,112.83907975930472
2026-07-20,BLR_DEL,7,9829.38,15,10173.86,96.61406781693475
2026-07-21,BLR_DEL,7,10291.08,17,10173.86,101.15216840019421
2026-07-22,BLR_DEL,7,10714.36,19,10173.86,105.31263453595783
2026-07-23,BLR_DEL,7,10793.835,14,10173.86,106.09380313863173
2026-07-24,BLR_DEL,7,10331.44,15,10173.86,101.54887132317528
2026-07-25,BLR_DEL,7,11033.05,15,10173.86,108.4450739444026
2026-07-26,BLR_DEL,7,12425.11,15,10173.86,122.12778630726193
2026-07-27,BLR_DEL,7,10144.25,10,10173.86,99.70896002107361
2026-07-28,BLR_DEL,7,10678.57,19,10173.86,104.96085065058884
2026-07-29,BLR_DEL,7,10393.52,11,10173.86,102.15906253870213
2026-07-30,BLR_DEL,7,9938.625,14,10173.86,97.68784905630704
2026-07-31,BLR_DEL,7,10297.48,13,10173.86,101.21507471107327
2026-08-01,BLR_DEL,7,11214.095000000001,16,10173.86,110.22458535894933
2026-08-02,BLR_DEL,7,11633.68,15,10173.86,114.34873292929133
2026-08-03,BLR_DEL,7,9606.115,8,10173.86,94.41957133280779
2026-08-04,BLR_DEL,7,10506.34,23,10173.86,103.26798285016699
2026-08-05,BLR_DEL,7,9899.07,23,10173.86,97.29905856774124
2026-08-06,BLR_DEL,7,10156.61,13,10173.86,99.83044783395879
2026-08-07,BLR_DEL,7,10376.93,15,10173.86,101.99599758597031
2026-08-08,BLR_DEL,7,10815.81,13,10173.86,106.30979785450162
2026-08-09,BLR_DEL,7,11633.01,13,10173.86,114.34214742487119
2026-08-10,BLR_DEL,7,10607.75,17,10173.86,104.26475300426779
2026-08-11,BLR_DEL,7,10498.31,16,10173.86,103.18905508823593
2026-08-12,BLR_DEL,7,10229.73,7,10173.86,100.54915243575199
2026-08-13,BLR_DEL,7,10011.72,11,10173.86,98.4063079303234
2026-08-14,BLR_DEL,7,10885.24,9,10173.86,106.99223303642864
2026-08-15,BLR_DEL,7,10569.900000000001,12,10173.86,103.89272115008464
2026-08-16,BLR_DEL,7,10734.994999999999,14,10173.86,105.5154582429874
2026-08-17,BLR_DEL,7,10119.505000000001,10,10173.86,99.4657386675264
2026-08-18,BLR_DEL,7,10148.56,16,10173.86,99.75132348980623
2026-08-19,BLR_DEL,7,10390.61,11,10173.86,102.1304598254743
2026-08-20,BLR_DEL,7,10196.09,17,10173.86,100.21850113919398
2026-08-21,BLR_DEL,7,9709.56,11,10173.86,95.43634372794592
2026-08-22,BLR_DEL,7,10693.849999999999,14,10173.86,105.11103946781259
2026-08-23,BLR_DEL,7,11668.83,16,10173.86,114.69422618357241
2026-08-24,BLR_DEL,7,10864.355,16,10173.86,106.78695205163034
2026-08-25,BLR_DEL,7,10530.035,14,10173.86,103.50088363708562
2026-08-26,BLR_DEL,7,11128.98,9,10173.86,109.38798056981322
2026-08-27,BLR_DEL,7,10027.685,10,10173.86,98.56322968863341
2026-08-28,BLR_DEL,7,10081.7,12,10173.86,99.09414912334158
2026-08-29,BLR_DEL,7,11121.31,14,10173.86,109.3125912878691
2026-08-30,BLR_DEL,7,10783.71,11,10173.86,105.99428338899885
2026-08-31,BLR_DEL,7,10372.96,15,10173.86,101.95697601500314
2026-09-01,BLR_DEL,7,10054.84,12,10173.86,98.83013919987104
2026-09-02,BLR_DEL,7,10054.07,19,10173.86,98.8225707843434
2026-09-03,BLR_DEL,7,9974.22,15,10173.86,98.03771626501641
2026-07-01,BLR_DEL,15,8999.96,13,8999.96,100.0
2026-07-02,BLR_DEL,15,8416.46,9,8999.96,93.51663785172379
2026-07-03,BLR_DEL,15,9541.19,17,8999.96,106.01369339419288
2026-07-04,BLR_DEL,15,9818.825,12,8999.96,109.09854043795752
2026-07-05,BLR_DEL,15,8550.195,10,8999.96,95.00258890039512
2026-07-06,BLR_DEL,15,8563.82,21,8999.96,95.1539784621265
2026-07-07,BLR_DEL,15,8536.805,14,8999.96,94.85381046137984
2026-07-08,BLR_DEL,15,8643.369999999999,18,8999.96,96.03787127942792
2026-07-09,BLR_DEL,15,8601.529999999999,18,8999.96,95.57298032435699
2026-07-10,BLR_DEL,15,10161.34,17,8999.96,112.9042795745759
2026-07-11,BLR_DEL,15,10189.04,17,8999.96,113.21205872026101
2026-07-12,BLR_DEL,15,9067.45,23,8999.96,100.74989222174322
2026-07-13,BLR_DEL,15,9318.74,17,8999.96,103.54201574229221
2026-07-14,BLR_DEL,15,8903.970000000001,8,8999.96,98.93343970417648
2026-07-15,BLR_DEL,15,8840.13,15,8999.96,98.22410321823652
2026-07-16,BLR_DEL,15,9358.79,13,8999.96,103.98701772007877
2026-07-17,BLR_DEL,15,10281.555,10,8999.96,114.2400077333677
2026-07-18,BLR_DEL,15,10396.16,17,8999.96,115.51340228178792
2026-07-19,BLR_DEL,15,8466.375,16,8999.96,94.07125142778413
2026-07-20,BLR_DEL,15,9803.055,10,8999.96,108.9233174369664
2026-07-21,BLR_DEL,15,8401.07,11,8999.96,93.34563709172042
2026-07-22,BLR_DEL,15,9619.32,17,8999.96,106.88180836359274
2026-07-23,BLR_DEL,15,8595.87,13,8999.96,95.51009115596071
2026-07-24,BLR_DEL,15,9869.779999999999,16,8999.96,109.66470962093165
2026-07-25,BLR_DEL,15,10312.63,19,8999.96,114.5852870457202
2026-07-26,BLR_DEL,15,9151.835,12,8999.96,101.68750750003332
2026-07-27,BLR_DEL,15,8399.33,12,8999.96,93.32630367246078
2026-07-28,BLR_DEL,15,8021.335,14,8999.96,89.12634056151362
2026-07-29,BLR_DEL,15,8825.28,13,8999.96,98.05910248489995
2026-07-30,BLR_DEL,15,8747.27,16,8999.96,97.19232085475937
2026-07-31,BLR_DEL,15,9626.15,15,8999.96,106.95769758976708
2026-08-01,BLR_DEL,15,10488.525,18,8999.96,116.53968462082054
2026-08-02,BLR_DEL,15,9444.51,15,8999.96,104.93946639762845
2026-08-03,BLR_DEL,15,8188.86,13,8999.96,90.98773772327877
2026-08-04,BLR_DEL,15,9178.85,15,8999.96,101.98767550078003
2026-08-05,BLR_DEL,15,8450.630000000001,12,8999.96,93.89630620580537
2026-08-06,BLR_DEL,15,8974.055,16,8999.96,99.71216538740173
2026-08-07,BLR_DEL,15,9757.595,10,8999.96,108.41820408090703
2026-08-08,BLR_DEL,15,9980.49,13,8999.96,110.89482619922757
2026-08-09,BLR_DEL,15,9120.720000000001,22,8999.96,101.34178374126111
2026-08-10,BLR_DEL,15,8698.95,7,8999.96,96.65542957968704
2026-08-11,BLR_DEL,15,8831.16,20,8999.96,98.12443610860494
2026-08-12,BLR_DEL,15,9008.98,11,8999.96,100.1002226676563
2026-08-13,BLR_DEL,15,9233.994999999999,16,8999.96,102.6004004462242
2026-08-14,BLR_DEL,15,9264.59,15,8999.96,102.94034640153957
2026-08-15,BLR_DEL,15,8760.95,12,8999.96,97.34432153031793
2026-08-16,BLR_DEL,15,8572.075,12,8999.96,95.24570109200488
2026-08-17,BLR_DEL,15,8523.06,17,8999.96,94.70108756038917
2026-08-18,BLR_DEL,15,9511.95,16,8999.96,105.68880306134696
2026-08-19,BLR_DEL,15,8624.04,13,8999.96,95.823092547078
2026-08-20,BLR_DEL,15,8774.25,15,8999.96,97.49209996488875
2026-08-21,BLR_DEL,15,10093.625,14,8999.96,112.15188734172152
2026-08-22,BLR_DEL,15,9645.095000000001,12,8999.96,107.1681985253268
2026-08-23,BLR_DEL,15,8972.15,13,8999.96,99.69099862666056
2026-08-24,BLR_DEL,15,9196.0,10,8999.96,102.17823190325291
2026-08-25,BLR_DEL,15,8391.509999999998,14,8999.96,93.23941439739731
2026-08-26,BLR_DEL,15,8856.4,21,8999.96,98.40488179947468
2026-08-27,BLR_DEL,15,8914.744999999999,22,8999.96,99.05316245849981
2026-08-28,BLR_DEL,15,9979.66,17,8999.96,110.8856039360175
2026-08-29,BLR_DEL,15,10409.54,10,8999.96,115.6620696091983
2026-08-30,BLR_DEL,15,9219.87,19,8999.96,102.44345530424582
2026-08-31,BLR_DEL,15,9203.880000000001,16,8999.96,102.26578784794602
2026-09-01,BLR_DEL,15,8452.175,10,8999.96,93.91347294876866
2026-09-02,BLR_DEL,15,8254.405,14,8999.96,91.71601873786108
2026-09-03,BLR_DEL,15,9298.81,7,8999.96,103.32057031364583
2026-07-01,BLR_DEL,30,7815.85,10,7815.85,100.0
2026-07-02,BLR_DEL,30,8449.904999999999,14,7815.85,108.11242539199188
2026-07-03,BLR_DEL,30,8628.645,14,7815.85,110.39931677296775
2026-07-04,BLR_DEL,30,7767.905000000001,18,7815.85,99.38656704005324
2026-07-05,BLR_DEL,30,7641.65,12,7815.85,97.77119571127899
2026-07-06,BLR_DEL,30,7458.585,20,7815.85,95.42896805849651
2026-07-07,BLR_DEL,30,7811.025,10,7815.85,99.93826647133707
2026-07-08,BLR_DEL,30,8073.975,12,7815.85,103.30258385204425
2026-07-09,BLR_DEL,30,8694.77,13,7815.85,111.24535399220814
2026-07-10,BLR_DEL,30,8558.19,19,7815.85,109.49787930935216
2026-07-11,BLR_DEL,30,7655.860000000001,14,7815.85,97.95300575113392
2026-07-12,BLR_DEL,30,7406.31,11,7815.85,94.76013485417452
2026-07-13,BLR_DEL,30,8080.29,21,7815.85,103.3833812061388
2026-07-14,BLR_DEL,30,7736.030000000001,16,7815.85,98.97874191546666
2026-07-15,BLR_DEL,30,7553.0599999999995,18,7815.85,96.63772974148685
2026-07-16,BLR_DEL,30,8237.72,19,7815.85,105.39762149990084
2026-07-17,BLR_DEL,30,8626.28,27,7815.85,110.36905774803765
2026-07-18,BLR_DEL,30,7812.425,12,7815.85,99.95617879053461
2026-07-19,BLR_DEL,30,7031.4349999999995,14,7815.85,89.96379152619356
2026-07-20,BLR_DEL,30,8329.21,11,7815.85,106.5681915594593
2026-07-21,BLR_DEL,30,8173.235000000001,16,7815.85,104.57256728314898
2026-07-22,BLR_DEL,30,7798.94,15,7815.85,99.78364477312127
2026-07-23,BLR_DEL,30,8222.14,14,7815.85,105.19828297625978
2026-07-24,BLR_DEL,30,8351.825,18,7815.85,106.85753948706795
2026-07-25,BLR_DEL,30,7891.8,15,7815.85,100.9717433164659
2026-07-26,BLR_DEL,30,7601.62,21,7815.85,97.25903132736681
2026-07-27,BLR_DEL,30,7671.895,12,7815.85,98.15816577851417
2026-07-28,BLR_DEL,30,7805.01,8,7815.85,99.86130747135627
2026-07-29,BLR_DEL,30,7702.42,17,7815.85,98.54871830958885
2026-07-30,BLR_DEL,30,8834.425,16,7815.85,113.03217180473011
2026-07-31,BLR_DEL,30,8190.84,21,7815.85,104.79781469705789
2026-08-01,BLR_DEL,30,7789.1,15,7815.85,99.65774675819009
2026-08-02,BLR_DEL,30,7516.4,17,7815.85,96.16868286878587
2026-08-03,BLR_DEL,30,7279.92,10,7815.85,93.14303626604912
2026-08-04,BLR_DEL,30,7485.48,19,7815.85,95.77307650479473
2026-08-05,BLR_DEL,30,6949.07,14,7815.85,88.90997140426184
2026-08-06,BLR_DEL,30,8644.25,10,7815.85,110.59897515945163
2026-08-07,BLR_DEL,30,8789.56,20,7815.85,112.45814594701791
2026-08-08,BLR_DEL,30,7727.78,15,7815.85,98.87318717733835
2026-08-09,BLR_DEL,30,7853.57,23,7815.85,100.48260905723625
2026-08-10,BLR_DEL,30,7802.75,9,7815.85,99.83239187036598
2026-08-11,BLR_DEL,30,7901.28,15,7815.85,101.09303530646059
2026-08-12,BLR_DEL,30,7828.879999999999,12,7815.85,100.16671251367413
2026-08-13,BLR_DEL,30,8350.37,11,7815.85,106.83892346961623
2026-08-14,BLR_DEL,30,8378.75,16,7815.85,107.20203176877754
2026-08-15,BLR_DEL,30,7435.52,16,7815.85,95.13386259971725
2026-08-16,BLR_DEL,30,7997.36,17,7815.85,102.32233218395952
2026-08-17,BLR_DEL,30,7578.205,22,7815.85,96.95944778878817
2026-08-18,BLR_DEL,30,7837.094999999999,10,7815.85,100.27181944382248
2026-08-19,BLR_DEL,30,7563.32,15,7815.85,96.76900145217729
2026-08-20,BLR_DEL,30,8556.16,11,7815.85,109.47190644651572
2026-08-21,BLR_DEL,30,8569.63,9,7815.85,109.64424854622337
2026-08-22,BLR_DEL,30,7484.33,13,7815.85,95.75836281402535
2026-08-23,BLR_DEL,30,7324.045,14,7815.85,93.70759418361406
2026-08-24,BLR_DEL,30,7431.56,7,7815.85,95.08319632541567
2026-08-25,BLR_DEL,30,7950.58,9,7815.85,101.72380483248782
2026-08-26,BLR_DEL,30,7871.77,12,7815.85,100.71546920680412
2026-08-27,BLR_DEL,30,8184.02,14,7815.85,104.71055611353852
2026-08-28,BLR_DEL,30,8306.745,10,7815.85,106.28076280890755
2026-08-29,BLR_DEL,30,7696.915,18,7815.85,98.47828451160142
2026-08-30,BLR_DEL,30,7882.37,13,7815.85,100.85109105215683
2026-08-31,BLR_DEL,30,7201.48,15,7815.85,92.13943461043903
2026-09-01,BLR_DEL,30,7622.61,11,7815.85,97.52758817019262
2026-09-02,BLR_DEL,30,7896.74,10,7815.85,101.03494821420573
2026-09-03,BLR_DEL,30,7909.595,24,7815.85,101.19942168798019
2026-07-01,BLR_DEL,45,8566.51,11,8566.51,100.0
2026-07-02,BLR_DEL,45,8002.455,14,8566.51,93.41557997364154
2026-07-03,BLR_DEL,45,7502.725,14,8566.51,87.5820491658797
2026-07-04,BLR_DEL,45,7436.41,15,8566.51,86.80792995046991
2026-07-05,BLR_DEL,45,6841.43,9,8566.51,79.86251110428869
2026-07-06,BLR_DEL,45,7096.65,14,8566.51,82.84178737899097
2026-07-07,BLR_DEL,45,6942.12,23,8566.51,81.03790224957422
2026-07-08,BLR_DEL,45,8212.06,18,8566.51,95.86237569325196
2026-07-09,BLR_DEL,45,8138.33,13,8566.51,95.00169847464136
2026-07-10,BLR_DEL,45,7129.05,15,8566.51,83.22000441253206
2026-07-11,BLR_DEL,45,7349.69,17,8566.51,85.79561571748587
2026-07-12,BLR_DEL,45,7647.68,17,8566.51,89.27416182319288
2026-07-13,BLR_DEL,45,7118.985000000001,20,8566.51,83.10251199146444
2026-07-14,BLR_DEL,45,7341.905,14,8566.51,85.70473856914892
2026-07-15,BLR_DEL,45,7860.84,14,8566.51,91.76245635620573
2026-07-16,BLR_DEL,45,8031.29,13,8566.51,93.75218146012787
2026-07-17,BLR_DEL,45,7705.33,13,8566.51,89.94713132886088
2026-07-18,BLR_DEL,45,7165.785,20,8566.51,83.6488254843571
2026-07-19,BLR_DEL,45,7643.34,15,8566.51,89.22349941808274
2026-07-20,BLR_DEL,45,7587.33,15,8566.51,88.56967423139645
2026-07-21,BLR_DEL,45,7070.209999999999,14,8566.51,82.53314360223708
2026-07-22,BLR_DEL,45,8253.03,7,8566.51,96.34063346683772
2026-07-23,BLR_DEL,45,7683.68,17,8566.51,89.69440297157185
2026-07-24,BLR_DEL,45,7120.12,13,8566.51,83.11576126100361
2026-07-25,BLR_DEL,45,8045.41,13,8566.51,93.91700937721428
2026-07-26,BLR_DEL,45,6995.39,17,8566.51,81.65974241552277
2026-07-27,BLR_DEL,45,7146.34,17,8566.51,83.4218368974063
2026-07-28,BLR_DEL,45,7199.34,19,8566.51,84.04052525474202
2026-07-29,BLR_DEL,45,7987.865,14,8566.51,93.24526557489573
2026-07-30,BLR_DEL,45,8035.725,22,8566.51,93.80395283493512
2026-07-31,BLR_DEL,45,7228.8,22,8566.51,84.38442259449882
2026-08-01,BLR_DEL,45,7291.31,13,8566.51,85.11412465519797
2026-08-02,BLR_DEL,45,7630.43,8,8566.51,89.07279627292795
2026-08-03,BLR_DEL,45,7236.31,9,8566.51,84.47208956739675
2026-08-04,BLR_DEL,45,7364.46,13,8566.51,85.9680313219736
2026-08-05,BLR_DEL,45,8350.36,14,8566.51,97.47680210494121
2026-08-06,BLR_DEL,45,8046.77,17,8566.51,93.93288515393084
2026-08-07,BLR_DEL,45,7296.08,22,8566.51,85.16980660735818
2026-08-08,BLR_DEL,45,7055.26,19,8566.51,82.35862679200748
2026-08-09,BLR_DEL,45,7313.55,16,8566.51,85.37374029797432
2026-08-10,BLR_DEL,45,7031.645,10,8566.51,82.0829602720361
2026-08-11,BLR_DEL,45,7515.41,15,8566.51,87.7301258038571
2026-08-12,BLR_DEL,45,8103.26,10,8566.51,94.59231355592884
2026-08-13,BLR_DEL,45,8350.21,19,8566.51,97.47505110015629
2026-08-14,BLR_DEL,45,7238.93,10,8566.51,84.50267378430655
2026-08-15,BLR_DEL,45,6921.37,19,8566.51,80.79567992099466
2026-08-16,BLR_DEL,45,7427.65,17,8566.51,86.70567127103101
2026-08-17,BLR_DEL,45,7728.4400000000005,14,8566.51,90.21690279938971
2026-08-18,BLR_DEL,45,7443.57,17,8566.51,86.89151124553639
2026-08-19,BLR_DEL,45,8018.36,11,8566.51,93.60124484766843
2026-08-20,BLR_DEL,45,7576.69,25,8566.51,88.44546962532
2026-08-21,BLR_DEL,45,7200.7,15,8566.51,84.05640103145855
2026-08-22,BLR_DEL,45,7223.74,19,8566.51,84.32535536642109
2026-08-23,BLR_DEL,45,7118.02,13,8566.51,83.09124719401484
2026-08-24,BLR_DEL,45,6982.79,15,8566.51,81.51265801359014
2026-08-25,BLR_DEL,45,7466.97,23,8566.51,87.16466799198274
2026-08-26,BLR_DEL,45,7672.405000000001,16,8566.51,89.5627857785726
2026-08-27,BLR_DEL,45,7742.95,14,8566.51,90.3862833289169
2026-08-28,BLR_DEL,45,7363.610000000001,16,8566.51,85.95810896152575
2026-08-29,BLR_DEL,45,7579.52,15,8566.51,88.47850524892868
2026-08-30,BLR_DEL,45,7309.17,13,8566.51,85.32261095825487
2026-08-31,BLR_DEL,45,7261.9349999999995,16,8566.51,84.77121955148596
2026-09-01,BLR_DEL,45,7676.29,14,8566.51,89.60813680250183
2026-09-02,BLR_DEL,45,8362.15,13,8566.51,97.61443108103532
2026-09-03,BLR_DEL,45,8049.280000000001,16,8566.51,93.96218530066504
2026-07-01,BLR_HYD,1,7969.66,10,7969.66,100.0
2026-07-02,BLR_HYD,1,7537.93,9,7969.66,94.58283038423221
2026-07-03,BLR_HYD,1,8333.63,15,7969.66,104.56694513944132
2026-07-04,BLR_HYD,1,8481.75,15,7969.66,106.4254936847996
2026-07-05,BLR_HYD,1,7189.18,15,7969.66,90.20685951470954
2026-07-06,BLR_HYD,1,7613.44,15,7969.66,95.53029865765917
2026-07-07,BLR_HYD,1,7511.625,14,7969.66,94.25276611549302
2026-07-08,BLR_HYD,1,7174.41,15,7969.66,90.02153165881606
2026-07-09,BLR_HYD,1,7453.075,20,7969.66,93.51810491288211
2026-07-10,BLR_HYD,1,8608.74,17,7969.66,108.01891172270837
2026-07-11,BLR_HYD,1,7779.4,13,7969.66,97.61269615014943
2026-07-12,BLR_HYD,1,8063.97,13,7969.66,101.18336290381271
2026-07-13,BLR_HYD,1,7302.875,10,7969.66,91.63345738714074
2026-07-14,BLR_HYD,1,7313.59,15,7969.66,91.76790477887388
2026-07-15,BLR_HYD,1,7417.62,15,7969.66,93.07323022563071
2026-07-16,BLR_HYD,1,7844.33,14,7969.66,98.42741095605082
2026-07-17,BLR_HYD,1,8081.2,11,7969.66,101.39955782304388
2026-07-18,BLR_HYD,1,7769.93,10,7969.66,97.49387050388599
2026-07-19,BLR_HYD,1,7593.41,16,7969.66,95.27897049560458
2026-07-20,BLR_HYD,1,8180.17,15,7969.66,102.64139248098414
2026-07-21,BLR_HYD,1,6996.135,16,7969.66,87.78461063583642
2026-07-22,BLR_HYD,1,7478.344999999999,22,7969.66,93.83518242936336
2026-07-23,BLR_HYD,1,7705.485,16,7969.66,96.68524127754509
2026-07-24,BLR_HYD,1,7975.67,14,7969.66,100.07541099620309
2026-07-25,BLR_HYD,1,8292.99,15,7969.66,104.05701121503301
2026-07-26,BLR_HYD,1,7375.26,17,7969.66,92.54171445205944
2026-07-27,BLR_HYD,1,7121.28,11,7969.66,89.3548783762419
2026-07-28,BLR_HYD,1,7463.64,15,7969.66,93.65067016660686
2026-07-29,BLR_HYD,1,7581.17,22,7969.66,95.1253880341194
2026-07-30,BLR_HYD,1,7886.67,11,7969.66,98.95867577788763
2026-07-31,BLR_HYD,1,8025.47,17,7969.66,100.70028081499085
2026-08-01,BLR_HYD,1,8634.22,17,7969.66,108.33862423240137
2026-08-02,BLR_HYD,1,7327.895,14,7969.66,91.94739800694133
2026-08-03,BLR_HYD,1,7463.27,11,7969.66,93.64602755951948
2026-08-04,BLR_HYD,1,7690.55,24,7969.66,96.49784306984238
2026-08-05,BLR_HYD,1,7116.030000000001,20,7969.66,89.28900354594802
2026-08-06,BLR_HYD,1,7418.33,20,7969.66,93.08213901220378
2026-08-07,BLR_HYD,1,8540.94,9,7969.66,107.16818534291302
2026-08-08,BLR_HYD,1,7268.44,13,7969.66,91.20138123834643
2026-08-09,BLR_HYD,1,7224.485,14,7969.66,90.64985206395254
2026-08-10,BLR_HYD,1,7367.78,11,7969.66,92.44785850337405
2026-08-11,BLR_HYD,1,7137.585,20,7969.66,89.55946677775464
2026-08-12,BLR_HYD,1,7650.870000000001,14,7969.66,95.9999548286878
2026-08-13,BLR_HYD,1,7337.52,11,7969.66,92.0681685291468
2026-08-14,BLR_HYD,1,8846.7,14,7969.66,111.00473545922912
2026-08-15,BLR_HYD,1,8578.63,23,7969.66,107.6411038864895
2026-08-16,BLR_HYD,1,7628.26,11,7969.66,95.71625389288879
2026-08-17,BLR_HYD,1,7685.389999999999,10,7969.66,96.43309752235352
2026-08-18,BLR_HYD,1,7575.72,23,7969.66,95.05700368648098
2026-08-19,BLR_HYD,1,7097.93,17,7969.66,89.06189222626813
2026-08-20,BLR_HYD,1,7416.3099999999995,20,7969.66,93.05679288702403
2026-08-21,BLR_HYD,1,8148.82,22,7969.66,102.24802563722919
2026-08-22,BLR_HYD,1,8510.515,18,7969.66,106.78642501687649
2026-08-23,BLR_HYD,1,7546.82,19,7969.66,94.69437843019651
2026-08-24,BLR_HYD,1,7363.825000000001,14,7969.66,92.398232797886
2026-08-25,BLR_HYD,1,7374.79,14,7969.66,92.5358170862998
2026-08-26,BLR_HYD,1,7891.71,13,7969.66,99.02191561496979
2026-08-27,BLR_HYD,1,7883.360000000001,12,7969.66,98.91714326583569
2026-08-28,BLR_HYD,1,8137.6,19,7969.66,102.10724171420111
2026-08-29,BLR_HYD,1,8763.485,18,7969.66,109.96058803010418
2026-08-30,BLR_HYD,1,7354.905000000001,14,7969.66,92.28630832432
2026-08-31,BLR_HYD,1,8072.37,14,7969.66,101.28876263228292
2026-09-01,BLR_HYD,1,7196.265,10,7969.66,90.29575916663948
2026-09-02,BLR_HYD,1,7344.79,17,7969.66,92.15938948462042
2026-09-03,BLR_HYD,1,7781.844999999999,10,7969.66,97.6433749996863
2026-07-01,BLR_HYD,7,5977.64,15,5977.64,100.0
2026-07-02,BLR_HYD,7,5772.16,13,5977.64,96.5625230023889
2026-07-03,BLR_HYD,7,6183.745,16,5977.64,103.44793262893049
2026-07-04,BLR_HYD,7,6649.14,13,5977.64,111.2335302895457
2026-07-05,BLR_HYD,7,6504.81,9,5977.64,108.8190322602231
2026-07-06,BLR_HYD,7,5874.985000000001,20,5977.64,98.28268346705389
2026-07-07,BLR_HYD,7,6172.19,11,5977.64,103.25462891709772
2026-07-08,BLR_HYD,7,6230.62,15,5977.64,104.23210497788425
2026-07-09,BLR_HYD,7,5863.335,16,5977.64,98.08779049926058
2026-07-10,BLR_HYD,7,5918.84,14,5977.64,99.01633420547239
2026-07-11,BLR_HYD,7,6287.875,16,5977.64,105.18992445179035
2026-07-12,BLR_HYD,7,7018.21,15,5977.64,117.40770605121753
2026-07-13,BLR_HYD,7,5829.31,17,5977.64,97.51858593023334
2026-07-14,BLR_HYD,7,5912.42,13,5977.64,98.9089339605597
2026-07-15,BLR_HYD,7,5778.81,13,5977.64,96.67377091962715
2026-07-16,BLR_HYD,7,5843.08,13,5977.64,97.74894439946199
2026-07-17,BLR_HYD,7,5755.82,17,5977.64,96.28917097717493
2026-07-18,BLR_HYD,7,6697.655000000001,12,5977.64,112.04513821508155
2026-07-19,BLR_HYD,7,6926.54,10,5977.64,115.87415769434091
2026-07-20,BLR_HYD,7,5902.68,21,5977.64,98.74599340207841
2026-07-21,BLR_HYD,7,6535.4349999999995,14,5977.64,109.33135819487288
2026-07-22,BLR_HYD,7,6320.17,12,5977.64,105.73018783332553
2026-07-23,BLR_HYD,7,5590.5,11,5977.64,93.52353102562215
2026-07-24,BLR_HYD,7,6132.35,15,5977.64,102.58814515427493
2026-07-25,BLR_HYD,7,6471.14,13,5977.64,108.25576648978527
2026-07-26,BLR_HYD,7,7090.280000000001,14,5977.64,118.6133658099183
2026-07-27,BLR_HYD,7,5796.465,14,5977.64,96.96912159313709
2026-07-28,BLR_HYD,7,6319.075000000001,12,5977.64,105.71186956725398
2026-07-29,BLR_HYD,7,6180.93,18,5977.64,103.40084046546798
2026-07-30,BLR_HYD,7,6044.73,13,5977.64,101.12234928834789
2026-07-31,BLR_HYD,7,6644.43,12,5977.64,111.15473665192283
2026-08-01,BLR_HYD,7,5870.52,17,5977.64,98.20798843690821
2026-08-02,BLR_HYD,7,7314.805,12,5977.64,122.36944680509365
2026-08-03,BLR_HYD,7,6170.36,13,5977.64,103.22401482859456
2026-08-04,BLR_HYD,7,5858.81,13,5977.64,98.01209172850824
2026-08-05,BLR_HYD,7,5999.915,14,5977.64,100.37263870022282
2026-08-06,BLR_HYD,7,5873.5599999999995,12,5977.64,98.25884462764569
2026-08-07,BLR_HYD,7,6243.32,7,5977.64,104.44456340629411
2026-08-08,BLR_HYD,7,6850.5599999999995,26,5977.64,114.60308750610608
2026-08-09,BLR_HYD,7,6919.225,16,5977.64,115.75178498537883
2026-08-10,BLR_HYD,7,6049.55,21,5977.64,101.202983117083
2026-08-11,BLR_HYD,7,6191.5599999999995,14,5977.64,103.57866984294803
2026-08-12,BLR_HYD,7,5747.76,18,5977.64,96.15433515568017
2026-08-13,BLR_HYD,7,5690.16,9,5977.64,95.19074417328576
2026-08-14,BLR_HYD,7,6104.95,17,5977.64,102.12977027723315
2026-08-15,BLR_HYD,7,6752.6,12,5977.64,112.96431367563117
2026-08-16,BLR_HYD,7,6795.41,19,5977.64,113.68048259848366
2026-08-17,BLR_HYD,7,5978.59,17,5977.64,100.01589255960546
2026-08-18,BLR_HYD,7,5667.16,11,5977.64,94.80597694073245
2026-08-19,BLR_HYD,7,5864.8150000000005,12,5977.64,98.11254943422489
2026-08-20,BLR_HYD,7,6000.61,19,5977.64,100.38426536224998
2026-08-21,BLR_HYD,7,5899.5,17,5977.64,98.69279514992539
2026-08-22,BLR_HYD,7,7098.995000000001,12,5977.64,118.75915913303578
2026-08-23,BLR_HYD,7,7102.06,9,5977.64,118.81043354902603
2026-08-24,BLR_HYD,7,5794.11,15,5977.64,96.92972477432565
2026-08-25,BLR_HYD,7,6396.47,11,5977.64,107.00661130479587
2026-08-26,BLR_HYD,7,5917.69,9,5977.64,98.99709584384472
2026-08-27,BLR_HYD,7,6385.44,7,5977.64,106.82209032327137
2026-08-28,BLR_HYD,7,6154.59,15,5977.64,102.96019833914387
2026-08-29,BLR_HYD,7,6853.8,14,5977.64,114.65728949886578
2026-08-30,BLR_HYD,7,6375.32,12,5977.64,106.65279274094792
2026-08-31,BLR_HYD,7,5965.83,17,5977.64,99.80243039058892
2026-09-01,BLR_HYD,7,6160.33,5,5977.64,103.05622285718108
2026-09-02,BLR_HYD,7,5951.455,16,5977.64,99.5619508702431
2026-09-03,BLR_HYD,7,5800.99,9,5977.64,97.04482036388941
2026-07-01,BLR_HYD,15,5421.8,12,5421.8,100.0
2026-07-02,BLR_HYD,15,5278.875,12,5421.8,97.36388284333616
2026-07-03,BLR_HYD,15,5073.61,15,5421.8,93.57796303810542
2026-07-04,BLR_HYD,15,5757.4,15,5421.8,106.18982625696263
2026-07-05,BLR_HYD,15,4789.71,11,5421.8,88.3416946401564
2026-07-06,BLR_HYD,15,5140.04,9,5421.8,94.80320188867165
2026-07-07,BLR_HYD,15,5001.26,10,5421.8,92.24353535726144
2026-07-08,BLR_HYD,15,5201.81,15,5421.8,95.9424914235125
2026-07-09,BLR_HYD,15,5097.035,14,5421.8,94.01001512412851
2026-07-10,BLR_HYD,15,5720.610000000001,26,5421.8,105.51126932015198
2026-07-11,BLR_HYD,15,5139.26,13,5421.8,94.7888155225202
2026-07-12,BLR_HYD,15,5010.83,12,5421.8,92.42004500350437
2026-07-13,BLR_HYD,15,4889.9400000000005,10,5421.8,90.19034269061936
2026-07-14,BLR_HYD,15,5283.344999999999,12,5421.8,97.44632778781953
2026-07-15,BLR_HYD,15,4885.27,15,5421.8,90.10420893430226
2026-07-16,BLR_HYD,15,5184.61,7,5421.8,95.62525360581355
2026-07-17,BLR_HYD,15,5751.97,17,5421.8,106.08967501567746
2026-07-18,BLR_HYD,15,5720.07,17,5421.8,105.50130952820096
2026-07-19,BLR_HYD,15,5372.89,13,5421.8,99.09790106606661
2026-07-20,BLR_HYD,15,5017.75,12,5421.8,92.54767789295067
2026-07-21,BLR_HYD,15,5269.04,15,5421.8,97.18248552141355
2026-07-22,BLR_HYD,15,5084.344999999999,18,5421.8,93.7759600132797
2026-07-23,BLR_HYD,15,5185.2,17,5421.8,95.63613560072301
2026-07-24,BLR_HYD,15,6103.4,7,5421.8,112.57147072927809
2026-07-25,BLR_HYD,15,5605.1,14,5421.8,103.38079604559371
2026-07-26,BLR_HYD,15,5386.7,17,5421.8,99.35261352318417
2026-07-27,BLR_HYD,15,4946.795,14,5421.8,91.23897967464679
2026-07-28,BLR_HYD,15,5137.14,9,5421.8,94.74971411708289
2026-07-29,BLR_HYD,15,5466.195,8,5421.8,100.81882400678741
2026-07-30,BLR_HYD,15,5057.57,16,5421.8,93.282120329042
2026-07-31,BLR_HYD,15,5690.94,15,5421.8,104.96403408462133
2026-08-01,BLR_HYD,15,5731.76,19,5421.8,105.71692057988122
2026-08-02,BLR_HYD,15,5101.9349999999995,18,5421.8,94.10039101405437
2026-08-03,BLR_HYD,15,4852.4,17,5421.8,89.49795270943228
2026-08-04,BLR_HYD,15,5309.389999999999,16,5421.8,97.9267033088642
2026-08-05,BLR_HYD,15,5127.33,7,5421.8,94.56877789663949
2026-08-06,BLR_HYD,15,5015.5650000000005,10,5421.8,92.50737762366742
2026-08-07,BLR_HYD,15,5692.715,14,5421.8,104.9967722896455
2026-08-08,BLR_HYD,15,5498.855,16,5421.8,101.42120697923198
2026-08-09,BLR_HYD,15,5233.31,15,5421.8,96.52347928732155
2026-08-10,BLR_HYD,15,5149.66,14,5421.8,94.98063373787302
2026-08-11,BLR_HYD,15,5380.405000000001,14,5421.8,99.23650817071822
2026-08-12,BLR_HYD,15,4925.4349999999995,20,5421.8,90.84501457080673
2026-08-13,BLR_HYD,15,5084.33,19,5421.8,93.77568335239219
2026-08-14,BLR_HYD,15,6159.469999999999,10,5421.8,113.60562912685823
2026-08-15,BLR_HYD,15,5463.86,19,5421.8,100.77575712862885
2026-08-16,BLR_HYD,15,4824.22,13,5421.8,88.97819912206279
2026-08-17,BLR_HYD,15,5021.5650000000005,12,5421.8,92.61804197867868
2026-08-18,BLR_HYD,15,5003.1900000000005,12,5421.8,92.27913239145671
2026-08-19,BLR_HYD,15,5282.79,14,5421.8,97.436091334981
2026-08-20,BLR_HYD,15,4954.71,13,5421.8,91.3849644029658
2026-08-21,BLR_HYD,15,5738.1,15,5421.8,105.83385591500978
2026-08-22,BLR_HYD,15,5590.73,15,5421.8,103.11575491534175
2026-08-23,BLR_HYD,15,5208.16,18,5421.8,96.05961119923272
2026-08-24,BLR_HYD,15,4994.38,18,5421.8,92.11664023018186
2026-08-25,BLR_HYD,15,5292.69,15,5421.8,97.61868752074956
2026-08-26,BLR_HYD,15,5090.235000000001,12,5421.8,93.88459552178244
2026-08-27,BLR_HYD,15,5349.83,13,5421.8,98.67258106164005
2026-08-28,BLR_HYD,15,5652.1,16,5421.8,104.24766682651519
2026-08-29,BLR_HYD,15,5819.53,15,5421.8,107.33575565310414
2026-08-30,BLR_HYD,15,4999.735000000001,14,5421.8,92.21540816702941
2026-08-31,BLR_HYD,15,4882.13,9,5421.8,90.04629458851305
2026-09-01,BLR_HYD,15,5022.1,13,5421.8,92.62790955033384
2026-09-02,BLR_HYD,15,4814.2,17,5421.8,88.79338964919398
2026-09-03,BLR_HYD,15,5110.005,12,5421.8,94.2492345715445
2026-07-01,BLR_HYD,30,4301.545,14,4301.545,100.0
2026-07-02,BLR_HYD,30,5028.895,12,4301.545,116.90904082137929
2026-07-03,BLR_HYD,30,4607.32,13,4301.545,107.10849241377225
2026-07-04,BLR_HYD,30,4406.105,12,4301.545,102.43075453122074
2026-07-05,BLR_HYD,30,4432.715,14,4301.545,103.04936947073668
2026-07-06,BLR_HYD,30,4580.2,21,4301.545,106.47802126910216
2026-07-07,BLR_HYD,30,4457.895,12,4301.545,103.63474054089869
2026-07-08,BLR_HYD,30,4300.915,20,4301.545,99.9853540995154
2026-07-09,BLR_HYD,30,5121.56,13,4301.545,119.06326680297428
2026-07-10,BLR_HYD,30,4822.95,15,4301.545,112.1213424478879
2026-07-11,BLR_HYD,30,4820.865,22,4301.545,112.07287149152224
2026-07-12,BLR_HYD,30,4560.139999999999,14,4301.545,106.01167719970381
2026-07-13,BLR_HYD,30,4671.055,18,4301.545,108.59016934613028
2026-07-14,BLR_HYD,30,4261.59,15,4301.545,99.07114769228265
2026-07-15,BLR_HYD,30,4615.9349999999995,20,4301.545,107.30876929103378
2026-07-16,BLR_HYD,30,4796.299999999999,12,4301.545,111.50179760992852
2026-07-17,BLR_HYD,30,4945.6849999999995,20,4301.545,114.97461958435863
2026-07-18,BLR_HYD,30,4712.139999999999,16,4301.545,109.54529128487553
2026-07-19,BLR_HYD,30,4448.889999999999,16,4301.545,103.42539715381332
2026-07-20,BLR_HYD,30,4415.945,24,4301.545,102.65950954831344
2026-07-21,BLR_HYD,30,4524.895,14,4301.545,105.19232043370464
2026-07-22,BLR_HYD,30,4328.63,16,4301.545,100.62965748353207
2026-07-23,BLR_HYD,30,4713.8,17,4301.545,109.5838820702794
2026-07-24,BLR_HYD,30,4814.385,20,4301.545,111.9222279436807
2026-07-25,BLR_HYD,30,4223.71,18,4301.545,98.19053386632012
2026-07-26,BLR_HYD,30,4548.62,10,4301.545,105.74386644798554
2026-07-27,BLR_HYD,30,4252.33,19,4301.545,98.85587620262022
2026-07-28,BLR_HYD,30,4185.485000000001,12,4301.545,97.30189966628271
2026-07-29,BLR_HYD,30,4313.705,14,4301.545,100.28268912681372
2026-07-30,BLR_HYD,30,4808.14,17,4301.545,111.77704754919453
2026-07-31,BLR_HYD,30,4905.57,13,4301.545,114.04204768286743
2026-08-01,BLR_HYD,30,4171.45,9,4301.545,96.97562154993147
2026-08-02,BLR_HYD,30,4346.9400000000005,8,4301.545,101.05531849602876
2026-08-03,BLR_HYD,30,4315.385,16,4301.545,100.32174486143933
2026-08-04,BLR_HYD,30,4438.39,12,4301.545,103.18129881240345
2026-08-05,BLR_HYD,30,4516.375,10,4301.545,104.99425206524633
2026-08-06,BLR_HYD,30,4845.115,16,4301.545,112.63662242287364
2026-08-07,BLR_HYD,30,5087.425,14,4301.545,118.26971471878127
2026-08-08,BLR_HYD,30,4384.42,17,4301.545,101.92663333755662
2026-08-09,BLR_HYD,30,4500.95,16,4301.545,104.63565997798466
2026-08-10,BLR_HYD,30,4346.860000000001,16,4301.545,101.05345869914184
2026-08-11,BLR_HYD,30,4586.96,13,4301.545,106.63517410604794
2026-08-12,BLR_HYD,30,4426.92,12,4301.545,102.91465043373951
2026-08-13,BLR_HYD,30,4880.57,15,4301.545,113.46086115570102
2026-08-14,BLR_HYD,30,4781.45,13,4301.545,111.15657281279168
2026-08-15,BLR_HYD,30,4266.81,16,4301.545,99.19249943915501
2026-08-16,BLR_HYD,30,4377.45,15,4301.545,101.76459853378262
2026-08-17,BLR_HYD,30,4317.325000000001,10,4301.545,100.36684493594746
2026-08-18,BLR_HYD,30,4403.37,13,4301.545,102.36717272514875
2026-08-19,BLR_HYD,30,4370.575000000001,14,4301.545,101.60477223881188
2026-08-20,BLR_HYD,30,4959.895,16,4301.545,115.30496600640004
2026-08-21,BLR_HYD,30,4881.15,17,4301.545,113.47434468313129
2026-08-22,BLR_HYD,30,4531.69,17,4301.545,105.35028693178845
2026-08-23,BLR_HYD,30,4192.65,17,4301.545,97.46846772496858
2026-08-24,BLR_HYD,30,4744.82,10,4301.545,110.30501831318746
2026-08-25,BLR_HYD,30,4560.53,20,4301.545,106.02074370952761
2026-08-26,BLR_HYD,30,4568.76,15,4301.545,106.2120703142708
2026-08-27,BLR_HYD,30,4805.3,14,4301.545,111.71102475970842
2026-08-28,BLR_HYD,30,5006.14,17,4301.545,116.38004484435245
2026-08-29,BLR_HYD,30,4288.16,18,4301.545,99.6888327333551
2026-08-30,BLR_HYD,30,4301.255,14,4301.545,99.99325823628486
2026-08-31,BLR_HYD,30,5060.16,12,4301.545,117.6358726922536
2026-09-01,BLR_HYD,30,4266.345,16,4301.545,99.18168936974972
2026-09-02,BLR_HYD,30,4253.54,19,4301.545,98.88400563053507
2026-09-03,BLR_HYD,30,4612.79,12,4301.545,107.23565602591627
2026-07-01,BLR_HYD,45,4603.35,20,4603.35,100.0
2026-07-02,BLR_HYD,45,4648.25,15,4603.35,100.97537662789055
2026-07-03,BLR_HYD,45,4261.8150000000005,14,4603.35,92.58072925152335
2026-07-04,BLR_HYD,45,4116.15,15,4603.35,89.4164032715305
2026-07-05,BLR_HYD,45,4270.92,15,4603.35,92.7785199908762
2026-07-06,BLR_HYD,45,4232.24,16,4603.35,91.93826235241725
2026-07-07,BLR_HYD,45,4084.43,15,4603.35,88.7273398720497
2026-07-08,BLR_HYD,45,4865.72,7,4603.35,105.69954489665135
2026-07-09,BLR_HYD,45,4703.86,21,4603.35,102.18340990800176
2026-07-10,BLR_HYD,45,4678.9349999999995,8,4603.35,101.6419564013164
2026-07-11,BLR_HYD,45,4376.6,13,4603.35,95.07423941260168
2026-07-12,BLR_HYD,45,4361.68,9,4603.35,94.75012762444742
2026-07-13,BLR_HYD,45,4014.66,17,4603.35,87.21170451953468
2026-07-14,BLR_HYD,45,4493.15,19,4603.35,97.60609121617951
2026-07-15,BLR_HYD,45,4811.73,15,4603.35,104.52670337906089
2026-07-16,BLR_HYD,45,4457.49,15,4603.35,96.83143797451854
2026-07-17,BLR_HYD,45,3885.35,19,4603.35,84.40266327783027
2026-07-18,BLR_HYD,45,4394.91,22,4603.35,95.47199322232721
2026-07-19,BLR_HYD,45,4282.805,14,4603.35,93.03670153257954
2026-07-20,BLR_HYD,45,4125.82,13,4603.35,89.62646768114524
2026-07-21,BLR_HYD,45,4333.53,13,4603.35,94.13861644237348
2026-07-22,BLR_HYD,45,4657.12,25,4603.35,101.16806238934689
2026-07-23,BLR_HYD,45,4470.375,12,4603.35,97.11134282641987
2026-07-24,BLR_HYD,45,4247.799999999999,14,4603.35,92.27627705909825
2026-07-25,BLR_HYD,45,4202.34,18,4603.35,91.28873537749682
2026-07-26,BLR_HYD,45,4473.625,14,4603.35,97.18194358456341
2026-07-27,BLR_HYD,45,4087.71,14,4603.35,88.79859232949916
2026-07-28,BLR_HYD,45,4193.24,16,4603.35,91.09105325469494
2026-07-29,BLR_HYD,45,4953.2,15,4603.35,107.59990007277307
2026-07-30,BLR_HYD,45,4614.014999999999,20,4603.35,100.23167910326174
2026-07-31,BLR_HYD,45,3935.765,14,4603.35,85.49784396146283
2026-08-01,BLR_HYD,45,4191.084999999999,10,4603.35,91.04423952121822
2026-08-02,BLR_HYD,45,4055.17,15,4603.35,88.09171581565597
2026-08-03,BLR_HYD,45,4170.59,16,4603.35,90.59902027871006
2026-08-04,BLR_HYD,45,4158.505,24,4603.35,90.33649407496715
2026-08-05,BLR_HYD,45,4836.26,17,4603.35,105.05957617821804
2026-08-06,BLR_HYD,45,4374.75,17,4603.35,95.03405128873537
2026-08-07,BLR_HYD,45,4263.3,23,4603.35,92.61298836716738
2026-08-08,BLR_HYD,45,3815.465,14,4603.35,82.88452974464249
2026-08-09,BLR_HYD,45,4152.665,10,4603.35,90.20962994341077
2026-08-10,BLR_HYD,45,4151.285,16,4603.35,90.1796517753375
2026-08-11,BLR_HYD,45,4304.379999999999,14,4603.35,93.50538195010152
2026-08-12,BLR_HYD,45,5084.25,13,4603.35,110.44673987422202
2026-08-13,BLR_HYD,45,4837.425,22,4603.35,105.08488383459871
2026-08-14,BLR_HYD,45,4191.9,16,4603.35,91.06194401902961
2026-08-15,BLR_HYD,45,4404.57,7,4603.35,95.68184039883995
2026-08-16,BLR_HYD,45,4541.1,11,4603.35,98.647723940174
2026-08-17,BLR_HYD,45,4332.95,13,4603.35,94.12601692245863
2026-08-18,BLR_HYD,45,4375.135,14,4603.35,95.0424147631616
2026-08-19,BLR_HYD,45,4695.3,9,4603.35,101.99745837270684
2026-08-20,BLR_HYD,45,4683.465,18,4603.35,101.74036299651341
2026-08-21,BLR_HYD,45,4198.87,13,4603.35,91.21335549110972
2026-08-22,BLR_HYD,45,4328.15,12,4603.35,94.02174503350818
2026-08-23,BLR_HYD,45,4302.35,21,4603.35,93.4612836303996
2026-08-24,BLR_HYD,45,4035.06,11,4603.35,87.65486004757405
2026-08-25,BLR_HYD,45,4170.405000000001,18,4603.35,90.59500146632344
2026-08-26,BLR_HYD,45,4714.835,14,4603.35,102.4218232374249
2026-08-27,BLR_HYD,45,4802.200000000001,22,4603.35,104.3196802328739
2026-08-28,BLR_HYD,45,4250.26,11,4603.35,92.32971640218535
2026-08-29,BLR_HYD,45,4207.665,18,4603.35,91.40441200430121
2026-08-30,BLR_HYD,45,4165.655000000001,18,4603.35,90.4918157428829
2026-08-31,BLR_HYD,45,4183.95,15,4603.35,90.88924370295544
2026-09-01,BLR_HYD,45,4036.135,18,4603.35,87.67821260603691
2026-09-02,BLR_HYD,45,4690.14,23,4603.35,101.88536609208512
2026-09-03,BLR_HYD,45,4315.110000000001,12,4603.35,93.73847306852619
2026-07-01,BOM_BLR,1,10536.8,21,10536.8,100.0
2026-07-02,BOM_BLR,1,10258.66,11,10536.8,97.36029914205452
2026-07-03,BOM_BLR,1,11538.994999999999,14,10536.8,109.51137916635032
2026-07-04,BOM_BLR,1,11415.23,24,10536.8,108.3367815655607
2026-07-05,BOM_BLR,1,10327.240000000002,22,10536.8,98.0111608837598
2026-07-06,BOM_BLR,1,9760.86,15,10536.8,92.6359046389796
2026-07-07,BOM_BLR,1,10510.785,20,10536.8,99.75310340900464
2026-07-08,BOM_BLR,1,10182.26,17,10536.8,96.63522131956572
2026-07-09,BOM_BLR,1,10258.58,17,10536.8,97.35953989826133
2026-07-10,BOM_BLR,1,11268.97,13,10536.8,106.94869410067574
2026-07-11,BOM_BLR,1,10868.63,6,10536.8,103.14924834864473
2026-07-12,BOM_BLR,1,10146.76,14,10536.8,96.29830688634121
2026-07-13,BOM_BLR,1,9845.98,9,10536.8,93.44374003492521
2026-07-14,BOM_BLR,1,9942.79,11,10536.8,94.36251993014959
2026-07-15,BOM_BLR,1,9893.39,19,10536.8,93.8936868878597
2026-07-16,BOM_BLR,1,9622.76,10,10536.8,91.32526004099917
2026-07-17,BOM_BLR,1,11200.4,11,10536.8,106.29792726444462
2026-07-18,BOM_BLR,1,11124.39,19,10536.8,105.57655075544758
2026-07-19,BOM_BLR,1,9808.52,23,10536.8,93.08822412876776
2026-07-20,BOM_BLR,1,10292.31,17,10536.8,97.67965606256169
2026-07-21,BOM_BLR,1,10337.22,14,10536.8,98.10587654695922
2026-07-22,BOM_BLR,1,9589.58,13,10536.8,91.01036367777694
2026-07-23,BOM_BLR,1,10550.47,17,10536.8,100.12973578315997
2026-07-24,BOM_BLR,1,11907.17,14,10536.8,113.00556146078506
2026-07-25,BOM_BLR,1,11737.22,15,10536.8,111.39264292764406
2026-07-26,BOM_BLR,1,10571.8,15,10536.8,100.33216915951712
2026-07-27,BOM_BLR,1,10395.105,12,10536.8,98.65523688406348
2026-07-28,BOM_BLR,1,10030.79,18,10536.8,95.19768810264978
2026-07-29,BOM_BLR,1,9871.605,14,10536.8,93.68693531242882
2026-07-30,BOM_BLR,1,10430.79,17,10536.8,98.99390706855972
2026-07-31,BOM_BLR,1,11140.445,14,10536.8,105.7289214941918
2026-08-01,BOM_BLR,1,10921.18,21,10536.8,103.64797661529117
2026-08-02,BOM_BLR,1,9996.105,20,10536.8,94.8685084655683
2026-08-03,BOM_BLR,1,10307.6,16,10536.8,97.8247665325336
2026-08-04,BOM_BLR,1,9562.310000000001,12,10536.8,90.75155644977603
2026-08-05,BOM_BLR,1,10293.035,18,10536.8,97.6865367094374
2026-08-06,BOM_BLR,1,10378.619999999999,10,10536.8,98.4987852099309
2026-08-07,BOM_BLR,1,11048.205,20,10536.8,104.85351340065296
2026-08-08,BOM_BLR,1,12336.3,20,10536.8,117.07824007288741
2026-08-09,BOM_BLR,1,10319.17,13,10536.8,97.93457216612255
2026-08-10,BOM_BLR,1,10731.43,15,10536.8,101.84714524333765
2026-08-11,BOM_BLR,1,10511.46,19,10536.8,99.75950952850961
2026-08-12,BOM_BLR,1,10284.735,14,10536.8,97.60776516589478
2026-08-13,BOM_BLR,1,10678.57,13,10536.8,101.34547490699264
2026-08-14,BOM_BLR,1,11596.405,10,10536.8,110.05623149343255
2026-08-15,BOM_BLR,1,11338.8,10,10536.8,107.61141902664946
2026-08-16,BOM_BLR,1,10800.05,13,10536.8,102.49838660693949
2026-08-17,BOM_BLR,1,10076.46,15,10536.8,95.63112140308253
2026-08-18,BOM_BLR,1,10128.17,13,10536.8,96.12187760990054
2026-08-19,BOM_BLR,1,10374.939999999999,20,10536.8,98.46385999544454
2026-08-20,BOM_BLR,1,10721.98,18,10536.8,101.75745957026801
2026-08-21,BOM_BLR,1,10872.28,21,10536.8,103.18388884670868
2026-08-22,BOM_BLR,1,11747.26,19,10536.8,111.48792802368841
2026-08-23,BOM_BLR,1,9838.98,11,10536.8,93.37730620302179
2026-08-24,BOM_BLR,1,11544.94,9,10536.8,109.56780047073116
2026-08-25,BOM_BLR,1,9815.470000000001,18,10536.8,93.15418343330045
2026-08-26,BOM_BLR,1,9428.105,14,10536.8,89.47787753397616
2026-08-27,BOM_BLR,1,10023.439999999999,20,10536.8,95.12793257915116
2026-08-28,BOM_BLR,1,11826.03,19,10536.8,112.23549844355023
2026-08-29,BOM_BLR,1,11507.794905274099,12,10536.8,109.2152731880087
2026-08-30,BOM_BLR,1,9977.64,17,10536.8,94.69326550755449
2026-08-31,BOM_BLR,1,9796.93,7,10536.8,92.97822868423052
2026-09-01,BOM_BLR,1,9879.92,19,10536.8,93.76584921418268
2026-09-02,BOM_BLR,1,11572.235,10,10536.8,109.82684496241744
2026-09-03,BOM_BLR,1,9854.21,19,10536.8,93.52184724014882
2026-07-01,BOM_BLR,7,7932.34,17,7932.34,100.0
2026-07-02,BOM_BLR,7,7961.4400000000005,20,7932.34,100.366852656341
2026-07-03,BOM_BLR,7,8146.065,16,7932.34,102.69434996482751
2026-07-04,BOM_BLR,7,8872.59,20,7932.34,111.85337491837213
2026-07-05,BOM_BLR,7,8681.064999999999,12,7932.34,109.43889192848515
2026-07-06,BOM_BLR,7,8159.889999999999,12,7932.34,102.86863649314073
2026-07-07,BOM_BLR,7,8567.955,14,7932.34,108.0129570845425
2026-07-08,BOM_BLR,7,7945.05,15,7932.34,100.16023014646372
2026-07-09,BOM_BLR,7,8429.28,11,7932.34,106.26473398770098
2026-07-10,BOM_BLR,7,8079.895,12,7932.34,101.86016988681776
2026-07-11,BOM_BLR,7,9458.09,15,7932.34,119.23455121691708
2026-07-12,BOM_BLR,7,9161.2,15,7932.34,115.49177165880435
2026-07-13,BOM_BLR,7,7345.11,9,7932.34,92.59701424800248
2026-07-14,BOM_BLR,7,7986.64,11,7932.34,100.68453949276002
2026-07-15,BOM_BLR,7,7801.19,23,7932.34,98.34664172236691
2026-07-16,BOM_BLR,7,8250.02,14,7932.34,104.00487119815843
2026-07-17,BOM_BLR,7,8560.535,14,7932.34,107.9194159604858
2026-07-18,BOM_BLR,7,8901.585,26,7932.34,112.21890387956137
2026-07-19,BOM_BLR,7,7790.15,9,7932.34,98.20746463212619
2026-07-20,BOM_BLR,7,8002.514999999999,20,7932.34,100.88466959308349
2026-07-21,BOM_BLR,7,8546.145,10,7932.34,107.73800669159417
2026-07-22,BOM_BLR,7,7888.53,17,7932.34,99.44770395620964
2026-07-23,BOM_BLR,7,8361.75,14,7932.34,105.41340890582099
2026-07-24,BOM_BLR,7,7670.545,10,7932.34,96.69964978808271
2026-07-25,BOM_BLR,7,8920.89,9,7932.34,112.46227468817523
2026-07-26,BOM_BLR,7,8893.96,17,7932.34,112.12277839830365
2026-07-27,BOM_BLR,7,9449.71,7,7932.34,119.12890773718725
2026-07-28,BOM_BLR,7,8949.79,13,7932.34,112.8266060204177
2026-07-29,BOM_BLR,7,8007.49,15,7932.34,100.94738753003527
2026-07-30,BOM_BLR,7,8486.475,16,7932.34,106.98576964678772
2026-07-31,BOM_BLR,7,8239.495,18,7932.34,103.87218651747152
2026-08-01,BOM_BLR,7,9079.61,7,7932.34,114.46319749279532
2026-08-02,BOM_BLR,7,9447.36,13,7932.34,119.09928217902915
2026-08-03,BOM_BLR,7,8509.8,13,7932.34,107.27981906978268
2026-08-04,BOM_BLR,7,8371.4,9,7932.34,105.53506279357667
2026-08-05,BOM_BLR,7,7937.67,13,7932.34,100.06719328722673
2026-08-06,BOM_BLR,7,8205.435000000001,10,7932.34,103.44280502348614
2026-08-07,BOM_BLR,7,7879.11,9,7932.34,99.32894959116729
2026-08-08,BOM_BLR,7,9151.15,13,7932.34,115.36507512285151
2026-08-09,BOM_BLR,7,9507.48,7,7932.34,119.85719220305735
2026-08-10,BOM_BLR,7,8202.19,15,7932.34,103.40189653998695
2026-08-11,BOM_BLR,7,7896.045,14,7932.34,99.54244270921318
2026-08-12,BOM_BLR,7,8050.52,11,7932.34,101.48985040984124
2026-08-13,BOM_BLR,7,8649.15,15,7932.34,109.03655163545687
2026-08-14,BOM_BLR,7,8189.855,22,7932.34,103.24639387620802
2026-08-15,BOM_BLR,7,8534.19,19,7932.34,107.58729454360252
2026-08-16,BOM_BLR,7,9344.2,14,7932.34,117.79878320899005
2026-08-17,BOM_BLR,7,8133.74,21,7932.34,102.53897336725355
2026-08-18,BOM_BLR,7,8954.36,7,7932.34,112.88421827606987
2026-08-19,BOM_BLR,7,7840.58,11,7932.34,98.84321650357901
2026-08-20,BOM_BLR,7,7628.43,19,7932.34,96.16872196602768
2026-08-21,BOM_BLR,7,8510.77,16,7932.34,107.29204749166072
2026-08-22,BOM_BLR,7,9064.81,15,7932.34,114.27661950950161
2026-08-23,BOM_BLR,7,9164.73,17,7932.34,115.53627302914397
2026-08-24,BOM_BLR,7,8286.1,16,7932.34,104.4597180655393
2026-08-25,BOM_BLR,7,8401.635,18,7932.34,105.91622396417704
2026-08-26,BOM_BLR,7,8523.41,13,7932.34,107.45139517468994
2026-08-27,BOM_BLR,7,7870.05,15,7932.34,99.21473360950237
2026-08-28,BOM_BLR,7,7979.81,19,7932.34,100.59843627479408
2026-08-29,BOM_BLR,7,8927.51,7,7932.34,112.54573051583769
2026-08-30,BOM_BLR,7,9504.09,13,7932.34,119.8144557595867
2026-08-31,BOM_BLR,7,7545.98,13,7932.34,95.12930610639484
2026-09-01,BOM_BLR,7,7558.76,14,7932.34,95.29041871629305
2026-09-02,BOM_BLR,7,7844.085,14,7932.34,98.88740270840634
2026-09-03,BOM_BLR,7,7557.57,15,7932.34,95.27541683790659
2026-07-01,BOM_BLR,15,6400.97,15,6400.97,100.0
2026-07-02,BOM_BLR,15,7072.13,9,6400.97,110.48528582386732
2026-07-03,BOM_BLR,15,7770.61,16,6400.97,121.3973819592968
2026-07-04,BOM_BLR,15,7926.86,15,6400.97,123.83841823973553
2026-07-05,BOM_BLR,15,7218.01,13,6400.97,112.76431540844591
2026-07-06,BOM_BLR,15,7103.67,19,6400.97,110.97802364329156
2026-07-07,BOM_BLR,15,6635.02,9,6400.97,103.6564770651948
2026-07-08,BOM_BLR,15,6136.75,10,6400.97,95.87218812148784
2026-07-09,BOM_BLR,15,6979.3099999999995,10,6400.97,109.03519310354524
2026-07-10,BOM_BLR,15,7596.27,17,6400.97,118.67373226245397
2026-07-11,BOM_BLR,15,7765.674999999999,18,6400.97,121.3202842694154
2026-07-12,BOM_BLR,15,6255.37,15,6400.97,97.72534475243594
2026-07-13,BOM_BLR,15,6803.455,14,6400.97,106.28787511892727
2026-07-14,BOM_BLR,15,7089.44,13,6400.97,110.75571358715943
2026-07-15,BOM_BLR,15,6841.585,14,6400.97,106.88356608451531
2026-07-16,BOM_BLR,15,7059.82,10,6400.97,110.29297122154922
2026-07-17,BOM_BLR,15,7817.43,12,6400.97,122.12883359865769
2026-07-18,BOM_BLR,15,7553.79,22,6400.97,118.01008284681853
2026-07-19,BOM_BLR,15,7050.01,13,6400.97,110.13971319971816
2026-07-20,BOM_BLR,15,6652.200000000001,18,6400.97,103.92487388630161
2026-07-21,BOM_BLR,15,7224.665,14,6400.97,112.86828402570235
2026-07-22,BOM_BLR,15,7320.555,18,6400.97,114.36633822686248
2026-07-23,BOM_BLR,15,6839.115,12,6400.97,106.84497818299413
2026-07-24,BOM_BLR,15,7876.495,14,6400.97,123.05158436924404
2026-07-25,BOM_BLR,15,7872.65,11,6400.97,122.99151534845498
2026-07-26,BOM_BLR,15,7232.665,18,6400.97,112.99326508326082
2026-07-27,BOM_BLR,15,7042.24,18,6400.97,110.0183253475645
2026-07-28,BOM_BLR,15,7274.66,12,6400.97,113.64933752228177
2026-07-29,BOM_BLR,15,7044.969999999999,12,6400.97,110.06097513345632
2026-07-30,BOM_BLR,15,6721.92,17,6400.97,105.01408380292361
2026-07-31,BOM_BLR,15,7934.03,13,6400.97,123.95043251257229
2026-08-01,BOM_BLR,15,8198.14,14,6400.97,128.07652590154305
2026-08-02,BOM_BLR,15,6748.32,16,6400.97,105.42652129286654
2026-08-03,BOM_BLR,15,6732.025,8,6400.97,105.17195050125214
2026-08-04,BOM_BLR,15,6944.92,10,6400.97,108.4979307823658
2026-08-05,BOM_BLR,15,7234.37,9,6400.97,113.01990167115297
2026-08-06,BOM_BLR,15,7226.0,15,6400.97,112.88914023968242
2026-08-07,BOM_BLR,15,8128.2,11,6400.97,126.98387900583816
2026-08-08,BOM_BLR,15,7505.71,15,6400.97,117.25894669089216
2026-08-09,BOM_BLR,15,6465.67,11,6400.97,101.01078430300407
2026-08-10,BOM_BLR,15,6841.610000000001,12,6400.97,106.8839566503202
2026-08-11,BOM_BLR,15,7262.59,14,6400.97,113.46077235169045
2026-08-12,BOM_BLR,15,6880.615,10,6400.97,107.49331741907866
2026-08-13,BOM_BLR,15,6624.33,13,6400.97,103.4894711270323
2026-08-14,BOM_BLR,15,7438.29,15,6400.97,116.2056688283182
2026-08-15,BOM_BLR,15,7250.1,19,6400.97,113.26564567557729
2026-08-16,BOM_BLR,15,6917.155,18,6400.97,108.06416839947694
2026-08-17,BOM_BLR,15,7208.665,14,6400.97,112.61832191058542
2026-08-18,BOM_BLR,15,6789.355,12,6400.97,106.06759600498049
2026-08-19,BOM_BLR,15,7058.825000000001,16,6400.97,110.27742670251541
2026-08-20,BOM_BLR,15,6831.96,21,6400.97,106.7331982496403
2026-08-21,BOM_BLR,15,7740.780000000001,12,6400.97,120.93135884092567
2026-08-22,BOM_BLR,15,7775.875,14,6400.97,121.47963511780245
2026-08-23,BOM_BLR,15,6783.58,11,6400.97,105.97737530405547
2026-08-24,BOM_BLR,15,6666.5,17,6400.97,104.14827752668737
2026-08-25,BOM_BLR,15,7098.09,18,6400.97,110.89084935564453
2026-08-26,BOM_BLR,15,7357.86,15,6400.97,114.9491405208898
2026-08-27,BOM_BLR,15,6847.26,17,6400.97,106.97222452222086
2026-08-28,BOM_BLR,15,7513.83,13,6400.97,117.385802464314
2026-08-29,BOM_BLR,15,7233.84,13,6400.97,113.01162167608972
2026-08-30,BOM_BLR,15,7001.370000000001,16,6400.97,109.37982836976272
2026-08-31,BOM_BLR,15,7219.98,15,6400.97,112.79509199386968
2026-09-01,BOM_BLR,15,6954.48,17,6400.97,108.64728314614815
2026-09-02,BOM_BLR,15,7026.67,8,6400.97,109.77508096429133
2026-09-03,BOM_BLR,15,6894.59,9,6400.97,107.7116437040011
2026-07-01,BOM_BLR,30,6115.514999999999,16,6115.514999999999,100.0
2026-07-02,BOM_BLR,30,6436.65,11,6115.514999999999,105.25115219241552
2026-07-03,BOM_BLR,30,6473.36,11,6115.514999999999,105.8514287022434
2026-07-04,BOM_BLR,30,6019.860000000001,10,6115.514999999999,98.43586353724913
2026-07-05,BOM_BLR,30,5626.56,17,6115.514999999999,92.004679900221
2026-07-06,BOM_BLR,30,5865.28,18,6115.514999999999,95.9081941586277
2026-07-07,BOM_BLR,30,6168.71,13,6115.514999999999,100.8698368003349
2026-07-08,BOM_BLR,30,6158.3,13,6115.514999999999,100.69961401451881
2026-07-09,BOM_BLR,30,6140.63,14,6115.514999999999,100.41067677865234
2026-07-10,BOM_BLR,30,6212.16,19,6115.514999999999,101.58032479684869
2026-07-11,BOM_BLR,30,5759.32,19,6115.514999999999,94.17555185458625
2026-07-12,BOM_BLR,30,6013.69,9,6115.514999999999,98.33497260655889
2026-07-13,BOM_BLR,30,6440.385,20,6115.514999999999,105.31222636196627
2026-07-14,BOM_BLR,30,6076.045,20,6115.514999999999,99.35459237692984
2026-07-15,BOM_BLR,30,6050.48,13,6115.514999999999,98.93655726459669
2026-07-16,BOM_BLR,30,6614.3150000000005,18,6115.514999999999,108.15630408886253
2026-07-17,BOM_BLR,30,6336.04,21,6115.514999999999,103.60599229991261
2026-07-18,BOM_BLR,30,6350.01,12,6115.514999999999,103.83442768107021
2026-07-19,BOM_BLR,30,6128.19,11,6115.514999999999,100.20725973200948
2026-07-20,BOM_BLR,30,5832.84,17,6115.514999999999,95.3777400595044
2026-07-21,BOM_BLR,30,6103.04,23,6115.514999999999,99.79601063851533
2026-07-22,BOM_BLR,30,5962.39,15,6115.514999999999,97.49612256694654
2026-07-23,BOM_BLR,30,6428.299999999999,22,6115.514999999999,105.11461422300492
2026-07-24,BOM_BLR,30,6278.495,18,6115.514999999999,102.66502494066323
2026-07-25,BOM_BLR,30,5869.115,16,6115.514999999999,95.97090351344082
2026-07-26,BOM_BLR,30,5584.125,12,6115.514999999999,91.3107890341206
2026-07-27,BOM_BLR,30,5998.21,11,6115.514999999999,98.08184592793903
2026-07-28,BOM_BLR,30,5551.73,12,6115.514999999999,90.78107076836538
2026-07-29,BOM_BLR,30,6086.639999999999,14,6115.514999999999,99.52784025548135
2026-07-30,BOM_BLR,30,6436.7,13,6115.514999999999,105.25196978504671
2026-07-31,BOM_BLR,30,6398.16,13,6115.514999999999,104.6217693849169
2026-08-01,BOM_BLR,30,5800.085,12,6115.514999999999,94.84213512680454
2026-08-02,BOM_BLR,30,5869.174999999999,16,6115.514999999999,95.97188462459826
2026-08-03,BOM_BLR,30,6225.32,16,6115.514999999999,101.7955151773808
2026-08-04,BOM_BLR,30,5880.355,10,6115.514999999999,96.15469833693483
2026-08-05,BOM_BLR,30,6208.46,17,6115.514999999999,101.5198229421398
2026-08-06,BOM_BLR,30,6771.76,12,6115.514999999999,110.73082152525177
2026-08-07,BOM_BLR,30,6841.4,13,6115.514999999999,111.86956454198871
2026-08-08,BOM_BLR,30,5932.344999999999,16,6115.514999999999,97.00483115485777
2026-08-09,BOM_BLR,30,5952.83,19,6115.514999999999,97.33979885586088
2026-08-10,BOM_BLR,30,6160.1900000000005,10,6115.514999999999,100.73051901597823
2026-08-11,BOM_BLR,30,5938.455,10,6115.514999999999,97.10474097439055
2026-08-12,BOM_BLR,30,5815.97,19,6115.514999999999,95.10188430573714
2026-08-13,BOM_BLR,30,6394.67,17,6115.514999999999,104.56470141925907
2026-08-14,BOM_BLR,30,6512.805,16,6115.514999999999,106.49642752899797
2026-08-15,BOM_BLR,30,5833.91,13,6115.514999999999,95.3952365418121
2026-08-16,BOM_BLR,30,5582.93,14,6115.514999999999,91.2912485702349
2026-08-17,BOM_BLR,30,5885.02,17,6115.514999999999,96.23097972942591
2026-08-18,BOM_BLR,30,6327.030000000001,16,6115.514999999999,103.45866210777017
2026-08-19,BOM_BLR,30,5922.88,16,6115.514999999999,96.8500608697714
2026-08-20,BOM_BLR,30,6530.84,15,6115.514999999999,106.79133319107224
2026-08-21,BOM_BLR,30,7080.219999999999,10,6115.514999999999,115.7747139856578
2026-08-22,BOM_BLR,30,5860.36,19,6115.514999999999,95.82774304371749
2026-08-23,BOM_BLR,30,5948.26,11,6115.514999999999,97.2650708893691
2026-08-24,BOM_BLR,30,5605.575000000001,12,6115.514999999999,91.66153627290589
2026-08-25,BOM_BLR,30,6024.43,14,6115.514999999999,98.51059150374091
2026-08-26,BOM_BLR,30,5900.68,13,6115.514999999999,96.4870497415181
2026-08-27,BOM_BLR,30,5679.41,6,6115.514999999999,92.8688753114006
2026-08-28,BOM_BLR,30,6823.610000000001,10,6115.514999999999,111.57866508380737
2026-08-29,BOM_BLR,30,5742.955,12,6115.514999999999,93.90795378639413
2026-08-30,BOM_BLR,30,5999.69,21,6115.514999999999,98.10604666982258
2026-08-31,BOM_BLR,30,6028.34,19,6115.514999999999,98.57452724750082
2026-09-01,BOM_BLR,30,5807.025,16,6115.514999999999,94.95561698401525
2026-09-02,BOM_BLR,30,6006.08,14,6115.514999999999,98.21053500809008
2026-09-03,BOM_BLR,30,6678.51,15,6115.514999999999,109.20601126806166
2026-07-01,BOM_BLR,45,6142.85,12,6142.85,100.0
2026-07-02,BOM_BLR,45,6478.280000000001,14,6142.85,105.4604947215055
2026-07-03,BOM_BLR,45,5735.87,14,6142.85,93.37473648225172
2026-07-04,BOM_BLR,45,5502.395,14,6142.85,89.5739762488096
2026-07-05,BOM_BLR,45,5445.11,7,6142.85,88.641428652824
2026-07-06,BOM_BLR,45,5656.3,19,6142.85,92.07940939466208
2026-07-07,BOM_BLR,45,5478.91,16,6142.85,89.19166185076959
2026-07-08,BOM_BLR,45,6016.035,10,6142.85,97.9355673669388
2026-07-09,BOM_BLR,45,6347.265,16,6142.85,103.3276899159185
2026-07-10,BOM_BLR,45,6011.93,17,6142.85,97.86874170783919
2026-07-11,BOM_BLR,45,5419.53,17,6142.85,88.22500956396459
2026-07-12,BOM_BLR,45,5977.71,17,6142.85,97.31167129264104
2026-07-13,BOM_BLR,45,5847.21,11,6142.85,95.18725021773281
2026-07-14,BOM_BLR,45,5822.94,23,6142.85,94.79215673506596
2026-07-15,BOM_BLR,45,6149.0,9,6142.85,100.10011639548418
2026-07-16,BOM_BLR,45,6372.14,11,6142.85,103.7326322472468
2026-07-17,BOM_BLR,45,5825.55,11,6142.85,94.83464515656414
2026-07-18,BOM_BLR,45,5785.16,8,6142.85,94.17713276410787
2026-07-19,BOM_BLR,45,5971.73,15,6142.85,97.21432234223528
2026-07-20,BOM_BLR,45,5732.105,14,6142.85,93.31344571330895
2026-07-21,BOM_BLR,45,6112.71,14,6142.85,99.50934826668403
2026-07-22,BOM_BLR,45,6093.82,23,6142.85,99.20183628120498
2026-07-23,BOM_BLR,45,5910.59,18,6142.85,96.21901885932425
2026-07-24,BOM_BLR,45,5908.27,17,6142.85,96.18125137354812
2026-07-25,BOM_BLR,45,5620.93,20,6142.85,91.50361802746282
2026-07-26,BOM_BLR,45,5415.59,18,6142.85,88.16086995449994
2026-07-27,BOM_BLR,45,5993.995000000001,14,6142.85,97.57677625206541
2026-07-28,BOM_BLR,45,5968.085,16,6142.85,97.15498506393612
2026-07-29,BOM_BLR,45,6403.965,14,6142.85,104.25071424501655
2026-07-30,BOM_BLR,45,6214.46,13,6142.85,101.16574554156456
2026-07-31,BOM_BLR,45,5650.37,11,6142.85,91.98287439869115
2026-08-01,BOM_BLR,45,5824.47,11,6142.85,94.81706374077179
2026-08-02,BOM_BLR,45,5401.22,15,6142.85,87.92693944992959
2026-08-03,BOM_BLR,45,5692.98,16,6142.85,92.6765263680539
2026-08-04,BOM_BLR,45,5646.23,15,6142.85,91.91547897148716
2026-08-05,BOM_BLR,45,6198.64,17,6142.85,100.90821035838414
2026-08-06,BOM_BLR,45,6370.83,16,6142.85,103.71130664105424
2026-08-07,BOM_BLR,45,5756.4400000000005,6,6142.85,93.7095973367411
2026-08-08,BOM_BLR,45,5912.77,19,6142.85,96.25450727268287
2026-08-09,BOM_BLR,45,5590.59,15,6142.85,91.00971047640752
2026-08-10,BOM_BLR,45,5608.08,19,6142.85,91.2944317377113
2026-08-11,BOM_BLR,45,5576.55,11,6142.85,90.78115207110706
2026-08-12,BOM_BLR,45,6044.455,14,6142.85,98.39821906769657
2026-08-13,BOM_BLR,45,6262.35,14,6142.85,101.94535109924547
2026-08-14,BOM_BLR,45,6276.19,13,6142.85,102.1706536868066
2026-08-15,BOM_BLR,45,5560.53,15,6142.85,90.52036107018728
2026-08-16,BOM_BLR,45,5829.25,19,6142.85,94.89487778474161
2026-08-17,BOM_BLR,45,5669.69,13,6142.85,92.29738639230975
2026-08-18,BOM_BLR,45,5803.35,16,6142.85,94.4732493874993
2026-08-19,BOM_BLR,45,6260.68,14,6142.85,101.91816502112212
2026-08-20,BOM_BLR,45,6321.59,14,6142.85,102.90972431363292
2026-08-21,BOM_BLR,45,5856.86,21,6142.85,95.34434342365513
2026-08-22,BOM_BLR,45,5721.99,21,6142.85,93.1487827311427
2026-08-23,BOM_BLR,45,5957.25,16,6142.85,96.9786011379083
2026-08-24,BOM_BLR,45,5809.915,10,6142.85,94.58012160479255
2026-08-25,BOM_BLR,45,5767.55,15,6142.85,93.89045801216047
2026-08-26,BOM_BLR,45,6318.82,15,6142.85,102.8646312379433
2026-08-27,BOM_BLR,45,6394.32,17,6142.85,104.0937024345377
2026-08-28,BOM_BLR,45,5802.84,13,6142.85,94.46494705226401
2026-08-29,BOM_BLR,45,5652.37,12,6142.85,92.0154325760844
2026-08-30,BOM_BLR,45,5460.385,16,6142.85,88.8900917326648
2026-08-31,BOM_BLR,45,5374.61,9,6142.85,87.49375289971266
2026-09-01,BOM_BLR,45,5638.75,18,6142.85,91.79371138803648
2026-09-02,BOM_BLR,45,6093.6849999999995,16,6142.85,99.19963860423093
2026-09-03,BOM_BLR,45,5964.78,15,6142.85,97.1011826757938
2026-07-01,BOM_DEL,1,11787.115,14,11787.115,100.0
2026-07-02,BOM_DEL,1,11621.74,15,11787.115,98.5969849280337
2026-07-03,BOM_DEL,1,13008.39,17,11787.115,110.36110193206734
2026-07-04,BOM_DEL,1,12551.51,13,11787.115,106.48500502455435
2026-07-05,BOM_DEL,1,11555.9,12,11787.115,98.03840888970711
2026-07-06,BOM_DEL,1,12087.23,18,11787.115,102.54612769961098
2026-07-07,BOM_DEL,1,11562.57,15,11787.115,98.09499610379639
2026-07-08,BOM_DEL,1,11845.825,12,11787.115,100.49808625774841
2026-07-09,BOM_DEL,1,11269.745,18,11787.115,95.61071559919455
2026-07-10,BOM_DEL,1,12836.505,16,11787.115,108.9028570604427
2026-07-11,BOM_DEL,1,12745.34,16,11787.115,108.12942776922088
2026-07-12,BOM_DEL,1,11535.67,21,11787.115,97.86678080259674
2026-07-13,BOM_DEL,1,11006.42,17,11787.115,93.37670838029493
2026-07-14,BOM_DEL,1,11819.41,17,11787.115,100.27398561904248
2026-07-15,BOM_DEL,1,11851.3,17,11787.115,100.54453528280669
2026-07-16,BOM_DEL,1,11273.06,15,11787.115,95.63883952943532
2026-07-17,BOM_DEL,1,12567.18,11,11787.115,106.6179468003833
2026-07-18,BOM_DEL,1,12780.81,13,11787.115,108.43034958087708
2026-07-19,BOM_DEL,1,12753.335,16,11787.115,108.19725607156627
2026-07-20,BOM_DEL,1,11617.585,16,11787.115,98.56173457203056
2026-07-21,BOM_DEL,1,11474.34,13,11787.115,97.34646688354191
2026-07-22,BOM_DEL,1,11962.28,13,11787.115,101.48607186745866
2026-07-23,BOM_DEL,1,11548.720000000001,12,11787.115,97.97749491711926
2026-07-24,BOM_DEL,1,13206.35,17,11787.115,112.04056293673219
2026-07-25,BOM_DEL,1,11674.035,10,11787.115,99.04064735094211
2026-07-26,BOM_DEL,1,11642.255,10,11787.115,98.77103090959916
2026-07-27,BOM_DEL,1,12230.904999999999,10,11787.115,103.76504343938274
2026-07-28,BOM_DEL,1,11804.31,18,11787.115,100.14587963212371
2026-07-29,BOM_DEL,1,11827.42,15,11787.115,100.3419411789908
2026-07-30,BOM_DEL,1,12001.99,11,11787.115,101.82296516153444
2026-07-31,BOM_DEL,1,12161.395,18,11787.115,103.17533170754676
2026-08-01,BOM_DEL,1,14271.21,15,11787.115,121.07466500496515
2026-08-02,BOM_DEL,1,12039.04,8,11787.115,102.13729144069606
2026-08-03,BOM_DEL,1,11763.314999999999,8,11787.115,99.79808460339954
2026-08-04,BOM_DEL,1,12072.13,15,11787.115,102.41802171269221
2026-08-05,BOM_DEL,1,11962.73,15,11787.115,101.48988959554563
2026-08-06,BOM_DEL,1,11886.2,18,11787.115,100.84062130555272
2026-08-07,BOM_DEL,1,12491.6,16,11787.115,105.97673815857401
2026-08-08,BOM_DEL,1,12590.69,18,11787.115,106.81740188332769
2026-08-09,BOM_DEL,1,11635.53,13,11787.115,98.71397708429926
2026-08-10,BOM_DEL,1,12053.75,17,11787.115,102.26208872993942
2026-08-11,BOM_DEL,1,12140.805,12,11787.115,103.00064943796681
2026-08-12,BOM_DEL,1,11755.47,19,11787.115,99.73152887708315
2026-08-13,BOM_DEL,1,11196.145,16,11787.115,94.98630496096798
2026-08-14,BOM_DEL,1,12814.77,13,11787.115,108.71846079384142
2026-08-15,BOM_DEL,1,13729.42,15,11787.115,116.47820522663943
2026-08-16,BOM_DEL,1,11489.83,21,11787.115,97.47788156813606
2026-08-17,BOM_DEL,1,12269.175,10,11787.115,104.08972000358017
2026-08-18,BOM_DEL,1,11560.665,12,11787.115,98.07883438822817
2026-08-19,BOM_DEL,1,11752.74,14,11787.115,99.70836799335545
2026-08-20,BOM_DEL,1,11674.75,13,11787.115,99.04671329668032
2026-08-21,BOM_DEL,1,12543.25,10,11787.115,106.41492850455774
2026-08-22,BOM_DEL,1,12064.46,19,11787.115,102.35295065840961
2026-08-23,BOM_DEL,1,11208.57,16,11787.115,95.09171667536968
2026-08-24,BOM_DEL,1,11345.46,19,11787.115,96.25306955942993
2026-08-25,BOM_DEL,1,10971.295,14,11787.115,93.07871349350542
2026-08-26,BOM_DEL,1,11456.71,12,11787.115,97.1968967809341
2026-08-27,BOM_DEL,1,11193.095000000001,18,11787.115,94.96042924837843
2026-08-28,BOM_DEL,1,12874.23,21,11787.115,109.22290993173478
2026-08-29,BOM_DEL,1,12753.945,18,11787.115,108.2024312140842
2026-08-30,BOM_DEL,1,11669.005000000001,12,11787.115,98.99797363476985
2026-08-31,BOM_DEL,1,11369.975,16,11787.115,96.46105090176859
2026-09-01,BOM_DEL,1,12052.939999999999,16,11787.115,102.25521681938285
2026-09-02,BOM_DEL,1,12347.380000000001,16,11787.115,104.75319872589691
2026-09-03,BOM_DEL,1,12410.36,13,11787.115,105.28751098127064
2026-07-01,BOM_DEL,7,9014.355,14,9014.355,100.0
2026-07-02,BOM_DEL,7,8981.26,14,9014.355,99.63286336071744
2026-07-03,BOM_DEL,7,8516.745,16,9014.355,94.47980471148519
2026-07-04,BOM_DEL,7,9769.24,17,9014.355,108.37425417570088
2026-07-05,BOM_DEL,7,9751.295,12,9014.355,108.17518280564722
2026-07-06,BOM_DEL,7,9320.630000000001,18,9014.355,103.3976363256162
2026-07-07,BOM_DEL,7,9270.63,15,9014.355,102.84296547007523
2026-07-08,BOM_DEL,7,9419.095000000001,26,9014.355,104.48994964143303
2026-07-09,BOM_DEL,7,9337.845000000001,14,9014.355,103.58860950117896
2026-07-10,BOM_DEL,7,8327.62,11,9014.355,92.38176220040148
2026-07-11,BOM_DEL,7,9981.87,15,9014.355,110.73304745597441
2026-07-12,BOM_DEL,7,9776.1,15,9014.355,108.4503550170811
2026-07-13,BOM_DEL,7,8770.61,14,9014.355,97.29603504632335
2026-07-14,BOM_DEL,7,9549.24,19,9014.355,105.93370241132061
2026-07-15,BOM_DEL,7,9360.77,17,9014.355,103.8429260884445
2026-07-16,BOM_DEL,7,10050.26,13,9014.355,111.49172625218333
2026-07-17,BOM_DEL,7,9414.925,18,9014.355,104.4436900920809
2026-07-18,BOM_DEL,7,10060.225,14,9014.355,111.60227215369265
2026-07-19,BOM_DEL,7,10620.315,14,9014.355,117.81558414329145
2026-07-20,BOM_DEL,7,9384.44,19,9014.355,104.1055072714576
2026-07-21,BOM_DEL,7,8941.015,16,9014.355,99.18640878909251
2026-07-22,BOM_DEL,7,9643.06,13,9014.355,106.97448680465769
2026-07-23,BOM_DEL,7,9726.41,5,9014.355,107.8991231208445
2026-07-24,BOM_DEL,7,9002.25,15,9014.355,99.86571418587353
2026-07-25,BOM_DEL,7,10119.71,17,9014.355,112.2621640705297
2026-07-26,BOM_DEL,7,10604.11,13,9014.355,117.63581531901065
2026-07-27,BOM_DEL,7,9590.3,11,9014.355,106.38919811789084
2026-07-28,BOM_DEL,7,9885.695,10,9014.355,109.66613806534133
2026-07-29,BOM_DEL,7,9929.935000000001,10,9014.355,110.156910838324
2026-07-30,BOM_DEL,7,9447.32,14,9014.355,104.8030613393859
2026-07-31,BOM_DEL,7,9308.32,15,9014.355,103.261076360982
2026-08-01,BOM_DEL,7,10141.529999999999,14,9014.355,112.5042224318878
2026-08-02,BOM_DEL,7,10081.23,16,9014.355,111.83528938010541
2026-08-03,BOM_DEL,7,8731.26,15,9014.355,96.85950908301261
2026-08-04,BOM_DEL,7,9176.3,14,9014.355,101.79652343401165
2026-08-05,BOM_DEL,7,9698.765,20,9014.355,107.59244560481586
2026-08-06,BOM_DEL,7,8567.59,9,9014.355,95.0438495044848
2026-08-07,BOM_DEL,7,8393.525000000001,14,9014.355,93.11287385509004
2026-08-08,BOM_DEL,7,9500.01,9,9014.355,105.38757348695498
2026-08-09,BOM_DEL,7,10237.765,18,9014.355,113.57179742754751
2026-08-10,BOM_DEL,7,9354.94,9,9014.355,103.77825146668842
2026-08-11,BOM_DEL,7,9194.87,19,9014.355,102.00252818975957
2026-08-12,BOM_DEL,7,9122.189999999999,14,9014.355,101.19625863414518
2026-08-13,BOM_DEL,7,9300.77,17,9014.355,103.17732106179534
2026-08-14,BOM_DEL,7,10306.939999999999,10,9014.355,114.33918455618843
2026-08-15,BOM_DEL,7,9956.83,13,9014.355,110.45526829151949
2026-08-16,BOM_DEL,7,9535.475,16,9014.355,105.7810015247902
2026-08-17,BOM_DEL,7,9364.215,14,9014.355,103.88114291039126
2026-08-18,BOM_DEL,7,8969.635,14,9014.355,99.50390238680417
2026-08-19,BOM_DEL,7,9107.21,13,9014.355,101.03007924582512
2026-08-20,BOM_DEL,7,9591.93,16,9014.355,106.40728038778148
2026-08-21,BOM_DEL,7,8959.575,16,9014.355,99.39230261066932
2026-08-22,BOM_DEL,7,10221.595,16,9014.355,113.39241687286557
2026-08-23,BOM_DEL,7,10271.845000000001,16,9014.355,113.94986108268425
2026-08-24,BOM_DEL,7,9335.81,14,9014.355,103.56603439735844
2026-08-25,BOM_DEL,7,8843.33,8,9014.355,98.10274833862212
2026-08-26,BOM_DEL,7,9269.79,13,9014.355,102.83364699970217
2026-08-27,BOM_DEL,7,8948.665,14,9014.355,99.27127342999029
2026-08-28,BOM_DEL,7,9291.61,11,9014.355,103.07570536106023
2026-08-29,BOM_DEL,7,11664.47,9,9014.355,129.39883108663903
2026-08-30,BOM_DEL,7,10251.41,15,9014.355,113.72316710402464
2026-08-31,BOM_DEL,7,9143.92,19,9014.355,101.43731858796332
2026-09-01,BOM_DEL,7,8746.900000000001,14,9014.355,97.03301012662583
2026-09-02,BOM_DEL,7,8491.03,12,9014.355,94.19453749048047
2026-09-03,BOM_DEL,7,9078.14,20,9014.355,100.70759361041361
2026-07-01,BOM_DEL,15,7879.1,11,7879.1,100.0
2026-07-02,BOM_DEL,15,8112.215,18,7879.1,102.95865009963066
2026-07-03,BOM_DEL,15,9082.76,17,7879.1,115.27661788782983
2026-07-04,BOM_DEL,15,8754.93,16,7879.1,111.11586348694648
2026-07-05,BOM_DEL,15,8545.505000000001,8,7879.1,108.45788224543413
2026-07-06,BOM_DEL,15,7769.42,13,7879.1,98.60796283839525
2026-07-07,BOM_DEL,15,7961.445,16,7879.1,101.04510667462019
2026-07-08,BOM_DEL,15,7555.06,15,7879.1,95.88734753969362
2026-07-09,BOM_DEL,15,8211.585,10,7879.1,104.21983475270015
2026-07-10,BOM_DEL,15,8705.15,24,7879.1,110.48406543894606
2026-07-11,BOM_DEL,15,8843.81,13,7879.1,112.24391110659846
2026-07-12,BOM_DEL,15,8235.52,12,7879.1,104.52361310301939
2026-07-13,BOM_DEL,15,8054.95,9,7879.1,102.23185389194197
2026-07-14,BOM_DEL,15,7098.42,17,7879.1,90.09176174943838
2026-07-15,BOM_DEL,15,7665.305,10,7879.1,97.28655557106775
2026-07-16,BOM_DEL,15,7923.514999999999,18,7879.1,100.56370651470345
2026-07-17,BOM_DEL,15,9337.84,13,7879.1,118.5140434821236
2026-07-18,BOM_DEL,15,8771.17,19,7879.1,111.32197839854805
2026-07-19,BOM_DEL,15,7235.639999999999,16,7879.1,91.83333121803251
2026-07-20,BOM_DEL,15,8033.74,13,7879.1,101.96266070997957
2026-07-21,BOM_DEL,15,8026.45,11,7879.1,101.87013745224706
2026-07-22,BOM_DEL,15,7418.54,15,7879.1,94.1546623345306
2026-07-23,BOM_DEL,15,7880.2,7,7879.1,100.01396098539172
2026-07-24,BOM_DEL,15,8944.92,19,7879.1,113.52717950019672
2026-07-25,BOM_DEL,15,8685.9,15,7879.1,110.23974819459075
2026-07-26,BOM_DEL,15,7954.485000000001,16,7879.1,100.95677171250523
2026-07-27,BOM_DEL,15,7791.705,16,7879.1,98.89079971062684
2026-07-28,BOM_DEL,15,7989.46,13,7879.1,101.40066758893782
2026-07-29,BOM_DEL,15,8037.745,24,7879.1,102.01349138861038
2026-07-30,BOM_DEL,15,7480.23,14,7879.1,94.93761977890874
2026-07-31,BOM_DEL,15,8447.035,10,7879.1,107.20812021677601
2026-08-01,BOM_DEL,15,8344.32,15,7879.1,105.90448147631074
2026-08-02,BOM_DEL,15,7694.29,15,7879.1,97.6544275361399
2026-08-03,BOM_DEL,15,7971.08,23,7879.1,101.16739221484687
2026-08-04,BOM_DEL,15,8333.36,15,7879.1,105.7653792945895
2026-08-05,BOM_DEL,15,7369.73,15,7879.1,93.5351753372847
2026-08-06,BOM_DEL,15,8221.805,18,7879.1,104.34954499879427
2026-08-07,BOM_DEL,15,8854.38,15,7879.1,112.3780634844081
2026-08-08,BOM_DEL,15,8274.22,21,7879.1,105.01478595271033
2026-08-09,BOM_DEL,15,8094.0599999999995,22,7879.1,102.72823038164256
2026-08-10,BOM_DEL,15,7971.54,14,7879.1,101.17323044510161
2026-08-11,BOM_DEL,15,8199.41,13,7879.1,104.0653120280235
2026-08-12,BOM_DEL,15,8092.76,17,7879.1,102.71173103527052
2026-08-13,BOM_DEL,15,7351.74,11,7879.1,93.30684976710538
2026-08-14,BOM_DEL,15,8788.67,15,7879.1,111.54408498432562
2026-08-15,BOM_DEL,15,8202.095000000001,18,7879.1,104.09938952418425
2026-08-16,BOM_DEL,15,7955.36,9,7879.1,100.96787704179411
2026-08-17,BOM_DEL,15,7947.69,15,7879.1,100.87053089819902
2026-08-18,BOM_DEL,15,7596.07,13,7879.1,96.4078384587072
2026-08-19,BOM_DEL,15,7947.65,15,7879.1,100.87002322600296
2026-08-20,BOM_DEL,15,8192.37,13,7879.1,103.97596172151641
2026-08-21,BOM_DEL,15,9179.815,18,7879.1,116.50842101255219
2026-08-22,BOM_DEL,15,8205.94,14,7879.1,104.1481895140308
2026-08-23,BOM_DEL,15,7489.4400000000005,6,7879.1,95.05451130205228
2026-08-24,BOM_DEL,15,7574.65,18,7879.1,96.13597999771547
2026-08-25,BOM_DEL,15,8525.13,9,7879.1,108.19928672056452
2026-08-26,BOM_DEL,15,8071.375,14,7879.1,102.44031678745034
2026-08-27,BOM_DEL,15,7685.02,11,7879.1,97.53677450470232
2026-08-28,BOM_DEL,15,8625.23,19,7879.1,109.46973639121218
2026-08-29,BOM_DEL,15,8418.88,9,7879.1,106.85078244977217
2026-08-30,BOM_DEL,15,8146.32,20,7879.1,103.39150410579887
2026-08-31,BOM_DEL,15,7621.9349999999995,12,7879.1,96.73611199248644
2026-09-01,BOM_DEL,15,8203.32,13,7879.1,104.11493698518865
2026-09-02,BOM_DEL,15,7918.4,17,7879.1,100.4987879326319
2026-09-03,BOM_DEL,15,7928.755,12,7879.1,100.6302115723877
2026-07-01,BOM_DEL,30,6848.37,9,6848.37,100.0
2026-07-02,BOM_DEL,30,7888.57,9,6848.37,115.18901578039737
2026-07-03,BOM_DEL,30,7516.745,18,6848.37,109.75962163259287
2026-07-04,BOM_DEL,30,7245.74,15,6848.37,105.80240261551288
2026-07-05,BOM_DEL,30,6696.18,12,6848.37,97.77771936971864
2026-07-06,BOM_DEL,30,7086.65,21,6848.37,103.47936808320813
2026-07-07,BOM_DEL,30,7285.675,14,6848.37,106.3855340759918
2026-07-08,BOM_DEL,30,6738.74,21,6848.37,98.3991811190108
2026-07-09,BOM_DEL,30,6937.275,10,6848.37,101.29819212454933
2026-07-10,BOM_DEL,30,7701.72,13,6848.37,112.46062931763325
2026-07-11,BOM_DEL,30,6610.35,15,6848.37,96.52442844063624
2026-07-12,BOM_DEL,30,6725.59,14,6848.37,98.2071646245749
2026-07-13,BOM_DEL,30,6726.66,15,6848.37,98.22278878039592
2026-07-14,BOM_DEL,30,6885.57,13,6848.37,100.54319495003921
2026-07-15,BOM_DEL,30,6534.14,21,6848.37,95.41160889379518
2026-07-16,BOM_DEL,30,7669.9349999999995,16,6848.37,111.99650427766024
2026-07-17,BOM_DEL,30,7467.51,13,6848.37,109.04069143460416
2026-07-18,BOM_DEL,30,6304.66,14,6848.37,92.06073854070385
2026-07-19,BOM_DEL,30,6486.615,14,6848.37,94.7176481410905
2026-07-20,BOM_DEL,30,7304.945,12,6848.37,106.66691490091802
2026-07-21,BOM_DEL,30,6672.76,10,6848.37,97.43574018343053
2026-07-22,BOM_DEL,30,6988.26,17,6848.37,102.04267584841358
2026-07-23,BOM_DEL,30,7344.52,16,6848.37,107.244789636074
2026-07-24,BOM_DEL,30,6815.43,8,6848.37,99.51900963294916
2026-07-25,BOM_DEL,30,6988.25,8,6848.37,102.04252982826571
2026-07-26,BOM_DEL,30,6462.09,17,6848.37,94.35953372846386
2026-07-27,BOM_DEL,30,7216.115,14,6848.37,105.36981792747764
2026-07-28,BOM_DEL,30,7125.545,12,6848.37,104.0473134483096
2026-07-29,BOM_DEL,30,6920.66,9,6848.37,101.05557964887994
2026-07-30,BOM_DEL,30,7385.375,20,6848.37,107.84135495015603
2026-07-31,BOM_DEL,30,7807.33,15,6848.37,114.00274809918271
2026-08-01,BOM_DEL,30,6823.36,13,6848.37,99.63480361020213
2026-08-02,BOM_DEL,30,6633.72,21,6848.37,96.86567752618507
2026-08-03,BOM_DEL,30,6694.825000000001,22,6848.37,97.75793363968361
2026-08-04,BOM_DEL,30,7007.03,9,6848.37,102.31675566594677
2026-08-05,BOM_DEL,30,7404.995,18,6848.37,108.12784648025735
2026-08-06,BOM_DEL,30,7269.09,10,6848.37,106.143359660766
2026-08-07,BOM_DEL,30,7954.09,14,6848.37,116.1457397891761
2026-08-08,BOM_DEL,30,6572.1900000000005,18,6848.37,95.96721555640248
2026-08-09,BOM_DEL,30,6885.3099999999995,18,6848.37,100.53939842619484
2026-08-10,BOM_DEL,30,6915.01,13,6848.37,100.97307826533905
2026-08-11,BOM_DEL,30,6948.075,14,6848.37,101.45589388423815
2026-08-12,BOM_DEL,30,7365.35,15,6848.37,107.54894960406638
2026-08-13,BOM_DEL,30,7541.305,12,6848.37,110.11824711573703
2026-08-14,BOM_DEL,30,7197.86,13,6848.37,105.10325814755919
2026-08-15,BOM_DEL,30,7033.575,16,6848.37,102.70436614844117
2026-08-16,BOM_DEL,30,6993.83,9,6848.37,102.12400907077159
2026-08-17,BOM_DEL,30,6755.64,11,6848.37,98.6459551688942
2026-08-18,BOM_DEL,30,6971.995000000001,12,6848.37,101.80517407791929
2026-08-19,BOM_DEL,30,7581.87,13,6848.37,110.71057784553113
2026-08-20,BOM_DEL,30,7712.415,14,6848.37,112.61679786576953
2026-08-21,BOM_DEL,30,7526.455,10,6848.37,109.90140719616493
2026-08-22,BOM_DEL,30,6937.48,11,6848.37,101.30118553758048
2026-08-23,BOM_DEL,30,7216.325,20,6848.37,105.3728843505827
2026-08-24,BOM_DEL,30,6345.53,13,6848.37,92.65752288500767
2026-08-25,BOM_DEL,30,7592.68,7,6848.37,110.86842562536778
2026-08-26,BOM_DEL,30,6985.110000000001,18,6848.37,101.99667950183769
2026-08-27,BOM_DEL,30,7676.37,16,6848.37,112.09046824280816
2026-08-28,BOM_DEL,30,7437.82,11,6848.37,108.6071576156078
2026-08-29,BOM_DEL,30,6800.51,18,6848.37,99.30114757234205
2026-08-30,BOM_DEL,30,6688.9,24,6848.37,97.67141670207656
2026-08-31,BOM_DEL,30,6528.17,15,6848.37,95.32443486552275
2026-09-01,BOM_DEL,30,7007.18,13,6848.37,102.31894596816468
2026-09-02,BOM_DEL,30,6607.2,17,6848.37,96.47843209406034
2026-09-03,BOM_DEL,30,7855.0,15,6848.37,114.69882614403136
2026-07-01,BOM_DEL,45,7155.57,13,7155.57,100.0
2026-07-02,BOM_DEL,45,7422.02,14,7155.57,103.7236726074932
2026-07-03,BOM_DEL,45,6308.53,9,7155.57,88.16250836760733
2026-07-04,BOM_DEL,45,6861.89,15,7155.57,95.89578468242223
2026-07-05,BOM_DEL,45,6513.85,14,7155.57,91.03188145738216
2026-07-06,BOM_DEL,45,6082.82,15,7155.57,85.0081824368988
2026-07-07,BOM_DEL,45,6529.28,19,7155.57,91.2475176680544
2026-07-08,BOM_DEL,45,7521.89,7,7155.57,105.11936854785853
2026-07-09,BOM_DEL,45,6883.965,14,7155.57,96.20428561246693
2026-07-10,BOM_DEL,45,6390.59,10,7155.57,89.30930729487659
2026-07-11,BOM_DEL,45,6458.93,15,7155.57,90.26436747876132
2026-07-12,BOM_DEL,45,6317.85,15,7155.57,88.29275655188896
2026-07-13,BOM_DEL,45,6130.585,12,7155.57,85.67570438134209
2026-07-14,BOM_DEL,45,6118.03,19,7155.57,85.50024666099276
2026-07-15,BOM_DEL,45,7556.46,18,7155.57,105.60248869062843
2026-07-16,BOM_DEL,45,6971.61,15,7155.57,97.42913562441566
2026-07-17,BOM_DEL,45,6341.455,16,7155.57,88.62263942634898
2026-07-18,BOM_DEL,45,6744.91,14,7155.57,94.26097431790899
2026-07-19,BOM_DEL,45,6473.93,23,7155.57,90.47399438479395
2026-07-20,BOM_DEL,45,6602.02,16,7155.57,92.26406841104203
2026-07-21,BOM_DEL,45,6658.0,12,7155.57,93.04639602435586
2026-07-22,BOM_DEL,45,7167.875,20,7155.57,100.17196393858212
2026-07-23,BOM_DEL,45,7499.115,10,7155.57,104.80108502886563
2026-07-24,BOM_DEL,45,6946.84,13,7155.57,97.08297172692043
2026-07-25,BOM_DEL,45,6140.82,15,7155.57,85.8187398068917
2026-07-26,BOM_DEL,45,6577.48,11,7155.57,91.92111879277262
2026-07-27,BOM_DEL,45,6447.25,11,7155.57,90.10113799459722
2026-07-28,BOM_DEL,45,6252.26,11,7155.57,87.37612796744355
2026-07-29,BOM_DEL,45,6983.355,22,7155.57,97.59327349183923
2026-07-30,BOM_DEL,45,7092.55,17,7155.57,99.11928749212153
2026-07-31,BOM_DEL,45,6214.08,18,7155.57,86.84255761595513
2026-08-01,BOM_DEL,45,6765.855,8,7155.57,94.5536833543659
2026-08-02,BOM_DEL,45,7110.57,12,7155.57,99.37111928190208
2026-08-03,BOM_DEL,45,6328.35,13,7155.57,88.43949538611182
2026-08-04,BOM_DEL,45,6363.26,12,7155.57,88.9273670720851
2026-08-05,BOM_DEL,45,7341.74,18,7155.57,102.60174940640647
2026-08-06,BOM_DEL,45,7480.0,25,7155.57,104.53395047494469
2026-08-07,BOM_DEL,45,6048.26,17,7155.57,84.52520204539961
2026-08-08,BOM_DEL,45,6046.81,17,7155.57,84.50493811114978
2026-08-09,BOM_DEL,45,6424.110000000001,14,7155.57,89.7777535542242
2026-08-10,BOM_DEL,45,6766.84,16,7155.57,94.5674488545287
2026-08-11,BOM_DEL,45,6525.03,11,7155.57,91.18812337801181
2026-08-12,BOM_DEL,45,7391.72,13,7155.57,103.30022625730726
2026-08-13,BOM_DEL,45,6795.12,22,7155.57,94.9626654480356
2026-08-14,BOM_DEL,45,5942.85,15,7155.57,83.05208390107288
2026-08-15,BOM_DEL,45,6539.25,11,7155.57,91.38684968493077
2026-08-16,BOM_DEL,45,6073.68,17,7155.57,84.88044977548958
2026-08-17,BOM_DEL,45,6505.72,21,7155.57,90.91826367431246
2026-08-18,BOM_DEL,45,6662.7,20,7155.57,93.11207912157941
2026-08-19,BOM_DEL,45,6862.16,11,7155.57,95.89955796673082
2026-08-20,BOM_DEL,45,7074.03,15,7155.57,98.86046813880655
2026-08-21,BOM_DEL,45,7211.85,9,7155.57,100.78652015143447
2026-08-22,BOM_DEL,45,6468.67,17,7155.57,90.40048521641182
2026-08-23,BOM_DEL,45,6434.469999999999,16,7155.57,89.9225358706574
2026-08-24,BOM_DEL,45,6833.92,9,7155.57,95.50490037830669
2026-08-25,BOM_DEL,45,6756.135,18,7155.57,94.41784511925675
2026-08-26,BOM_DEL,45,7241.02,12,7155.57,101.19417460803264
2026-08-27,BOM_DEL,45,7179.365,10,7155.57,100.33253814860312
2026-08-28,BOM_DEL,45,6448.76,13,7155.57,90.12224043647117
2026-08-29,BOM_DEL,45,6363.08,15,7155.57,88.92485154921272
2026-08-30,BOM_DEL,45,6195.91,15,7155.57,86.58862955711425
2026-08-31,BOM_DEL,45,6237.995,14,7155.57,87.1767727798065
2026-09-01,BOM_DEL,45,6977.93,19,7155.57,97.51745842749075
2026-09-02,BOM_DEL,45,7321.61,19,7155.57,102.32043009851066
2026-09-03,BOM_DEL,45,7410.58,4,7155.57,103.56379715382562
2026-07-01,CCU_DEL,1,12308.66,10,12308.66,100.0
2026-07-02,CCU_DEL,1,12603.830000000002,14,12308.66,102.39806770192695
2026-07-03,CCU_DEL,1,12845.19,10,12308.66,104.35896352649274
2026-07-04,CCU_DEL,1,14350.105,16,12308.66,116.58543659504772
2026-07-05,CCU_DEL,1,11724.53,15,12308.66,95.25431687933536
2026-07-06,CCU_DEL,1,12384.62,17,12308.66,100.61712647843063
2026-07-07,CCU_DEL,1,11800.07,18,12308.66,95.86803112605271
2026-07-08,CCU_DEL,1,12077.755000000001,12,12308.66,98.12404437201127
2026-07-09,CCU_DEL,1,12048.095000000001,18,12308.66,97.88307581816382
2026-07-10,CCU_DEL,1,13104.33,11,12308.66,106.46431049358745
2026-07-11,CCU_DEL,1,13276.18,17,12308.66,107.86048196960513
2026-07-12,CCU_DEL,1,12784.5,16,12308.66,103.86589604392356
2026-07-13,CCU_DEL,1,12537.63,17,12308.66,101.860234989024
2026-07-14,CCU_DEL,1,11855.130000000001,12,12308.66,96.31535845494149
2026-07-15,CCU_DEL,1,13322.97,15,12308.66,108.24062083118716
2026-07-16,CCU_DEL,1,11883.15,9,12308.66,96.54300305638469
2026-07-17,CCU_DEL,1,12924.0,14,12308.66,104.99924443440634
2026-07-18,CCU_DEL,1,13616.009999999998,14,12308.66,110.62138364371098
2026-07-19,CCU_DEL,1,11813.224999999999,14,12308.66,95.97490709792942
2026-07-20,CCU_DEL,1,12781.25,15,12308.66,103.83949186995171
2026-07-21,CCU_DEL,1,12527.045,12,12308.66,101.77423862548807
2026-07-22,CCU_DEL,1,12523.45,13,12308.66,101.74503154689462
2026-07-23,CCU_DEL,1,11333.49,17,12308.66,92.0773666670458
2026-07-24,CCU_DEL,1,13564.885,14,12308.66,110.2060256762312
2026-07-25,CCU_DEL,1,14014.85,20,12308.66,113.86170387353293
2026-07-26,CCU_DEL,1,12888.345000000001,6,12308.66,104.70957033503241
2026-07-27,CCU_DEL,1,13216.49,15,12308.66,107.37553884825806
2026-07-28,CCU_DEL,1,12872.0,20,12308.66,104.5767776508572
2026-07-29,CCU_DEL,1,12011.365,8,12308.66,97.58466803047611
2026-07-30,CCU_DEL,1,12623.55,18,12308.66,102.55828010522671
2026-07-31,CCU_DEL,1,14262.13,17,12308.66,115.87069591653356
2026-08-01,CCU_DEL,1,14185.88,19,12308.66,115.25121337334852
2026-08-02,CCU_DEL,1,11710.38,13,12308.66,95.13935716804266
2026-08-03,CCU_DEL,1,13098.875,18,12308.66,106.4199921031209
2026-08-04,CCU_DEL,1,11729.08,15,12308.66,95.29128272289591
2026-08-05,CCU_DEL,1,11942.815,12,12308.66,97.02774306870123
2026-08-06,CCU_DEL,1,13084.03,17,12308.66,106.29938596077884
2026-08-07,CCU_DEL,1,13209.62,9,12308.66,107.31972448666225
2026-08-08,CCU_DEL,1,13075.92,13,12308.66,106.23349739126762
2026-08-09,CCU_DEL,1,12159.3,11,12308.66,98.7865454078673
2026-08-10,CCU_DEL,1,12163.64,21,12308.66,98.82180513557121
2026-08-11,CCU_DEL,1,12671.61,19,12308.66,102.9487369055608
2026-08-12,CCU_DEL,1,12173.825,20,12308.66,98.9045517546183
2026-08-13,CCU_DEL,1,13012.19,10,12308.66,105.71573185058325
2026-08-14,CCU_DEL,1,13050.34,14,12308.66,106.02567623120633
2026-08-15,CCU_DEL,1,13629.92,16,12308.66,110.7343935083104
2026-08-16,CCU_DEL,1,12047.75,19,12308.66,97.88027291354217
2026-08-17,CCU_DEL,1,11634.05,14,12308.66,94.51922467595985
2026-08-18,CCU_DEL,1,12399.585,18,12308.66,100.73870754411934
2026-08-19,CCU_DEL,1,12356.195,14,12308.66,100.38619151069248
2026-08-20,CCU_DEL,1,11654.55,12,12308.66,94.68577408101288
2026-08-21,CCU_DEL,1,12837.99,17,12308.66,104.30046812569363
2026-08-22,CCU_DEL,1,13190.02,16,12308.66,107.1604870067091
2026-08-23,CCU_DEL,1,11160.87,11,12308.66,90.67493943288709
2026-08-24,CCU_DEL,1,12282.11,20,12308.66,99.78429820955328
2026-08-25,CCU_DEL,1,12175.19,9,12308.66,98.91564150768646
2026-08-26,CCU_DEL,1,11520.29,11,12308.66,93.59499734333389
2026-08-27,CCU_DEL,1,12405.64,15,12308.66,100.78790055131914
2026-08-28,CCU_DEL,1,13943.66,15,12308.66,113.28333059813171
2026-08-29,CCU_DEL,1,13778.49,11,12308.66,111.94142985507764
2026-08-30,CCU_DEL,1,12342.235,18,12308.66,100.27277542803196
2026-08-31,CCU_DEL,1,11716.900000000001,12,12308.66,95.19232800321076
2026-09-01,CCU_DEL,1,12286.86,13,12308.66,99.82288892535824
2026-09-02,CCU_DEL,1,12875.865,10,12308.66,104.60817830698062
2026-09-03,CCU_DEL,1,12750.91,5,12308.66,103.59299875047326
2026-07-01,CCU_DEL,7,10115.5,19,10115.5,100.0
2026-07-02,CCU_DEL,7,9426.29,10,10115.5,93.18659482971678
2026-07-03,CCU_DEL,7,9738.27,14,10115.5,96.27077257673868
2026-07-04,CCU_DEL,7,10527.72,13,10115.5,104.07513222282634
2026-07-05,CCU_DEL,7,10930.99,15,10115.5,108.0617863674559
2026-07-06,CCU_DEL,7,9525.26,13,10115.5,94.1649943156542
2026-07-07,CCU_DEL,7,10037.11,17,10115.5,99.22505066482132
2026-07-08,CCU_DEL,7,9779.81,19,10115.5,96.68142948939746
2026-07-09,CCU_DEL,7,9379.220000000001,12,10115.5,92.72126933913303
2026-07-10,CCU_DEL,7,9282.055,16,10115.5,91.76071375611686
2026-07-11,CCU_DEL,7,10882.77,16,10115.5,107.58509218526025
2026-07-12,CCU_DEL,7,11190.86,20,10115.5,110.6308140971776
2026-07-13,CCU_DEL,7,9742.59,13,10115.5,96.31347931392418
2026-07-14,CCU_DEL,7,9596.96,15,10115.5,94.87380752310808
2026-07-15,CCU_DEL,7,9246.23,13,10115.5,91.40655429785973
2026-07-16,CCU_DEL,7,10073.54,18,10115.5,99.58519104344819
2026-07-17,CCU_DEL,7,9974.42,7,10115.5,98.6053086846918
2026-07-18,CCU_DEL,7,10601.15,17,10115.5,104.80104789679206
2026-07-19,CCU_DEL,7,11378.880000000001,12,10115.5,112.48954574662649
2026-07-20,CCU_DEL,7,9659.665,20,10115.5,95.4936977905195
2026-07-21,CCU_DEL,7,9398.39,19,10115.5,92.9107804853937
2026-07-22,CCU_DEL,7,9400.185000000001,16,10115.5,92.92852553012705
2026-07-23,CCU_DEL,7,10306.1,15,10115.5,101.88423706193466
2026-07-24,CCU_DEL,7,10110.83,21,10115.5,99.95383322623697
2026-07-25,CCU_DEL,7,11003.43,17,10115.5,108.77791508081658
2026-07-26,CCU_DEL,7,10320.45,11,10115.5,102.02609856161338
2026-07-27,CCU_DEL,7,9757.765,16,10115.5,96.46349661410706
2026-07-28,CCU_DEL,7,9407.96,21,10115.5,93.00538777124214
2026-07-29,CCU_DEL,7,9038.93,14,10115.5,89.35722406208293
2026-07-30,CCU_DEL,7,9879.91,18,10115.5,97.6709999505709
2026-07-31,CCU_DEL,7,9984.02,18,10115.5,98.70021254510405
2026-08-01,CCU_DEL,7,10464.09,10,10115.5,103.4460975730315
2026-08-02,CCU_DEL,7,10537.12,13,10115.5,104.16805891948002
2026-08-03,CCU_DEL,7,10044.95,13,10115.5,99.30255548415798
2026-08-04,CCU_DEL,7,10265.735,22,10115.5,101.48519598635757
2026-08-05,CCU_DEL,7,8967.71,16,10115.5,88.65315604764965
2026-08-06,CCU_DEL,7,9852.535,16,10115.5,97.40037566111414
2026-08-07,CCU_DEL,7,9308.17,19,10115.5,92.01888191389452
2026-08-08,CCU_DEL,7,10560.14,23,10115.5,104.3956304680935
2026-08-09,CCU_DEL,7,10604.16,16,10115.5,104.8308042113588
2026-08-10,CCU_DEL,7,9331.310000000001,18,10115.5,92.2476397607632
2026-08-11,CCU_DEL,7,9729.34,9,10115.5,96.1824922149177
2026-08-12,CCU_DEL,7,10152.09,11,10115.5,100.36172210963372
2026-08-13,CCU_DEL,7,9453.035,20,10115.5,93.450991053334
2026-08-14,CCU_DEL,7,10682.77,14,10115.5,105.60792842667195
2026-08-15,CCU_DEL,7,11671.61,7,10115.5,115.38342148188426
2026-08-16,CCU_DEL,7,10586.705,18,10115.5,104.65824724432802
2026-08-17,CCU_DEL,7,9625.25,23,10115.5,95.15347733676042
2026-08-18,CCU_DEL,7,9165.02,20,10115.5,90.60372695368495
2026-08-19,CCU_DEL,7,9392.015,10,10115.5,92.8477583905887
2026-08-20,CCU_DEL,7,9873.16,19,10115.5,97.60427067371855
2026-08-21,CCU_DEL,7,9320.05,15,10115.5,92.13632544115465
2026-08-22,CCU_DEL,7,11516.74,21,10115.5,113.85240472542138
2026-08-23,CCU_DEL,7,11717.705,10,10115.5,115.83910829914488
2026-08-24,CCU_DEL,7,9271.98,16,10115.5,91.66111413177796
2026-08-25,CCU_DEL,7,9551.36,15,10115.5,94.42301418614998
2026-08-26,CCU_DEL,7,10301.16,15,10115.5,101.83540111709752
2026-08-27,CCU_DEL,7,9898.6,18,10115.5,97.85576590381099
2026-08-28,CCU_DEL,7,9759.740000000002,10,10115.5,96.48302110622315
2026-08-29,CCU_DEL,7,10801.91,7,10115.5,106.785724877663
2026-08-30,CCU_DEL,7,10998.95,13,10115.5,108.7336266126242
2026-08-31,CCU_DEL,7,9725.315,18,10115.5,96.14270179427612
2026-09-01,CCU_DEL,7,10272.01,16,10115.5,101.54722949928328
2026-09-02,CCU_DEL,7,9306.555,20,10115.5,92.00291631654393
2026-09-03,CCU_DEL,7,9714.46,16,10115.5,96.03539123127872
2026-07-01,CCU_DEL,15,7770.5,15,7770.5,100.0
2026-07-02,CCU_DEL,15,8234.29,18,7770.5,105.96859918924137
2026-07-03,CCU_DEL,15,9046.5,14,7770.5,116.42107972459945
2026-07-04,CCU_DEL,15,8164.46,10,7770.5,105.06994401904639
2026-07-05,CCU_DEL,15,8148.36,27,7770.5,104.86275014477833
2026-07-06,CCU_DEL,15,8436.18,15,7770.5,108.56675889582394
2026-07-07,CCU_DEL,15,8451.42,16,7770.5,108.76288527121807
2026-07-08,CCU_DEL,15,8235.77,13,7770.5,105.98764558265235
2026-07-09,CCU_DEL,15,8282.58,19,7770.5,106.59005212019818
2026-07-10,CCU_DEL,15,9550.54,13,7770.5,122.90766359951097
2026-07-11,CCU_DEL,15,9661.689999999999,20,7770.5,124.33807348304484
2026-07-12,CCU_DEL,15,8324.560000000001,10,7770.5,107.13030049546364
2026-07-13,CCU_DEL,15,8799.36,15,7770.5,113.24058940866098
2026-07-14,CCU_DEL,15,9005.475,6,7770.5,115.893121420758
2026-07-15,CCU_DEL,15,8165.46,14,7770.5,105.08281320378354
2026-07-16,CCU_DEL,15,8428.13,15,7770.5,108.46316195868991
2026-07-17,CCU_DEL,15,8522.45,16,7770.5,109.67698346309763
2026-07-18,CCU_DEL,15,8964.900000000001,14,7770.5,115.37095425004829
2026-07-19,CCU_DEL,15,8791.96,17,7770.5,113.14535744160605
2026-07-20,CCU_DEL,15,8263.01,17,7770.5,106.33820217489223
2026-07-21,CCU_DEL,15,7965.25,15,7770.5,102.50627372755936
2026-07-22,CCU_DEL,15,8267.43,14,7770.5,106.39508397143041
2026-07-23,CCU_DEL,15,7751.15,18,7770.5,99.7509812753362
2026-07-24,CCU_DEL,15,9480.635,20,7770.5,122.00804324046072
2026-07-25,CCU_DEL,15,9569.7,19,7770.5,123.15423717907473
2026-07-26,CCU_DEL,15,8362.08,14,7770.5,107.61315230680137
2026-07-27,CCU_DEL,15,7878.68,13,7770.5,101.39218840486454
2026-07-28,CCU_DEL,15,8355.255000000001,16,7770.5,107.52532012097036
2026-07-29,CCU_DEL,15,7954.549999999999,8,7770.5,102.36857345087186
2026-07-30,CCU_DEL,15,8108.54,19,7770.5,104.35029920854512
2026-07-31,CCU_DEL,15,9273.58,24,7770.5,119.34341419471077
2026-08-01,CCU_DEL,15,9075.564999999999,14,7770.5,116.79512257898462
2026-08-02,CCU_DEL,15,7269.61,5,7770.5,93.55395405701049
2026-08-03,CCU_DEL,15,7886.56,13,7770.5,101.49359758059326
2026-08-04,CCU_DEL,15,7770.71,11,7770.5,100.0027025287948
2026-08-05,CCU_DEL,15,8333.990000000002,6,7770.5,107.25165690753494
2026-08-06,CCU_DEL,15,7638.605,12,7770.5,98.30261887909401
2026-08-07,CCU_DEL,15,8292.96,11,7770.5,106.72363425776976
2026-08-08,CCU_DEL,15,9398.79,15,7770.5,120.95476481564893
2026-08-09,CCU_DEL,15,8645.650000000001,16,7770.5,111.26246702271413
2026-08-10,CCU_DEL,15,8847.855,14,7770.5,113.8646805224889
2026-08-11,CCU_DEL,15,7707.5650000000005,12,7770.5,99.19007785856768
2026-08-12,CCU_DEL,15,8201.98,14,7770.5,105.55279583038416
2026-08-13,CCU_DEL,15,8678.46,7,7770.5,111.6847049739399
2026-08-14,CCU_DEL,15,9212.89,13,7770.5,118.5623833730133
2026-08-15,CCU_DEL,15,9174.11,15,7770.5,118.06331638890677
2026-08-16,CCU_DEL,15,8066.3099999999995,16,7770.5,103.80683353709541
2026-08-17,CCU_DEL,15,8515.7,10,7770.5,109.59011646612188
2026-08-18,CCU_DEL,15,8249.279999999999,8,7770.5,106.16150826845119
2026-08-19,CCU_DEL,15,8186.59,15,7770.5,105.35473907727946
2026-08-20,CCU_DEL,15,7923.38,15,7770.5,101.96744096261503
2026-08-21,CCU_DEL,15,8471.06,12,7770.5,109.01563605945563
2026-08-22,CCU_DEL,15,8976.07,15,7770.5,115.51470304356219
2026-08-23,CCU_DEL,15,8021.1,13,7770.5,103.22501769512901
2026-08-24,CCU_DEL,15,7876.36,15,7770.5,101.36233189627437
2026-08-25,CCU_DEL,15,8165.44,7,7770.5,105.08255582008879
2026-08-26,CCU_DEL,15,8547.93,10,7770.5,110.00489029020014
2026-08-27,CCU_DEL,15,8221.68,14,7770.5,105.80631876970594
2026-08-28,CCU_DEL,15,8998.52,17,7770.5,115.80361624091114
2026-08-29,CCU_DEL,15,8812.39,10,7770.5,113.40827488578597
2026-08-30,CCU_DEL,15,8194.835,16,7770.5,105.46084550543722
2026-08-31,CCU_DEL,15,7656.799999999999,8,7770.5,98.53677369538639
2026-09-01,CCU_DEL,15,7811.58,20,7770.5,100.52866610900199
2026-09-02,CCU_DEL,15,7507.38,15,7770.5,96.61386011196191
2026-09-03,CCU_DEL,15,8536.53,10,7770.5,109.85818158419664
2026-07-01,CCU_DEL,30,6733.35,13,6733.35,100.0
2026-07-02,CCU_DEL,30,8033.5650000000005,18,6733.35,119.3100759651585
2026-07-03,CCU_DEL,30,7788.8,14,6733.35,115.67496120059108
2026-07-04,CCU_DEL,30,6753.93,13,6733.35,100.30564280781482
2026-07-05,CCU_DEL,30,7574.72,17,6733.35,112.49556312979423
2026-07-06,CCU_DEL,30,6962.1900000000005,14,6733.35,103.39860544899642
2026-07-07,CCU_DEL,30,7194.695,14,6733.35,106.85164145633301
2026-07-08,CCU_DEL,30,7081.46,11,6733.35,105.169937698174
2026-07-09,CCU_DEL,30,7781.415,14,6733.35,115.56528325424938
2026-07-10,CCU_DEL,30,8086.745,24,6733.35,120.09987599040595
2026-07-11,CCU_DEL,30,7502.62,16,6733.35,111.42477370105519
2026-07-12,CCU_DEL,30,6994.35,14,6733.35,103.87622802913855
2026-07-13,CCU_DEL,30,7801.08,12,6733.35,115.85733698678963
2026-07-14,CCU_DEL,30,6311.415,14,6733.35,93.7336541246185
2026-07-15,CCU_DEL,30,6942.42,23,6733.35,103.10499231437547
2026-07-16,CCU_DEL,30,8463.89,23,6733.35,125.70102549251115
2026-07-17,CCU_DEL,30,7930.61,9,6733.35,117.78104509642301
2026-07-18,CCU_DEL,30,7445.305,20,6733.35,110.5735629367254
2026-07-19,CCU_DEL,30,7302.24,11,6733.35,108.44884047316714
2026-07-20,CCU_DEL,30,6992.205,20,6733.35,103.84437167234735
2026-07-21,CCU_DEL,30,7337.62,18,6733.35,108.97428471711703
2026-07-22,CCU_DEL,30,7279.46,19,6733.35,108.11052447889979
2026-07-23,CCU_DEL,30,7952.0,13,6733.35,118.09871757743173
2026-07-24,CCU_DEL,30,8101.42,9,6733.35,120.31782099549258
2026-07-25,CCU_DEL,30,7756.22,13,6733.35,115.1911010121262
2026-07-26,CCU_DEL,30,7635.015,14,6733.35,113.3910312103188
2026-07-27,CCU_DEL,30,7153.514999999999,22,6733.35,106.2400588117356
2026-07-28,CCU_DEL,30,7754.45,7,6733.35,115.16481394848033
2026-07-29,CCU_DEL,30,6885.525,16,6733.35,102.2600191583684
2026-07-30,CCU_DEL,30,7720.68,18,6733.35,114.66328053643431
2026-07-31,CCU_DEL,30,7977.5650000000005,18,6733.35,118.47839485545828
2026-08-01,CCU_DEL,30,6875.335,16,6733.35,102.10868289929975
2026-08-02,CCU_DEL,30,7244.03,22,6733.35,107.58433766253053
2026-08-03,CCU_DEL,30,7053.225,16,6733.35,104.75060705295284
2026-08-04,CCU_DEL,30,6992.26,17,6733.35,103.84518850200865
2026-08-05,CCU_DEL,30,7557.55,21,6733.35,112.24056376098079
2026-08-06,CCU_DEL,30,8040.64,9,6733.35,119.4151499625001
2026-08-07,CCU_DEL,30,7780.92,12,6733.35,115.55793178729755
2026-08-08,CCU_DEL,30,7217.16,13,6733.35,107.1852792443583
2026-08-09,CCU_DEL,30,7440.799999999999,10,6733.35,110.50665716173968
2026-08-10,CCU_DEL,30,7263.98,12,6733.35,107.88062405786123
2026-08-11,CCU_DEL,30,7186.11,19,6733.35,106.72414177192631
2026-08-12,CCU_DEL,30,7154.76,16,6733.35,106.25854886497805
2026-08-13,CCU_DEL,30,8010.17,16,6733.35,118.96262633013284
2026-08-14,CCU_DEL,30,7937.025,12,6733.35,117.87631713782885
2026-08-15,CCU_DEL,30,7209.51,20,6733.35,107.0716656641939
2026-08-16,CCU_DEL,30,7211.415,16,6733.35,107.09995767337207
2026-08-17,CCU_DEL,30,7337.35,16,6733.35,108.97027482605242
2026-08-18,CCU_DEL,30,8037.58,7,6733.35,119.36970453043432
2026-08-19,CCU_DEL,30,7688.32,8,6733.35,114.18268766661468
2026-08-20,CCU_DEL,30,8344.73,14,6733.35,123.93132690265615
2026-08-21,CCU_DEL,30,7874.0,23,6733.35,116.94030460320641
2026-08-22,CCU_DEL,30,7053.505,16,6733.35,104.75476545850132
2026-08-23,CCU_DEL,30,7116.83,15,6733.35,105.69523342764002
2026-08-24,CCU_DEL,30,7151.72,19,6733.35,106.21340046188004
2026-08-25,CCU_DEL,30,7188.68,17,6733.35,106.7623099942822
2026-08-26,CCU_DEL,30,6797.485,18,6733.35,100.95249764233256
2026-08-27,CCU_DEL,30,7616.4,19,6733.35,113.11457149858539
2026-08-28,CCU_DEL,30,7823.745,16,6733.35,116.19394506449241
2026-08-29,CCU_DEL,30,6733.73,14,6733.35,100.00564355038723
2026-08-30,CCU_DEL,30,7237.37,21,6733.35,107.48542701626975
2026-08-31,CCU_DEL,30,7208.77,13,6733.35,107.06067559238714
2026-09-01,CCU_DEL,30,7092.01,16,6733.35,105.32662047866216
2026-09-02,CCU_DEL,30,7587.15,15,6733.35,112.68016663325089
2026-09-03,CCU_DEL,30,7683.52,25,6733.35,114.11140071435466
2026-07-01,CCU_DEL,45,7085.785,16,7085.785,100.0
2026-07-02,CCU_DEL,45,7518.715,8,7085.785,106.10983821834843
2026-07-03,CCU_DEL,45,6682.58,20,7085.785,94.30966364347775
2026-07-04,CCU_DEL,45,7160.07,15,7085.785,101.04836655359992
2026-07-05,CCU_DEL,45,6687.99,13,7085.785,94.38601368796823
2026-07-06,CCU_DEL,45,7362.19,9,7085.785,103.9008380863941
2026-07-07,CCU_DEL,45,7213.0,19,7085.785,101.79535506651698
2026-07-08,CCU_DEL,45,7555.215,12,7085.785,106.6249540453175
2026-07-09,CCU_DEL,45,7274.63,15,7085.785,102.66512461216367
2026-07-10,CCU_DEL,45,6840.01,9,7085.785,96.53143582538844
2026-07-11,CCU_DEL,45,7073.35,21,7085.785,99.82450779977096
2026-07-12,CCU_DEL,45,6454.37,11,7085.785,91.08899014011857
2026-07-13,CCU_DEL,45,6539.505,14,7085.785,92.29048016557093
2026-07-14,CCU_DEL,45,6876.71,21,7085.785,97.04937420483405
2026-07-15,CCU_DEL,45,7365.594999999999,18,7085.785,103.94889204230724
2026-07-16,CCU_DEL,45,7589.395,14,7085.785,107.10732826355867
2026-07-17,CCU_DEL,45,6523.0,13,7085.785,92.05754902244423
2026-07-18,CCU_DEL,45,6825.04,18,7085.785,96.3201677725192
2026-07-19,CCU_DEL,45,7168.99,13,7085.785,101.17425239405374
2026-07-20,CCU_DEL,45,6962.47,19,7085.785,98.25968470677562
2026-07-21,CCU_DEL,45,6963.57,19,7085.785,98.2752087453966
2026-07-22,CCU_DEL,45,7189.22,8,7085.785,101.45975357705603
2026-07-23,CCU_DEL,45,7219.865,22,7085.785,101.8922391802743
2026-07-24,CCU_DEL,45,6950.87,17,7085.785,98.09597666313611
2026-07-25,CCU_DEL,45,7383.955,20,7085.785,104.20800235965386
2026-07-26,CCU_DEL,45,6838.85,13,7085.785,96.5150650210245
2026-07-27,CCU_DEL,45,6639.725,18,7085.785,93.70486121156655
2026-07-28,CCU_DEL,45,7066.93,19,7085.785,99.73390386527393
2026-07-29,CCU_DEL,45,7646.66,22,7085.785,107.91549560140479
2026-07-30,CCU_DEL,45,7364.17,12,7085.785,103.92878135591188
2026-07-31,CCU_DEL,45,6860.35,17,7085.785,96.81848941225284
2026-08-01,CCU_DEL,45,6793.31,17,7085.785,95.8723698221157
2026-08-02,CCU_DEL,45,6783.89,14,7085.785,95.73942760047053
2026-08-03,CCU_DEL,45,6584.530000000001,18,7085.785,92.92590729185264
2026-08-04,CCU_DEL,45,6743.32,17,7085.785,95.16687283060381
2026-08-05,CCU_DEL,45,7561.77,12,7085.785,106.71746320273618
2026-08-06,CCU_DEL,45,7386.295,18,7085.785,104.24102622362943
2026-08-07,CCU_DEL,45,6675.6,18,7085.785,94.21115656204641
2026-08-08,CCU_DEL,45,6695.8150000000005,16,7085.785,94.49644605361298
2026-08-09,CCU_DEL,45,6871.639999999999,14,7085.785,96.97782249955368
2026-08-10,CCU_DEL,45,7264.665,16,7085.785,102.5244909350199
2026-08-11,CCU_DEL,45,6762.77,17,7085.785,95.44136605894761
2026-08-12,CCU_DEL,45,7619.585,18,7085.785,107.5333925598928
2026-08-13,CCU_DEL,45,7568.38,16,7085.785,106.81074856208592
2026-08-14,CCU_DEL,45,6920.02,21,7085.785,97.6605979436294
2026-08-15,CCU_DEL,45,6837.365,18,7085.785,96.49410756888615
2026-08-16,CCU_DEL,45,6462.96,15,7085.785,91.21021876898607
2026-08-17,CCU_DEL,45,6528.99,13,7085.785,92.1420844691167
2026-08-18,CCU_DEL,45,6619.305,12,7085.785,93.41667860371152
2026-08-19,CCU_DEL,45,7798.32,16,7085.785,110.0558371443672
2026-08-20,CCU_DEL,45,7380.705,18,7085.785,104.16213588191006
2026-08-21,CCU_DEL,45,6708.764999999999,18,7085.785,94.67920632646911
2026-08-22,CCU_DEL,45,6933.63,15,7085.785,97.85267263965814
2026-08-23,CCU_DEL,45,6675.335,12,7085.785,94.20741668001499
2026-08-24,CCU_DEL,45,6654.155000000001,16,7085.785,93.90850837274911
2026-08-25,CCU_DEL,45,6956.16,11,7085.785,98.17063317614068
2026-08-26,CCU_DEL,45,7492.34,21,7085.785,105.73761411050435
2026-08-27,CCU_DEL,45,7151.215,8,7085.785,100.92339804270098
2026-08-28,CCU_DEL,45,6758.46,16,7085.785,95.38054005307811
2026-08-29,CCU_DEL,45,6597.745,18,7085.785,93.11240744674019
2026-08-30,CCU_DEL,45,6911.469999999999,16,7085.785,97.53993382525718
2026-08-31,CCU_DEL,45,6955.33,15,7085.785,98.15891958336303
2026-09-01,CCU_DEL,45,7100.5,16,7085.785,100.20766929846164
2026-09-02,CCU_DEL,45,8198.45,11,7085.785,115.70277675656261
2026-09-03,CCU_DEL,45,6950.35,12,7085.785,98.08863802669711
2026-07-01,DEL_BLR,1,13136.69,14,13136.69,100.0
2026-07-02,DEL_BLR,1,12767.26,13,13136.69,97.18779997092113
2026-07-03,DEL_BLR,1,14311.12,17,13136.69,108.94007546802125
2026-07-04,DEL_BLR,1,14623.925,12,13136.69,111.32123084277698
2026-07-05,DEL_BLR,1,13072.095000000001,12,13136.69,99.50828557269755
2026-07-06,DEL_BLR,1,12570.25,17,13136.69,95.68810712591984
2026-07-07,DEL_BLR,1,12819.494999999999,10,13136.69,97.58542677036604
2026-07-08,DEL_BLR,1,13117.66,13,13136.69,99.85513854707693
2026-07-09,DEL_BLR,1,13302.26,19,13136.69,101.26036315083937
2026-07-10,DEL_BLR,1,14537.46,15,13136.69,110.66303612249355
2026-07-11,DEL_BLR,1,15705.7,15,13136.69,119.55599165390977
2026-07-12,DEL_BLR,1,14084.02,9,13136.69,107.21132949015315
2026-07-13,DEL_BLR,1,11914.045,10,13136.69,90.69289904839042
2026-07-14,DEL_BLR,1,12152.630000000001,12,13136.69,92.50907191994331
2026-07-15,DEL_BLR,1,12655.09,19,13136.69,96.33393191131098
2026-07-16,DEL_BLR,1,11664.58,15,13136.69,88.7939047050665
2026-07-17,DEL_BLR,1,14149.445,20,13136.69,107.70936209958519
2026-07-18,DEL_BLR,1,13885.06,19,13136.69,105.69679272328112
2026-07-19,DEL_BLR,1,12499.87,18,13136.69,95.15235573040088
2026-07-20,DEL_BLR,1,12508.810000000001,16,13136.69,95.22040940297747
2026-07-21,DEL_BLR,1,12004.92,19,13136.69,91.38466386890457
2026-07-22,DEL_BLR,1,13270.115,14,13136.69,101.01566680800109
2026-07-23,DEL_BLR,1,13157.8,17,13136.69,100.16069496958518
2026-07-24,DEL_BLR,1,14947.97,11,13136.69,113.78794810564914
2026-07-25,DEL_BLR,1,14629.51,15,13136.69,111.36374535746828
2026-07-26,DEL_BLR,1,14057.67,13,13136.69,107.01074623820763
2026-07-27,DEL_BLR,1,12704.91,15,13136.69,96.71317508443907
2026-07-28,DEL_BLR,1,13393.88,23,13136.69,101.95779911073488
2026-07-29,DEL_BLR,1,14414.105,10,13136.69,109.72402484948643
2026-07-30,DEL_BLR,1,12601.91,11,13136.69,95.92911151895949
2026-07-31,DEL_BLR,1,13262.0,17,13136.69,100.95389325621598
2026-08-01,DEL_BLR,1,14304.07,13,13136.69,108.88640898125783
2026-08-02,DEL_BLR,1,13172.59,15,13136.69,100.27328040777394
2026-08-03,DEL_BLR,1,14121.9,6,13136.69,107.49968218782662
2026-08-04,DEL_BLR,1,14024.35,15,13136.69,106.75710548090882
2026-08-05,DEL_BLR,1,13996.54,11,13136.69,106.54540831822932
2026-08-06,DEL_BLR,1,12826.645,14,13136.69,97.63985448389207
2026-08-07,DEL_BLR,1,14243.3,21,13136.69,108.42381147762488
2026-08-08,DEL_BLR,1,14409.54,17,13136.69,109.68927484777369
2026-08-09,DEL_BLR,1,12845.915,12,13136.69,97.78654288104538
2026-08-10,DEL_BLR,1,12739.925,10,13136.69,96.979718635364
2026-08-11,DEL_BLR,1,13208.13,13,13136.69,100.54382039920253
2026-08-12,DEL_BLR,1,12736.650000000001,10,13136.69,96.95478845888881
2026-08-13,DEL_BLR,1,12650.33,13,13136.69,96.29769751741115
2026-08-14,DEL_BLR,1,13223.675,12,13136.69,100.66215309944894
2026-08-15,DEL_BLR,1,14957.955,18,13136.69,113.8639565978949
2026-08-16,DEL_BLR,1,12354.335,14,13136.69,94.04450436144872
2026-08-17,DEL_BLR,1,12643.07,12,13136.69,96.24243245444629
2026-08-18,DEL_BLR,1,13246.32,15,13136.69,100.83453289984006
2026-08-19,DEL_BLR,1,13018.42,16,13136.69,99.09969710787115
2026-08-20,DEL_BLR,1,12865.029999999999,20,13136.69,97.93205137671664
2026-08-21,DEL_BLR,1,13903.76,9,13136.69,105.83914212788761
2026-08-22,DEL_BLR,1,14043.43,19,13136.69,106.9023475472132
2026-08-23,DEL_BLR,1,12516.09,9,13136.69,95.27582671129485
2026-08-24,DEL_BLR,1,12774.07,14,13136.69,97.2396395134543
2026-08-25,DEL_BLR,1,12226.2,15,13136.69,93.06910644918925
2026-08-26,DEL_BLR,1,12482.095,12,13136.69,95.01704767334846
2026-08-27,DEL_BLR,1,12935.7,20,13136.69,98.47001032984717
2026-08-28,DEL_BLR,1,16669.52,6,13136.69,126.89284743721592
2026-08-29,DEL_BLR,1,14685.39,14,13136.69,111.78911887241001
2026-08-30,DEL_BLR,1,13714.915,8,13136.69,104.40160344805274
2026-08-31,DEL_BLR,1,12734.4,7,13136.69,96.93766085673026
2026-09-01,DEL_BLR,1,13193.224999999999,12,13136.69,100.43035955023676
2026-09-02,DEL_BLR,1,12894.19,19,13136.69,98.15402510069127
2026-09-03,DEL_BLR,1,12414.11,11,13136.69,94.49952765879381
2026-07-01,DEL_BLR,7,9534.44,13,9534.44,100.0
2026-07-02,DEL_BLR,7,10598.965,14,9534.44,111.16505007111061
2026-07-03,DEL_BLR,7,10959.835,14,9534.44,114.94996035425258
2026-07-04,DEL_BLR,7,11013.87,13,9534.44,115.51669526474548
2026-07-05,DEL_BLR,7,11095.96,20,9534.44,116.37767923443852
2026-07-06,DEL_BLR,7,10365.08,15,9534.44,108.71199567043266
2026-07-07,DEL_BLR,7,9945.064999999999,14,9534.44,104.3067552997344
2026-07-08,DEL_BLR,7,9799.825,16,9534.44,102.78343562915076
2026-07-09,DEL_BLR,7,10082.515,16,9534.44,105.74837116810217
2026-07-10,DEL_BLR,7,10059.15,15,9534.44,105.50331220291909
2026-07-11,DEL_BLR,7,11704.515,14,9534.44,122.76038236120841
2026-07-12,DEL_BLR,7,11049.82,13,9534.44,115.89374939692314
2026-07-13,DEL_BLR,7,10341.69,17,9534.44,108.46667449792542
2026-07-14,DEL_BLR,7,10418.62,17,9534.44,109.27353887590672
2026-07-15,DEL_BLR,7,10546.17,13,9534.44,110.61132064389727
2026-07-16,DEL_BLR,7,9944.34,13,9534.44,104.29915128733307
2026-07-17,DEL_BLR,7,9717.21,21,9534.44,101.9169453056498
2026-07-18,DEL_BLR,7,11902.66,16,9534.44,124.83858517123186
2026-07-19,DEL_BLR,7,11518.03,23,9534.44,120.80447304718473
2026-07-20,DEL_BLR,7,10825.36,7,9534.44,113.53954715746283
2026-07-21,DEL_BLR,7,10986.81,15,9534.44,115.23288205704792
2026-07-22,DEL_BLR,7,11158.724999999999,8,9534.44,117.0359769425367
2026-07-23,DEL_BLR,7,10417.755000000001,14,9534.44,109.26446650248994
2026-07-24,DEL_BLR,7,10800.18,11,9534.44,113.27545194054396
2026-07-25,DEL_BLR,7,11612.87,13,9534.44,121.79918275221198
2026-07-26,DEL_BLR,7,11906.04,13,9534.44,124.87403560146164
2026-07-27,DEL_BLR,7,9925.97,12,9534.44,104.10648134552211
2026-07-28,DEL_BLR,7,10869.09,14,9534.44,113.99820020892679
2026-07-29,DEL_BLR,7,9924.93,10,9534.44,104.09557352083606
2026-07-30,DEL_BLR,7,10578.72,14,9534.44,110.95271457998581
2026-07-31,DEL_BLR,7,10021.73,13,9534.44,105.11084028007937
2026-08-01,DEL_BLR,7,12249.48,12,9534.44,128.47613493818199
2026-08-02,DEL_BLR,7,12126.715,4,9534.44,127.18853965204038
2026-08-03,DEL_BLR,7,10800.11,9,9534.44,113.27471776003625
2026-08-04,DEL_BLR,7,10429.81,11,9534.44,109.3909028742118
2026-08-05,DEL_BLR,7,10258.72,15,9534.44,107.59646083042107
2026-08-06,DEL_BLR,7,9757.5,21,9534.44,102.33951862930597
2026-08-07,DEL_BLR,7,10086.64,17,9534.44,105.79163537659264
2026-08-08,DEL_BLR,7,11224.04,11,9534.44,117.7210197977018
2026-08-09,DEL_BLR,7,11218.04,17,9534.44,117.65809003989747
2026-08-10,DEL_BLR,7,10586.0,15,9534.44,111.0290693527884
2026-08-11,DEL_BLR,7,10204.4,17,9534.44,107.02673675643246
2026-08-12,DEL_BLR,7,9934.02,23,9534.44,104.19091210390961
2026-08-13,DEL_BLR,7,10246.25,13,9534.44,107.46567181711772
2026-08-14,DEL_BLR,7,10126.255000000001,18,9534.44,106.20712910249578
2026-08-15,DEL_BLR,7,11576.14,11,9534.44,121.41394775151974
2026-08-16,DEL_BLR,7,11490.445,10,9534.44,120.51515348567928
2026-08-17,DEL_BLR,7,10317.505000000001,14,9534.44,108.2130151325091
2026-08-18,DEL_BLR,7,9947.474999999999,14,9534.44,104.33203208578583
2026-08-19,DEL_BLR,7,10159.39,13,9534.44,106.55465868997025
2026-08-20,DEL_BLR,7,9706.029999999999,10,9534.44,101.7996861902744
2026-08-21,DEL_BLR,7,10870.15,9,9534.44,114.00931779947221
2026-08-22,DEL_BLR,7,11035.8,15,9534.44,115.74670352952035
2026-08-23,DEL_BLR,7,11658.244999999999,14,9534.44,122.27508904560726
2026-08-24,DEL_BLR,7,10516.99,15,9534.44,110.30527225510885
2026-08-25,DEL_BLR,7,10305.78,12,9534.44,108.09003989746644
2026-08-26,DEL_BLR,7,10459.38,25,9534.44,109.70104169725752
2026-08-27,DEL_BLR,7,10013.385,18,9534.44,105.02331547526651
2026-08-28,DEL_BLR,7,10845.405,12,9534.44,113.74978498999417
2026-08-29,DEL_BLR,7,11124.25,15,9534.44,116.67439304248597
2026-08-30,DEL_BLR,7,10918.405,16,9534.44,114.51543037661362
2026-08-31,DEL_BLR,7,10632.12,9,9534.44,111.51278942444445
2026-09-01,DEL_BLR,7,9813.67,13,9534.44,102.92864604528424
2026-09-02,DEL_BLR,7,10408.71,18,9534.44,109.16959989259986
2026-09-03,DEL_BLR,7,10441.185000000001,28,9534.44,109.51020720671588
2026-07-01,DEL_BLR,15,8958.545,18,8958.545,100.0
2026-07-02,DEL_BLR,15,8454.61,15,8958.545,94.37481198118668
2026-07-03,DEL_BLR,15,9518.7,13,8958.545,106.2527452839719
2026-07-04,DEL_BLR,15,9572.42,15,8958.545,106.85239623175416
2026-07-05,DEL_BLR,15,8762.880000000001,12,8958.545,97.81588416422534
2026-07-06,DEL_BLR,15,8877.58,19,8958.545,99.09622600545066
2026-07-07,DEL_BLR,15,8495.3,14,8958.545,94.82901520280357
2026-07-08,DEL_BLR,15,9006.33,14,8958.545,100.53340135033089
2026-07-09,DEL_BLR,15,8838.44,17,8958.545,98.65932470060707
2026-07-10,DEL_BLR,15,9364.175,24,8958.545,104.52785580694186
2026-07-11,DEL_BLR,15,9711.41,19,8958.545,108.40387585260775
2026-07-12,DEL_BLR,15,8569.985,12,8958.545,95.66268852810363
2026-07-13,DEL_BLR,15,8216.025000000001,20,8958.545,91.71160048869544
2026-07-14,DEL_BLR,15,8789.62,13,8958.545,98.1143701348824
2026-07-15,DEL_BLR,15,9134.654999999999,20,8958.545,101.9658326212571
2026-07-16,DEL_BLR,15,8644.57,13,8958.545,96.49524560070859
2026-07-17,DEL_BLR,15,10185.415,18,8958.545,113.69496943979185
2026-07-18,DEL_BLR,15,9689.61,20,8958.545,108.1605327650863
2026-07-19,DEL_BLR,15,9455.98,23,8958.545,105.5526315936349
2026-07-20,DEL_BLR,15,8724.73,15,8958.545,97.39003376106275
2026-07-21,DEL_BLR,15,8936.68,12,8958.545,99.75593134822675
2026-07-22,DEL_BLR,15,8580.51,9,8958.545,95.7801741242579
2026-07-23,DEL_BLR,15,9245.28,23,8958.545,103.20068716515908
2026-07-24,DEL_BLR,15,9637.12,18,8958.545,107.5746117254532
2026-07-25,DEL_BLR,15,9384.99,14,8958.545,104.76020380541706
2026-07-26,DEL_BLR,15,8771.675,16,8958.545,97.9140585887552
2026-07-27,DEL_BLR,15,9264.29,12,8958.545,103.41288680248859
2026-07-28,DEL_BLR,15,8805.71,7,8958.545,98.29397519351635
2026-07-29,DEL_BLR,15,8807.85,13,8958.545,98.31786300119049
2026-07-30,DEL_BLR,15,8651.515,14,8958.545,96.57276935038
2026-07-31,DEL_BLR,15,9312.38,16,8958.545,103.94969272353936
2026-08-01,DEL_BLR,15,9816.43,17,8958.545,109.576164432952
2026-08-02,DEL_BLR,15,8777.189999999999,14,8958.545,97.97561992488734
2026-08-03,DEL_BLR,15,8415.75,11,8958.545,93.94103618388924
2026-08-04,DEL_BLR,15,9609.59,9,8958.545,107.2673073585052
2026-08-05,DEL_BLR,15,8787.83,18,8958.545,98.09438921164096
2026-08-06,DEL_BLR,15,8778.23,15,8958.545,97.9872289529159
2026-08-07,DEL_BLR,15,9480.31,15,8958.545,105.82421587434119
2026-08-08,DEL_BLR,15,10096.955,16,8958.545,112.7075323057483
2026-08-09,DEL_BLR,15,8439.82,11,8958.545,94.2097182075884
2026-08-10,DEL_BLR,15,8420.06,19,8958.545,93.989146675046
2026-08-11,DEL_BLR,15,9419.009999999998,12,8958.545,105.13995297227395
2026-08-12,DEL_BLR,15,9006.02,15,8958.545,100.52994096697623
2026-08-13,DEL_BLR,15,8749.42,9,8958.545,97.66563655147125
2026-08-14,DEL_BLR,15,9839.49,15,8958.545,109.83357230443114
2026-08-15,DEL_BLR,15,9800.07,15,8958.545,109.39354549204138
2026-08-16,DEL_BLR,15,9111.105,14,8958.545,101.70295511157224
2026-08-17,DEL_BLR,15,8801.259999999998,14,8958.545,98.2443019485865
2026-08-18,DEL_BLR,15,9771.31,14,8958.545,109.07251121694426
2026-08-19,DEL_BLR,15,8376.42,19,8958.545,93.50201399892505
2026-08-20,DEL_BLR,15,9327.385,14,8958.545,104.11718644043202
2026-08-21,DEL_BLR,15,9135.08,10,8958.545,101.97057669521111
2026-08-22,DEL_BLR,15,9475.55,14,8958.545,105.7710822460567
2026-08-23,DEL_BLR,15,9149.65,15,8958.545,102.13321471288026
2026-08-24,DEL_BLR,15,8805.0,15,8958.545,98.28604979938149
2026-08-25,DEL_BLR,15,9374.26,14,8958.545,104.64042989123791
2026-08-26,DEL_BLR,15,8298.3,14,8958.545,92.62999739354994
2026-08-27,DEL_BLR,15,8592.525000000001,16,8958.545,95.91429188556847
2026-08-28,DEL_BLR,15,9132.87,19,8958.545,101.94590751065044
2026-08-29,DEL_BLR,15,9463.43,17,8958.545,105.63579241941632
2026-08-30,DEL_BLR,15,8717.78,13,8958.545,97.31245419875661
2026-08-31,DEL_BLR,15,8294.060000000001,8,8958.545,92.58266827927974
2026-09-01,DEL_BLR,15,8474.19,15,8958.545,94.59337425887799
2026-09-02,DEL_BLR,15,9266.369999999999,16,8958.545,103.43610485854566
2026-09-03,DEL_BLR,15,9418.66,13,8958.545,105.13604608784127
2026-07-01,DEL_BLR,30,7623.15,6,7623.15,100.0
2026-07-02,DEL_BLR,30,8364.27,10,7623.15,109.72196532929301
2026-07-03,DEL_BLR,30,8660.21,19,7623.15,113.60408754911026
2026-07-04,DEL_BLR,30,7364.865,16,7623.15,96.61183369079711
2026-07-05,DEL_BLR,30,7819.21,15,7623.15,102.57190269114473
2026-07-06,DEL_BLR,30,7678.16,5,7623.15,100.72161770396752
2026-07-07,DEL_BLR,30,7303.59,12,7623.15,95.80803211270931
2026-07-08,DEL_BLR,30,7672.65,19,7623.15,100.64933787213948
2026-07-09,DEL_BLR,30,8636.73,17,7623.15,113.29607839279039
2026-07-10,DEL_BLR,30,8641.81,8,7623.15,113.36271751178974
2026-07-11,DEL_BLR,30,7551.99,12,7623.15,99.06652761653648
2026-07-12,DEL_BLR,30,7961.73,14,7623.15,104.44147104543397
2026-07-13,DEL_BLR,30,7565.75,14,7623.15,99.24703042705444
2026-07-14,DEL_BLR,30,7937.28,13,7623.15,104.1207374904075
2026-07-15,DEL_BLR,30,7583.365,16,7623.15,99.47810288397841
2026-07-16,DEL_BLR,30,8247.17,15,7623.15,108.18585492873683
2026-07-17,DEL_BLR,30,8841.435000000001,22,7623.15,115.98138564766536
2026-07-18,DEL_BLR,30,7284.28,15,7623.15,95.55472475289086
2026-07-19,DEL_BLR,30,7511.67,17,7623.15,98.53761240432105
2026-07-20,DEL_BLR,30,7591.725,14,7623.15,99.58776883571753
2026-07-21,DEL_BLR,30,7855.92,17,7623.15,103.05346215147281
2026-07-22,DEL_BLR,30,7329.64,13,7623.15,96.14975436663322
2026-07-23,DEL_BLR,30,8808.33,13,7623.15,115.54711634954056
2026-07-24,DEL_BLR,30,8291.37,17,7623.15,108.76566773577854
2026-07-25,DEL_BLR,30,8339.375,16,7623.15,109.39539429238569
2026-07-26,DEL_BLR,30,7636.860000000001,10,7623.15,100.17984691367742
2026-07-27,DEL_BLR,30,7782.870000000001,10,7623.15,102.09519686743671
2026-07-28,DEL_BLR,30,7699.66,15,7623.15,101.00365334540184
2026-07-29,DEL_BLR,30,8085.67,14,7623.15,106.06730813377672
2026-07-30,DEL_BLR,30,8011.93,18,7623.15,105.09999147334108
2026-07-31,DEL_BLR,30,8560.59,19,7623.15,112.29727868400859
2026-08-01,DEL_BLR,30,7146.15,4,7623.15,93.74274414120147
2026-08-02,DEL_BLR,30,7019.22,17,7623.15,92.07768442179415
2026-08-03,DEL_BLR,30,7440.09,20,7623.15,97.59863048739696
2026-08-04,DEL_BLR,30,7616.84,11,7623.15,99.91722581872324
2026-08-05,DEL_BLR,30,7707.27,12,7623.15,101.10348084453278
2026-08-06,DEL_BLR,30,7921.32,17,7623.15,103.91137521890556
2026-08-07,DEL_BLR,30,8791.145,16,7623.15,115.32168460544527
2026-08-08,DEL_BLR,30,7658.27,12,7623.15,100.46070194079877
2026-08-09,DEL_BLR,30,7827.625,18,7623.15,102.68229012940846
2026-08-10,DEL_BLR,30,8134.610000000001,6,7623.15,106.7092999613021
2026-08-11,DEL_BLR,30,7760.585,16,7623.15,101.80286364560583
2026-08-12,DEL_BLR,30,7515.56,17,7623.15,98.58864117851546
2026-08-13,DEL_BLR,30,9100.365,20,7623.15,119.37801302611126
2026-08-14,DEL_BLR,30,8451.68,13,7623.15,110.86860418593365
2026-08-15,DEL_BLR,30,7635.620000000001,10,7623.15,100.16358067203193
2026-08-16,DEL_BLR,30,7224.16,9,7623.15,94.76607439181966
2026-08-17,DEL_BLR,30,7343.165,14,7623.15,96.32717446200061
2026-08-18,DEL_BLR,30,7961.65,15,7623.15,104.4404216104891
2026-08-19,DEL_BLR,30,7532.225,18,7623.15,98.80725159546907
2026-08-20,DEL_BLR,30,8060.55,17,7623.15,105.73778556108695
2026-08-21,DEL_BLR,30,8105.72,15,7623.15,106.33032276683525
2026-08-22,DEL_BLR,30,7851.2,12,7623.15,102.99154548972538
2026-08-23,DEL_BLR,30,7994.735000000001,16,7623.15,104.87442854987769
2026-08-24,DEL_BLR,30,7864.28,15,7623.15,103.16312810321193
2026-08-25,DEL_BLR,30,7778.35,15,7623.15,102.03590379305143
2026-08-26,DEL_BLR,30,7721.43,16,7623.15,101.28923082977511
2026-08-27,DEL_BLR,30,7885.015,16,7623.15,103.4351285229859
2026-08-28,DEL_BLR,30,8135.45,18,7623.15,106.72031902822326
2026-08-29,DEL_BLR,30,7962.49,15,7623.15,104.45144067741026
2026-08-30,DEL_BLR,30,7402.07,10,7623.15,97.09988652984659
2026-08-31,DEL_BLR,30,7465.8,21,7623.15,97.93589264280514
2026-09-01,DEL_BLR,30,8091.11,12,7623.15,106.13866971002801
2026-09-02,DEL_BLR,30,8191.62,9,7623.15,107.4571535388914
2026-09-03,DEL_BLR,30,8043.514999999999,6,7623.15,105.5143215075133
2026-07-01,DEL_BLR,45,8901.25,9,8901.25,100.0
2026-07-02,DEL_BLR,45,7985.82,15,8901.25,89.7157140851004
2026-07-03,DEL_BLR,45,7428.74,15,8901.25,83.4572672377475
2026-07-04,DEL_BLR,45,6976.785,20,8901.25,78.37983429293638
2026-07-05,DEL_BLR,45,7493.755,18,8901.25,84.18767027102935
2026-07-06,DEL_BLR,45,7189.385,14,8901.25,80.76826288442635
2026-07-07,DEL_BLR,45,7148.48,20,8901.25,80.308720685297
2026-07-08,DEL_BLR,45,7818.01,29,8901.25,87.83047324813931
2026-07-09,DEL_BLR,45,8392.92,21,8901.25,94.28922904086505
2026-07-10,DEL_BLR,45,7161.87,14,8901.25,80.45914899592753
2026-07-11,DEL_BLR,45,7345.75,16,8901.25,82.52492627439966
2026-07-12,DEL_BLR,45,7469.8,9,8901.25,83.91855076534195
2026-07-13,DEL_BLR,45,7089.344999999999,18,8901.25,79.64437578991715
2026-07-14,DEL_BLR,45,7289.51,19,8901.25,81.89310490099705
2026-07-15,DEL_BLR,45,7854.79,20,8901.25,88.24367364134251
2026-07-16,DEL_BLR,45,8745.17,12,8901.25,98.24653840752703
2026-07-17,DEL_BLR,45,6519.09,9,8901.25,73.23791602303048
2026-07-18,DEL_BLR,45,7319.53,11,8901.25,82.23036090436736
2026-07-19,DEL_BLR,45,7339.67,15,8901.25,82.45662126105884
2026-07-20,DEL_BLR,45,7004.645,16,8901.25,78.6928240415672
2026-07-21,DEL_BLR,45,7121.655000000001,22,8901.25,80.00735851706222
2026-07-22,DEL_BLR,45,7946.69,20,8901.25,89.2761129054908
2026-07-23,DEL_BLR,45,8229.66,17,8901.25,92.45510462013762
2026-07-24,DEL_BLR,45,7717.06,15,8901.25,86.69636287038338
2026-07-25,DEL_BLR,45,7363.1,17,8901.25,82.71984271871928
2026-07-26,DEL_BLR,45,6871.49,10,8901.25,77.1969105462716
2026-07-27,DEL_BLR,45,7045.200000000001,18,8901.25,79.14843420867857
2026-07-28,DEL_BLR,45,8091.54,10,8901.25,90.90341244207274
2026-07-29,DEL_BLR,45,8856.56,17,8901.25,99.49793568319055
2026-07-30,DEL_BLR,45,8214.22,13,8901.25,92.28164583625895
2026-07-31,DEL_BLR,45,7099.8150000000005,18,8901.25,79.76199971914058
2026-08-01,DEL_BLR,45,7304.53,13,8901.25,82.06184524645414
2026-08-02,DEL_BLR,45,7273.79,9,8901.25,81.71650049150401
2026-08-03,DEL_BLR,45,7147.295,14,8901.25,80.29540794832187
2026-08-04,DEL_BLR,45,7218.985000000001,12,8901.25,81.1008004493751
2026-08-05,DEL_BLR,45,7841.39,12,8901.25,88.09313298694003
2026-08-06,DEL_BLR,45,8715.36,13,8901.25,97.9116416233675
2026-08-07,DEL_BLR,45,7234.52,13,8901.25,81.27532649908721
2026-08-08,DEL_BLR,45,6801.969999999999,12,8901.25,76.41589664372981
2026-08-09,DEL_BLR,45,6933.53,15,8901.25,77.89389130740064
2026-08-10,DEL_BLR,45,7163.78,13,8901.25,80.48060665636848
2026-08-11,DEL_BLR,45,7438.17,21,8901.25,83.56320741468895
2026-08-12,DEL_BLR,45,7799.49,19,8901.25,87.62241258250245
2026-08-13,DEL_BLR,45,8074.86,19,8901.25,90.71602303047325
2026-08-14,DEL_BLR,45,6866.785,16,8901.25,77.14405280157281
2026-08-15,DEL_BLR,45,7626.74,11,8901.25,85.68167392220194
2026-08-16,DEL_BLR,45,7272.76,18,8901.25,81.70492908299396
2026-08-17,DEL_BLR,45,7050.34,21,8901.25,79.20617890745682
2026-08-18,DEL_BLR,45,7078.9,19,8901.25,79.52703272012357
2026-08-19,DEL_BLR,45,7578.08,15,8901.25,85.13500912793147
2026-08-20,DEL_BLR,45,7963.58,11,8901.25,89.46586153630108
2026-08-21,DEL_BLR,45,7020.92,16,8901.25,78.87566353040305
2026-08-22,DEL_BLR,45,7025.51,19,8901.25,78.92722932172448
2026-08-23,DEL_BLR,45,7470.24,27,8901.25,83.9234938913074
2026-08-24,DEL_BLR,45,7476.535,8,8901.25,83.99421429574497
2026-08-25,DEL_BLR,45,8064.25,22,8901.25,90.59682628844263
2026-08-26,DEL_BLR,45,7687.23,12,8901.25,86.36124139867995
2026-08-27,DEL_BLR,45,7677.54,17,8901.25,86.25238028366803
2026-08-28,DEL_BLR,45,7508.745,18,8901.25,84.35607358517062
2026-08-29,DEL_BLR,45,7597.625,20,8901.25,85.35458503019238
2026-08-30,DEL_BLR,45,8047.4,10,8901.25,90.40752703272011
2026-08-31,DEL_BLR,45,7109.8,11,8901.25,79.87417497542481
2026-09-01,DEL_BLR,45,6766.97,18,8901.25,76.02269344193232
2026-09-02,DEL_BLR,45,7733.4,18,8901.25,86.87993259373683
2026-09-03,DEL_BLR,45,7930.58,13,8901.25,89.09512708889201
2026-07-01,DEL_BOM,1,11601.5,19,11601.5,100.0
2026-07-02,DEL_BOM,1,11466.14,9,11601.5,98.83325432056199
2026-07-03,DEL_BOM,1,12774.75,12,11601.5,110.11291643321984
2026-07-04,DEL_BOM,1,12731.605,12,11601.5,109.74102486747404
2026-07-05,DEL_BOM,1,11353.15,19,11601.5,97.85932853510322
2026-07-06,DEL_BOM,1,11293.599999999999,12,11601.5,97.34603284058095
2026-07-07,DEL_BOM,1,11882.48,13,11601.5,102.42192819893978
2026-07-08,DEL_BOM,1,11749.415,14,11601.5,101.2749644442529
2026-07-09,DEL_BOM,1,12038.5,17,11601.5,103.76675429901306
2026-07-10,DEL_BOM,1,12767.99,15,11601.5,110.05464810584837
2026-07-11,DEL_BOM,1,12909.95,17,11601.5,111.27828298064905
2026-07-12,DEL_BOM,1,11927.8,13,11601.5,102.81256734043012
2026-07-13,DEL_BOM,1,11573.2,15,11601.5,99.75606602594492
2026-07-14,DEL_BOM,1,12473.575,16,11601.5,107.51691591604535
2026-07-15,DEL_BOM,1,11409.215,16,11601.5,98.34258501055898
2026-07-16,DEL_BOM,1,11810.09,12,11601.5,101.79795716071199
2026-07-17,DEL_BOM,1,12754.02,18,11601.5,109.93423264233073
2026-07-18,DEL_BOM,1,12406.740000000002,16,11601.5,106.94082661724778
2026-07-19,DEL_BOM,1,10592.885,16,11601.5,91.30616730595182
2026-07-20,DEL_BOM,1,12435.84,13,11601.5,107.19165625134681
2026-07-21,DEL_BOM,1,11105.985,16,11601.5,95.72887126664656
2026-07-22,DEL_BOM,1,11266.42,15,11601.5,97.11175279058743
2026-07-23,DEL_BOM,1,11035.7,15,11601.5,95.12304443390941
2026-07-24,DEL_BOM,1,12793.68,11,11601.5,110.27608498901004
2026-07-25,DEL_BOM,1,12716.315,16,11601.5,109.60923156488384
2026-07-26,DEL_BOM,1,10764.925,16,11601.5,92.78907899840537
2026-07-27,DEL_BOM,1,12168.59,11,11601.5,104.88807481791147
2026-07-28,DEL_BOM,1,12199.97,13,11601.5,105.15855708313579
2026-07-29,DEL_BOM,1,13171.42,9,11601.5,113.53204327026678
2026-07-30,DEL_BOM,1,11440.404999999999,18,11601.5,98.61142955652285
2026-07-31,DEL_BOM,1,12603.87,21,11601.5,108.64000344783003
2026-08-01,DEL_BOM,1,12007.244999999999,16,11601.5,103.4973494806706
2026-08-02,DEL_BOM,1,11713.88,11,11601.5,100.96866784467524
2026-08-03,DEL_BOM,1,11685.47,15,11601.5,100.72378571736414
2026-08-04,DEL_BOM,1,11209.275000000001,12,11601.5,96.61918717407232
2026-08-05,DEL_BOM,1,11021.82,21,11601.5,95.0034047321467
2026-08-06,DEL_BOM,1,11426.84,17,11601.5,98.49450502090247
2026-08-07,DEL_BOM,1,12903.47,16,11601.5,111.22242813429297
2026-08-08,DEL_BOM,1,12726.08,15,11601.5,109.69340171529542
2026-08-09,DEL_BOM,1,11564.38,11,11601.5,99.68004137396026
2026-08-10,DEL_BOM,1,11326.94,21,11601.5,97.63340947291299
2026-08-11,DEL_BOM,1,10935.595000000001,12,11601.5,94.26018187303367
2026-08-12,DEL_BOM,1,11739.55,16,11601.5,101.18993233633581
2026-08-13,DEL_BOM,1,11493.35,17,11601.5,99.06779295780719
2026-08-14,DEL_BOM,1,11872.06,8,11601.5,102.3321122268672
2026-08-15,DEL_BOM,1,13139.76,11,11601.5,113.25914752402706
2026-08-16,DEL_BOM,1,12333.16,14,11601.5,106.30659828470456
2026-08-17,DEL_BOM,1,11566.19,15,11601.5,99.69564280480972
2026-08-18,DEL_BOM,1,11487.88,20,11601.5,99.02064388225659
2026-08-19,DEL_BOM,1,11332.77,25,11601.5,97.68366159548336
2026-08-20,DEL_BOM,1,11051.84,13,11601.5,95.2621643752963
2026-08-21,DEL_BOM,1,12530.605,12,11601.5,108.00849028142912
2026-08-22,DEL_BOM,1,13601.564999999999,6,11601.5,117.23971038227813
2026-08-23,DEL_BOM,1,11622.045,18,11601.5,100.17708916950394
2026-08-24,DEL_BOM,1,12109.84,15,11601.5,104.38167478343318
2026-08-25,DEL_BOM,1,11944.23,17,11601.5,102.95418695858294
2026-08-26,DEL_BOM,1,12607.99,16,11601.5,108.67551609705642
2026-08-27,DEL_BOM,1,12428.57,13,11601.5,107.12899194069732
2026-08-28,DEL_BOM,1,12679.285,12,11601.5,109.29004870059906
2026-08-29,DEL_BOM,1,12918.61,15,11601.5,111.35292850062493
2026-08-30,DEL_BOM,1,12262.26,15,11601.5,105.69547041330863
2026-08-31,DEL_BOM,1,11367.96,19,11601.5,97.98698444166702
2026-09-01,DEL_BOM,1,11561.83,12,11601.5,99.65806145757014
2026-09-02,DEL_BOM,1,11430.26,6,11601.5,98.5239839675904
2026-09-03,DEL_BOM,1,11320.17,12,11601.5,97.57505494979097
2026-07-01,DEL_BOM,7,9592.17,15,9592.17,100.0
2026-07-02,DEL_BOM,7,9462.92,19,9592.17,98.6525468168308
2026-07-03,DEL_BOM,7,9242.325,20,9592.17,96.35280650780794
2026-07-04,DEL_BOM,7,10212.54,15,9592.17,106.46746252412125
2026-07-05,DEL_BOM,7,10318.26,19,9592.17,107.56961146435063
2026-07-06,DEL_BOM,7,9427.81,13,9592.17,98.28651910881479
2026-07-07,DEL_BOM,7,9644.560000000001,16,9592.17,100.5461746403577
2026-07-08,DEL_BOM,7,10124.965,10,9592.17,105.55447828802033
2026-07-09,DEL_BOM,7,9991.4,19,9592.17,104.1620404976142
2026-07-10,DEL_BOM,7,9217.8,15,9592.17,96.09712922102088
2026-07-11,DEL_BOM,7,10719.21,9,9592.17,111.74958325384141
2026-07-12,DEL_BOM,7,10475.88,19,9592.17,109.21282671178678
2026-07-13,DEL_BOM,7,8848.51,21,9592.17,92.24721830409595
2026-07-14,DEL_BOM,7,9869.89,9,9592.17,102.89527812788972
2026-07-15,DEL_BOM,7,10052.75,14,9592.17,104.80162465844538
2026-07-16,DEL_BOM,7,9307.405,14,9592.17,97.03127655160408
2026-07-17,DEL_BOM,7,8976.88,13,9592.17,93.5854973379329
2026-07-18,DEL_BOM,7,10810.13,17,9592.17,112.69743968257441
2026-07-19,DEL_BOM,7,9533.93,12,9592.17,99.39283811692246
2026-07-20,DEL_BOM,7,9505.535,14,9592.17,99.09681542341305
2026-07-21,DEL_BOM,7,9617.08,23,9592.17,100.25969097711989
2026-07-22,DEL_BOM,7,9946.330000000002,10,9592.17,103.69217809942903
2026-07-23,DEL_BOM,7,8653.23,13,9592.17,90.2113911659197
2026-07-24,DEL_BOM,7,8817.445,14,9592.17,91.92336040749903
2026-07-25,DEL_BOM,7,10500.4,15,9592.17,109.46845187272535
2026-07-26,DEL_BOM,7,9851.36,15,9592.17,102.70209973342841
2026-07-27,DEL_BOM,7,8743.4,13,9592.17,91.15142871738094
2026-07-28,DEL_BOM,7,9046.27,5,9592.17,94.30889986311752
2026-07-29,DEL_BOM,7,8838.765,16,9592.17,92.14562502541135
2026-07-30,DEL_BOM,7,9132.39,17,9592.17,95.20671547731118
2026-07-31,DEL_BOM,7,9486.325,16,9592.17,98.89654791355868
2026-08-01,DEL_BOM,7,10278.23,15,9592.17,107.15229192143174
2026-08-02,DEL_BOM,7,10371.15,16,9592.17,108.12099868955616
2026-08-03,DEL_BOM,7,9302.595000000001,14,9592.17,96.98113148536777
2026-08-04,DEL_BOM,7,9333.915,16,9592.17,97.30764780023708
2026-08-05,DEL_BOM,7,8631.974999999999,8,9592.17,89.9898041840376
2026-08-06,DEL_BOM,7,9191.04,9,9592.17,95.81815167996398
2026-08-07,DEL_BOM,7,9666.42,19,9592.17,100.77406884990569
2026-08-08,DEL_BOM,7,10300.03,23,9592.17,107.379560620798
2026-08-09,DEL_BOM,7,9613.3,13,9592.17,100.22028383567012
2026-08-10,DEL_BOM,7,9518.32,11,9592.17,99.23010121797257
2026-08-11,DEL_BOM,7,9309.195,14,9592.17,97.04993760535937
2026-08-12,DEL_BOM,7,9320.23,15,9592.17,97.1649793529514
2026-08-13,DEL_BOM,7,9057.53,15,9592.17,94.4262872738911
2026-08-14,DEL_BOM,7,9197.86,15,9592.17,95.88925133728866
2026-08-15,DEL_BOM,7,9662.805,10,9592.17,100.73638186145575
2026-08-16,DEL_BOM,7,10572.72,14,9592.17,110.22240014511834
2026-08-17,DEL_BOM,7,9016.64,15,9592.17,94.00000208503393
2026-08-18,DEL_BOM,7,9875.04,13,9592.17,102.94896775182258
2026-08-19,DEL_BOM,7,9619.965,12,9592.17,100.28976759169197
2026-08-20,DEL_BOM,7,9794.88,14,9592.17,102.1132861490153
2026-08-21,DEL_BOM,7,8916.305,12,9592.17,92.95399268361591
2026-08-22,DEL_BOM,7,10298.68,11,9592.17,107.36548664170881
2026-08-23,DEL_BOM,7,11012.765,12,9592.17,114.80994394386255
2026-08-24,DEL_BOM,7,9409.975,20,9592.17,98.100586207292
2026-08-25,DEL_BOM,7,9119.345000000001,14,9592.17,95.07071913863079
2026-08-26,DEL_BOM,7,9644.285,12,9592.17,100.5433077186914
2026-08-27,DEL_BOM,7,9416.68,17,9592.17,98.17048697010165
2026-08-28,DEL_BOM,7,8859.635,18,9592.17,92.3631983169606
2026-08-29,DEL_BOM,7,9715.105,18,9592.17,101.28161823654085
2026-08-30,DEL_BOM,7,9705.435000000001,6,9592.17,101.18080684558343
2026-08-31,DEL_BOM,7,10134.61,15,9592.17,105.65502904973536
2026-09-01,DEL_BOM,7,9619.32,8,9592.17,100.28304335723823
2026-09-02,DEL_BOM,7,9009.875,20,9592.17,93.92947581204253
2026-09-03,DEL_BOM,7,9669.75,16,9592.17,100.80878466499239
2026-07-01,DEL_BOM,15,7519.805,16,7519.805,100.0
2026-07-02,DEL_BOM,15,7997.63,15,7519.805,106.3542206214124
2026-07-03,DEL_BOM,15,7996.3,7,7519.805,106.33653399257028
2026-07-04,DEL_BOM,15,9173.12,17,7519.805,121.98614192788244
2026-07-05,DEL_BOM,15,8361.61,14,7519.805,111.19450570859217
2026-07-06,DEL_BOM,15,8100.48,17,7519.805,107.7219422578112
2026-07-07,DEL_BOM,15,8210.53,19,7519.805,109.18541105786652
2026-07-08,DEL_BOM,15,7849.715,16,7519.805,104.38721482804408
2026-07-09,DEL_BOM,15,7407.195,12,7519.805,98.50248776397792
2026-07-10,DEL_BOM,15,8776.92,12,7519.805,116.7173882833398
2026-07-11,DEL_BOM,15,8586.645,12,7519.805,114.18707001045905
2026-07-12,DEL_BOM,15,7801.53,18,7519.805,103.74644023349009
2026-07-13,DEL_BOM,15,8017.6,16,7519.805,106.61978601838744
2026-07-14,DEL_BOM,15,7777.07,13,7519.805,103.42116584140146
2026-07-15,DEL_BOM,15,7756.7,22,7519.805,103.1502811575566
2026-07-16,DEL_BOM,15,8288.724999999999,10,7519.805,110.22526514982766
2026-07-17,DEL_BOM,15,7794.59,13,7519.805,103.65415060629897
2026-07-18,DEL_BOM,15,8936.630000000001,16,7519.805,118.84124654828152
2026-07-19,DEL_BOM,15,7372.55,9,7519.805,98.04177102996687
2026-07-20,DEL_BOM,15,8243.05,19,7519.805,109.61786908038174
2026-07-21,DEL_BOM,15,8381.72,19,7519.805,111.46193285597165
2026-07-22,DEL_BOM,15,7247.370000000001,14,7519.805,96.37710020406115
2026-07-23,DEL_BOM,15,7544.01,10,7519.805,100.32188334670913
2026-07-24,DEL_BOM,15,8109.235000000001,10,7519.805,107.83836814917409
2026-07-25,DEL_BOM,15,8844.75,14,7519.805,117.61940635428712
2026-07-26,DEL_BOM,15,7972.299999999999,14,7519.805,106.01737678038192
2026-07-27,DEL_BOM,15,7712.78,13,7519.805,102.56622345925193
2026-07-28,DEL_BOM,15,7962.960000000001,18,7519.805,105.893171431972
2026-07-29,DEL_BOM,15,7833.58,18,7519.805,104.17264809393328
2026-07-30,DEL_BOM,15,7480.61,17,7519.805,99.4787763778449
2026-07-31,DEL_BOM,15,7858.295,16,7519.805,104.50131353140142
2026-08-01,DEL_BOM,15,8360.5,9,7519.805,111.17974468752847
2026-08-02,DEL_BOM,15,8172.53,19,7519.805,108.68007880523496
2026-08-03,DEL_BOM,15,8237.105,14,7519.805,109.53881117927924
2026-08-04,DEL_BOM,15,7866.81,13,7519.805,104.61454785064241
2026-08-05,DEL_BOM,15,8052.85,13,7519.805,107.08854817378908
2026-08-06,DEL_BOM,15,7997.83,12,7519.805,106.35688026484729
2026-08-07,DEL_BOM,15,8647.32,16,7519.805,114.9939393375227
2026-08-08,DEL_BOM,15,8746.86,23,7519.805,116.31764387507388
2026-08-09,DEL_BOM,15,7379.16,18,7519.805,98.12967224549041
2026-08-10,DEL_BOM,15,7879.01,12,7519.805,104.77678610017148
2026-08-11,DEL_BOM,15,7656.725,16,7519.805,101.82079189553453
2026-08-12,DEL_BOM,15,7663.28,11,7519.805,101.90796170911347
2026-08-13,DEL_BOM,15,8156.06,21,7519.805,108.46105716837073
2026-08-14,DEL_BOM,15,8107.395,14,7519.805,107.81389942957298
2026-08-15,DEL_BOM,15,8867.74,17,7519.805,117.92513236712921
2026-08-16,DEL_BOM,15,8211.75,16,7519.805,109.20163488281942
2026-08-17,DEL_BOM,15,7857.25,15,7519.805,104.48741689445404
2026-08-18,DEL_BOM,15,7907.36,23,7519.805,105.15379055706894
2026-08-19,DEL_BOM,15,7935.264999999999,8,7519.805,105.52487730732378
2026-08-20,DEL_BOM,15,7603.9,16,7519.805,101.11831357329079
2026-08-21,DEL_BOM,15,9464.15,16,7519.805,125.85632207218138
2026-08-22,DEL_BOM,15,9450.56,11,7519.805,125.67559930077974
2026-08-23,DEL_BOM,15,8110.895,12,7519.805,107.86044318968378
2026-08-24,DEL_BOM,15,8114.03,13,7519.805,107.90213310052587
2026-08-25,DEL_BOM,15,7677.01,17,7519.805,102.09054623091956
2026-08-26,DEL_BOM,15,7863.635,10,7519.805,104.57232601111332
2026-08-27,DEL_BOM,15,8325.95,13,7519.805,110.720291284149
2026-08-28,DEL_BOM,15,8166.99,17,7519.805,108.60640668208816
2026-08-29,DEL_BOM,15,8567.465,12,7519.805,113.93201020505185
2026-08-30,DEL_BOM,15,8320.48,13,7519.805,110.6475500362044
2026-08-31,DEL_BOM,15,7620.36,17,7519.805,101.3372022279833
2026-09-01,DEL_BOM,15,7520.83,13,7519.805,100.01363067260387
2026-09-02,DEL_BOM,15,7667.71,9,7519.805,101.96687281119657
2026-09-03,DEL_BOM,15,7479.03,11,7519.805,99.45776519470917
2026-07-01,DEL_BOM,30,7151.67,17,7151.67,100.0
2026-07-02,DEL_BOM,30,7122.715,24,7151.67,99.59512952918689
2026-07-03,DEL_BOM,30,8159.42,15,7151.67,114.09111438307416
2026-07-04,DEL_BOM,30,7010.125,12,7151.67,98.02081192225033
2026-07-05,DEL_BOM,30,6602.88,11,7151.67,92.32640767820664
2026-07-06,DEL_BOM,30,6843.42,19,7151.67,95.68981790267168
2026-07-07,DEL_BOM,30,7183.58,11,7151.67,100.44618949140549
2026-07-08,DEL_BOM,30,6823.16,11,7151.67,95.40652742646122
2026-07-09,DEL_BOM,30,8071.405000000001,12,7151.67,112.86042281033662
2026-07-10,DEL_BOM,30,7509.27,9,7151.67,105.0002307153434
2026-07-11,DEL_BOM,30,6855.08,14,7151.67,95.8528567453476
2026-07-12,DEL_BOM,30,6914.91,15,7151.67,96.6894445632978
2026-07-13,DEL_BOM,30,6579.17,17,7151.67,91.9948767211015
2026-07-14,DEL_BOM,30,6750.34,13,7151.67,94.38830371088152
2026-07-15,DEL_BOM,30,7045.52,13,7151.67,98.5157312907335
2026-07-16,DEL_BOM,30,7321.85,15,7151.67,102.37958406917545
2026-07-17,DEL_BOM,30,7427.035,12,7151.67,103.85035942653953
2026-07-18,DEL_BOM,30,6799.59,11,7151.67,95.07695405408808
2026-07-19,DEL_BOM,30,7214.17,21,7151.67,100.87392175533827
2026-07-20,DEL_BOM,30,7086.49,19,7151.67,99.08860447979283
2026-07-21,DEL_BOM,30,6737.32,19,7151.67,94.20624833080944
2026-07-22,DEL_BOM,30,7062.97,13,7151.67,98.75973024482394
2026-07-23,DEL_BOM,30,7511.135,16,7151.67,105.0263085405227
2026-07-24,DEL_BOM,30,7774.85,9,7151.67,108.7137689518672
2026-07-25,DEL_BOM,30,7361.16,13,7151.67,102.92924589641301
2026-07-26,DEL_BOM,30,6935.745,14,7151.67,96.98077511965737
2026-07-27,DEL_BOM,30,6686.63,15,7151.67,93.49746283035991
2026-07-28,DEL_BOM,30,6664.74,19,7151.67,93.19138047477023
2026-07-29,DEL_BOM,30,6462.37,13,7151.67,90.36169174472536
2026-07-30,DEL_BOM,30,7337.110000000001,12,7151.67,102.59296080495885
2026-07-31,DEL_BOM,30,7509.82,19,7151.67,105.00792122679039
2026-08-01,DEL_BOM,30,6993.415,16,7151.67,97.78716020174308
2026-08-02,DEL_BOM,30,6893.67,8,7151.67,96.39245099396365
2026-08-03,DEL_BOM,30,6618.19,19,7151.67,92.54048355139429
2026-08-04,DEL_BOM,30,6545.6900000000005,10,7151.67,91.5267343152019
2026-08-05,DEL_BOM,30,6217.915,8,7151.67,86.94353906150592
2026-08-06,DEL_BOM,30,6994.82,19,7151.67,97.80680596280308
2026-08-07,DEL_BOM,30,7576.225,14,7151.67,105.93644561340219
2026-08-08,DEL_BOM,30,6810.76,13,7151.67,95.23314135020212
2026-08-09,DEL_BOM,30,7297.01,20,7151.67,102.0322526067338
2026-08-10,DEL_BOM,30,7000.18,19,7151.67,97.8817534925409
2026-08-11,DEL_BOM,30,6636.78,5,7151.67,92.8004228383021
2026-08-12,DEL_BOM,30,7009.745,16,7151.67,98.01549847797787
2026-08-13,DEL_BOM,30,7391.77,11,7151.67,103.35725781530746
2026-08-14,DEL_BOM,30,7556.52,16,7151.67,105.66091556237913
2026-08-15,DEL_BOM,30,6480.15,13,7151.67,90.61030500568398
2026-08-16,DEL_BOM,30,7023.59,17,7151.67,98.2090896252204
2026-08-17,DEL_BOM,30,6625.375,10,7151.67,92.64094959638798
2026-08-18,DEL_BOM,30,6608.264999999999,6,7151.67,92.40170477664657
2026-08-19,DEL_BOM,30,6671.4349999999995,16,7151.67,93.28499497320205
2026-08-20,DEL_BOM,30,7474.51,15,7151.67,104.51419039189449
2026-08-21,DEL_BOM,30,7723.06,18,7151.67,107.9896024285237
2026-08-22,DEL_BOM,30,6522.77,16,7151.67,91.20624972908426
2026-08-23,DEL_BOM,30,6723.9349999999995,20,7151.67,94.0190892476862
2026-08-24,DEL_BOM,30,6848.49,18,7151.67,95.76071043546473
2026-08-25,DEL_BOM,30,6958.54,17,7151.67,97.29951186226432
2026-08-26,DEL_BOM,30,6881.200000000001,12,7151.67,96.21808612533856
2026-08-27,DEL_BOM,30,8044.63,15,7151.67,112.4860347303497
2026-08-28,DEL_BOM,30,7072.08,17,7151.67,98.88711307988204
2026-08-29,DEL_BOM,30,7052.780000000001,14,7151.67,98.6172460418336
2026-08-30,DEL_BOM,30,7142.79,13,7151.67,99.87583319700154
2026-08-31,DEL_BOM,30,6891.334999999999,18,7151.67,96.3598012771842
2026-09-01,DEL_BOM,30,6928.335,18,7151.67,96.87716295634446
2026-09-02,DEL_BOM,30,6458.7,9,7151.67,90.3103750592519
2026-09-03,DEL_BOM,30,7221.0,13,7151.67,100.96942392476163
2026-07-01,DEL_BOM,45,7146.81,21,7146.81,100.0
2026-07-02,DEL_BOM,45,7108.92,17,7146.81,99.46983339419965
2026-07-03,DEL_BOM,45,6527.125,10,7146.81,91.32920841606254
2026-07-04,DEL_BOM,45,6906.68,13,7146.81,96.64003940219482
2026-07-05,DEL_BOM,45,6422.39,15,7146.81,89.86372941214333
2026-07-06,DEL_BOM,45,6390.08,19,7146.81,89.4116395986461
2026-07-07,DEL_BOM,45,6642.674999999999,10,7146.81,92.94601367603167
2026-07-08,DEL_BOM,45,7261.675,18,7146.81,101.6072205641398
2026-07-09,DEL_BOM,45,7455.82,19,7146.81,104.32374723827833
2026-07-10,DEL_BOM,45,6232.66,15,7146.81,87.20897855126972
2026-07-11,DEL_BOM,45,6685.495000000001,10,7146.81,93.54516210728984
2026-07-12,DEL_BOM,45,6224.39,13,7146.81,87.09326258848353
2026-07-13,DEL_BOM,45,6597.0,11,7146.81,92.30691735193743
2026-07-14,DEL_BOM,45,6277.705,16,7146.81,87.83925975365233
2026-07-15,DEL_BOM,45,7243.29,11,7146.81,101.3499729249833
2026-07-16,DEL_BOM,45,6907.9400000000005,12,7146.81,96.65766964561811
2026-07-17,DEL_BOM,45,6825.85,21,7146.81,95.50904529433411
2026-07-18,DEL_BOM,45,6593.37,12,7146.81,92.25612546017034
2026-07-19,DEL_BOM,45,6518.02,16,7146.81,91.20180891894427
2026-07-20,DEL_BOM,45,6333.11,11,7146.81,88.61450073529308
2026-07-21,DEL_BOM,45,6461.86,13,7146.81,90.4160037835062
2026-07-22,DEL_BOM,45,7290.195,12,7146.81,102.00627972480028
2026-07-23,DEL_BOM,45,7386.21,15,7146.81,103.34974625042501
2026-07-24,DEL_BOM,45,6136.01,15,7146.81,85.85662694264994
2026-07-25,DEL_BOM,45,6741.86,9,7146.81,94.33383565534832
2026-07-26,DEL_BOM,45,6690.719999999999,14,7146.81,93.61827164846972
2026-07-27,DEL_BOM,45,6597.75,18,7146.81,92.3174115444513
2026-07-28,DEL_BOM,45,6111.3,13,7146.81,85.51087827995987
2026-07-29,DEL_BOM,45,6961.54,22,7146.81,97.40765460394218
2026-07-30,DEL_BOM,45,7241.12,14,7146.81,101.31960972797654
2026-07-31,DEL_BOM,45,6271.18,11,7146.81,87.74796027878172
2026-08-01,DEL_BOM,45,6611.9349999999995,18,7146.81,92.51589170553015
2026-08-02,DEL_BOM,45,6452.925,14,7146.81,90.29098297002437
2026-08-03,DEL_BOM,45,6232.56,15,7146.81,87.20757932560122
2026-08-04,DEL_BOM,45,6602.0,15,7146.81,92.37687863536318
2026-08-05,DEL_BOM,45,6640.13,11,7146.81,92.91040338276797
2026-08-06,DEL_BOM,45,7013.16,11,7146.81,98.12993489402963
2026-08-07,DEL_BOM,45,6221.87,19,7146.81,87.05800210163694
2026-08-08,DEL_BOM,45,6389.745,22,7146.81,89.40695219265658
2026-08-09,DEL_BOM,45,6620.46,15,7146.81,92.63517569377106
2026-08-10,DEL_BOM,45,6897.08,19,7146.81,96.50571373801738
2026-08-11,DEL_BOM,45,6253.450000000001,10,7146.81,87.49987756775401
2026-08-12,DEL_BOM,45,7172.83,17,7146.81,100.3640785189476
2026-08-13,DEL_BOM,45,7410.485,12,7146.81,103.68940828145703
2026-08-14,DEL_BOM,45,6070.375,14,7146.81,84.93824517512009
2026-08-15,DEL_BOM,45,6598.25,15,7146.81,92.32440767279387
2026-08-16,DEL_BOM,45,6386.139999999999,22,7146.81,89.3565101073066
2026-08-17,DEL_BOM,45,6326.34,7,7146.81,88.51977315753462
2026-08-18,DEL_BOM,45,6037.705,8,7146.81,84.48111814921621
2026-08-19,DEL_BOM,45,6951.01,9,7146.81,97.26031614104754
2026-08-20,DEL_BOM,45,6886.33,13,7146.81,96.355296978652
2026-08-21,DEL_BOM,45,6431.12,14,7146.81,89.98588181300468
2026-08-22,DEL_BOM,45,7207.125,10,7146.81,100.84394296196484
2026-08-23,DEL_BOM,45,6711.125,20,7146.81,93.90378364613022
2026-08-24,DEL_BOM,45,6070.445,16,7146.81,84.93922463308805
2026-08-25,DEL_BOM,45,5870.45,17,7146.81,82.14084325734137
2026-08-26,DEL_BOM,45,7260.530000000001,20,7146.81,101.5911994302353
2026-08-27,DEL_BOM,45,7479.42,15,7146.81,104.65396449604789
2026-08-28,DEL_BOM,45,6387.505,18,7146.81,89.37560953768184
2026-08-29,DEL_BOM,45,6157.145,6,7146.81,86.1523532876906
2026-08-30,DEL_BOM,45,6391.32,17,7146.81,89.42898999693568
2026-08-31,DEL_BOM,45,6102.51,14,7146.81,85.38788634369739
2026-09-01,DEL_BOM,45,6218.445,16,7146.81,87.01007862249031
2026-09-02,DEL_BOM,45,7141.79,15,7146.81,99.92975887144054
2026-09-03,DEL_BOM,45,7006.34,17,7146.81,98.03450770343692
2026-07-01,DEL_CCU,1,11537.265,14,11537.265,100.0
2026-07-02,DEL_CCU,1,12325.0,12,11537.265,106.82774470379246
2026-07-03,DEL_CCU,1,13327.12,15,11537.265,115.51368543584637
2026-07-04,DEL_CCU,1,13938.68,13,11537.265,120.81442178887285
2026-07-05,DEL_CCU,1,12144.46,23,11537.265,105.26290242964862
2026-07-06,DEL_CCU,1,11935.8,14,11537.265,103.45432821383578
2026-07-07,DEL_CCU,1,12957.14,15,11537.265,112.30685955466915
2026-07-08,DEL_CCU,1,12086.384999999998,16,11537.265,104.75953356363054
2026-07-09,DEL_CCU,1,11960.490000000002,22,11537.265,103.6683304058631
2026-07-10,DEL_CCU,1,12869.39,22,11537.265,111.54628068264012
2026-07-11,DEL_CCU,1,13268.01,15,11537.265,115.00134563954283
2026-07-12,DEL_CCU,1,12175.82,14,11537.265,105.53471728351565
2026-07-13,DEL_CCU,1,12205.195,18,11537.265,105.78932701987863
2026-07-14,DEL_CCU,1,12323.130000000001,14,11537.265,106.81153635632018
2026-07-15,DEL_CCU,1,12003.0,13,11537.265,104.03678861497939
2026-07-16,DEL_CCU,1,12067.82,12,11537.265,104.59862021024915
2026-07-17,DEL_CCU,1,13048.54,17,11537.265,113.0990750407484
2026-07-18,DEL_CCU,1,13685.16,19,11537.265,118.61702058503467
2026-07-19,DEL_CCU,1,12289.705,16,11537.265,106.52182297970967
2026-07-20,DEL_CCU,1,12704.2,9,11537.265,110.11448553881706
2026-07-21,DEL_CCU,1,12750.65,8,11537.265,110.51709395597658
2026-07-22,DEL_CCU,1,12132.755000000001,16,11537.265,105.16144857555064
2026-07-23,DEL_CCU,1,12216.884999999998,10,11537.265,105.89065086049423
2026-07-24,DEL_CCU,1,13025.404999999999,12,11537.265,112.89855091306302
2026-07-25,DEL_CCU,1,13017.605,16,11537.265,112.83094390221599
2026-07-26,DEL_CCU,1,11900.35,21,11537.265,103.14706301710154
2026-07-27,DEL_CCU,1,13101.53,13,11537.265,113.55836933623351
2026-07-28,DEL_CCU,1,12750.82,13,11537.265,110.51856744211041
2026-07-29,DEL_CCU,1,12281.12,11,11537.265,106.44741192995049
2026-07-30,DEL_CCU,1,12981.15,7,11537.265,112.51496780216108
2026-07-31,DEL_CCU,1,14835.974999999999,16,11537.265,128.59178496810117
2026-08-01,DEL_CCU,1,14398.77,13,11537.265,124.80228199664307
2026-08-02,DEL_CCU,1,11982.77,13,11537.265,103.86144376505177
2026-08-03,DEL_CCU,1,12815.55,15,11537.265,111.07961895648579
2026-08-04,DEL_CCU,1,12329.305,18,11537.265,106.86505857324072
2026-08-05,DEL_CCU,1,12269.720000000001,14,11537.265,106.34860168332791
2026-08-06,DEL_CCU,1,11947.41,15,11537.265,103.55495864921194
2026-08-07,DEL_CCU,1,13800.905,12,11537.265,119.62024795304606
2026-08-08,DEL_CCU,1,13911.91,19,11537.265,120.58239106061966
2026-08-09,DEL_CCU,1,11777.19,13,11537.265,102.07956565095802
2026-08-10,DEL_CCU,1,12693.635,18,11537.265,110.02291270938129
2026-08-11,DEL_CCU,1,12084.134999999998,22,11537.265,104.74003154127082
2026-08-12,DEL_CCU,1,12115.744999999999,10,11537.265,105.01401328651114
2026-08-13,DEL_CCU,1,12419.6,9,11537.265,107.64769639944996
2026-08-14,DEL_CCU,1,12921.04,15,11537.265,111.99396044036433
2026-08-15,DEL_CCU,1,13579.98,13,11537.265,117.70536604645902
2026-08-16,DEL_CCU,1,11723.4,17,11537.265,101.61333730307834
2026-08-17,DEL_CCU,1,12692.59,19,11537.265,110.0138551034409
2026-08-18,DEL_CCU,1,11564.945,14,11537.265,100.239918212852
2026-08-19,DEL_CCU,1,12117.945,10,11537.265,105.0330819305962
2026-08-20,DEL_CCU,1,12058.61,18,11537.265,104.51879193205669
2026-08-21,DEL_CCU,1,12628.8,14,11537.265,109.46095110062915
2026-08-22,DEL_CCU,1,13686.58,18,11537.265,118.62932852803503
2026-08-23,DEL_CCU,1,12903.005000000001,14,11537.265,111.83764089669435
2026-08-24,DEL_CCU,1,11840.53,16,11537.265,102.62856924929784
2026-08-25,DEL_CCU,1,12216.36,9,11537.265,105.8861003886103
2026-08-26,DEL_CCU,1,12186.24,5,11537.265,105.62503331595488
2026-08-27,DEL_CCU,1,12193.015,8,11537.265,105.68375607217135
2026-08-28,DEL_CCU,1,13985.88,9,11537.265,121.22353088015228
2026-08-29,DEL_CCU,1,12968.51,11,11537.265,112.40540977432694
2026-08-30,DEL_CCU,1,12822.82,14,11537.265,111.1426321576214
2026-08-31,DEL_CCU,1,12195.025000000001,14,11537.265,105.70117787881273
2026-09-01,DEL_CCU,1,12373.13,13,11537.265,107.24491463098056
2026-09-02,DEL_CCU,1,12635.15,19,11537.265,109.51599014151101
2026-09-03,DEL_CCU,1,12402.05,15,11537.265,107.49558062504414
2026-07-01,DEL_CCU,7,10379.28,21,10379.28,100.0
2026-07-02,DEL_CCU,7,9631.45,23,10379.28,92.79497229094889
2026-07-03,DEL_CCU,7,9332.23,21,10379.28,89.91211336431813
2026-07-04,DEL_CCU,7,10033.14,16,10379.28,96.66508659560199
2026-07-05,DEL_CCU,7,10768.02,12,10379.28,103.74534649802298
2026-07-06,DEL_CCU,7,10628.32,10,10379.28,102.39939571916355
2026-07-07,DEL_CCU,7,10519.37,15,10379.28,101.34970826492781
2026-07-08,DEL_CCU,7,9961.93,17,10379.28,95.97900817783122
2026-07-09,DEL_CCU,7,9797.31,11,10379.28,94.39296367378083
2026-07-10,DEL_CCU,7,9582.48,7,10379.28,92.32316692487339
2026-07-11,DEL_CCU,7,10398.065,16,10379.28,100.18098557896116
2026-07-12,DEL_CCU,7,10287.45,17,10379.28,99.11525654958726
2026-07-13,DEL_CCU,7,9621.56,15,10379.28,92.69968629808618
2026-07-14,DEL_CCU,7,9618.705,14,10379.28,92.67217957314958
2026-07-15,DEL_CCU,7,10048.099999999999,14,10379.28,96.80921990735386
2026-07-16,DEL_CCU,7,9921.189999999999,16,10379.28,95.58649540237857
2026-07-17,DEL_CCU,7,9158.22,9,10379.28,88.23560015723632
2026-07-18,DEL_CCU,7,10349.43,11,10379.28,99.71240779707261
2026-07-19,DEL_CCU,7,10507.84,17,10379.28,101.23862156141851
2026-07-20,DEL_CCU,7,9572.099999999999,14,10379.28,92.22315998797602
2026-07-21,DEL_CCU,7,9697.56,15,10379.28,93.43191435244063
2026-07-22,DEL_CCU,7,9510.175,16,10379.28,91.6265386423721
2026-07-23,DEL_CCU,7,10266.119999999999,18,10379.28,98.90975096538487
2026-07-24,DEL_CCU,7,9891.904999999999,12,10379.28,95.30434673696054
2026-07-25,DEL_CCU,7,10836.445,12,10379.28,104.40459261143353
2026-07-26,DEL_CCU,7,10963.47,22,10379.28,105.62842509307002
2026-07-27,DEL_CCU,7,9438.27,16,10379.28,90.93376419173585
2026-07-28,DEL_CCU,7,9500.09,16,10379.28,91.52937390647521
2026-07-29,DEL_CCU,7,9669.35,11,10379.28,93.16012286015986
2026-07-30,DEL_CCU,7,9173.91,10,10379.28,88.38676671214188
2026-07-31,DEL_CCU,7,9798.63,19,10379.28,94.40568131893541
2026-08-01,DEL_CCU,7,10706.060000000001,20,10379.28,103.14838794213085
2026-08-02,DEL_CCU,7,10477.07,17,10379.28,100.94216554520159
2026-08-03,DEL_CCU,7,9621.525,16,10379.28,92.69934908779798
2026-08-04,DEL_CCU,7,9681.015,18,10379.28,93.27251023192359
2026-08-05,DEL_CCU,7,9762.545,20,10379.28,94.05801751181198
2026-08-06,DEL_CCU,7,9736.78,17,10379.28,93.80978256680618
2026-08-07,DEL_CCU,7,9644.95,20,10379.28,92.92503911639342
2026-08-08,DEL_CCU,7,10600.59,17,10379.28,102.1322288251208
2026-08-09,DEL_CCU,7,10568.619999999999,20,10379.28,101.82421131330881
2026-08-10,DEL_CCU,7,10482.28,16,10379.28,100.99236170524352
2026-08-11,DEL_CCU,7,9409.86,27,10379.28,90.66004578352256
2026-08-12,DEL_CCU,7,9790.06,14,10379.28,94.32311297122729
2026-08-13,DEL_CCU,7,9396.96,17,10379.28,90.53575970587553
2026-08-14,DEL_CCU,7,9586.25,18,10379.28,92.35948929020125
2026-08-15,DEL_CCU,7,11590.81,11,10379.28,111.67258229857946
2026-08-16,DEL_CCU,7,10136.71,15,10379.28,97.66294001125317
2026-08-17,DEL_CCU,7,9482.455,18,10379.28,91.35946809412599
2026-08-18,DEL_CCU,7,9878.18,13,10379.28,95.17211213109195
2026-08-19,DEL_CCU,7,10177.87,19,10379.28,98.0594993101641
2026-08-20,DEL_CCU,7,10170.36,15,10379.28,97.9871436168983
2026-08-21,DEL_CCU,7,9786.875,16,10379.28,94.29242683500205
2026-08-22,DEL_CCU,7,10360.505000000001,12,10379.28,99.81911076683548
2026-08-23,DEL_CCU,7,10660.5,11,10379.28,102.7094364927047
2026-08-24,DEL_CCU,7,9532.695,14,10379.28,91.84350937637292
2026-08-25,DEL_CCU,7,9864.745,20,10379.28,95.04267155332548
2026-08-26,DEL_CCU,7,9183.715,18,10379.28,88.48123376573326
2026-08-27,DEL_CCU,7,10015.25,25,10379.28,96.49272396543883
2026-08-28,DEL_CCU,7,10819.97,7,10379.28,104.24586291149289
2026-08-29,DEL_CCU,7,10587.015,18,10379.28,102.00143940620157
2026-08-30,DEL_CCU,7,10028.805,10,10379.28,96.6233206927648
2026-08-31,DEL_CCU,7,10162.95,11,10379.28,97.91575138159872
2026-09-01,DEL_CCU,7,8659.525000000001,14,10379.28,83.43088345241675
2026-09-02,DEL_CCU,7,9979.57,7,10379.28,96.14896216307875
2026-09-03,DEL_CCU,7,9468.41,9,10379.28,91.22415042276535
2026-07-01,DEL_CCU,15,8472.825,16,8472.825,100.0
2026-07-02,DEL_CCU,15,8252.41,8,8472.825,97.3985654135427
2026-07-03,DEL_CCU,15,9105.654999999999,12,8472.825,107.46893745592526
2026-07-04,DEL_CCU,15,9817.74,12,8472.825,115.87327721273599
2026-07-05,DEL_CCU,15,8426.73,15,8472.825,99.45596657549281
2026-07-06,DEL_CCU,15,8092.605,18,8472.825,95.5124766533004
2026-07-07,DEL_CCU,15,8033.73,15,8472.825,94.81760805870532
2026-07-08,DEL_CCU,15,7922.51,13,8472.825,93.50494079601549
2026-07-09,DEL_CCU,15,8621.55,11,8472.825,101.75531773641022
2026-07-10,DEL_CCU,15,8741.76,15,8472.825,103.17408892547644
2026-07-11,DEL_CCU,15,8958.2,20,8472.825,105.72860881701203
2026-07-12,DEL_CCU,15,8635.79,15,8472.825,101.9233844674002
2026-07-13,DEL_CCU,15,8531.59,11,8472.825,100.69357032630792
2026-07-14,DEL_CCU,15,7945.44,15,8472.825,93.77557072168963
2026-07-15,DEL_CCU,15,8734.56,16,8472.825,103.08911136486354
2026-07-16,DEL_CCU,15,8612.77,21,8472.825,101.65169232221838
2026-07-17,DEL_CCU,15,10054.78,15,8472.825,118.67092734713628
2026-07-18,DEL_CCU,15,8999.36,11,8472.825,106.21439720518244
2026-07-19,DEL_CCU,15,7855.8,9,8472.825,92.71760009205902
2026-07-20,DEL_CCU,15,8992.34,7,8472.825,106.13154408358487
2026-07-21,DEL_CCU,15,8091.895,20,8472.825,95.50409692162886
2026-07-22,DEL_CCU,15,7925.56,19,8472.825,93.54093823488624
2026-07-23,DEL_CCU,15,8331.53,11,8472.825,98.3323743851667
2026-07-24,DEL_CCU,15,9373.02,18,8472.825,110.62449655221252
2026-07-25,DEL_CCU,15,8764.01,8,8472.825,103.43669319264825
2026-07-26,DEL_CCU,15,8488.9,13,8472.825,100.18972420650726
2026-07-27,DEL_CCU,15,8410.51,15,8472.825,99.26453101533431
2026-07-28,DEL_CCU,15,7808.94,15,8472.825,92.16453780173671
2026-07-29,DEL_CCU,15,8627.085,8,8472.825,101.82064423613137
2026-07-30,DEL_CCU,15,8042.33,13,8472.825,94.91910903388184
2026-07-31,DEL_CCU,15,9794.26,13,8472.825,115.59615594562615
2026-08-01,DEL_CCU,15,8561.18,17,8472.825,101.042804495549
2026-08-02,DEL_CCU,15,8424.46,17,8472.825,99.4291750390218
2026-08-03,DEL_CCU,15,8253.76,17,8472.825,97.41449870615763
2026-08-04,DEL_CCU,15,7937.1,18,8472.825,93.67713838064635
2026-08-05,DEL_CCU,15,8603.555,20,8472.825,101.54293284707285
2026-08-06,DEL_CCU,15,8442.86,15,8472.825,99.64633991614366
2026-08-07,DEL_CCU,15,9896.22,15,8472.825,116.7995326234166
2026-08-08,DEL_CCU,15,9204.38,13,8472.825,108.63413324363478
2026-08-09,DEL_CCU,15,8726.99,15,8472.825,102.99976690183026
2026-08-10,DEL_CCU,15,8019.465,12,8472.825,94.64924626674102
2026-08-11,DEL_CCU,15,8546.255000000001,20,8472.825,100.86665309386184
2026-08-12,DEL_CCU,15,8406.61,15,8472.825,99.21850150333566
2026-08-13,DEL_CCU,15,7996.23,15,8472.825,94.3750165971798
2026-08-14,DEL_CCU,15,9024.06,13,8472.825,106.50591744784057
2026-08-15,DEL_CCU,15,9549.88,17,8472.825,112.71187590915662
2026-08-16,DEL_CCU,15,8711.619999999999,12,8472.825,102.81836341479963
2026-08-17,DEL_CCU,15,7966.55,13,8472.825,94.02472020843106
2026-08-18,DEL_CCU,15,8160.95,11,8472.825,96.31911434497938
2026-08-19,DEL_CCU,15,8133.52,13,8472.825,95.99537344392218
2026-08-20,DEL_CCU,15,7968.285,12,8472.825,94.04519744005097
2026-08-21,DEL_CCU,15,8625.154999999999,14,8472.825,101.79786552891153
2026-08-22,DEL_CCU,15,9807.665,16,8472.825,115.75436764007283
2026-08-23,DEL_CCU,15,8341.28,13,8472.825,98.44744816516334
2026-08-24,DEL_CCU,15,8033.92,19,8472.825,94.81985052211039
2026-08-25,DEL_CCU,15,8053.5599999999995,12,8472.825,95.05165042356002
2026-08-26,DEL_CCU,15,7906.88,13,8472.825,93.32046867485165
2026-08-27,DEL_CCU,15,8926.865,14,8472.825,105.3587793917613
2026-08-28,DEL_CCU,15,8999.615,20,8472.825,106.21740682712083
2026-08-29,DEL_CCU,15,9050.494999999999,14,8472.825,106.81791492211863
2026-08-30,DEL_CCU,15,8646.51,15,8472.825,102.04990661320161
2026-08-31,DEL_CCU,15,7809.13,13,8472.825,92.1667802651418
2026-09-01,DEL_CCU,15,8055.74,16,8472.825,95.07737974052337
2026-09-02,DEL_CCU,15,7876.57,13,8472.825,92.96273674954928
2026-09-03,DEL_CCU,15,8129.74,12,8472.825,95.9507602246004
2026-07-01,DEL_CCU,30,7713.21,15,7713.21,100.0
2026-07-02,DEL_CCU,30,8180.05,11,7713.21,106.05247361345019
2026-07-03,DEL_CCU,30,7830.549999999999,16,7713.21,101.52128620898431
2026-07-04,DEL_CCU,30,6630.99,10,7713.21,85.9692657142746
2026-07-05,DEL_CCU,30,7236.205,14,7713.21,93.81573949108089
2026-07-06,DEL_CCU,30,7549.85,7,7713.21,97.8820750375006
2026-07-07,DEL_CCU,30,7183.72,11,7713.21,93.13528349416131
2026-07-08,DEL_CCU,30,7289.2,15,7713.21,94.50280752112285
2026-07-09,DEL_CCU,30,8391.67,18,7713.21,108.79607841611987
2026-07-10,DEL_CCU,30,8295.345,16,7713.21,107.54724686609076
2026-07-11,DEL_CCU,30,7450.09,20,7713.21,96.58870949967653
2026-07-12,DEL_CCU,30,7052.41,11,7713.21,91.43287943670664
2026-07-13,DEL_CCU,30,7731.82,13,7713.21,100.24127438511331
2026-07-14,DEL_CCU,30,6978.655000000001,14,7713.21,90.47666276427066
2026-07-15,DEL_CCU,30,7383.1,13,7713.21,95.7201995018935
2026-07-16,DEL_CCU,30,7722.7,13,7713.21,100.12303567515988
2026-07-17,DEL_CCU,30,7903.01,17,7713.21,102.46071350319777
2026-07-18,DEL_CCU,30,6676.88,15,7713.21,86.564219047582
2026-07-19,DEL_CCU,30,7790.36,13,7713.21,101.00023206939781
2026-07-20,DEL_CCU,30,7030.13,19,7713.21,91.14402434265371
2026-07-21,DEL_CCU,30,7164.01,11,7713.21,92.87974786113693
2026-07-22,DEL_CCU,30,6665.45,16,7713.21,86.41603171701536
2026-07-23,DEL_CCU,30,7699.9,17,7713.21,99.82743890027628
2026-07-24,DEL_CCU,30,8143.33,13,7713.21,105.57640722863762
2026-07-25,DEL_CCU,30,6729.97,11,7713.21,87.25251873085266
2026-07-26,DEL_CCU,30,7024.44,11,7713.21,91.07025479664108
2026-07-27,DEL_CCU,30,7709.67,11,7713.21,99.95410471126807
2026-07-28,DEL_CCU,30,6838.71,15,7713.21,88.6623079107142
2026-07-29,DEL_CCU,30,7251.0,14,7713.21,94.00755327548453
2026-07-30,DEL_CCU,30,7745.11,15,7713.21,100.41357618942048
2026-07-31,DEL_CCU,30,7680.78,14,7713.21,99.57955248204054
2026-08-01,DEL_CCU,30,7231.05,19,7713.21,93.74890609746137
2026-08-02,DEL_CCU,30,7270.55,19,7713.21,94.2610145451764
2026-08-03,DEL_CCU,30,7436.88,11,7713.21,96.41744487703563
2026-08-04,DEL_CCU,30,6668.83,14,7713.21,86.45985264241477
2026-08-05,DEL_CCU,30,6586.87,9,7713.21,85.39726002533315
2026-08-06,DEL_CCU,30,7406.5,21,7713.21,96.02357513927406
2026-08-07,DEL_CCU,30,8279.16,23,7713.21,107.33741205023588
2026-08-08,DEL_CCU,30,6891.93,15,7713.21,89.35229301419254
2026-08-09,DEL_CCU,30,7199.75,23,7713.21,93.34310877053782
2026-08-10,DEL_CCU,30,7189.03,9,7713.21,93.2041264272592
2026-08-11,DEL_CCU,30,7477.424999999999,8,7713.21,96.94310151026613
2026-08-12,DEL_CCU,30,6997.23,14,7713.21,90.71748338240498
2026-08-13,DEL_CCU,30,7059.9400000000005,10,7713.21,91.5305041610432
2026-08-14,DEL_CCU,30,7423.3,17,7713.21,96.24138328918829
2026-08-15,DEL_CCU,30,7635.1849999999995,14,7713.21,98.98842375612746
2026-08-16,DEL_CCU,30,6775.83,13,7713.21,87.84708312103521
2026-08-17,DEL_CCU,30,7142.98,14,7713.21,92.60709873061928
2026-08-18,DEL_CCU,30,7683.13,17,7713.21,99.61001969348689
2026-08-19,DEL_CCU,30,6616.95,13,7713.21,85.78724033184628
2026-08-20,DEL_CCU,30,7952.96,13,7713.21,103.10830380606777
2026-08-21,DEL_CCU,30,7608.21,15,7713.21,98.63869906303601
2026-08-22,DEL_CCU,30,7233.87,21,7713.21,93.78546675119696
2026-08-23,DEL_CCU,30,7568.79,11,7713.21,98.12762779698726
2026-08-24,DEL_CCU,30,7270.03,19,7713.21,94.25427286434571
2026-08-25,DEL_CCU,30,7311.17,13,7713.21,94.78764353621904
2026-08-26,DEL_CCU,30,6839.41,13,7713.21,88.67138325029399
2026-08-27,DEL_CCU,30,7494.885,14,7713.21,97.16946640892704
2026-08-28,DEL_CCU,30,7881.95,11,7713.21,102.18767542955527
2026-08-29,DEL_CCU,30,7452.17,18,7713.21,96.61567622299924
2026-08-30,DEL_CCU,30,7291.77,13,7713.21,94.5361269821514
2026-08-31,DEL_CCU,30,7236.780000000001,14,7713.21,93.82319423430712
2026-09-01,DEL_CCU,30,6876.59,15,7713.21,89.15341342968752
2026-09-02,DEL_CCU,30,7456.71,12,7713.21,96.6745362825594
2026-09-03,DEL_CCU,30,8010.995000000001,18,7713.21,103.86071428108401
2026-07-01,DEL_CCU,45,7506.02,15,7506.02,100.0
2026-07-02,DEL_CCU,45,7608.74,21,7506.02,101.36850154942299
2026-07-03,DEL_CCU,45,6650.8099999999995,18,7506.02,88.6063453068337
2026-07-04,DEL_CCU,45,6578.33,7,7506.02,87.64072038177356
2026-07-05,DEL_CCU,45,6839.93,7,7506.02,91.12592292586483
2026-07-06,DEL_CCU,45,7218.1,13,7506.02,96.16414557914848
2026-07-07,DEL_CCU,45,6257.02,10,7506.02,83.36002302152139
2026-07-08,DEL_CCU,45,7448.035,10,7506.02,99.22748673731218
2026-07-09,DEL_CCU,45,7537.629999999999,14,7506.02,100.42112864074436
2026-07-10,DEL_CCU,45,6632.59,18,7506.02,88.36360681159921
2026-07-11,DEL_CCU,45,7026.76,12,7506.02,93.61499169999547
2026-07-12,DEL_CCU,45,6630.1,10,7506.02,88.33043343875983
2026-07-13,DEL_CCU,45,6865.219999999999,22,7506.02,91.46285248373971
2026-07-14,DEL_CCU,45,6464.63,21,7506.02,86.12593624850453
2026-07-15,DEL_CCU,45,7810.585,18,7506.02,104.05760975856712
2026-07-16,DEL_CCU,45,7048.86,11,7506.02,93.90942203724477
2026-07-17,DEL_CCU,45,6303.95,12,7506.02,83.98525450238607
2026-07-18,DEL_CCU,45,6557.4,21,7506.02,87.36187753296686
2026-07-19,DEL_CCU,45,6829.305,14,7506.02,90.98436987911036
2026-07-20,DEL_CCU,45,7401.89,13,7506.02,98.6127135286077
2026-07-21,DEL_CCU,45,6958.44,21,7506.02,92.70478895606459
2026-07-22,DEL_CCU,45,6868.67,10,7506.02,91.50881559068587
2026-07-23,DEL_CCU,45,8234.715,8,7506.02,109.70814093221175
2026-07-24,DEL_CCU,45,6419.55,19,7506.02,85.52535165107473
2026-07-25,DEL_CCU,45,7025.32,22,7506.02,93.59580709883532
2026-07-26,DEL_CCU,45,6804.700000000001,14,7506.02,90.65656632942624
2026-07-27,DEL_CCU,45,6860.89,9,7506.02,91.40516545386237
2026-07-28,DEL_CCU,45,6728.51,9,7506.02,89.64151441109935
2026-07-29,DEL_CCU,45,7485.215,14,7506.02,99.72282248115512
2026-07-30,DEL_CCU,45,7273.53,7,7506.02,96.90261949741674
2026-07-31,DEL_CCU,45,6500.625,12,7506.02,86.60548466430944
2026-08-01,DEL_CCU,45,6902.61,21,7506.02,91.96098598191851
2026-08-02,DEL_CCU,45,6757.3150000000005,18,7506.02,90.02527304750055
2026-08-03,DEL_CCU,45,6805.07,10,7506.02,90.66149570611321
2026-08-04,DEL_CCU,45,6717.370000000001,8,7506.02,89.49310020490219
2026-08-05,DEL_CCU,45,7999.91,14,7506.02,106.57991851873562
2026-08-06,DEL_CCU,45,7945.69,13,7506.02,105.85756499449775
2026-08-07,DEL_CCU,45,6634.65,16,7506.02,88.39105144936997
2026-08-08,DEL_CCU,45,6245.195,10,7506.02,83.20248280713346
2026-08-09,DEL_CCU,45,6813.66,9,7506.02,90.7759371810893
2026-08-10,DEL_CCU,45,6643.21,13,7506.02,88.50509324515522
2026-08-11,DEL_CCU,45,6887.265,14,7506.02,91.75655007580582
2026-08-12,DEL_CCU,45,7574.07,17,7506.02,100.90660563121334
2026-08-13,DEL_CCU,45,7571.7,23,7506.02,100.87503097513728
2026-08-14,DEL_CCU,45,7141.61,13,7506.02,95.1450968689132
2026-08-15,DEL_CCU,45,6593.43,19,7506.02,87.84189224116109
2026-08-16,DEL_CCU,45,7181.6,7,7506.02,95.67786923029782
2026-08-17,DEL_CCU,45,6861.045,14,7506.02,91.40723046301501
2026-08-18,DEL_CCU,45,6408.025,14,7506.02,85.37180822859517
2026-08-19,DEL_CCU,45,7312.285,6,7506.02,97.41893839877858
2026-08-20,DEL_CCU,45,6567.11,7,7506.02,87.49124036440084
2026-08-21,DEL_CCU,45,6542.8099999999995,14,7506.02,87.16750021982355
2026-08-22,DEL_CCU,45,6781.165,10,7506.02,90.34301800421528
2026-08-23,DEL_CCU,45,6499.485000000001,16,7506.02,86.59029685505769
2026-08-24,DEL_CCU,45,6313.325000000001,14,7506.02,84.11015424952238
2026-08-25,DEL_CCU,45,6461.81,15,7506.02,86.08836640456593
2026-08-26,DEL_CCU,45,7182.99,13,7506.02,95.69638769947322
2026-08-27,DEL_CCU,45,7614.12,21,7506.02,101.44017735097961
2026-08-28,DEL_CCU,45,7142.96,14,7506.02,95.16308243250084
2026-08-29,DEL_CCU,45,6537.11,15,7506.02,87.09156117356468
2026-08-30,DEL_CCU,45,6895.5,15,7506.02,91.86626201369033
2026-08-31,DEL_CCU,45,6439.635,14,7506.02,85.79293686933954
2026-09-01,DEL_CCU,45,6352.13,13,7506.02,84.62713928286895
2026-09-02,DEL_CCU,45,7708.73,11,7506.02,102.7006322924799
2026-09-03,DEL_CCU,45,7580.585,18,7506.02,100.99340262882326
2026-07-01,HYD_DEL,1,10507.67,14,10507.67,100.0
2026-07-02,HYD_DEL,1,10988.59,18,10507.67,104.57684719828468
2026-07-03,HYD_DEL,1,11287.25,12,10507.67,107.41915191474418
2026-07-04,HYD_DEL,1,12059.05,13,10507.67,114.76426267669235
2026-07-05,HYD_DEL,1,10305.335,18,10507.67,98.07440660013114
2026-07-06,HYD_DEL,1,10919.6,12,10507.67,103.92027918653707
2026-07-07,HYD_DEL,1,10226.51,23,10507.67,97.32424029304309
2026-07-08,HYD_DEL,1,10020.52,17,10507.67,95.3638627783324
2026-07-09,HYD_DEL,1,10501.79,9,10507.67,99.94404087680714
2026-07-10,HYD_DEL,1,11268.205,14,10507.67,107.23790336011693
2026-07-11,HYD_DEL,1,12111.92,11,10507.67,115.26741894254387
2026-07-12,HYD_DEL,1,11174.43,15,10507.67,106.34546003062526
2026-07-13,HYD_DEL,1,10277.42,15,10507.67,97.80874351783031
2026-07-14,HYD_DEL,1,11126.315,14,10507.67,105.88755642307002
2026-07-15,HYD_DEL,1,10546.33,17,10507.67,100.36792171813542
2026-07-16,HYD_DEL,1,10673.76,10,10507.67,101.5806548930448
2026-07-17,HYD_DEL,1,10778.189999999999,16,10507.67,102.57450034117934
2026-07-18,HYD_DEL,1,11402.02,17,10507.67,108.51140167135055
2026-07-19,HYD_DEL,1,10715.895,14,10507.67,101.98164769163857
2026-07-20,HYD_DEL,1,11127.49,15,10507.67,105.8987387308509
2026-07-21,HYD_DEL,1,11108.515,12,10507.67,105.71815635626164
2026-07-22,HYD_DEL,1,10189.515,20,10507.67,96.97216414295463
2026-07-23,HYD_DEL,1,9860.305,14,10507.67,93.83911942419203
2026-07-24,HYD_DEL,1,12029.86,17,10507.67,114.48646560084205
2026-07-25,HYD_DEL,1,12058.925,20,10507.67,114.7630730694816
2026-07-26,HYD_DEL,1,10522.0,14,10507.67,100.1363765706384
2026-07-27,HYD_DEL,1,10728.94,13,10507.67,102.10579510015066
2026-07-28,HYD_DEL,1,10615.31,17,10507.67,101.02439456130617
2026-07-29,HYD_DEL,1,10309.395,8,10507.67,98.11304504233574
2026-07-30,HYD_DEL,1,10428.490000000002,16,10507.67,99.24645520843347
2026-07-31,HYD_DEL,1,12046.75,11,10507.67,114.64720532715627
2026-08-01,HYD_DEL,1,11894.465,18,10507.67,113.1979306544648
2026-08-02,HYD_DEL,1,11084.725,16,10507.67,105.49175031191503
2026-08-03,HYD_DEL,1,11009.5,17,10507.67,104.77584469249605
2026-08-04,HYD_DEL,1,10509.11,19,10507.67,100.01370427506764
2026-08-05,HYD_DEL,1,10731.505000000001,14,10507.67,102.1302058401149
2026-08-06,HYD_DEL,1,11149.23,13,10507.67,106.10563521694152
2026-08-07,HYD_DEL,1,11649.455,22,10507.67,110.86620535285176
2026-08-08,HYD_DEL,1,12105.78,19,10507.67,115.20898543635269
2026-08-09,HYD_DEL,1,10616.62,17,10507.67,101.03686164487466
2026-08-10,HYD_DEL,1,10491.94,13,10507.67,99.8502998286014
2026-08-11,HYD_DEL,1,11025.045,20,10507.67,104.92378424522278
2026-08-12,HYD_DEL,1,10885.98,19,10507.67,103.6003224311384
2026-08-13,HYD_DEL,1,10864.225,14,10507.67,103.39328319218248
2026-08-14,HYD_DEL,1,12559.21,17,10507.67,119.52421421685303
2026-08-15,HYD_DEL,1,11730.105,28,10507.67,111.63373992521653
2026-08-16,HYD_DEL,1,11293.46,13,10507.67,107.47825160097338
2026-08-17,HYD_DEL,1,11010.915,12,10507.67,104.78931104612155
2026-08-18,HYD_DEL,1,10525.845000000001,8,10507.67,100.17296888844054
2026-08-19,HYD_DEL,1,10437.53,15,10507.67,99.33248760191366
2026-08-20,HYD_DEL,1,11356.68,16,10507.67,108.07990734387359
2026-08-21,HYD_DEL,1,12621.05,13,10507.67,120.1127366961467
2026-08-22,HYD_DEL,1,12083.885,14,10507.67,115.00061383732074
2026-08-23,HYD_DEL,1,10871.5,18,10507.67,103.46251833184712
2026-08-24,HYD_DEL,1,10679.05,15,10507.67,101.63099907020299
2026-08-25,HYD_DEL,1,10905.37,21,10507.67,103.78485430166727
2026-08-26,HYD_DEL,1,10529.035,20,10507.67,100.20332766445843
2026-08-27,HYD_DEL,1,10362.15,11,10507.67,98.61510686955339
2026-08-28,HYD_DEL,1,11396.71,13,10507.67,108.46086715703862
2026-08-29,HYD_DEL,1,11574.13,17,10507.67,110.14934804766423
2026-08-30,HYD_DEL,1,10068.94,13,10507.67,95.82466902748183
2026-08-31,HYD_DEL,1,10395.599999999999,20,10507.67,98.93344575914544
2026-09-01,HYD_DEL,1,11888.89,8,10507.67,113.1448741728661
2026-09-02,HYD_DEL,1,10390.57,13,10507.67,98.88557596498558
2026-09-03,HYD_DEL,1,10509.58,17,10507.67,100.01817719818
2026-07-01,HYD_DEL,7,8597.87,17,8597.87,100.0
2026-07-02,HYD_DEL,7,8805.58,13,8597.87,102.41583089765254
2026-07-03,HYD_DEL,7,8108.45,11,8597.87,94.30765992042214
2026-07-04,HYD_DEL,7,8793.99,17,8597.87,102.28103006907523
2026-07-05,HYD_DEL,7,9117.7,17,8597.87,106.04603233126343
2026-07-06,HYD_DEL,7,8479.34,20,8597.87,98.62140274277233
2026-07-07,HYD_DEL,7,8287.805,10,8597.87,96.39369983495912
2026-07-08,HYD_DEL,7,8636.07,8,8597.87,100.44429608728673
2026-07-09,HYD_DEL,7,8606.825,14,8597.87,100.10415370318462
2026-07-10,HYD_DEL,7,8205.455,18,8597.87,95.43590447401506
2026-07-11,HYD_DEL,7,9753.77,13,8597.87,113.44402741609258
2026-07-12,HYD_DEL,7,9128.48,11,8597.87,106.17141222186423
2026-07-13,HYD_DEL,7,8080.825000000001,10,8597.87,93.98635941227303
2026-07-14,HYD_DEL,7,8699.575,18,8597.87,101.18290925543188
2026-07-15,HYD_DEL,7,8421.11,12,8597.87,97.94414197935069
2026-07-16,HYD_DEL,7,8485.35,26,8597.87,98.69130377640043
2026-07-17,HYD_DEL,7,8497.07,9,8597.87,98.82761660736902
2026-07-18,HYD_DEL,7,9527.235,16,8597.87,110.80924694139362
2026-07-19,HYD_DEL,7,8792.035,16,8597.87,102.25829187926776
2026-07-20,HYD_DEL,7,7947.0,11,8597.87,92.4298692583163
2026-07-21,HYD_DEL,7,8435.28,13,8597.87,98.1089502400013
2026-07-22,HYD_DEL,7,8299.86,17,8597.87,96.5339089797822
2026-07-23,HYD_DEL,7,8944.41,13,8597.87,104.03053314367395
2026-07-24,HYD_DEL,7,8688.64,25,8597.87,101.05572659274912
2026-07-25,HYD_DEL,7,9219.59,13,8597.87,107.231093282406
2026-07-26,HYD_DEL,7,9152.22,16,8597.87,106.44752712008902
2026-07-27,HYD_DEL,7,8217.01,15,8597.87,95.5702982250255
2026-07-28,HYD_DEL,7,7976.735000000001,12,8597.87,92.77571072835481
2026-07-29,HYD_DEL,7,8189.6,16,8597.87,95.25149833621582
2026-07-30,HYD_DEL,7,8390.005000000001,20,8597.87,97.58236633026553
2026-07-31,HYD_DEL,7,8303.14,12,8597.87,96.57205796319319
2026-08-01,HYD_DEL,7,9177.74,15,8597.87,106.74434482028687
2026-08-02,HYD_DEL,7,9337.26,13,8597.87,108.59968806227589
2026-08-03,HYD_DEL,7,8383.65,8,8597.87,97.50845267490668
2026-08-04,HYD_DEL,7,8512.33,12,8597.87,99.00510242653121
2026-08-05,HYD_DEL,7,9034.33,17,8597.87,105.07637356694157
2026-08-06,HYD_DEL,7,8037.59,13,8597.87,93.48350230929287
2026-08-07,HYD_DEL,7,9139.85,15,8597.87,106.303654277164
2026-08-08,HYD_DEL,7,9010.07,23,8597.87,104.79421065915162
2026-08-09,HYD_DEL,7,8530.21,7,8597.87,99.2130609092717
2026-08-10,HYD_DEL,7,8732.064999999999,18,8597.87,101.56079354537808
2026-08-11,HYD_DEL,7,8572.880000000001,14,8597.87,99.70934661724358
2026-08-12,HYD_DEL,7,8752.6,17,8597.87,101.79963176926378
2026-08-13,HYD_DEL,7,8439.63,11,8597.87,98.15954416617137
2026-08-14,HYD_DEL,7,8025.8099999999995,12,8597.87,93.34649163106675
2026-08-15,HYD_DEL,7,9814.83,15,8597.87,114.15420330849383
2026-08-16,HYD_DEL,7,9712.69,16,8597.87,112.96623466044497
2026-08-17,HYD_DEL,7,8663.37,7,8597.87,100.76181658945762
2026-08-18,HYD_DEL,7,8421.23,15,8597.87,97.94553767386573
2026-08-19,HYD_DEL,7,8669.56,15,8597.87,100.83381116485826
2026-08-20,HYD_DEL,7,8269.88,19,8597.87,96.18521796677547
2026-08-21,HYD_DEL,7,8907.675,12,8597.87,103.60327616025829
2026-08-22,HYD_DEL,7,9461.634999999998,16,8597.87,110.04626727317344
2026-08-23,HYD_DEL,7,9571.994999999999,18,8597.87,111.32984099550237
2026-08-24,HYD_DEL,7,8325.94,19,8597.87,96.83723992105021
2026-08-25,HYD_DEL,7,8173.68,15,8597.87,95.06633619722093
2026-08-26,HYD_DEL,7,8236.11,19,8597.87,95.79244626866887
2026-08-27,HYD_DEL,7,8942.06,17,8597.87,104.00320079275447
2026-08-28,HYD_DEL,7,8940.55,13,8597.87,103.98563830344025
2026-08-29,HYD_DEL,7,9437.8,11,8597.87,109.76904745012426
2026-08-30,HYD_DEL,7,9335.38,9,8597.87,108.57782218154028
2026-08-31,HYD_DEL,7,8459.94,15,8597.87,98.39576546284138
2026-09-01,HYD_DEL,7,8947.86,16,8597.87,104.07065936098125
2026-09-02,HYD_DEL,7,8619.65,21,8597.87,100.2533185544792
2026-09-03,HYD_DEL,7,8215.64,11,8597.87,95.55436404597882
2026-07-01,HYD_DEL,15,7450.45,11,7450.45,100.0
2026-07-02,HYD_DEL,15,7434.105,18,7450.45,99.78061727815098
2026-07-03,HYD_DEL,15,7890.87,16,7450.45,105.9113207927038
2026-07-04,HYD_DEL,15,7479.22,13,7450.45,100.38615117207685
2026-07-05,HYD_DEL,15,6674.49,19,7450.45,89.58505862062023
2026-07-06,HYD_DEL,15,7118.57,18,7450.45,95.54550396284787
2026-07-07,HYD_DEL,15,6950.04,20,7450.45,93.28349294337926
2026-07-08,HYD_DEL,15,7035.0599999999995,12,7450.45,94.42463206920387
2026-07-09,HYD_DEL,15,7440.64,11,7450.45,99.8683301008664
2026-07-10,HYD_DEL,15,8153.86,13,7450.45,109.44117469414599
2026-07-11,HYD_DEL,15,7317.38,9,7450.45,98.21393338657397
2026-07-12,HYD_DEL,15,7313.23,13,7450.45,98.15823205309746
2026-07-13,HYD_DEL,15,6817.76,12,7450.45,91.50802971632586
2026-07-14,HYD_DEL,15,6737.06,16,7450.45,90.42487366534908
2026-07-15,HYD_DEL,15,7303.71,17,7450.45,98.03045453630318
2026-07-16,HYD_DEL,15,7669.79,8,7450.45,102.94398324933394
2026-07-17,HYD_DEL,15,7687.525,18,7450.45,103.18202256239555
2026-07-18,HYD_DEL,15,7321.14,9,7450.45,98.26440013690448
2026-07-19,HYD_DEL,15,7384.22,19,7450.45,99.11106040574731
2026-07-20,HYD_DEL,15,7116.25,15,7450.45,95.5143649041333
2026-07-21,HYD_DEL,15,7316.82,12,7450.45,98.20641706205664
2026-07-22,HYD_DEL,15,6973.63,15,7450.45,93.60011811367099
2026-07-23,HYD_DEL,15,7173.18,16,7450.45,96.27847982336638
2026-07-24,HYD_DEL,15,8420.14,19,7450.45,113.01518700212738
2026-07-25,HYD_DEL,15,7816.59,15,7450.45,104.91433403351476
2026-07-26,HYD_DEL,15,7589.63,10,7450.45,101.86807508271313
2026-07-27,HYD_DEL,15,7211.280000000001,16,7450.45,96.78985833070487
2026-07-28,HYD_DEL,15,7213.13,15,7450.45,96.81468904562813
2026-07-29,HYD_DEL,15,7420.969999999999,16,7450.45,99.60431920219584
2026-07-30,HYD_DEL,15,7362.52,14,7450.45,98.8198028307015
2026-07-31,HYD_DEL,15,8014.77,16,7450.45,107.57430759215887
2026-08-01,HYD_DEL,15,7711.379999999999,14,7450.45,103.50220456482492
2026-08-02,HYD_DEL,15,7638.19,13,7450.45,102.51984779442853
2026-08-03,HYD_DEL,15,7094.1,13,7450.45,95.21706742545753
2026-08-04,HYD_DEL,15,7214.65,17,7450.45,96.83509049788938
2026-08-05,HYD_DEL,15,7462.48,18,7450.45,100.16146675704152
2026-08-06,HYD_DEL,15,6807.58,13,7450.45,91.3713936742076
2026-08-07,HYD_DEL,15,7485.49,9,7450.45,100.47030716265462
2026-08-08,HYD_DEL,15,7801.54,17,7450.45,104.71233281211202
2026-08-09,HYD_DEL,15,7354.389999999999,6,7450.45,98.71068190511983
2026-08-10,HYD_DEL,15,7102.89,16,7450.45,95.33504687636318
2026-08-11,HYD_DEL,15,7259.9349999999995,16,7450.45,97.44290613318658
2026-08-12,HYD_DEL,15,7394.39,13,7450.45,99.2475622277849
2026-08-13,HYD_DEL,15,7075.03,13,7450.45,94.96110973162695
2026-08-14,HYD_DEL,15,7726.395,14,7450.45,103.70373601594535
2026-08-15,HYD_DEL,15,7771.01,15,7450.45,104.30255890583791
2026-08-16,HYD_DEL,15,7025.72,19,7450.45,94.29927051386159
2026-08-17,HYD_DEL,15,7054.24,15,7450.45,94.68206618392178
2026-08-18,HYD_DEL,15,7551.68,10,7450.45,101.35870987658464
2026-08-19,HYD_DEL,15,6959.02,14,7450.45,93.40402257581758
2026-08-20,HYD_DEL,15,7488.665,18,7450.45,100.51292203826614
2026-08-21,HYD_DEL,15,7553.955,20,7450.45,101.38924494493622
2026-08-22,HYD_DEL,15,7810.835,8,7450.45,104.83709037709133
2026-08-23,HYD_DEL,15,7286.07,15,7450.45,97.79369031400788
2026-08-24,HYD_DEL,15,7011.54,17,7450.45,94.10894643947681
2026-08-25,HYD_DEL,15,6908.24,14,7450.45,92.72245300619426
2026-08-26,HYD_DEL,15,7662.045,8,7450.45,102.84002979685792
2026-08-27,HYD_DEL,15,7235.56,19,7450.45,97.11574468656256
2026-08-28,HYD_DEL,15,8390.09,21,7450.45,112.61185565972525
2026-08-29,HYD_DEL,15,8239.970000000001,14,7450.45,110.59694380876324
2026-08-30,HYD_DEL,15,6783.64,11,7450.45,91.05007080109256
2026-08-31,HYD_DEL,15,6956.25,18,7450.45,93.36684361347302
2026-09-01,HYD_DEL,15,7073.1,21,7450.45,94.93520525605837
2026-09-02,HYD_DEL,15,7264.49,12,7450.45,97.50404337993007
2026-09-03,HYD_DEL,15,7344.28,13,7450.45,98.57498540356623
2026-07-01,HYD_DEL,30,6347.889999999999,16,6347.889999999999,100.0
2026-07-02,HYD_DEL,30,6970.63,11,6347.889999999999,109.81018889741317
2026-07-03,HYD_DEL,30,6543.29,11,6347.889999999999,103.07818818536553
2026-07-04,HYD_DEL,30,5921.8,9,6347.889999999999,93.28769087050975
2026-07-05,HYD_DEL,30,6265.21,14,6347.889999999999,98.69751996332641
2026-07-06,HYD_DEL,30,5917.195,16,6347.889999999999,93.21514708036844
2026-07-07,HYD_DEL,30,5813.05,13,6347.889999999999,91.57452318801997
2026-07-08,HYD_DEL,30,6342.99,13,6347.889999999999,99.92280899637518
2026-07-09,HYD_DEL,30,7069.375,22,6347.889999999999,111.36574515311388
2026-07-10,HYD_DEL,30,6461.47,15,6347.889999999999,101.78925595749139
2026-07-11,HYD_DEL,30,6277.094999999999,18,6347.889999999999,98.88474753028171
2026-07-12,HYD_DEL,30,5915.0599999999995,20,6347.889999999999,93.18151385736047
2026-07-13,HYD_DEL,30,6796.97,17,6347.889999999999,107.07447671588513
2026-07-14,HYD_DEL,30,6101.0599999999995,12,6347.889999999999,96.1116213418947
2026-07-15,HYD_DEL,30,6096.055,12,6347.889999999999,96.03277624533507
2026-07-16,HYD_DEL,30,7047.33,15,6347.889999999999,111.01846440313238
2026-07-17,HYD_DEL,30,6968.79,15,6347.889999999999,109.78120288788875
2026-07-18,HYD_DEL,30,6521.415,18,6347.889999999999,102.73358549061184
2026-07-19,HYD_DEL,30,6596.975,16,6347.889999999999,103.92390227303878
2026-07-20,HYD_DEL,30,6081.25,11,6347.889999999999,95.79954914152577
2026-07-21,HYD_DEL,30,6194.475,14,6347.889999999999,97.58321268957087
2026-07-22,HYD_DEL,30,6202.405000000001,20,6347.889999999999,97.70813608931473
2026-07-23,HYD_DEL,30,6675.22,13,6347.889999999999,105.15651657479887
2026-07-24,HYD_DEL,30,6617.87,15,6347.889999999999,104.2530667670675
2026-07-25,HYD_DEL,30,6205.44,15,6347.889999999999,97.75594725176397
2026-07-26,HYD_DEL,30,5956.514999999999,12,6347.889999999999,93.83456550129256
2026-07-27,HYD_DEL,30,6131.57,11,6347.889999999999,96.59225348895461
2026-07-28,HYD_DEL,30,6228.405000000001,24,6347.889999999999,98.1177210065077
2026-07-29,HYD_DEL,30,6506.35,18,6347.889999999999,102.49626253763063
2026-07-30,HYD_DEL,30,7152.6,7,6347.889999999999,112.67681071978251
2026-07-31,HYD_DEL,30,6553.71,15,6347.889999999999,103.24233721756364
2026-08-01,HYD_DEL,30,6394.93,13,6347.889999999999,100.74103363479834
2026-08-02,HYD_DEL,30,6556.805,8,6347.889999999999,103.29109357597565
2026-08-03,HYD_DEL,30,5990.745,12,6347.889999999999,94.37379979804314
2026-08-04,HYD_DEL,30,6099.57,10,6347.889999999999,96.08814897548635
2026-08-05,HYD_DEL,30,6363.8,25,6347.889999999999,100.25063446279002
2026-08-06,HYD_DEL,30,6833.33,11,6347.889999999999,107.64726546931342
2026-08-07,HYD_DEL,30,6818.56,18,6347.889999999999,107.41458972981575
2026-08-08,HYD_DEL,30,6374.45,19,6347.889999999999,100.41840674617866
2026-08-09,HYD_DEL,30,6152.985000000001,20,6347.889999999999,96.92960968132721
2026-08-10,HYD_DEL,30,6115.46,16,6347.889999999999,96.33846837295543
2026-08-11,HYD_DEL,30,6786.76,11,6347.889999999999,106.91363586955667
2026-08-12,HYD_DEL,30,6354.6,15,6347.889999999999,100.10570441516788
2026-08-13,HYD_DEL,30,6775.745,18,6347.889999999999,106.74011364406127
2026-08-14,HYD_DEL,30,6721.99,17,6347.889999999999,105.89329682776483
2026-08-15,HYD_DEL,30,6286.01,17,6347.889999999999,99.02518789708078
2026-08-16,HYD_DEL,30,5910.33,14,6347.889999999999,93.10700090896346
2026-08-17,HYD_DEL,30,5904.71,15,6347.889999999999,93.0184675537856
2026-08-18,HYD_DEL,30,6527.235000000001,18,6347.889999999999,102.8252694989989
2026-08-19,HYD_DEL,30,6530.205,14,6347.889999999999,102.87205669915515
2026-08-20,HYD_DEL,30,6631.11,13,6347.889999999999,104.46164000951497
2026-08-21,HYD_DEL,30,6992.86,14,6347.889999999999,110.16038400161314
2026-08-22,HYD_DEL,30,6108.85,12,6347.889999999999,96.23433928439215
2026-08-23,HYD_DEL,30,6048.59,12,6347.889999999999,95.28504747246724
2026-08-24,HYD_DEL,30,6248.6900000000005,14,6347.889999999999,98.43727600824843
2026-08-25,HYD_DEL,30,6202.63,17,6347.889999999999,97.71168057417505
2026-08-26,HYD_DEL,30,6275.87,17,6347.889999999999,98.86544977937551
2026-08-27,HYD_DEL,30,7043.3099999999995,16,6347.889999999999,110.95513627362794
2026-08-28,HYD_DEL,30,6134.36,13,6347.889999999999,96.63620510122261
2026-08-29,HYD_DEL,30,6054.325000000001,18,6347.889999999999,95.3753924532404
2026-08-30,HYD_DEL,30,6315.38,21,6347.889999999999,99.48786132084835
2026-08-31,HYD_DEL,30,6294.335,12,6347.889999999999,99.15633383691275
2026-09-01,HYD_DEL,30,6016.68,15,6347.889999999999,94.78236075294312
2026-09-02,HYD_DEL,30,5732.32,14,6347.889999999999,90.30276202013583
2026-09-03,HYD_DEL,30,6878.11,17,6347.889999999999,108.35269672284807
2026-07-01,HYD_DEL,45,6175.18,13,6175.18,100.0
2026-07-02,HYD_DEL,45,6421.14,14,6175.18,103.98304178987495
2026-07-03,HYD_DEL,45,5861.65,18,6175.18,94.92273909424502
2026-07-04,HYD_DEL,45,5875.97,17,6175.18,95.1546351685295
2026-07-05,HYD_DEL,45,6094.29,9,6175.18,98.69007866977157
2026-07-06,HYD_DEL,45,6180.14,12,6175.18,100.0803215452829
2026-07-07,HYD_DEL,45,5869.44,14,6175.18,95.04888926314698
2026-07-08,HYD_DEL,45,6452.87,13,6175.18,104.49687296564633
2026-07-09,HYD_DEL,45,6359.61,21,6175.18,102.98663358800877
2026-07-10,HYD_DEL,45,6436.07,11,6175.18,104.22481611872041
2026-07-11,HYD_DEL,45,5919.3,16,6175.18,95.85631511955927
2026-07-12,HYD_DEL,45,5914.405,14,6175.18,95.7770461751722
2026-07-13,HYD_DEL,45,5881.56,13,6175.18,95.24515884557212
2026-07-14,HYD_DEL,45,5793.76,11,6175.18,93.82333794318546
2026-07-15,HYD_DEL,45,6335.48,12,6175.18,102.59587574775146
2026-07-16,HYD_DEL,45,6710.41,23,6175.18,108.66743965358094
2026-07-17,HYD_DEL,45,6238.165,14,6175.18,101.01997026807314
2026-07-18,HYD_DEL,45,6093.98,13,6175.18,98.68505857319137
2026-07-19,HYD_DEL,45,6183.63,17,6175.18,100.13683811645977
2026-07-20,HYD_DEL,45,6192.81,11,6175.18,100.28549775067286
2026-07-21,HYD_DEL,45,5897.145,18,6175.18,95.49754015267573
2026-07-22,HYD_DEL,45,6967.785,10,6175.18,112.8353343546261
2026-07-23,HYD_DEL,45,6437.43,13,6175.18,104.24683976823349
2026-07-24,HYD_DEL,45,5668.41,16,6175.18,91.7934376001995
2026-07-25,HYD_DEL,45,6123.91,18,6175.18,99.16974080107785
2026-07-26,HYD_DEL,45,6189.31,15,6175.18,100.22881924089661
2026-07-27,HYD_DEL,45,6091.26,13,6175.18,98.6410112741653
2026-07-28,HYD_DEL,45,6099.31,19,6175.18,98.77137184665062
2026-07-29,HYD_DEL,45,6032.07,11,6175.18,97.6824967045495
2026-07-30,HYD_DEL,45,5980.27,14,6175.18,96.84365475986125
2026-07-31,HYD_DEL,45,6311.43,17,6175.18,102.20641341628908
2026-08-01,HYD_DEL,45,5716.07,20,6175.18,92.56523696475244
2026-08-02,HYD_DEL,45,6060.86,25,6175.18,98.14871793210885
2026-08-03,HYD_DEL,45,6129.66,16,6175.18,99.26285549571024
2026-08-04,HYD_DEL,45,6248.535,14,6175.18,101.18790059561016
2026-08-05,HYD_DEL,45,6631.65,13,6175.18,107.39201124501633
2026-08-06,HYD_DEL,45,6251.66,7,6175.18,101.23850640791036
2026-08-07,HYD_DEL,45,6323.17,14,6175.18,102.3965293319385
2026-08-08,HYD_DEL,45,6278.385,14,6175.18,101.67128731470176
2026-08-09,HYD_DEL,45,5621.045,16,6175.18,91.02641542432771
2026-08-10,HYD_DEL,45,5906.219999999999,14,6175.18,95.64449943159549
2026-08-11,HYD_DEL,45,6425.625,12,6175.18,104.0556712516882
2026-08-12,HYD_DEL,45,6670.3,9,6175.18,108.0179039315453
2026-08-13,HYD_DEL,45,6834.44,13,6175.18,110.67596410145129
2026-08-14,HYD_DEL,45,5571.545,10,6175.18,90.22481935749241
2026-08-15,HYD_DEL,45,5555.71,19,6175.18,89.9683895854048
2026-08-16,HYD_DEL,45,5969.26,19,6175.18,96.66536036196516
2026-08-17,HYD_DEL,45,6102.3,15,6175.18,98.81979148785946
2026-08-18,HYD_DEL,45,5680.61,15,6175.18,91.99100269141951
2026-08-19,HYD_DEL,45,6944.575000000001,18,6175.18,112.45947486551
2026-08-20,HYD_DEL,45,6508.45,10,6175.18,105.39692770089293
2026-08-21,HYD_DEL,45,5794.3,15,6175.18,93.83208262755093
2026-08-22,HYD_DEL,45,5582.21,12,6175.18,90.39752687371056
2026-08-23,HYD_DEL,45,5989.58,17,6175.18,96.99441959586602
2026-08-24,HYD_DEL,45,6036.295,12,6175.18,97.75091576277937
2026-08-25,HYD_DEL,45,5956.110000000001,14,6175.18,96.45241110380589
2026-08-26,HYD_DEL,45,6301.51,15,6175.18,102.04577032572331
2026-08-27,HYD_DEL,45,6299.47,17,6175.18,102.01273485145373
2026-08-28,HYD_DEL,45,5824.17,14,6175.18,94.31579322384125
2026-08-29,HYD_DEL,45,5978.76,19,6175.18,96.81920203135779
2026-08-30,HYD_DEL,45,6123.58,16,6175.18,99.16439682729894
2026-08-31,HYD_DEL,45,5905.67,22,6175.18,95.63559280863068
2026-09-01,HYD_DEL,45,5516.145,10,6175.18,89.32767951703433
2026-09-02,HYD_DEL,45,6845.82,17,6175.18,110.86025022752372
2026-09-03,HYD_DEL,45,6963.86,15,6175.18,112.77177345437704
2026-07-01,MAA_DEL,1,14184.83,13,14184.83,100.0
2026-07-02,MAA_DEL,1,13172.075,16,14184.83,92.86029511809448
2026-07-03,MAA_DEL,1,15211.43,11,14184.83,107.23730915351118
2026-07-04,MAA_DEL,1,15422.74,15,14184.83,108.72699919561954
2026-07-05,MAA_DEL,1,14061.82,6,14184.83,99.13280596242605
2026-07-06,MAA_DEL,1,14395.81,11,14184.83,101.48736361309933
2026-07-07,MAA_DEL,1,14191.29,19,14184.83,100.04554161029778
2026-07-08,MAA_DEL,1,14287.494999999999,10,14184.83,100.7237661642755
2026-07-09,MAA_DEL,1,14157.119999999999,22,14184.83,99.80465046109117
2026-07-10,MAA_DEL,1,15831.95,13,14184.83,111.6118416646516
2026-07-11,MAA_DEL,1,15502.81,13,14184.83,109.29147547062601
2026-07-12,MAA_DEL,1,13837.11,13,14184.83,97.54864880298179
2026-07-13,MAA_DEL,1,13302.5,16,14184.83,93.77976331052258
2026-07-14,MAA_DEL,1,13387.64,14,14184.83,94.37998199484943
2026-07-15,MAA_DEL,1,13492.485,24,14184.83,95.1191166901542
2026-07-16,MAA_DEL,1,13952.11,15,14184.83,98.35937406370046
2026-07-17,MAA_DEL,1,15342.365,14,14184.83,108.16037273622597
2026-07-18,MAA_DEL,1,15647.955,14,14184.83,110.3147164964261
2026-07-19,MAA_DEL,1,14496.06,15,14184.83,102.19410454689975
2026-07-20,MAA_DEL,1,14272.67,13,14184.83,100.61925310349156
2026-07-21,MAA_DEL,1,14420.71,17,14184.83,101.66290325650714
2026-07-22,MAA_DEL,1,13157.0,13,14184.83,92.75401961109156
2026-07-23,MAA_DEL,1,13131.845000000001,12,14184.83,92.57668227254047
2026-07-24,MAA_DEL,1,15287.55,17,14184.83,107.77393877825818
2026-07-25,MAA_DEL,1,14856.675,8,14184.83,104.7363627198916
2026-07-26,MAA_DEL,1,11876.4,3,14184.83,83.7260650991235
2026-07-27,MAA_DEL,1,14118.19,13,14184.83,99.53020233587573
2026-07-28,MAA_DEL,1,13165.92,13,14184.83,92.81690369218384
2026-07-29,MAA_DEL,1,13963.585,10,14184.83,98.44027034515041
2026-07-30,MAA_DEL,1,13177.61,20,14184.83,92.8993156773821
2026-07-31,MAA_DEL,1,14828.27,15,14184.83,104.5361135804941
2026-08-01,MAA_DEL,1,14666.94,9,14184.83,103.39877178647893
2026-08-02,MAA_DEL,1,13644.795,18,14184.83,96.19286942458952
2026-08-03,MAA_DEL,1,13813.16,18,14184.83,97.37980645520602
2026-08-04,MAA_DEL,1,12956.055,6,14184.83,91.33740058922102
2026-08-05,MAA_DEL,1,13727.845000000001,18,14184.83,96.77835405852592
2026-08-06,MAA_DEL,1,14781.46,13,14184.83,104.2061131504572
2026-08-07,MAA_DEL,1,14755.83,17,14184.83,104.02542716409009
2026-08-08,MAA_DEL,1,15261.814999999999,6,14184.83,107.59251256447908
2026-08-09,MAA_DEL,1,13186.43,12,14184.83,92.9614947799868
2026-08-10,MAA_DEL,1,13920.154999999999,16,14184.83,98.13409818799379
2026-08-11,MAA_DEL,1,13263.98,15,14184.83,93.5082055971062
2026-08-12,MAA_DEL,1,14773.11,13,14184.83,104.14724744674417
2026-08-13,MAA_DEL,1,13409.72,13,14184.83,94.53564124490741
2026-08-14,MAA_DEL,1,14012.36,17,14184.83,98.78412360246827
2026-08-15,MAA_DEL,1,14609.925,18,14184.83,102.99682830178436
2026-08-16,MAA_DEL,1,13253.055,16,14184.83,93.43118669733794
2026-08-17,MAA_DEL,1,12726.044999999998,16,14184.83,89.71587956993491
2026-08-18,MAA_DEL,1,14278.04,17,14184.83,100.65711044827468
2026-08-19,MAA_DEL,1,13149.72,15,14184.83,92.70269717719563
2026-08-20,MAA_DEL,1,14289.689999999999,22,14184.83,100.73924044207789
2026-08-21,MAA_DEL,1,15470.59,16,14184.83,109.06433140192726
2026-08-22,MAA_DEL,1,14276.4,11,14184.83,100.64554880107835
2026-08-23,MAA_DEL,1,13778.32,15,14184.83,97.13419195013265
2026-08-24,MAA_DEL,1,14114.445,16,14184.83,99.5038008915158
2026-08-25,MAA_DEL,1,13118.585,20,14184.83,92.48320212508715
2026-08-26,MAA_DEL,1,13471.65,21,14184.83,94.9722344222666
2026-08-27,MAA_DEL,1,13599.305,20,14184.83,95.87217471058871
2026-08-28,MAA_DEL,1,13644.23,12,14184.83,96.18888629613467
2026-08-29,MAA_DEL,1,14836.54,10,14184.83,104.59441530141709
2026-08-30,MAA_DEL,1,13545.425,16,14184.83,95.49233230147982
2026-08-31,MAA_DEL,1,14349.515,8,14184.83,101.1609938222735
2026-09-01,MAA_DEL,1,12356.12,13,14184.83,87.10798789974925
2026-09-02,MAA_DEL,1,14046.67,18,14184.83,99.02600172155746
2026-09-03,MAA_DEL,1,13633.53,19,14184.83,96.11345359796346
2026-07-01,MAA_DEL,7,11078.26,15,11078.26,100.0
2026-07-02,MAA_DEL,7,10709.08,13,11078.26,96.6675272109519
2026-07-03,MAA_DEL,7,11493.06,17,11078.26,103.74427030959734
2026-07-04,MAA_DEL,7,12645.585,12,11078.26,114.14775425021617
2026-07-05,MAA_DEL,7,12454.02,13,11078.26,112.41855670475327
2026-07-06,MAA_DEL,7,11151.21,16,11078.26,100.65849691196993
2026-07-07,MAA_DEL,7,10610.130000000001,14,11078.26,95.77433640300914
2026-07-08,MAA_DEL,7,11515.925,12,11078.26,103.95066553772885
2026-07-09,MAA_DEL,7,10019.71,15,11078.26,90.44479909299835
2026-07-10,MAA_DEL,7,10861.54,13,11078.26,98.04373611018337
2026-07-11,MAA_DEL,7,11407.42,21,11078.26,102.97122472301608
2026-07-12,MAA_DEL,7,11356.61,13,11078.26,102.51257869015531
2026-07-13,MAA_DEL,7,10810.83,16,11078.26,97.58599274615327
2026-07-14,MAA_DEL,7,10523.65,7,11078.26,94.99370839825026
2026-07-15,MAA_DEL,7,11191.025000000001,12,11078.26,101.01789450689911
2026-07-16,MAA_DEL,7,10880.24,22,11078.26,98.21253518151767
2026-07-17,MAA_DEL,7,10721.59,15,11078.26,96.78045108166806
2026-07-18,MAA_DEL,7,11919.485,20,11078.26,107.59347587075949
2026-07-19,MAA_DEL,7,11627.205,20,11078.26,104.95515541249256
2026-07-20,MAA_DEL,7,11156.31,19,11078.26,100.70453302233382
2026-07-21,MAA_DEL,7,11263.86,8,11078.26,101.67535334971376
2026-07-22,MAA_DEL,7,11141.94,16,11078.26,100.57481951136731
2026-07-23,MAA_DEL,7,9826.16,9,11078.26,88.69768357124674
2026-07-24,MAA_DEL,7,10832.0,17,11078.26,97.777087737605
2026-07-25,MAA_DEL,7,12308.134999999998,22,11078.26,111.101698281138
2026-07-26,MAA_DEL,7,12091.335,16,11078.26,109.14471225625684
2026-07-27,MAA_DEL,7,10776.16,13,11078.26,97.2730374625618
2026-07-28,MAA_DEL,7,10605.57,17,11078.26,95.73317470433082
2026-07-29,MAA_DEL,7,10208.29,12,11078.26,92.14705197386593
2026-07-30,MAA_DEL,7,10829.82,15,11078.26,97.75740955709651
2026-07-31,MAA_DEL,7,10992.29,15,11078.26,99.22397560627752
2026-08-01,MAA_DEL,7,11562.865,12,11078.26,104.37437828684288
2026-08-02,MAA_DEL,7,11616.39,16,11078.26,104.85753177845618
2026-08-03,MAA_DEL,7,11018.68,13,11078.26,99.46218991068994
2026-08-04,MAA_DEL,7,11158.349999999999,16,11078.26,100.72294746647938
2026-08-05,MAA_DEL,7,10631.77,19,11078.26,95.969673937965
2026-08-06,MAA_DEL,7,10446.24,12,11078.26,94.2949524564327
2026-08-07,MAA_DEL,7,10501.36,15,11078.26,94.7925035158951
2026-08-08,MAA_DEL,7,12882.78,14,11078.26,116.28883958311143
2026-08-09,MAA_DEL,7,11550.79,18,11078.26,104.26538102554012
2026-08-10,MAA_DEL,7,10837.31,13,11078.26,97.82501945251329
2026-08-11,MAA_DEL,7,10442.545,10,11078.26,94.26159884313962
2026-08-12,MAA_DEL,7,10951.04,15,11078.26,98.85162471362831
2026-08-13,MAA_DEL,7,11006.48,12,11078.26,99.35206431334885
2026-08-14,MAA_DEL,7,11031.05,11,11078.26,99.57385004504317
2026-08-15,MAA_DEL,7,11774.41,16,11078.26,106.2839290646726
2026-08-16,MAA_DEL,7,11732.8,12,11078.26,105.908328564233
2026-08-17,MAA_DEL,7,11355.08,14,11078.26,102.49876785704615
2026-08-18,MAA_DEL,7,10709.279999999999,10,11078.26,96.66933254861321
2026-08-19,MAA_DEL,7,9857.02,18,11078.26,88.97624717238989
2026-08-20,MAA_DEL,7,10494.83,13,11078.26,94.73355924125269
2026-08-21,MAA_DEL,7,11364.45,17,11078.26,102.58334792647943
2026-08-22,MAA_DEL,7,12754.68,14,11078.26,115.13252081102989
2026-08-23,MAA_DEL,7,11891.310000000001,10,11078.26,107.33914892771969
2026-08-24,MAA_DEL,7,11313.43,20,11078.26,102.12280628907429
2026-08-25,MAA_DEL,7,11519.41,12,11078.26,103.98212354647751
2026-08-26,MAA_DEL,7,11001.73,17,11078.26,99.30918754389226
2026-08-27,MAA_DEL,7,10437.099999999999,14,11078.26,94.21244852530991
2026-08-28,MAA_DEL,7,10934.95,11,11078.26,98.70638529877436
2026-08-29,MAA_DEL,7,12513.465,18,11078.26,112.95514819114192
2026-08-30,MAA_DEL,7,11790.44,13,11078.26,106.42862687822816
2026-08-31,MAA_DEL,7,11744.01,15,11078.26,106.00951774015053
2026-09-01,MAA_DEL,7,10716.935000000001,18,11078.26,96.73843184760062
2026-09-02,MAA_DEL,7,11062.3,13,11078.26,99.85593405462589
2026-09-03,MAA_DEL,7,10423.31,13,11078.26,94.08797049356126
2026-07-01,MAA_DEL,15,9493.135,18,9493.135,100.0
2026-07-02,MAA_DEL,15,9255.14,15,9493.135,97.49297782028802
2026-07-03,MAA_DEL,15,10285.939999999999,14,9493.135,108.35135073924471
2026-07-04,MAA_DEL,15,9915.02,17,9493.135,104.44410618831397
2026-07-05,MAA_DEL,15,9221.64,13,9493.135,97.14009123434987
2026-07-06,MAA_DEL,15,9055.31,12,9493.135,95.38798300034709
2026-07-07,MAA_DEL,15,9559.11,13,9493.135,100.69497589573939
2026-07-08,MAA_DEL,15,8706.175,14,9493.135,91.71022006955552
2026-07-09,MAA_DEL,15,9192.3,17,9493.135,96.83102578863567
2026-07-10,MAA_DEL,15,10086.14,22,9493.135,106.24667193714194
2026-07-11,MAA_DEL,15,9802.86,12,9493.135,103.26262083073716
2026-07-12,MAA_DEL,15,9258.4,23,9493.135,97.52731842536738
2026-07-13,MAA_DEL,15,9107.279999999999,14,9493.135,95.93543123530844
2026-07-14,MAA_DEL,15,9326.535,20,9493.135,98.24504760545383
2026-07-15,MAA_DEL,15,8932.97,9,9493.135,94.09926225635682
2026-07-16,MAA_DEL,15,9552.25,12,9493.135,100.6227131500816
2026-07-17,MAA_DEL,15,10556.86,11,9493.135,111.20520249633023
2026-07-18,MAA_DEL,15,10090.55,19,9493.135,106.2931265593505
2026-07-19,MAA_DEL,15,9318.744999999999,10,9493.135,98.16298830681328
2026-07-20,MAA_DEL,15,8515.85,11,9493.135,89.70535023466958
2026-07-21,MAA_DEL,15,9160.599999999999,12,9493.135,96.49710027298673
2026-07-22,MAA_DEL,15,9022.650000000001,20,9493.135,95.04394491387725
2026-07-23,MAA_DEL,15,9069.97,7,9493.135,95.54241038392479
2026-07-24,MAA_DEL,15,10161.87,19,9493.135,107.04440629992095
2026-07-25,MAA_DEL,15,11021.375,14,9493.135,116.09837003266044
2026-07-26,MAA_DEL,15,9708.28,13,9493.135,102.26632192631835
2026-07-27,MAA_DEL,15,8838.205000000002,22,9493.135,93.1010145752694
2026-07-28,MAA_DEL,15,9216.66,17,9493.135,97.08763227321637
2026-07-29,MAA_DEL,15,8870.98,19,9493.135,93.44626406345216
2026-07-30,MAA_DEL,15,9975.1,27,9493.135,105.0769845788562
2026-07-31,MAA_DEL,15,10140.47,13,9493.135,106.81898024203804
2026-08-01,MAA_DEL,15,10268.345000000001,18,9493.135,108.16600627716765
2026-08-02,MAA_DEL,15,9430.810000000001,14,9493.135,99.34347294123597
2026-08-03,MAA_DEL,15,8981.005000000001,12,9493.135,94.6052594848804
2026-08-04,MAA_DEL,15,10230.66,13,9493.135,107.76903520280707
2026-08-05,MAA_DEL,15,9418.224999999999,18,9493.135,99.21090345813052
2026-08-06,MAA_DEL,15,9473.77,13,9493.135,99.79601048547188
2026-08-07,MAA_DEL,15,9680.88,15,9493.135,101.97769230080473
2026-08-08,MAA_DEL,15,10077.95,15,9493.135,106.16039906732601
2026-08-09,MAA_DEL,15,8879.445,16,9493.135,93.53543376345115
2026-08-10,MAA_DEL,15,9009.759999999998,16,9493.135,94.90816258275056
2026-08-11,MAA_DEL,15,9026.935,10,9493.135,95.0890827950935
2026-08-12,MAA_DEL,15,9556.58,13,9493.135,100.6683250580551
2026-08-13,MAA_DEL,15,9554.96,8,9493.135,100.65126009479482
2026-08-14,MAA_DEL,15,10302.415,12,9493.135,108.52489720203073
2026-08-15,MAA_DEL,15,9825.14,16,9493.135,103.49731674520586
2026-08-16,MAA_DEL,15,9227.955,14,9493.135,97.2066129892812
2026-08-17,MAA_DEL,15,9516.07,15,9493.135,100.2415956372684
2026-08-18,MAA_DEL,15,9173.28,23,9493.135,96.63067047924633
2026-08-19,MAA_DEL,15,8575.21,11,9493.135,90.3306441970961
2026-08-20,MAA_DEL,15,9630.564999999999,14,9493.135,101.4476777165815
2026-08-21,MAA_DEL,15,9948.64,19,9493.135,104.79825684560473
2026-08-22,MAA_DEL,15,9492.310000000001,18,9493.135,99.99130950945079
2026-08-23,MAA_DEL,15,9336.455,16,9493.135,98.34954417060328
2026-08-24,MAA_DEL,15,9035.7,21,9493.135,95.18141267347406
2026-08-25,MAA_DEL,15,8961.085,16,9493.135,94.39542364034641
2026-08-26,MAA_DEL,15,9250.189999999999,16,9493.135,97.44083487699268
2026-08-27,MAA_DEL,15,9870.435000000001,18,9493.135,103.97445101117808
2026-08-28,MAA_DEL,15,9812.98,17,9493.135,103.3692241814743
2026-08-29,MAA_DEL,15,9878.845000000001,18,9493.135,104.06304134514046
2026-08-30,MAA_DEL,15,10100.54,15,9493.135,106.39836049945566
2026-08-31,MAA_DEL,15,9040.075,14,9493.135,95.22749860820477
2026-09-01,MAA_DEL,15,9271.51,9,9493.135,97.6654182206405
2026-09-02,MAA_DEL,15,9573.61,13,9493.135,100.84771785084696
2026-09-03,MAA_DEL,15,9335.650000000001,18,9493.135,98.34106435861284
2026-07-01,MAA_DEL,30,8161.56,15,8161.56,100.0
2026-07-02,MAA_DEL,30,9192.57,16,8161.56,112.63251143163806
2026-07-03,MAA_DEL,30,8757.3,18,8161.56,107.29933983209091
2026-07-04,MAA_DEL,30,8018.165,18,8161.56,98.24304422193796
2026-07-05,MAA_DEL,30,7742.875,22,8161.56,94.87003710075034
2026-07-06,MAA_DEL,30,7767.14,13,8161.56,95.16734545846627
2026-07-07,MAA_DEL,30,7741.76,15,8161.56,94.85637549684128
2026-07-08,MAA_DEL,30,7806.985000000001,12,8161.56,95.6555486941222
2026-07-09,MAA_DEL,30,8689.885,12,8161.56,106.47333352937429
2026-07-10,MAA_DEL,30,9102.130000000001,20,8161.56,111.52438994505954
2026-07-11,MAA_DEL,30,8664.04,16,8161.56,106.15666612755406
2026-07-12,MAA_DEL,30,7880.504999999999,12,8161.56,96.55635687295074
2026-07-13,MAA_DEL,30,8088.77,21,8161.56,99.10813618965003
2026-07-14,MAA_DEL,30,7876.37,27,8161.56,96.50569253917143
2026-07-15,MAA_DEL,30,7579.24,9,8161.56,92.86508951720013
2026-07-16,MAA_DEL,30,8739.25,15,8161.56,107.07818113203848
2026-07-17,MAA_DEL,30,9618.965,12,8161.56,117.85694156509294
2026-07-18,MAA_DEL,30,8707.07,16,8161.56,106.68389376540759
2026-07-19,MAA_DEL,30,8259.075,16,8161.56,101.19480834546337
2026-07-20,MAA_DEL,30,7929.4400000000005,8,8161.56,97.15593587500429
2026-07-21,MAA_DEL,30,7945.37,21,8161.56,97.35111914879018
2026-07-22,MAA_DEL,30,7824.94,17,8161.56,95.87554340101646
2026-07-23,MAA_DEL,30,8626.83,19,8161.56,105.70074838633789
2026-07-24,MAA_DEL,30,8538.725,12,8161.56,104.62123662633125
2026-07-25,MAA_DEL,30,7621.01,13,8161.56,93.37687893000847
2026-07-26,MAA_DEL,30,7451.24,5,8161.56,91.29676189355955
2026-07-27,MAA_DEL,30,7926.85,11,8161.56,97.12420174574468
2026-07-28,MAA_DEL,30,8475.17,18,8161.56,103.842525203515
2026-07-29,MAA_DEL,30,7920.105,16,8161.56,97.04155823151456
2026-07-30,MAA_DEL,30,8347.47,9,8161.56,102.27787334774231
2026-07-31,MAA_DEL,30,9208.62,15,8161.56,112.82916501257112
2026-08-01,MAA_DEL,30,7961.46,15,8161.56,97.54826283210562
2026-08-02,MAA_DEL,30,8479.41,15,8161.56,103.89447605604809
2026-08-03,MAA_DEL,30,8198.03,19,8161.56,100.44685084714197
2026-08-04,MAA_DEL,30,7611.775,18,8161.56,93.26372654247471
2026-08-05,MAA_DEL,30,8417.48,17,8161.56,103.13567504251637
2026-08-06,MAA_DEL,30,9248.29,13,8161.56,113.31522405030412
2026-08-07,MAA_DEL,30,8644.98,19,8161.56,105.92313234234632
2026-08-08,MAA_DEL,30,7018.615,12,8161.56,85.9959983140478
2026-08-09,MAA_DEL,30,8644.77,25,8161.56,105.92055930483879
2026-08-10,MAA_DEL,30,7913.780000000001,12,8161.56,96.9640607922995
2026-08-11,MAA_DEL,30,7532.17,12,8161.56,92.28836153872544
2026-08-12,MAA_DEL,30,7501.7,11,8161.56,91.91502604894161
2026-08-13,MAA_DEL,30,8252.31,15,8161.56,101.11191978004203
2026-08-14,MAA_DEL,30,8129.775,12,8161.56,99.61055239439519
2026-08-15,MAA_DEL,30,8071.54,11,8161.56,98.89702458843652
2026-08-16,MAA_DEL,30,8469.59,21,8161.56,103.77415592117194
2026-08-17,MAA_DEL,30,7584.2,19,8161.56,92.92586221261621
2026-08-18,MAA_DEL,30,8478.67,22,8161.56,103.88540916197393
2026-08-19,MAA_DEL,30,8163.77,19,8161.56,100.02707815662693
2026-08-20,MAA_DEL,30,8917.08,10,8161.56,109.25705379853852
2026-08-21,MAA_DEL,30,9020.34,17,8161.56,110.52225309867232
2026-08-22,MAA_DEL,30,8112.84,15,8161.56,99.4030552982518
2026-08-23,MAA_DEL,30,8015.424999999999,16,8161.56,98.2094722087444
2026-08-24,MAA_DEL,30,8657.29,16,8161.56,106.07396135052613
2026-08-25,MAA_DEL,30,8019.26,16,8161.56,98.25646077465582
2026-08-26,MAA_DEL,30,8092.639999999999,16,8161.56,99.15555359514602
2026-08-27,MAA_DEL,30,8584.59,21,8161.56,105.18320027053652
2026-08-28,MAA_DEL,30,8537.27,13,8161.56,104.60340915217188
2026-08-29,MAA_DEL,30,7600.08,18,8161.56,93.12043285842412
2026-08-30,MAA_DEL,30,7400.08,8,8161.56,90.66992094648572
2026-08-31,MAA_DEL,30,8109.84,9,8161.56,99.36629761957273
2026-09-01,MAA_DEL,30,8165.754999999999,22,8161.56,100.05139948735288
2026-09-02,MAA_DEL,30,7365.23,11,8161.56,90.24291924583045
2026-09-03,MAA_DEL,30,8604.54,15,8161.56,105.42763883375237
2026-07-01,MAA_DEL,45,8226.95,11,8226.95,100.0
2026-07-02,MAA_DEL,45,7681.455,12,8226.95,93.3694139383368
2026-07-03,MAA_DEL,45,7720.41,21,8226.95,93.8429187001258
2026-07-04,MAA_DEL,45,7912.29,11,8226.95,96.17525328341608
2026-07-05,MAA_DEL,45,7457.67,17,8226.95,90.64926856246846
2026-07-06,MAA_DEL,45,7876.98,15,8226.95,95.74605412698509
2026-07-07,MAA_DEL,45,7364.57,9,8226.95,89.51762196196646
2026-07-08,MAA_DEL,45,8594.47,13,8226.95,104.46726915807194
2026-07-09,MAA_DEL,45,7842.67,15,8226.95,95.32901014349181
2026-07-10,MAA_DEL,45,7318.5,13,8226.95,88.95763314472556
2026-07-11,MAA_DEL,45,7682.245000000001,6,8226.95,93.37901652495762
2026-07-12,MAA_DEL,45,7535.92,19,8226.95,91.6004108448453
2026-07-13,MAA_DEL,45,7841.57,15,8226.95,95.31563945326032
2026-07-14,MAA_DEL,45,7542.34,11,8226.95,91.67844705510547
2026-07-15,MAA_DEL,45,8003.98,15,8226.95,97.2897610900759
2026-07-16,MAA_DEL,45,7443.83,15,8226.95,90.48104096901038
2026-07-17,MAA_DEL,45,7652.450000000001,14,8226.95,93.01685314727816
2026-07-18,MAA_DEL,45,7980.04,17,8226.95,96.99876624994681
2026-07-19,MAA_DEL,45,7394.16,15,8226.95,89.87729352919368
2026-07-20,MAA_DEL,45,7730.7,15,8226.95,93.96799542965496
2026-07-21,MAA_DEL,45,7295.09,8,8226.95,88.67308054625347
2026-07-22,MAA_DEL,45,8226.47,13,8226.95,99.99416551698988
2026-07-23,MAA_DEL,45,8226.71,12,8226.95,99.99708275849493
2026-07-24,MAA_DEL,45,7512.01,9,8226.95,91.30978065990433
2026-07-25,MAA_DEL,45,7575.69,15,8226.95,92.08382207257853
2026-07-26,MAA_DEL,45,7451.6849999999995,14,8226.95,90.57651985243619
2026-07-27,MAA_DEL,45,8080.05,15,8226.95,98.21440509544848
2026-07-28,MAA_DEL,45,7650.23,15,8226.95,92.98986866335639
2026-07-29,MAA_DEL,45,7956.375,14,8226.95,96.71111408237559
2026-07-30,MAA_DEL,45,8286.67,9,8226.95,100.7259069278408
2026-07-31,MAA_DEL,45,7261.549999999999,12,8226.95,88.26539604592223
2026-08-01,MAA_DEL,45,7796.9349999999995,8,8226.95,94.77309330918504
2026-08-02,MAA_DEL,45,7779.16,15,8226.95,94.55703511021703
2026-08-03,MAA_DEL,45,7514.9400000000005,6,8226.95,91.34539531661187
2026-08-04,MAA_DEL,45,8049.39,19,8226.95,97.8417274931779
2026-08-05,MAA_DEL,45,8551.23,20,8226.95,103.9416794802448
2026-08-06,MAA_DEL,45,8075.445,12,8226.95,98.15843052407027
2026-08-07,MAA_DEL,45,7637.65,14,8226.95,92.83695658779983
2026-08-08,MAA_DEL,45,7332.66,16,8226.95,89.12975039352371
2026-08-09,MAA_DEL,45,8174.2,18,8226.95,99.3588146275351
2026-08-10,MAA_DEL,45,7433.245,18,8226.95,90.35237846346458
2026-08-11,MAA_DEL,45,7460.75,11,8226.95,90.68670649511665
2026-08-12,MAA_DEL,45,8360.115,24,8226.95,101.61864360425186
2026-08-13,MAA_DEL,45,8604.29,16,8226.95,104.58663295632039
2026-08-14,MAA_DEL,45,7654.41,9,8226.95,93.04067728623609
2026-08-15,MAA_DEL,45,7458.094999999999,16,8226.95,90.65443451096698
2026-08-16,MAA_DEL,45,7425.465,10,8226.95,90.2578112180091
2026-08-17,MAA_DEL,45,7592.23,19,8226.95,92.28486863296847
2026-08-18,MAA_DEL,45,7528.145,16,8226.95,91.5059043752545
2026-08-19,MAA_DEL,45,9013.11,19,8226.95,109.5559107567203
2026-08-20,MAA_DEL,45,9391.51,19,8226.95,114.15542819635465
2026-08-21,MAA_DEL,45,7553.49,15,8226.95,91.81397723336107
2026-08-22,MAA_DEL,45,7344.15,13,8226.95,89.26941333057815
2026-08-23,MAA_DEL,45,7013.69,15,8226.95,85.25261488157821
2026-08-24,MAA_DEL,45,7585.635,26,8226.95,92.20470526744418
2026-08-25,MAA_DEL,45,7762.345,14,8226.95,94.35264587726921
2026-08-26,MAA_DEL,45,8531.68,13,8226.95,103.70404584931232
2026-08-27,MAA_DEL,45,8373.77,17,8226.95,101.78462249071649
2026-08-28,MAA_DEL,45,7973.860000000001,14,8226.95,96.92364728119169
2026-08-29,MAA_DEL,45,6869.65,16,8226.95,83.5017837716286
2026-08-30,MAA_DEL,45,7372.23,13,8226.95,89.6107305866694
2026-08-31,MAA_DEL,45,7844.51,19,8226.95,95.35137566169722
2026-09-01,MAA_DEL,45,7648.84,11,8226.95,92.97297297297297
2026-09-02,MAA_DEL,45,7894.44,11,8226.95,95.95828344647772
2026-09-03,MAA_DEL,45,8565.98,10,8226.95,104.1209682810762
